ISO-10303-21;
HEADER;
/*Generated by software containing ST-Developer
 * from STEP Tools, Inc. (www.steptools.com) 
 */
/*OPTION: using custom renumber hook */
/*description */
/*implementation_level */
FILE_DESCRIPTION(('STEP AP242 Edition 2','STEP AP242 Edition 2''CAx-IF Rec.Pracs.---Representation and Presentation of Product Manufa
cturing Information (PMI)---4.0---2014-10-13','STEP AP242 Edition 2''CAx-IF Rec.Pracs.---Representation and Presentation of Product Manufa
cturing Information (PMI)---4.0---2014-10-13''CAx-IF Rec.Pracs.---3D Tessellated Geometry---0.4---2014-09-14','STEP AP242 Edition 2''CAx-IF Rec.Pracs.---Representation and Presentation of Product Manufa
cturing Information (PMI)---4.0---2014-10-13''CAx-IF Rec.Pracs.---3D Tessellated Geometry---0.4---2014-09-14''2;1','STEP AP242 Edition 2''CAx-IF Rec.Pracs.---Representation and Presentation of Product Manufa
cturing Information (PMI)---4.0---2014-10-13''CAx-IF Rec.Pracs.---3D Tessellated Geometry---0.4---2014-09-14''2;1''CAx-IF Rec.Pracs.---User Defined Attributes---1.5---2016-08-15'),'2;1');
/*name */
/*time_stamp */
/*author */
/*organization */
/*preprocessor_version */
/*originating_system */
/*authorisation */
FILE_NAME('/vol/tmp/translate-11963452627329383247/left-base - left-base.step','2026-03-01T21:18:10',(''),(''),'ST-DEVELOPER v20','ONSHAPE BY PTC INC, 1.211','  ');
FILE_SCHEMA(('AP242_MANAGED_MODEL_BASED_3D_ENGINEERING_MIM_LF { 1 0 10303 442 3 1 4 }'));
ENDSEC;
DATA;
#10=SHAPE_REPRESENTATION_RELATIONSHIP('','',#9722,#11);
#11=ADVANCED_BREP_SHAPE_REPRESENTATION('',(#9720),#15963);
#12=(
B_SPLINE_SURFACE(3,2,((#14925,#14926,#14927),(#14928,#14929,#14930),(#14931,
#14932,#14933),(#14934,#14935,#14936),(#14937,#14938,#14939),(#14940,#14941,
#14942),(#14943,#14944,#14945)),.UNSPECIFIED.,.F.,.F.,.F.)
B_SPLINE_SURFACE_WITH_KNOTS((4,1,1,1,4),(3,3),(3.14159265358979,3.53429173528852,3.92699081698724,4.31968989868597,4.71238898038469),(0.,1.),.UNSPECIFIED.)
BOUNDED_SURFACE()
GEOMETRIC_REPRESENTATION_ITEM()
RATIONAL_B_SPLINE_SURFACE(((1.,0.707106781186548,1.),(1.,0.707106781234865,
1.),(1.,0.74657186080788,1.),(1.,0.869029034411716,1.),(1.,0.973464424251885,
1.),(1.,0.999999999995746,1.),(1.,1.,1.)))
REPRESENTATION_ITEM('')
SURFACE()
);
#13=(
B_SPLINE_SURFACE(3,2,((#14950,#14951,#14952),(#14953,#14954,#14955),(#14956,
#14957,#14958),(#14959,#14960,#14961),(#14962,#14963,#14964),(#14965,#14966,
#14967),(#14968,#14969,#14970)),.UNSPECIFIED.,.F.,.F.,.F.)
B_SPLINE_SURFACE_WITH_KNOTS((4,1,1,1,4),(3,3),(4.71238898038469,5.10508806208341,5.49778714378214,5.89048622548086,6.28318530717959),(0.,1.),.UNSPECIFIED.)
BOUNDED_SURFACE()
GEOMETRIC_REPRESENTATION_ITEM()
RATIONAL_B_SPLINE_SURFACE(((1.,1.,1.),(1.,0.999999999995746,1.),(1.,0.973464424251958,
1.),(1.,0.869029034411475,1.),(1.,0.746571860808781,1.),(1.,0.70710678123294,
1.),(1.,0.707106781186551,1.)))
REPRESENTATION_ITEM('')
SURFACE()
);
#14=CONICAL_SURFACE('',#10136,0.0055,0.994421106203713);
#15=SPHERICAL_SURFACE('',#9981,0.0005);
#16=SPHERICAL_SURFACE('',#9985,0.0005);
#17=SPHERICAL_SURFACE('',#10050,0.001);
#18=SPHERICAL_SURFACE('',#10054,0.001);
#19=SPHERICAL_SURFACE('',#10059,0.001);
#20=SPHERICAL_SURFACE('',#10063,0.001);
#21=SPHERICAL_SURFACE('',#10068,0.001);
#22=SPHERICAL_SURFACE('',#10072,0.001);
#23=SPHERICAL_SURFACE('',#10077,0.001);
#24=SPHERICAL_SURFACE('',#10081,0.001);
#25=SPHERICAL_SURFACE('',#10140,0.001);
#26=SPHERICAL_SURFACE('',#10151,0.001);
#27=SPHERICAL_SURFACE('',#10153,0.001);
#28=SPHERICAL_SURFACE('',#10159,0.001);
#29=DEGENERATE_TOROIDAL_SURFACE('',#9921,0.0005,0.001,.T.);
#30=DEGENERATE_TOROIDAL_SURFACE('',#9922,0.0005,0.001,.T.);
#31=TOROIDAL_SURFACE('',#9906,0.002,0.001);
#32=TOROIDAL_SURFACE('',#9910,0.002,0.001);
#33=TOROIDAL_SURFACE('',#9914,0.002,0.001);
#34=TOROIDAL_SURFACE('',#9918,0.002,0.001);
#35=TOROIDAL_SURFACE('',#10123,0.0005,0.0005);
#36=TOROIDAL_SURFACE('',#10125,0.0005,0.0005);
#37=TOROIDAL_SURFACE('',#10131,0.0005,0.0005);
#38=TOROIDAL_SURFACE('',#10133,0.0005,0.0005);
#39=B_SPLINE_CURVE_WITH_KNOTS('',3,(#13298,#13299,#13300,#13301,#13302),.UNSPECIFIED.,.F.,.F.,(4,1,4),(0.,0.00175598998873214,0.00351197997746429),.UNSPECIFIED.);
#40=B_SPLINE_CURVE_WITH_KNOTS('',3,(#13329,#13330,#13331,#13332,#13333),.UNSPECIFIED.,.F.,.F.,(4,1,4),(0.,0.00175598998873203,0.00351197997746405),.UNSPECIFIED.);
#41=B_SPLINE_CURVE_WITH_KNOTS('',3,(#13353,#13354,#13355,#13356,#13357),.UNSPECIFIED.,.F.,.F.,(4,1,4),(0.,0.00166194398456612,0.00332388796913223),.UNSPECIFIED.);
#42=B_SPLINE_CURVE_WITH_KNOTS('',3,(#14023,#14024,#14025,#14026),.UNSPECIFIED.,.F.,.F.,(4,4),(0.,0.00485669545988553),.UNSPECIFIED.);
#43=B_SPLINE_CURVE_WITH_KNOTS('',3,(#14027,#14028,#14029,#14030,#14031),.UNSPECIFIED.,.F.,.F.,(4,1,4),(0.,0.000900570223156384,0.00180114044631277),.UNSPECIFIED.);
#44=ELLIPSE('',#9748,0.00050491378625931,0.0005);
#45=ELLIPSE('',#9751,0.00151474135877789,0.00149999999999997);
#46=ELLIPSE('',#9753,0.000504913786259208,0.0004999999999999);
#47=ELLIPSE('',#9757,0.00151474135877793,0.0015);
#48=ELLIPSE('',#9761,0.0100982757251861,0.00999999999999988);
#49=ELLIPSE('',#9789,0.00151474135877789,0.00149999999999996);
#50=ELLIPSE('',#9790,0.000504913786259253,0.000499999999999945);
#51=ELLIPSE('',#9791,0.00151474135877789,0.00149999999999996);
#52=ELLIPSE('',#9792,0.000504913786259267,0.000499999999999959);
#53=ELLIPSE('',#9864,0.00216428862163478,0.0021);
#54=ELLIPSE('',#9865,0.00216428862163478,0.0021);
#55=ELLIPSE('',#9866,0.00216428862163478,0.0021);
#56=ELLIPSE('',#9867,0.00216428862163478,0.0021);
#57=ELLIPSE('',#10007,0.00151474135877789,0.00149999999999996);
#58=ELLIPSE('',#10166,0.00424264068711928,0.003);
#59=ELLIPSE('',#10168,0.00424264068711928,0.003);
#60=ELLIPSE('',#10170,0.00335410196624967,0.003);
#61=ELLIPSE('',#10171,0.00335410196624967,0.003);
#62=ELLIPSE('',#10174,0.00335410196624968,0.003);
#63=ELLIPSE('',#10175,0.00335410196624968,0.003);
#64=CYLINDRICAL_SURFACE('',#9747,0.0005);
#65=CYLINDRICAL_SURFACE('',#9750,0.00149999999999997);
#66=CYLINDRICAL_SURFACE('',#9752,0.0004999999999999);
#67=CYLINDRICAL_SURFACE('',#9756,0.0015);
#68=CYLINDRICAL_SURFACE('',#9760,0.00999999999999988);
#69=CYLINDRICAL_SURFACE('',#9874,0.00399999999999985);
#70=CYLINDRICAL_SURFACE('',#9876,0.003);
#71=CYLINDRICAL_SURFACE('',#9877,0.002);
#72=CYLINDRICAL_SURFACE('',#9879,0.004);
#73=CYLINDRICAL_SURFACE('',#9881,0.003);
#74=CYLINDRICAL_SURFACE('',#9882,0.002);
#75=CYLINDRICAL_SURFACE('',#9884,0.0015);
#76=CYLINDRICAL_SURFACE('',#9888,0.0015);
#77=CYLINDRICAL_SURFACE('',#9898,0.003);
#78=CYLINDRICAL_SURFACE('',#9900,0.003);
#79=CYLINDRICAL_SURFACE('',#9902,0.003);
#80=CYLINDRICAL_SURFACE('',#9904,0.003);
#81=CYLINDRICAL_SURFACE('',#9908,0.001);
#82=CYLINDRICAL_SURFACE('',#9912,0.001);
#83=CYLINDRICAL_SURFACE('',#9916,0.001);
#84=CYLINDRICAL_SURFACE('',#9920,0.001);
#85=CYLINDRICAL_SURFACE('',#9923,0.001);
#86=CYLINDRICAL_SURFACE('',#9927,0.001);
#87=CYLINDRICAL_SURFACE('',#9931,0.001);
#88=CYLINDRICAL_SURFACE('',#9935,0.001);
#89=CYLINDRICAL_SURFACE('',#9966,0.001);
#90=CYLINDRICAL_SURFACE('',#9967,0.001);
#91=CYLINDRICAL_SURFACE('',#9968,0.001);
#92=CYLINDRICAL_SURFACE('',#9969,0.001);
#93=CYLINDRICAL_SURFACE('',#9970,0.001);
#94=CYLINDRICAL_SURFACE('',#9971,0.001);
#95=CYLINDRICAL_SURFACE('',#9975,0.0005);
#96=CYLINDRICAL_SURFACE('',#9977,0.0005);
#97=CYLINDRICAL_SURFACE('',#9979,0.0005);
#98=CYLINDRICAL_SURFACE('',#9983,0.0005);
#99=CYLINDRICAL_SURFACE('',#9987,0.0005);
#100=CYLINDRICAL_SURFACE('',#9988,0.0021);
#101=CYLINDRICAL_SURFACE('',#9989,0.0021);
#102=CYLINDRICAL_SURFACE('',#9990,0.0021);
#103=CYLINDRICAL_SURFACE('',#9991,0.0021);
#104=CYLINDRICAL_SURFACE('',#9992,0.001);
#105=CYLINDRICAL_SURFACE('',#9995,0.001);
#106=CYLINDRICAL_SURFACE('',#9998,0.001);
#107=CYLINDRICAL_SURFACE('',#10005,0.00149999999999996);
#108=CYLINDRICAL_SURFACE('',#10009,0.000499999999999945);
#109=CYLINDRICAL_SURFACE('',#10012,0.00149999999999996);
#110=CYLINDRICAL_SURFACE('',#10014,0.000499999999999959);
#111=CYLINDRICAL_SURFACE('',#10032,0.001);
#112=CYLINDRICAL_SURFACE('',#10034,0.001);
#113=CYLINDRICAL_SURFACE('',#10036,0.001);
#114=CYLINDRICAL_SURFACE('',#10038,0.001);
#115=CYLINDRICAL_SURFACE('',#10040,0.001);
#116=CYLINDRICAL_SURFACE('',#10042,0.001);
#117=CYLINDRICAL_SURFACE('',#10044,0.001);
#118=CYLINDRICAL_SURFACE('',#10046,0.001);
#119=CYLINDRICAL_SURFACE('',#10048,0.001);
#120=CYLINDRICAL_SURFACE('',#10052,0.001);
#121=CYLINDRICAL_SURFACE('',#10056,0.001);
#122=CYLINDRICAL_SURFACE('',#10057,0.001);
#123=CYLINDRICAL_SURFACE('',#10061,0.001);
#124=CYLINDRICAL_SURFACE('',#10065,0.001);
#125=CYLINDRICAL_SURFACE('',#10066,0.001);
#126=CYLINDRICAL_SURFACE('',#10070,0.001);
#127=CYLINDRICAL_SURFACE('',#10074,0.001);
#128=CYLINDRICAL_SURFACE('',#10075,0.001);
#129=CYLINDRICAL_SURFACE('',#10079,0.001);
#130=CYLINDRICAL_SURFACE('',#10083,0.001);
#131=CYLINDRICAL_SURFACE('',#10084,0.0015);
#132=CYLINDRICAL_SURFACE('',#10086,0.00150000000000005);
#133=CYLINDRICAL_SURFACE('',#10091,0.001);
#134=CYLINDRICAL_SURFACE('',#10094,0.001);
#135=CYLINDRICAL_SURFACE('',#10102,0.001);
#136=CYLINDRICAL_SURFACE('',#10112,0.001);
#137=CYLINDRICAL_SURFACE('',#10114,0.001);
#138=CYLINDRICAL_SURFACE('',#10116,0.001);
#139=CYLINDRICAL_SURFACE('',#10118,0.001);
#140=CYLINDRICAL_SURFACE('',#10120,0.0005);
#141=CYLINDRICAL_SURFACE('',#10127,0.0005);
#142=CYLINDRICAL_SURFACE('',#10129,0.0005);
#143=CYLINDRICAL_SURFACE('',#10135,0.0005);
#144=CYLINDRICAL_SURFACE('',#10138,0.001);
#145=CYLINDRICAL_SURFACE('',#10143,0.001);
#146=CYLINDRICAL_SURFACE('',#10145,0.001);
#147=CYLINDRICAL_SURFACE('',#10147,0.001);
#148=CYLINDRICAL_SURFACE('',#10149,0.001);
#149=CYLINDRICAL_SURFACE('',#10155,0.001);
#150=CYLINDRICAL_SURFACE('',#10157,0.001);
#151=CYLINDRICAL_SURFACE('',#10161,0.001);
#152=CYLINDRICAL_SURFACE('',#10165,0.003);
#153=CYLINDRICAL_SURFACE('',#10167,0.003);
#154=CYLINDRICAL_SURFACE('',#10169,0.003);
#155=CYLINDRICAL_SURFACE('',#10172,0.003);
#156=CYLINDRICAL_SURFACE('',#10173,0.003);
#157=CYLINDRICAL_SURFACE('',#10176,0.003);
#158=CYLINDRICAL_SURFACE('',#10177,0.00175);
#159=CYLINDRICAL_SURFACE('',#10180,0.00175);
#160=CYLINDRICAL_SURFACE('',#10183,0.00175);
#161=CYLINDRICAL_SURFACE('',#10186,0.00175);
#162=CYLINDRICAL_SURFACE('',#10193,0.002);
#163=CYLINDRICAL_SURFACE('',#10263,0.001);
#164=CYLINDRICAL_SURFACE('',#10332,0.001);
#165=CYLINDRICAL_SURFACE('',#10386,0.001);
#166=CYLINDRICAL_SURFACE('',#10435,0.001);
#167=CYLINDRICAL_SURFACE('',#10470,0.001);
#168=CYLINDRICAL_SURFACE('',#10471,0.001);
#169=CYLINDRICAL_SURFACE('',#10472,0.001);
#170=CYLINDRICAL_SURFACE('',#10473,0.001);
#171=CYLINDRICAL_SURFACE('',#10474,0.001);
#172=CYLINDRICAL_SURFACE('',#10475,0.001);
#173=CYLINDRICAL_SURFACE('',#10476,0.001);
#174=CYLINDRICAL_SURFACE('',#10477,0.001);
#175=CYLINDRICAL_SURFACE('',#10478,0.001);
#176=CIRCLE('',#9726,0.0005);
#177=CIRCLE('',#9727,0.0005);
#178=CIRCLE('',#9728,0.001);
#179=CIRCLE('',#9729,0.001);
#180=CIRCLE('',#9730,0.001);
#181=CIRCLE('',#9731,0.001);
#182=CIRCLE('',#9732,0.001);
#183=CIRCLE('',#9733,0.001);
#184=CIRCLE('',#9734,0.001);
#185=CIRCLE('',#9735,0.001);
#186=CIRCLE('',#9736,0.001);
#187=CIRCLE('',#9737,0.001);
#188=CIRCLE('',#9738,0.001);
#189=CIRCLE('',#9739,0.001);
#190=CIRCLE('',#9740,0.001);
#191=CIRCLE('',#9741,0.001);
#192=CIRCLE('',#9742,0.001);
#193=CIRCLE('',#9743,0.001);
#194=CIRCLE('',#9744,0.001);
#195=CIRCLE('',#9745,0.001);
#196=CIRCLE('',#9749,0.0005);
#197=CIRCLE('',#9754,0.0004999999999999);
#198=CIRCLE('',#9759,0.002);
#199=CIRCLE('',#9762,0.00999999999999988);
#200=CIRCLE('',#9765,0.001);
#201=CIRCLE('',#9768,0.00175);
#202=CIRCLE('',#9769,0.00175);
#203=CIRCLE('',#9770,0.00175);
#204=CIRCLE('',#9771,0.00175);
#205=CIRCLE('',#9772,0.003);
#206=CIRCLE('',#9773,0.003);
#207=CIRCLE('',#9778,0.001);
#208=CIRCLE('',#9779,0.001);
#209=CIRCLE('',#9780,0.001);
#210=CIRCLE('',#9781,0.001);
#211=CIRCLE('',#9782,0.001);
#212=CIRCLE('',#9783,0.001);
#213=CIRCLE('',#9784,0.001);
#214=CIRCLE('',#9786,0.001);
#215=CIRCLE('',#9788,0.001);
#216=CIRCLE('',#9793,0.001);
#217=CIRCLE('',#9794,0.001);
#218=CIRCLE('',#9796,0.002);
#219=CIRCLE('',#9797,0.002);
#220=CIRCLE('',#9798,0.002);
#221=CIRCLE('',#9799,0.002);
#222=CIRCLE('',#9800,0.0055);
#223=CIRCLE('',#9803,0.0005);
#224=CIRCLE('',#9804,0.0005);
#225=CIRCLE('',#9806,0.00399999999999985);
#226=CIRCLE('',#9807,0.002);
#227=CIRCLE('',#9808,0.003);
#228=CIRCLE('',#9809,0.004);
#229=CIRCLE('',#9810,0.002);
#230=CIRCLE('',#9811,0.003);
#231=CIRCLE('',#9812,0.0015);
#232=CIRCLE('',#9813,0.003);
#233=CIRCLE('',#9814,0.003);
#234=CIRCLE('',#9815,0.003);
#235=CIRCLE('',#9816,0.003);
#236=CIRCLE('',#9817,0.0015);
#237=CIRCLE('',#9834,0.001);
#238=CIRCLE('',#9835,0.001);
#239=CIRCLE('',#9836,0.001);
#240=CIRCLE('',#9837,0.001);
#241=CIRCLE('',#9838,0.001);
#242=CIRCLE('',#9839,0.001);
#243=CIRCLE('',#9840,0.001);
#244=CIRCLE('',#9841,0.001);
#245=CIRCLE('',#9842,0.001);
#246=CIRCLE('',#9843,0.001);
#247=CIRCLE('',#9844,0.001);
#248=CIRCLE('',#9845,0.001);
#249=CIRCLE('',#9846,0.001);
#250=CIRCLE('',#9847,0.001);
#251=CIRCLE('',#9848,0.001);
#252=CIRCLE('',#9849,0.001);
#253=CIRCLE('',#9850,0.001);
#254=CIRCLE('',#9851,0.001);
#255=CIRCLE('',#9852,0.000499999999999959);
#256=CIRCLE('',#9853,0.00149999999999996);
#257=CIRCLE('',#9854,0.000499999999999945);
#258=CIRCLE('',#9855,0.00149999999999996);
#259=CIRCLE('',#9856,0.003);
#260=CIRCLE('',#9857,0.0015);
#261=CIRCLE('',#9858,0.00150000000000005);
#262=CIRCLE('',#9859,0.001);
#263=CIRCLE('',#9868,0.003);
#264=CIRCLE('',#9869,0.002);
#265=CIRCLE('',#9870,0.004);
#266=CIRCLE('',#9871,0.003);
#267=CIRCLE('',#9872,0.002);
#268=CIRCLE('',#9873,0.00399999999999985);
#269=CIRCLE('',#9885,0.0015);
#270=CIRCLE('',#9887,0.0005);
#271=CIRCLE('',#9889,0.0015);
#272=CIRCLE('',#9891,0.0005);
#273=CIRCLE('',#9897,0.001);
#274=CIRCLE('',#9899,0.003);
#275=CIRCLE('',#9901,0.003);
#276=CIRCLE('',#9903,0.003);
#277=CIRCLE('',#9905,0.003);
#278=CIRCLE('',#9907,0.001);
#279=CIRCLE('',#9909,0.001);
#280=CIRCLE('',#9911,0.001);
#281=CIRCLE('',#9913,0.001);
#282=CIRCLE('',#9915,0.001);
#283=CIRCLE('',#9917,0.001);
#284=CIRCLE('',#9919,0.001);
#285=CIRCLE('',#9924,0.001);
#286=CIRCLE('',#9925,0.001);
#287=CIRCLE('',#9928,0.001);
#288=CIRCLE('',#9929,0.001);
#289=CIRCLE('',#9932,0.001);
#290=CIRCLE('',#9933,0.001);
#291=CIRCLE('',#9936,0.001);
#292=CIRCLE('',#9945,0.0021);
#293=CIRCLE('',#9946,0.001);
#294=CIRCLE('',#9947,0.001);
#295=CIRCLE('',#9948,0.001);
#296=CIRCLE('',#9949,0.001);
#297=CIRCLE('',#9950,0.001);
#298=CIRCLE('',#9951,0.001);
#299=CIRCLE('',#9952,0.001);
#300=CIRCLE('',#9953,0.001);
#301=CIRCLE('',#9954,0.001);
#302=CIRCLE('',#9955,0.001);
#303=CIRCLE('',#9956,0.001);
#304=CIRCLE('',#9957,0.001);
#305=CIRCLE('',#9958,0.001);
#306=CIRCLE('',#9959,0.001);
#307=CIRCLE('',#9960,0.001);
#308=CIRCLE('',#9961,0.001);
#309=CIRCLE('',#9962,0.0021);
#310=CIRCLE('',#9963,0.0021);
#311=CIRCLE('',#9964,0.0021);
#312=CIRCLE('',#9976,0.0005);
#313=CIRCLE('',#9978,0.0005);
#314=CIRCLE('',#9980,0.0005);
#315=CIRCLE('',#9982,0.0005);
#316=CIRCLE('',#9984,0.0005);
#317=CIRCLE('',#9986,0.0005);
#318=CIRCLE('',#9993,0.001);
#319=CIRCLE('',#9996,0.001);
#320=CIRCLE('',#9999,0.001);
#321=CIRCLE('',#10003,0.003);
#322=CIRCLE('',#10004,0.003);
#323=CIRCLE('',#10006,0.00149999999999996);
#324=CIRCLE('',#10033,0.001);
#325=CIRCLE('',#10035,0.001);
#326=CIRCLE('',#10037,0.001);
#327=CIRCLE('',#10039,0.001);
#328=CIRCLE('',#10041,0.001);
#329=CIRCLE('',#10043,0.001);
#330=CIRCLE('',#10045,0.001);
#331=CIRCLE('',#10047,0.001);
#332=CIRCLE('',#10049,0.001);
#333=CIRCLE('',#10051,0.001);
#334=CIRCLE('',#10053,0.001);
#335=CIRCLE('',#10055,0.001);
#336=CIRCLE('',#10058,0.001);
#337=CIRCLE('',#10060,0.001);
#338=CIRCLE('',#10062,0.001);
#339=CIRCLE('',#10064,0.001);
#340=CIRCLE('',#10067,0.001);
#341=CIRCLE('',#10069,0.001);
#342=CIRCLE('',#10071,0.001);
#343=CIRCLE('',#10073,0.001);
#344=CIRCLE('',#10076,0.001);
#345=CIRCLE('',#10078,0.001);
#346=CIRCLE('',#10080,0.001);
#347=CIRCLE('',#10082,0.001);
#348=CIRCLE('',#10085,0.0015);
#349=CIRCLE('',#10087,0.00150000000000005);
#350=CIRCLE('',#10090,0.001);
#351=CIRCLE('',#10093,0.001);
#352=CIRCLE('',#10101,0.001);
#353=CIRCLE('',#10104,0.0005);
#354=CIRCLE('',#10105,0.0005);
#355=CIRCLE('',#10106,0.0005);
#356=CIRCLE('',#10107,0.0005);
#357=CIRCLE('',#10113,0.001);
#358=CIRCLE('',#10115,0.001);
#359=CIRCLE('',#10117,0.001);
#360=CIRCLE('',#10119,0.001);
#361=CIRCLE('',#10121,0.0005);
#362=CIRCLE('',#10122,0.0005);
#363=CIRCLE('',#10124,0.0005);
#364=CIRCLE('',#10126,0.0005);
#365=CIRCLE('',#10128,0.0005);
#366=CIRCLE('',#10130,0.0005);
#367=CIRCLE('',#10132,0.0005);
#368=CIRCLE('',#10134,0.0005);
#369=CIRCLE('',#10139,0.001);
#370=CIRCLE('',#10141,0.001);
#371=CIRCLE('',#10142,0.001);
#372=CIRCLE('',#10144,0.001);
#373=CIRCLE('',#10146,0.001);
#374=CIRCLE('',#10148,0.001);
#375=CIRCLE('',#10150,0.001);
#376=CIRCLE('',#10152,0.001);
#377=CIRCLE('',#10154,0.001);
#378=CIRCLE('',#10156,0.001);
#379=CIRCLE('',#10158,0.001);
#380=CIRCLE('',#10160,0.001);
#381=CIRCLE('',#10178,0.00175);
#382=CIRCLE('',#10181,0.00175);
#383=CIRCLE('',#10184,0.00175);
#384=CIRCLE('',#10187,0.00175);
#385=CIRCLE('',#10251,0.001);
#386=CIRCLE('',#10254,0.001);
#387=CIRCLE('',#10320,0.001);
#388=CIRCLE('',#10323,0.001);
#389=CIRCLE('',#10374,0.001);
#390=CIRCLE('',#10377,0.001);
#391=CIRCLE('',#10423,0.001);
#392=CIRCLE('',#10426,0.001);
#393=ORIENTED_EDGE('',*,*,#3125,.T.);
#394=ORIENTED_EDGE('',*,*,#3126,.T.);
#395=ORIENTED_EDGE('',*,*,#3127,.F.);
#396=ORIENTED_EDGE('',*,*,#3128,.T.);
#397=ORIENTED_EDGE('',*,*,#3129,.F.);
#398=ORIENTED_EDGE('',*,*,#3130,.F.);
#399=ORIENTED_EDGE('',*,*,#3131,.F.);
#400=ORIENTED_EDGE('',*,*,#3132,.F.);
#401=ORIENTED_EDGE('',*,*,#3133,.F.);
#402=ORIENTED_EDGE('',*,*,#3134,.F.);
#403=ORIENTED_EDGE('',*,*,#3135,.F.);
#404=ORIENTED_EDGE('',*,*,#3136,.F.);
#405=ORIENTED_EDGE('',*,*,#3137,.F.);
#406=ORIENTED_EDGE('',*,*,#3138,.F.);
#407=ORIENTED_EDGE('',*,*,#3139,.F.);
#408=ORIENTED_EDGE('',*,*,#3140,.F.);
#409=ORIENTED_EDGE('',*,*,#3141,.T.);
#410=ORIENTED_EDGE('',*,*,#3142,.F.);
#411=ORIENTED_EDGE('',*,*,#3143,.T.);
#412=ORIENTED_EDGE('',*,*,#3144,.T.);
#413=ORIENTED_EDGE('',*,*,#3145,.T.);
#414=ORIENTED_EDGE('',*,*,#3146,.F.);
#415=ORIENTED_EDGE('',*,*,#3147,.T.);
#416=ORIENTED_EDGE('',*,*,#3148,.F.);
#417=ORIENTED_EDGE('',*,*,#3149,.T.);
#418=ORIENTED_EDGE('',*,*,#3150,.T.);
#419=ORIENTED_EDGE('',*,*,#3151,.T.);
#420=ORIENTED_EDGE('',*,*,#3152,.T.);
#421=ORIENTED_EDGE('',*,*,#3153,.T.);
#422=ORIENTED_EDGE('',*,*,#3154,.T.);
#423=ORIENTED_EDGE('',*,*,#3155,.T.);
#424=ORIENTED_EDGE('',*,*,#3156,.T.);
#425=ORIENTED_EDGE('',*,*,#3157,.F.);
#426=ORIENTED_EDGE('',*,*,#3158,.T.);
#427=ORIENTED_EDGE('',*,*,#3159,.T.);
#428=ORIENTED_EDGE('',*,*,#3160,.T.);
#429=ORIENTED_EDGE('',*,*,#3161,.F.);
#430=ORIENTED_EDGE('',*,*,#3162,.T.);
#431=ORIENTED_EDGE('',*,*,#3163,.F.);
#432=ORIENTED_EDGE('',*,*,#3164,.T.);
#433=ORIENTED_EDGE('',*,*,#3165,.F.);
#434=ORIENTED_EDGE('',*,*,#3166,.F.);
#435=ORIENTED_EDGE('',*,*,#3167,.F.);
#436=ORIENTED_EDGE('',*,*,#3168,.F.);
#437=ORIENTED_EDGE('',*,*,#3169,.F.);
#438=ORIENTED_EDGE('',*,*,#3170,.F.);
#439=ORIENTED_EDGE('',*,*,#3171,.F.);
#440=ORIENTED_EDGE('',*,*,#3172,.F.);
#441=ORIENTED_EDGE('',*,*,#3173,.T.);
#442=ORIENTED_EDGE('',*,*,#3174,.F.);
#443=ORIENTED_EDGE('',*,*,#3175,.T.);
#444=ORIENTED_EDGE('',*,*,#3176,.F.);
#445=ORIENTED_EDGE('',*,*,#3177,.T.);
#446=ORIENTED_EDGE('',*,*,#3178,.T.);
#447=ORIENTED_EDGE('',*,*,#3179,.F.);
#448=ORIENTED_EDGE('',*,*,#3180,.T.);
#449=ORIENTED_EDGE('',*,*,#3125,.F.);
#450=ORIENTED_EDGE('',*,*,#3181,.T.);
#451=ORIENTED_EDGE('',*,*,#3182,.F.);
#452=ORIENTED_EDGE('',*,*,#3183,.F.);
#453=ORIENTED_EDGE('',*,*,#3184,.F.);
#454=ORIENTED_EDGE('',*,*,#3185,.F.);
#455=ORIENTED_EDGE('',*,*,#3186,.F.);
#456=ORIENTED_EDGE('',*,*,#3187,.F.);
#457=ORIENTED_EDGE('',*,*,#3188,.F.);
#458=ORIENTED_EDGE('',*,*,#3189,.T.);
#459=ORIENTED_EDGE('',*,*,#3190,.T.);
#460=ORIENTED_EDGE('',*,*,#3191,.T.);
#461=ORIENTED_EDGE('',*,*,#3192,.F.);
#462=ORIENTED_EDGE('',*,*,#3193,.F.);
#463=ORIENTED_EDGE('',*,*,#3194,.F.);
#464=ORIENTED_EDGE('',*,*,#3195,.F.);
#465=ORIENTED_EDGE('',*,*,#3196,.F.);
#466=ORIENTED_EDGE('',*,*,#3197,.F.);
#467=ORIENTED_EDGE('',*,*,#3198,.F.);
#468=ORIENTED_EDGE('',*,*,#3199,.T.);
#469=ORIENTED_EDGE('',*,*,#3200,.F.);
#470=ORIENTED_EDGE('',*,*,#3201,.F.);
#471=ORIENTED_EDGE('',*,*,#3202,.F.);
#472=ORIENTED_EDGE('',*,*,#3203,.T.);
#473=ORIENTED_EDGE('',*,*,#3204,.F.);
#474=ORIENTED_EDGE('',*,*,#3205,.T.);
#475=ORIENTED_EDGE('',*,*,#3206,.T.);
#476=ORIENTED_EDGE('',*,*,#3207,.T.);
#477=ORIENTED_EDGE('',*,*,#3208,.F.);
#478=ORIENTED_EDGE('',*,*,#3202,.T.);
#479=ORIENTED_EDGE('',*,*,#3209,.F.);
#480=ORIENTED_EDGE('',*,*,#3210,.F.);
#481=ORIENTED_EDGE('',*,*,#3211,.F.);
#482=ORIENTED_EDGE('',*,*,#3212,.T.);
#483=ORIENTED_EDGE('',*,*,#3213,.T.);
#484=ORIENTED_EDGE('',*,*,#3214,.F.);
#485=ORIENTED_EDGE('',*,*,#3215,.F.);
#486=ORIENTED_EDGE('',*,*,#3216,.T.);
#487=ORIENTED_EDGE('',*,*,#3217,.F.);
#488=ORIENTED_EDGE('',*,*,#3218,.F.);
#489=ORIENTED_EDGE('',*,*,#3219,.F.);
#490=ORIENTED_EDGE('',*,*,#3220,.T.);
#491=ORIENTED_EDGE('',*,*,#3221,.F.);
#492=ORIENTED_EDGE('',*,*,#3222,.T.);
#493=ORIENTED_EDGE('',*,*,#3223,.F.);
#494=ORIENTED_EDGE('',*,*,#3224,.T.);
#495=ORIENTED_EDGE('',*,*,#3225,.T.);
#496=ORIENTED_EDGE('',*,*,#3226,.F.);
#497=ORIENTED_EDGE('',*,*,#3227,.F.);
#498=ORIENTED_EDGE('',*,*,#3228,.T.);
#499=ORIENTED_EDGE('',*,*,#3229,.F.);
#500=ORIENTED_EDGE('',*,*,#3230,.F.);
#501=ORIENTED_EDGE('',*,*,#3231,.T.);
#502=ORIENTED_EDGE('',*,*,#3232,.F.);
#503=ORIENTED_EDGE('',*,*,#3233,.T.);
#504=ORIENTED_EDGE('',*,*,#3234,.F.);
#505=ORIENTED_EDGE('',*,*,#3235,.F.);
#506=ORIENTED_EDGE('',*,*,#3236,.T.);
#507=ORIENTED_EDGE('',*,*,#3237,.F.);
#508=ORIENTED_EDGE('',*,*,#3238,.T.);
#509=ORIENTED_EDGE('',*,*,#3149,.F.);
#510=ORIENTED_EDGE('',*,*,#3239,.F.);
#511=ORIENTED_EDGE('',*,*,#3240,.F.);
#512=ORIENTED_EDGE('',*,*,#3241,.T.);
#513=ORIENTED_EDGE('',*,*,#3242,.F.);
#514=ORIENTED_EDGE('',*,*,#3243,.T.);
#515=ORIENTED_EDGE('',*,*,#3244,.F.);
#516=ORIENTED_EDGE('',*,*,#3245,.F.);
#517=ORIENTED_EDGE('',*,*,#3246,.F.);
#518=ORIENTED_EDGE('',*,*,#3247,.F.);
#519=ORIENTED_EDGE('',*,*,#3248,.F.);
#520=ORIENTED_EDGE('',*,*,#3249,.F.);
#521=ORIENTED_EDGE('',*,*,#3250,.T.);
#522=ORIENTED_EDGE('',*,*,#3251,.F.);
#523=ORIENTED_EDGE('',*,*,#3252,.F.);
#524=ORIENTED_EDGE('',*,*,#3253,.F.);
#525=ORIENTED_EDGE('',*,*,#3254,.F.);
#526=ORIENTED_EDGE('',*,*,#3255,.F.);
#527=ORIENTED_EDGE('',*,*,#3256,.F.);
#528=ORIENTED_EDGE('',*,*,#3257,.F.);
#529=ORIENTED_EDGE('',*,*,#3258,.F.);
#530=ORIENTED_EDGE('',*,*,#3259,.F.);
#531=ORIENTED_EDGE('',*,*,#3260,.F.);
#532=ORIENTED_EDGE('',*,*,#3261,.F.);
#533=ORIENTED_EDGE('',*,*,#3262,.F.);
#534=ORIENTED_EDGE('',*,*,#3263,.F.);
#535=ORIENTED_EDGE('',*,*,#3264,.F.);
#536=ORIENTED_EDGE('',*,*,#3265,.F.);
#537=ORIENTED_EDGE('',*,*,#3266,.F.);
#538=ORIENTED_EDGE('',*,*,#3267,.T.);
#539=ORIENTED_EDGE('',*,*,#3268,.F.);
#540=ORIENTED_EDGE('',*,*,#3269,.F.);
#541=ORIENTED_EDGE('',*,*,#3270,.T.);
#542=ORIENTED_EDGE('',*,*,#3271,.T.);
#543=ORIENTED_EDGE('',*,*,#3272,.T.);
#544=ORIENTED_EDGE('',*,*,#3273,.T.);
#545=ORIENTED_EDGE('',*,*,#3274,.T.);
#546=ORIENTED_EDGE('',*,*,#3205,.F.);
#547=ORIENTED_EDGE('',*,*,#3275,.T.);
#548=ORIENTED_EDGE('',*,*,#3276,.T.);
#549=ORIENTED_EDGE('',*,*,#3242,.T.);
#550=ORIENTED_EDGE('',*,*,#3277,.T.);
#551=ORIENTED_EDGE('',*,*,#3278,.T.);
#552=ORIENTED_EDGE('',*,*,#3279,.T.);
#553=ORIENTED_EDGE('',*,*,#3278,.F.);
#554=ORIENTED_EDGE('',*,*,#3280,.T.);
#555=ORIENTED_EDGE('',*,*,#3281,.T.);
#556=ORIENTED_EDGE('',*,*,#3282,.F.);
#557=ORIENTED_EDGE('',*,*,#3271,.F.);
#558=ORIENTED_EDGE('',*,*,#3283,.T.);
#559=ORIENTED_EDGE('',*,*,#3284,.T.);
#560=ORIENTED_EDGE('',*,*,#3285,.T.);
#561=ORIENTED_EDGE('',*,*,#3286,.T.);
#562=ORIENTED_EDGE('',*,*,#3287,.T.);
#563=ORIENTED_EDGE('',*,*,#3288,.T.);
#564=ORIENTED_EDGE('',*,*,#3289,.F.);
#565=ORIENTED_EDGE('',*,*,#3290,.F.);
#566=ORIENTED_EDGE('',*,*,#3291,.F.);
#567=ORIENTED_EDGE('',*,*,#3292,.F.);
#568=ORIENTED_EDGE('',*,*,#3293,.F.);
#569=ORIENTED_EDGE('',*,*,#3294,.T.);
#570=ORIENTED_EDGE('',*,*,#3295,.T.);
#571=ORIENTED_EDGE('',*,*,#3220,.F.);
#572=ORIENTED_EDGE('',*,*,#3296,.T.);
#573=ORIENTED_EDGE('',*,*,#3297,.F.);
#574=ORIENTED_EDGE('',*,*,#3223,.T.);
#575=ORIENTED_EDGE('',*,*,#3298,.F.);
#576=ORIENTED_EDGE('',*,*,#3299,.T.);
#577=ORIENTED_EDGE('',*,*,#3300,.F.);
#578=ORIENTED_EDGE('',*,*,#3301,.T.);
#579=ORIENTED_EDGE('',*,*,#3302,.F.);
#580=ORIENTED_EDGE('',*,*,#3303,.F.);
#581=ORIENTED_EDGE('',*,*,#3304,.F.);
#582=ORIENTED_EDGE('',*,*,#3305,.T.);
#583=ORIENTED_EDGE('',*,*,#3306,.F.);
#584=ORIENTED_EDGE('',*,*,#3236,.F.);
#585=ORIENTED_EDGE('',*,*,#3307,.F.);
#586=ORIENTED_EDGE('',*,*,#3229,.T.);
#587=ORIENTED_EDGE('',*,*,#3308,.T.);
#588=ORIENTED_EDGE('',*,*,#3309,.T.);
#589=ORIENTED_EDGE('',*,*,#3310,.F.);
#590=ORIENTED_EDGE('',*,*,#3311,.F.);
#591=ORIENTED_EDGE('',*,*,#3312,.F.);
#592=ORIENTED_EDGE('',*,*,#3313,.F.);
#593=ORIENTED_EDGE('',*,*,#3314,.F.);
#594=ORIENTED_EDGE('',*,*,#3315,.F.);
#595=ORIENTED_EDGE('',*,*,#3316,.T.);
#596=ORIENTED_EDGE('',*,*,#3317,.T.);
#597=ORIENTED_EDGE('',*,*,#3318,.F.);
#598=ORIENTED_EDGE('',*,*,#3319,.F.);
#599=ORIENTED_EDGE('',*,*,#3320,.F.);
#600=ORIENTED_EDGE('',*,*,#3318,.T.);
#601=ORIENTED_EDGE('',*,*,#3321,.T.);
#602=ORIENTED_EDGE('',*,*,#3322,.F.);
#603=ORIENTED_EDGE('',*,*,#3323,.F.);
#604=ORIENTED_EDGE('',*,*,#3324,.F.);
#605=ORIENTED_EDGE('',*,*,#3325,.F.);
#606=ORIENTED_EDGE('',*,*,#3326,.F.);
#607=ORIENTED_EDGE('',*,*,#3327,.F.);
#608=ORIENTED_EDGE('',*,*,#3328,.T.);
#609=ORIENTED_EDGE('',*,*,#3329,.F.);
#610=ORIENTED_EDGE('',*,*,#3330,.F.);
#611=ORIENTED_EDGE('',*,*,#3331,.F.);
#612=ORIENTED_EDGE('',*,*,#3332,.F.);
#613=ORIENTED_EDGE('',*,*,#3333,.F.);
#614=ORIENTED_EDGE('',*,*,#3334,.T.);
#615=ORIENTED_EDGE('',*,*,#3335,.F.);
#616=ORIENTED_EDGE('',*,*,#3336,.F.);
#617=ORIENTED_EDGE('',*,*,#3337,.F.);
#618=ORIENTED_EDGE('',*,*,#3338,.F.);
#619=ORIENTED_EDGE('',*,*,#3339,.F.);
#620=ORIENTED_EDGE('',*,*,#3340,.T.);
#621=ORIENTED_EDGE('',*,*,#3341,.F.);
#622=ORIENTED_EDGE('',*,*,#3342,.F.);
#623=ORIENTED_EDGE('',*,*,#3343,.F.);
#624=ORIENTED_EDGE('',*,*,#3274,.F.);
#625=ORIENTED_EDGE('',*,*,#3344,.T.);
#626=ORIENTED_EDGE('',*,*,#3345,.T.);
#627=ORIENTED_EDGE('',*,*,#3316,.F.);
#628=ORIENTED_EDGE('',*,*,#3346,.T.);
#629=ORIENTED_EDGE('',*,*,#3347,.F.);
#630=ORIENTED_EDGE('',*,*,#3348,.T.);
#631=ORIENTED_EDGE('',*,*,#3349,.F.);
#632=ORIENTED_EDGE('',*,*,#3206,.F.);
#633=ORIENTED_EDGE('',*,*,#3350,.T.);
#634=ORIENTED_EDGE('',*,*,#3351,.F.);
#635=ORIENTED_EDGE('',*,*,#3154,.F.);
#636=ORIENTED_EDGE('',*,*,#3352,.F.);
#637=ORIENTED_EDGE('',*,*,#3353,.F.);
#638=ORIENTED_EDGE('',*,*,#3354,.T.);
#639=ORIENTED_EDGE('',*,*,#3355,.T.);
#640=ORIENTED_EDGE('',*,*,#3356,.F.);
#641=ORIENTED_EDGE('',*,*,#3357,.F.);
#642=ORIENTED_EDGE('',*,*,#3358,.F.);
#643=ORIENTED_EDGE('',*,*,#3359,.F.);
#644=ORIENTED_EDGE('',*,*,#3360,.T.);
#645=ORIENTED_EDGE('',*,*,#3361,.F.);
#646=ORIENTED_EDGE('',*,*,#3362,.F.);
#647=ORIENTED_EDGE('',*,*,#3363,.F.);
#648=ORIENTED_EDGE('',*,*,#3364,.T.);
#649=ORIENTED_EDGE('',*,*,#3365,.F.);
#650=ORIENTED_EDGE('',*,*,#3366,.F.);
#651=ORIENTED_EDGE('',*,*,#3304,.T.);
#652=ORIENTED_EDGE('',*,*,#3367,.F.);
#653=ORIENTED_EDGE('',*,*,#3368,.F.);
#654=ORIENTED_EDGE('',*,*,#3369,.F.);
#655=ORIENTED_EDGE('',*,*,#3370,.F.);
#656=ORIENTED_EDGE('',*,*,#3371,.T.);
#657=ORIENTED_EDGE('',*,*,#3372,.T.);
#658=ORIENTED_EDGE('',*,*,#3373,.F.);
#659=ORIENTED_EDGE('',*,*,#3374,.F.);
#660=ORIENTED_EDGE('',*,*,#3375,.F.);
#661=ORIENTED_EDGE('',*,*,#3376,.F.);
#662=ORIENTED_EDGE('',*,*,#3377,.F.);
#663=ORIENTED_EDGE('',*,*,#3378,.F.);
#664=ORIENTED_EDGE('',*,*,#3379,.F.);
#665=ORIENTED_EDGE('',*,*,#3380,.F.);
#666=ORIENTED_EDGE('',*,*,#3381,.T.);
#667=ORIENTED_EDGE('',*,*,#3382,.F.);
#668=ORIENTED_EDGE('',*,*,#3383,.F.);
#669=ORIENTED_EDGE('',*,*,#3384,.T.);
#670=ORIENTED_EDGE('',*,*,#3385,.F.);
#671=ORIENTED_EDGE('',*,*,#3386,.F.);
#672=ORIENTED_EDGE('',*,*,#3387,.T.);
#673=ORIENTED_EDGE('',*,*,#3388,.F.);
#674=ORIENTED_EDGE('',*,*,#3389,.T.);
#675=ORIENTED_EDGE('',*,*,#3390,.T.);
#676=ORIENTED_EDGE('',*,*,#3391,.T.);
#677=ORIENTED_EDGE('',*,*,#3392,.T.);
#678=ORIENTED_EDGE('',*,*,#3393,.F.);
#679=ORIENTED_EDGE('',*,*,#3394,.F.);
#680=ORIENTED_EDGE('',*,*,#3395,.F.);
#681=ORIENTED_EDGE('',*,*,#3396,.T.);
#682=ORIENTED_EDGE('',*,*,#3397,.F.);
#683=ORIENTED_EDGE('',*,*,#3398,.F.);
#684=ORIENTED_EDGE('',*,*,#3399,.F.);
#685=ORIENTED_EDGE('',*,*,#3400,.F.);
#686=ORIENTED_EDGE('',*,*,#3401,.F.);
#687=ORIENTED_EDGE('',*,*,#3402,.F.);
#688=ORIENTED_EDGE('',*,*,#3403,.F.);
#689=ORIENTED_EDGE('',*,*,#3404,.F.);
#690=ORIENTED_EDGE('',*,*,#3405,.F.);
#691=ORIENTED_EDGE('',*,*,#3406,.F.);
#692=ORIENTED_EDGE('',*,*,#3407,.F.);
#693=ORIENTED_EDGE('',*,*,#3408,.F.);
#694=ORIENTED_EDGE('',*,*,#3409,.F.);
#695=ORIENTED_EDGE('',*,*,#3410,.F.);
#696=ORIENTED_EDGE('',*,*,#3411,.F.);
#697=ORIENTED_EDGE('',*,*,#3412,.F.);
#698=ORIENTED_EDGE('',*,*,#3413,.F.);
#699=ORIENTED_EDGE('',*,*,#3414,.F.);
#700=ORIENTED_EDGE('',*,*,#3415,.F.);
#701=ORIENTED_EDGE('',*,*,#3416,.F.);
#702=ORIENTED_EDGE('',*,*,#3417,.F.);
#703=ORIENTED_EDGE('',*,*,#3418,.F.);
#704=ORIENTED_EDGE('',*,*,#3419,.F.);
#705=ORIENTED_EDGE('',*,*,#3420,.F.);
#706=ORIENTED_EDGE('',*,*,#3421,.F.);
#707=ORIENTED_EDGE('',*,*,#3422,.F.);
#708=ORIENTED_EDGE('',*,*,#3423,.F.);
#709=ORIENTED_EDGE('',*,*,#3424,.F.);
#710=ORIENTED_EDGE('',*,*,#3425,.F.);
#711=ORIENTED_EDGE('',*,*,#3426,.F.);
#712=ORIENTED_EDGE('',*,*,#3427,.F.);
#713=ORIENTED_EDGE('',*,*,#3428,.F.);
#714=ORIENTED_EDGE('',*,*,#3429,.F.);
#715=ORIENTED_EDGE('',*,*,#3430,.F.);
#716=ORIENTED_EDGE('',*,*,#3431,.F.);
#717=ORIENTED_EDGE('',*,*,#3432,.F.);
#718=ORIENTED_EDGE('',*,*,#3433,.F.);
#719=ORIENTED_EDGE('',*,*,#3434,.F.);
#720=ORIENTED_EDGE('',*,*,#3435,.F.);
#721=ORIENTED_EDGE('',*,*,#3436,.F.);
#722=ORIENTED_EDGE('',*,*,#3437,.F.);
#723=ORIENTED_EDGE('',*,*,#3438,.F.);
#724=ORIENTED_EDGE('',*,*,#3439,.F.);
#725=ORIENTED_EDGE('',*,*,#3440,.F.);
#726=ORIENTED_EDGE('',*,*,#3441,.F.);
#727=ORIENTED_EDGE('',*,*,#3442,.F.);
#728=ORIENTED_EDGE('',*,*,#3443,.F.);
#729=ORIENTED_EDGE('',*,*,#3444,.F.);
#730=ORIENTED_EDGE('',*,*,#3445,.F.);
#731=ORIENTED_EDGE('',*,*,#3446,.F.);
#732=ORIENTED_EDGE('',*,*,#3447,.T.);
#733=ORIENTED_EDGE('',*,*,#3448,.F.);
#734=ORIENTED_EDGE('',*,*,#3449,.F.);
#735=ORIENTED_EDGE('',*,*,#3450,.F.);
#736=ORIENTED_EDGE('',*,*,#3451,.F.);
#737=ORIENTED_EDGE('',*,*,#3452,.F.);
#738=ORIENTED_EDGE('',*,*,#3453,.F.);
#739=ORIENTED_EDGE('',*,*,#3454,.F.);
#740=ORIENTED_EDGE('',*,*,#3455,.F.);
#741=ORIENTED_EDGE('',*,*,#3456,.F.);
#742=ORIENTED_EDGE('',*,*,#3457,.F.);
#743=ORIENTED_EDGE('',*,*,#3458,.F.);
#744=ORIENTED_EDGE('',*,*,#3459,.F.);
#745=ORIENTED_EDGE('',*,*,#3460,.F.);
#746=ORIENTED_EDGE('',*,*,#3461,.F.);
#747=ORIENTED_EDGE('',*,*,#3462,.F.);
#748=ORIENTED_EDGE('',*,*,#3463,.F.);
#749=ORIENTED_EDGE('',*,*,#3464,.F.);
#750=ORIENTED_EDGE('',*,*,#3465,.F.);
#751=ORIENTED_EDGE('',*,*,#3466,.F.);
#752=ORIENTED_EDGE('',*,*,#3467,.F.);
#753=ORIENTED_EDGE('',*,*,#3468,.F.);
#754=ORIENTED_EDGE('',*,*,#3469,.F.);
#755=ORIENTED_EDGE('',*,*,#3470,.F.);
#756=ORIENTED_EDGE('',*,*,#3471,.F.);
#757=ORIENTED_EDGE('',*,*,#3472,.F.);
#758=ORIENTED_EDGE('',*,*,#3473,.F.);
#759=ORIENTED_EDGE('',*,*,#3474,.F.);
#760=ORIENTED_EDGE('',*,*,#3475,.F.);
#761=ORIENTED_EDGE('',*,*,#3476,.F.);
#762=ORIENTED_EDGE('',*,*,#3477,.F.);
#763=ORIENTED_EDGE('',*,*,#3478,.F.);
#764=ORIENTED_EDGE('',*,*,#3479,.F.);
#765=ORIENTED_EDGE('',*,*,#3480,.F.);
#766=ORIENTED_EDGE('',*,*,#3481,.F.);
#767=ORIENTED_EDGE('',*,*,#3482,.F.);
#768=ORIENTED_EDGE('',*,*,#3483,.F.);
#769=ORIENTED_EDGE('',*,*,#3484,.F.);
#770=ORIENTED_EDGE('',*,*,#3485,.F.);
#771=ORIENTED_EDGE('',*,*,#3486,.F.);
#772=ORIENTED_EDGE('',*,*,#3487,.F.);
#773=ORIENTED_EDGE('',*,*,#3488,.F.);
#774=ORIENTED_EDGE('',*,*,#3489,.F.);
#775=ORIENTED_EDGE('',*,*,#3490,.F.);
#776=ORIENTED_EDGE('',*,*,#3491,.F.);
#777=ORIENTED_EDGE('',*,*,#3492,.F.);
#778=ORIENTED_EDGE('',*,*,#3493,.F.);
#779=ORIENTED_EDGE('',*,*,#3494,.F.);
#780=ORIENTED_EDGE('',*,*,#3495,.F.);
#781=ORIENTED_EDGE('',*,*,#3496,.F.);
#782=ORIENTED_EDGE('',*,*,#3497,.F.);
#783=ORIENTED_EDGE('',*,*,#3498,.F.);
#784=ORIENTED_EDGE('',*,*,#3499,.F.);
#785=ORIENTED_EDGE('',*,*,#3500,.F.);
#786=ORIENTED_EDGE('',*,*,#3501,.F.);
#787=ORIENTED_EDGE('',*,*,#3502,.F.);
#788=ORIENTED_EDGE('',*,*,#3503,.F.);
#789=ORIENTED_EDGE('',*,*,#3504,.F.);
#790=ORIENTED_EDGE('',*,*,#3505,.F.);
#791=ORIENTED_EDGE('',*,*,#3506,.F.);
#792=ORIENTED_EDGE('',*,*,#3507,.F.);
#793=ORIENTED_EDGE('',*,*,#3508,.F.);
#794=ORIENTED_EDGE('',*,*,#3509,.F.);
#795=ORIENTED_EDGE('',*,*,#3510,.F.);
#796=ORIENTED_EDGE('',*,*,#3511,.F.);
#797=ORIENTED_EDGE('',*,*,#3512,.F.);
#798=ORIENTED_EDGE('',*,*,#3513,.F.);
#799=ORIENTED_EDGE('',*,*,#3514,.F.);
#800=ORIENTED_EDGE('',*,*,#3515,.F.);
#801=ORIENTED_EDGE('',*,*,#3516,.F.);
#802=ORIENTED_EDGE('',*,*,#3517,.F.);
#803=ORIENTED_EDGE('',*,*,#3518,.F.);
#804=ORIENTED_EDGE('',*,*,#3519,.F.);
#805=ORIENTED_EDGE('',*,*,#3520,.F.);
#806=ORIENTED_EDGE('',*,*,#3521,.F.);
#807=ORIENTED_EDGE('',*,*,#3522,.F.);
#808=ORIENTED_EDGE('',*,*,#3523,.F.);
#809=ORIENTED_EDGE('',*,*,#3524,.F.);
#810=ORIENTED_EDGE('',*,*,#3525,.F.);
#811=ORIENTED_EDGE('',*,*,#3526,.F.);
#812=ORIENTED_EDGE('',*,*,#3527,.F.);
#813=ORIENTED_EDGE('',*,*,#3528,.F.);
#814=ORIENTED_EDGE('',*,*,#3529,.F.);
#815=ORIENTED_EDGE('',*,*,#3530,.F.);
#816=ORIENTED_EDGE('',*,*,#3531,.F.);
#817=ORIENTED_EDGE('',*,*,#3532,.F.);
#818=ORIENTED_EDGE('',*,*,#3533,.F.);
#819=ORIENTED_EDGE('',*,*,#3534,.F.);
#820=ORIENTED_EDGE('',*,*,#3535,.F.);
#821=ORIENTED_EDGE('',*,*,#3536,.F.);
#822=ORIENTED_EDGE('',*,*,#3537,.F.);
#823=ORIENTED_EDGE('',*,*,#3538,.F.);
#824=ORIENTED_EDGE('',*,*,#3539,.F.);
#825=ORIENTED_EDGE('',*,*,#3540,.F.);
#826=ORIENTED_EDGE('',*,*,#3541,.F.);
#827=ORIENTED_EDGE('',*,*,#3542,.F.);
#828=ORIENTED_EDGE('',*,*,#3543,.F.);
#829=ORIENTED_EDGE('',*,*,#3544,.F.);
#830=ORIENTED_EDGE('',*,*,#3545,.F.);
#831=ORIENTED_EDGE('',*,*,#3546,.F.);
#832=ORIENTED_EDGE('',*,*,#3547,.F.);
#833=ORIENTED_EDGE('',*,*,#3548,.F.);
#834=ORIENTED_EDGE('',*,*,#3549,.F.);
#835=ORIENTED_EDGE('',*,*,#3550,.F.);
#836=ORIENTED_EDGE('',*,*,#3551,.F.);
#837=ORIENTED_EDGE('',*,*,#3552,.F.);
#838=ORIENTED_EDGE('',*,*,#3553,.F.);
#839=ORIENTED_EDGE('',*,*,#3554,.F.);
#840=ORIENTED_EDGE('',*,*,#3555,.F.);
#841=ORIENTED_EDGE('',*,*,#3556,.F.);
#842=ORIENTED_EDGE('',*,*,#3557,.F.);
#843=ORIENTED_EDGE('',*,*,#3558,.F.);
#844=ORIENTED_EDGE('',*,*,#3559,.F.);
#845=ORIENTED_EDGE('',*,*,#3560,.F.);
#846=ORIENTED_EDGE('',*,*,#3561,.F.);
#847=ORIENTED_EDGE('',*,*,#3562,.F.);
#848=ORIENTED_EDGE('',*,*,#3563,.F.);
#849=ORIENTED_EDGE('',*,*,#3564,.F.);
#850=ORIENTED_EDGE('',*,*,#3565,.T.);
#851=ORIENTED_EDGE('',*,*,#3566,.F.);
#852=ORIENTED_EDGE('',*,*,#3567,.F.);
#853=ORIENTED_EDGE('',*,*,#3568,.T.);
#854=ORIENTED_EDGE('',*,*,#3569,.F.);
#855=ORIENTED_EDGE('',*,*,#3565,.F.);
#856=ORIENTED_EDGE('',*,*,#3570,.F.);
#857=ORIENTED_EDGE('',*,*,#3571,.F.);
#858=ORIENTED_EDGE('',*,*,#3572,.T.);
#859=ORIENTED_EDGE('',*,*,#3573,.T.);
#860=ORIENTED_EDGE('',*,*,#3574,.F.);
#861=ORIENTED_EDGE('',*,*,#3575,.T.);
#862=ORIENTED_EDGE('',*,*,#3144,.F.);
#863=ORIENTED_EDGE('',*,*,#3576,.T.);
#864=ORIENTED_EDGE('',*,*,#3577,.T.);
#865=ORIENTED_EDGE('',*,*,#3280,.F.);
#866=ORIENTED_EDGE('',*,*,#3277,.F.);
#867=ORIENTED_EDGE('',*,*,#3241,.F.);
#868=ORIENTED_EDGE('',*,*,#3578,.F.);
#869=ORIENTED_EDGE('',*,*,#3579,.F.);
#870=ORIENTED_EDGE('',*,*,#3580,.F.);
#871=ORIENTED_EDGE('',*,*,#3581,.T.);
#872=ORIENTED_EDGE('',*,*,#3582,.F.);
#873=ORIENTED_EDGE('',*,*,#3583,.T.);
#874=ORIENTED_EDGE('',*,*,#3584,.F.);
#875=ORIENTED_EDGE('',*,*,#3585,.T.);
#876=ORIENTED_EDGE('',*,*,#3586,.T.);
#877=ORIENTED_EDGE('',*,*,#3587,.F.);
#878=ORIENTED_EDGE('',*,*,#3588,.F.);
#879=ORIENTED_EDGE('',*,*,#3589,.T.);
#880=ORIENTED_EDGE('',*,*,#3590,.T.);
#881=ORIENTED_EDGE('',*,*,#3591,.F.);
#882=ORIENTED_EDGE('',*,*,#3592,.T.);
#883=ORIENTED_EDGE('',*,*,#3593,.F.);
#884=ORIENTED_EDGE('',*,*,#3594,.F.);
#885=ORIENTED_EDGE('',*,*,#3595,.F.);
#886=ORIENTED_EDGE('',*,*,#3596,.F.);
#887=ORIENTED_EDGE('',*,*,#3597,.F.);
#888=ORIENTED_EDGE('',*,*,#3598,.T.);
#889=ORIENTED_EDGE('',*,*,#3140,.T.);
#890=ORIENTED_EDGE('',*,*,#3599,.T.);
#891=ORIENTED_EDGE('',*,*,#3350,.F.);
#892=ORIENTED_EDGE('',*,*,#3600,.F.);
#893=ORIENTED_EDGE('',*,*,#3576,.F.);
#894=ORIENTED_EDGE('',*,*,#3143,.F.);
#895=ORIENTED_EDGE('',*,*,#3601,.F.);
#896=ORIENTED_EDGE('',*,*,#3602,.F.);
#897=ORIENTED_EDGE('',*,*,#3603,.T.);
#898=ORIENTED_EDGE('',*,*,#3600,.T.);
#899=ORIENTED_EDGE('',*,*,#3394,.T.);
#900=ORIENTED_EDGE('',*,*,#3604,.T.);
#901=ORIENTED_EDGE('',*,*,#3605,.T.);
#902=ORIENTED_EDGE('',*,*,#3606,.T.);
#903=ORIENTED_EDGE('',*,*,#3607,.F.);
#904=ORIENTED_EDGE('',*,*,#3141,.F.);
#905=ORIENTED_EDGE('',*,*,#3608,.T.);
#906=ORIENTED_EDGE('',*,*,#3354,.F.);
#907=ORIENTED_EDGE('',*,*,#3609,.T.);
#908=ORIENTED_EDGE('',*,*,#3151,.F.);
#909=ORIENTED_EDGE('',*,*,#3152,.F.);
#910=ORIENTED_EDGE('',*,*,#3609,.F.);
#911=ORIENTED_EDGE('',*,*,#3353,.T.);
#912=ORIENTED_EDGE('',*,*,#3610,.T.);
#913=ORIENTED_EDGE('',*,*,#3153,.F.);
#914=ORIENTED_EDGE('',*,*,#3610,.F.);
#915=ORIENTED_EDGE('',*,*,#3352,.T.);
#916=ORIENTED_EDGE('',*,*,#3611,.T.);
#917=ORIENTED_EDGE('',*,*,#3612,.T.);
#918=ORIENTED_EDGE('',*,*,#3613,.F.);
#919=ORIENTED_EDGE('',*,*,#3392,.F.);
#920=ORIENTED_EDGE('',*,*,#3614,.T.);
#921=ORIENTED_EDGE('',*,*,#3615,.T.);
#922=ORIENTED_EDGE('',*,*,#3611,.F.);
#923=ORIENTED_EDGE('',*,*,#3391,.F.);
#924=ORIENTED_EDGE('',*,*,#3616,.T.);
#925=ORIENTED_EDGE('',*,*,#3617,.T.);
#926=ORIENTED_EDGE('',*,*,#3614,.F.);
#927=ORIENTED_EDGE('',*,*,#3390,.F.);
#928=ORIENTED_EDGE('',*,*,#3616,.F.);
#929=ORIENTED_EDGE('',*,*,#3389,.F.);
#930=ORIENTED_EDGE('',*,*,#3618,.F.);
#931=ORIENTED_EDGE('',*,*,#3619,.F.);
#932=ORIENTED_EDGE('',*,*,#3620,.T.);
#933=ORIENTED_EDGE('',*,*,#3621,.T.);
#934=ORIENTED_EDGE('',*,*,#3622,.T.);
#935=ORIENTED_EDGE('',*,*,#3344,.F.);
#936=ORIENTED_EDGE('',*,*,#3273,.F.);
#937=ORIENTED_EDGE('',*,*,#3282,.T.);
#938=ORIENTED_EDGE('',*,*,#3623,.T.);
#939=ORIENTED_EDGE('',*,*,#3621,.F.);
#940=ORIENTED_EDGE('',*,*,#3272,.F.);
#941=ORIENTED_EDGE('',*,*,#3393,.T.);
#942=ORIENTED_EDGE('',*,*,#3613,.T.);
#943=ORIENTED_EDGE('',*,*,#3624,.F.);
#944=ORIENTED_EDGE('',*,*,#3604,.F.);
#945=ORIENTED_EDGE('',*,*,#3625,.F.);
#946=ORIENTED_EDGE('',*,*,#3626,.F.);
#947=ORIENTED_EDGE('',*,*,#3322,.T.);
#948=ORIENTED_EDGE('',*,*,#3627,.T.);
#949=ORIENTED_EDGE('',*,*,#3619,.T.);
#950=ORIENTED_EDGE('',*,*,#3628,.F.);
#951=ORIENTED_EDGE('',*,*,#3629,.T.);
#952=ORIENTED_EDGE('',*,*,#3625,.T.);
#953=ORIENTED_EDGE('',*,*,#3630,.F.);
#954=ORIENTED_EDGE('',*,*,#3387,.F.);
#955=ORIENTED_EDGE('',*,*,#3631,.T.);
#956=ORIENTED_EDGE('',*,*,#3632,.F.);
#957=ORIENTED_EDGE('',*,*,#3633,.T.);
#958=ORIENTED_EDGE('',*,*,#3634,.F.);
#959=ORIENTED_EDGE('',*,*,#3635,.T.);
#960=ORIENTED_EDGE('',*,*,#3636,.F.);
#961=ORIENTED_EDGE('',*,*,#3637,.T.);
#962=ORIENTED_EDGE('',*,*,#3638,.F.);
#963=ORIENTED_EDGE('',*,*,#3639,.T.);
#964=ORIENTED_EDGE('',*,*,#3640,.T.);
#965=ORIENTED_EDGE('',*,*,#3641,.F.);
#966=ORIENTED_EDGE('',*,*,#3642,.T.);
#967=ORIENTED_EDGE('',*,*,#3643,.F.);
#968=ORIENTED_EDGE('',*,*,#3644,.F.);
#969=ORIENTED_EDGE('',*,*,#3645,.F.);
#970=ORIENTED_EDGE('',*,*,#3646,.F.);
#971=ORIENTED_EDGE('',*,*,#3647,.F.);
#972=ORIENTED_EDGE('',*,*,#3648,.T.);
#973=ORIENTED_EDGE('',*,*,#3649,.T.);
#974=ORIENTED_EDGE('',*,*,#3650,.F.);
#975=ORIENTED_EDGE('',*,*,#3651,.F.);
#976=ORIENTED_EDGE('',*,*,#3652,.T.);
#977=ORIENTED_EDGE('',*,*,#3341,.T.);
#978=ORIENTED_EDGE('',*,*,#3653,.T.);
#979=ORIENTED_EDGE('',*,*,#3654,.F.);
#980=ORIENTED_EDGE('',*,*,#3655,.T.);
#981=ORIENTED_EDGE('',*,*,#3656,.F.);
#982=ORIENTED_EDGE('',*,*,#3657,.T.);
#983=ORIENTED_EDGE('',*,*,#3335,.T.);
#984=ORIENTED_EDGE('',*,*,#3658,.T.);
#985=ORIENTED_EDGE('',*,*,#3659,.F.);
#986=ORIENTED_EDGE('',*,*,#3660,.T.);
#987=ORIENTED_EDGE('',*,*,#3661,.F.);
#988=ORIENTED_EDGE('',*,*,#3662,.T.);
#989=ORIENTED_EDGE('',*,*,#3329,.T.);
#990=ORIENTED_EDGE('',*,*,#3663,.T.);
#991=ORIENTED_EDGE('',*,*,#3664,.F.);
#992=ORIENTED_EDGE('',*,*,#3665,.T.);
#993=ORIENTED_EDGE('',*,*,#3666,.F.);
#994=ORIENTED_EDGE('',*,*,#3667,.T.);
#995=ORIENTED_EDGE('',*,*,#3323,.T.);
#996=ORIENTED_EDGE('',*,*,#3626,.T.);
#997=ORIENTED_EDGE('',*,*,#3629,.F.);
#998=ORIENTED_EDGE('',*,*,#3386,.T.);
#999=ORIENTED_EDGE('',*,*,#3668,.F.);
#1000=ORIENTED_EDGE('',*,*,#3669,.T.);
#1001=ORIENTED_EDGE('',*,*,#3670,.F.);
#1002=ORIENTED_EDGE('',*,*,#3671,.F.);
#1003=ORIENTED_EDGE('',*,*,#3672,.T.);
#1004=ORIENTED_EDGE('',*,*,#3217,.T.);
#1005=ORIENTED_EDGE('',*,*,#3673,.F.);
#1006=ORIENTED_EDGE('',*,*,#3674,.T.);
#1007=ORIENTED_EDGE('',*,*,#3675,.T.);
#1008=ORIENTED_EDGE('',*,*,#3676,.F.);
#1009=ORIENTED_EDGE('',*,*,#3572,.F.);
#1010=ORIENTED_EDGE('',*,*,#3677,.F.);
#1011=ORIENTED_EDGE('',*,*,#3678,.F.);
#1012=ORIENTED_EDGE('',*,*,#3679,.F.);
#1013=ORIENTED_EDGE('',*,*,#3300,.T.);
#1014=ORIENTED_EDGE('',*,*,#3680,.F.);
#1015=ORIENTED_EDGE('',*,*,#3309,.F.);
#1016=ORIENTED_EDGE('',*,*,#3681,.F.);
#1017=ORIENTED_EDGE('',*,*,#3682,.T.);
#1018=ORIENTED_EDGE('',*,*,#3209,.T.);
#1019=ORIENTED_EDGE('',*,*,#3207,.F.);
#1020=ORIENTED_EDGE('',*,*,#3349,.T.);
#1021=ORIENTED_EDGE('',*,*,#3683,.F.);
#1022=ORIENTED_EDGE('',*,*,#3684,.F.);
#1023=ORIENTED_EDGE('',*,*,#3142,.T.);
#1024=ORIENTED_EDGE('',*,*,#3607,.T.);
#1025=ORIENTED_EDGE('',*,*,#3685,.T.);
#1026=ORIENTED_EDGE('',*,*,#3601,.T.);
#1027=ORIENTED_EDGE('',*,*,#3630,.T.);
#1028=ORIENTED_EDGE('',*,*,#3628,.T.);
#1029=ORIENTED_EDGE('',*,*,#3618,.T.);
#1030=ORIENTED_EDGE('',*,*,#3388,.T.);
#1031=ORIENTED_EDGE('',*,*,#3685,.F.);
#1032=ORIENTED_EDGE('',*,*,#3606,.F.);
#1033=ORIENTED_EDGE('',*,*,#3686,.T.);
#1034=ORIENTED_EDGE('',*,*,#3602,.T.);
#1035=ORIENTED_EDGE('',*,*,#3687,.T.);
#1036=ORIENTED_EDGE('',*,*,#3688,.T.);
#1037=ORIENTED_EDGE('',*,*,#3689,.T.);
#1038=ORIENTED_EDGE('',*,*,#3690,.T.);
#1039=ORIENTED_EDGE('',*,*,#3691,.T.);
#1040=ORIENTED_EDGE('',*,*,#3692,.T.);
#1041=ORIENTED_EDGE('',*,*,#3693,.F.);
#1042=ORIENTED_EDGE('',*,*,#3694,.F.);
#1043=ORIENTED_EDGE('',*,*,#3695,.T.);
#1044=ORIENTED_EDGE('',*,*,#3696,.F.);
#1045=ORIENTED_EDGE('',*,*,#3697,.T.);
#1046=ORIENTED_EDGE('',*,*,#3698,.F.);
#1047=ORIENTED_EDGE('',*,*,#3699,.T.);
#1048=ORIENTED_EDGE('',*,*,#3700,.T.);
#1049=ORIENTED_EDGE('',*,*,#3321,.F.);
#1050=ORIENTED_EDGE('',*,*,#3317,.F.);
#1051=ORIENTED_EDGE('',*,*,#3345,.F.);
#1052=ORIENTED_EDGE('',*,*,#3622,.F.);
#1053=ORIENTED_EDGE('',*,*,#3623,.F.);
#1054=ORIENTED_EDGE('',*,*,#3281,.F.);
#1055=ORIENTED_EDGE('',*,*,#3577,.F.);
#1056=ORIENTED_EDGE('',*,*,#3603,.F.);
#1057=ORIENTED_EDGE('',*,*,#3686,.F.);
#1058=ORIENTED_EDGE('',*,*,#3605,.F.);
#1059=ORIENTED_EDGE('',*,*,#3624,.T.);
#1060=ORIENTED_EDGE('',*,*,#3612,.F.);
#1061=ORIENTED_EDGE('',*,*,#3615,.F.);
#1062=ORIENTED_EDGE('',*,*,#3617,.F.);
#1063=ORIENTED_EDGE('',*,*,#3620,.F.);
#1064=ORIENTED_EDGE('',*,*,#3627,.F.);
#1065=ORIENTED_EDGE('',*,*,#3700,.F.);
#1066=ORIENTED_EDGE('',*,*,#3701,.F.);
#1067=ORIENTED_EDGE('',*,*,#3579,.T.);
#1068=ORIENTED_EDGE('',*,*,#3702,.T.);
#1069=ORIENTED_EDGE('',*,*,#3691,.F.);
#1070=ORIENTED_EDGE('',*,*,#3702,.F.);
#1071=ORIENTED_EDGE('',*,*,#3588,.T.);
#1072=ORIENTED_EDGE('',*,*,#3703,.T.);
#1073=ORIENTED_EDGE('',*,*,#3692,.F.);
#1074=ORIENTED_EDGE('',*,*,#3703,.F.);
#1075=ORIENTED_EDGE('',*,*,#3587,.T.);
#1076=ORIENTED_EDGE('',*,*,#3704,.T.);
#1077=ORIENTED_EDGE('',*,*,#3693,.T.);
#1078=ORIENTED_EDGE('',*,*,#3704,.F.);
#1079=ORIENTED_EDGE('',*,*,#3586,.F.);
#1080=ORIENTED_EDGE('',*,*,#3705,.T.);
#1081=ORIENTED_EDGE('',*,*,#3694,.T.);
#1082=ORIENTED_EDGE('',*,*,#3705,.F.);
#1083=ORIENTED_EDGE('',*,*,#3585,.F.);
#1084=ORIENTED_EDGE('',*,*,#3706,.T.);
#1085=ORIENTED_EDGE('',*,*,#3695,.F.);
#1086=ORIENTED_EDGE('',*,*,#3706,.F.);
#1087=ORIENTED_EDGE('',*,*,#3584,.T.);
#1088=ORIENTED_EDGE('',*,*,#3707,.T.);
#1089=ORIENTED_EDGE('',*,*,#3696,.T.);
#1090=ORIENTED_EDGE('',*,*,#3707,.F.);
#1091=ORIENTED_EDGE('',*,*,#3583,.F.);
#1092=ORIENTED_EDGE('',*,*,#3708,.T.);
#1093=ORIENTED_EDGE('',*,*,#3697,.F.);
#1094=ORIENTED_EDGE('',*,*,#3708,.F.);
#1095=ORIENTED_EDGE('',*,*,#3582,.T.);
#1096=ORIENTED_EDGE('',*,*,#3709,.T.);
#1097=ORIENTED_EDGE('',*,*,#3698,.T.);
#1098=ORIENTED_EDGE('',*,*,#3709,.F.);
#1099=ORIENTED_EDGE('',*,*,#3581,.F.);
#1100=ORIENTED_EDGE('',*,*,#3710,.T.);
#1101=ORIENTED_EDGE('',*,*,#3699,.F.);
#1102=ORIENTED_EDGE('',*,*,#3710,.F.);
#1103=ORIENTED_EDGE('',*,*,#3580,.T.);
#1104=ORIENTED_EDGE('',*,*,#3701,.T.);
#1105=ORIENTED_EDGE('',*,*,#3711,.F.);
#1106=ORIENTED_EDGE('',*,*,#3598,.F.);
#1107=ORIENTED_EDGE('',*,*,#3712,.F.);
#1108=ORIENTED_EDGE('',*,*,#3713,.F.);
#1109=ORIENTED_EDGE('',*,*,#3589,.F.);
#1110=ORIENTED_EDGE('',*,*,#3714,.F.);
#1111=ORIENTED_EDGE('',*,*,#3715,.F.);
#1112=ORIENTED_EDGE('',*,*,#3596,.T.);
#1113=ORIENTED_EDGE('',*,*,#3716,.F.);
#1114=ORIENTED_EDGE('',*,*,#3717,.F.);
#1115=ORIENTED_EDGE('',*,*,#3718,.F.);
#1116=ORIENTED_EDGE('',*,*,#3590,.F.);
#1117=ORIENTED_EDGE('',*,*,#3719,.F.);
#1118=ORIENTED_EDGE('',*,*,#3720,.F.);
#1119=ORIENTED_EDGE('',*,*,#3721,.F.);
#1120=ORIENTED_EDGE('',*,*,#3678,.T.);
#1121=ORIENTED_EDGE('',*,*,#3722,.F.);
#1122=ORIENTED_EDGE('',*,*,#3592,.F.);
#1123=ORIENTED_EDGE('',*,*,#3723,.F.);
#1124=ORIENTED_EDGE('',*,*,#3724,.F.);
#1125=ORIENTED_EDGE('',*,*,#3725,.F.);
#1126=ORIENTED_EDGE('',*,*,#3594,.T.);
#1127=ORIENTED_EDGE('',*,*,#3726,.F.);
#1128=ORIENTED_EDGE('',*,*,#3727,.F.);
#1129=ORIENTED_EDGE('',*,*,#3679,.T.);
#1130=ORIENTED_EDGE('',*,*,#3721,.T.);
#1131=ORIENTED_EDGE('',*,*,#3728,.F.);
#1132=ORIENTED_EDGE('',*,*,#3729,.F.);
#1133=ORIENTED_EDGE('',*,*,#3301,.F.);
#1134=ORIENTED_EDGE('',*,*,#3716,.T.);
#1135=ORIENTED_EDGE('',*,*,#3595,.T.);
#1136=ORIENTED_EDGE('',*,*,#3725,.T.);
#1137=ORIENTED_EDGE('',*,*,#3730,.F.);
#1138=ORIENTED_EDGE('',*,*,#3723,.T.);
#1139=ORIENTED_EDGE('',*,*,#3591,.T.);
#1140=ORIENTED_EDGE('',*,*,#3718,.T.);
#1141=ORIENTED_EDGE('',*,*,#3731,.F.);
#1142=ORIENTED_EDGE('',*,*,#3719,.T.);
#1143=ORIENTED_EDGE('',*,*,#3597,.T.);
#1144=ORIENTED_EDGE('',*,*,#3715,.T.);
#1145=ORIENTED_EDGE('',*,*,#3732,.F.);
#1146=ORIENTED_EDGE('',*,*,#3726,.T.);
#1147=ORIENTED_EDGE('',*,*,#3593,.T.);
#1148=ORIENTED_EDGE('',*,*,#3722,.T.);
#1149=ORIENTED_EDGE('',*,*,#3677,.T.);
#1150=ORIENTED_EDGE('',*,*,#3571,.T.);
#1151=ORIENTED_EDGE('',*,*,#3733,.F.);
#1152=ORIENTED_EDGE('',*,*,#3570,.T.);
#1153=ORIENTED_EDGE('',*,*,#3564,.T.);
#1154=ORIENTED_EDGE('',*,*,#3734,.T.);
#1155=ORIENTED_EDGE('',*,*,#3733,.T.);
#1156=ORIENTED_EDGE('',*,*,#3734,.F.);
#1157=ORIENTED_EDGE('',*,*,#3563,.T.);
#1158=ORIENTED_EDGE('',*,*,#3735,.T.);
#1159=ORIENTED_EDGE('',*,*,#3727,.T.);
#1160=ORIENTED_EDGE('',*,*,#3735,.F.);
#1161=ORIENTED_EDGE('',*,*,#3562,.T.);
#1162=ORIENTED_EDGE('',*,*,#3736,.T.);
#1163=ORIENTED_EDGE('',*,*,#3730,.T.);
#1164=ORIENTED_EDGE('',*,*,#3736,.F.);
#1165=ORIENTED_EDGE('',*,*,#3561,.T.);
#1166=ORIENTED_EDGE('',*,*,#3737,.T.);
#1167=ORIENTED_EDGE('',*,*,#3717,.T.);
#1168=ORIENTED_EDGE('',*,*,#3737,.F.);
#1169=ORIENTED_EDGE('',*,*,#3560,.T.);
#1170=ORIENTED_EDGE('',*,*,#3738,.T.);
#1171=ORIENTED_EDGE('',*,*,#3732,.T.);
#1172=ORIENTED_EDGE('',*,*,#3738,.F.);
#1173=ORIENTED_EDGE('',*,*,#3559,.T.);
#1174=ORIENTED_EDGE('',*,*,#3739,.T.);
#1175=ORIENTED_EDGE('',*,*,#3720,.T.);
#1176=ORIENTED_EDGE('',*,*,#3739,.F.);
#1177=ORIENTED_EDGE('',*,*,#3558,.T.);
#1178=ORIENTED_EDGE('',*,*,#3740,.T.);
#1179=ORIENTED_EDGE('',*,*,#3731,.T.);
#1180=ORIENTED_EDGE('',*,*,#3740,.F.);
#1181=ORIENTED_EDGE('',*,*,#3557,.T.);
#1182=ORIENTED_EDGE('',*,*,#3728,.T.);
#1183=ORIENTED_EDGE('',*,*,#3724,.T.);
#1184=ORIENTED_EDGE('',*,*,#3713,.T.);
#1185=ORIENTED_EDGE('',*,*,#3714,.T.);
#1186=ORIENTED_EDGE('',*,*,#3711,.T.);
#1187=ORIENTED_EDGE('',*,*,#3712,.T.);
#1188=ORIENTED_EDGE('',*,*,#3741,.T.);
#1189=ORIENTED_EDGE('',*,*,#3742,.F.);
#1190=ORIENTED_EDGE('',*,*,#3743,.T.);
#1191=ORIENTED_EDGE('',*,*,#3447,.F.);
#1192=ORIENTED_EDGE('',*,*,#3744,.T.);
#1193=ORIENTED_EDGE('',*,*,#3741,.F.);
#1194=ORIENTED_EDGE('',*,*,#3745,.T.);
#1195=ORIENTED_EDGE('',*,*,#3746,.F.);
#1196=ORIENTED_EDGE('',*,*,#3747,.T.);
#1197=ORIENTED_EDGE('',*,*,#3396,.F.);
#1198=ORIENTED_EDGE('',*,*,#3748,.T.);
#1199=ORIENTED_EDGE('',*,*,#3745,.F.);
#1200=ORIENTED_EDGE('',*,*,#3749,.T.);
#1201=ORIENTED_EDGE('',*,*,#3750,.F.);
#1202=ORIENTED_EDGE('',*,*,#3751,.T.);
#1203=ORIENTED_EDGE('',*,*,#3360,.F.);
#1204=ORIENTED_EDGE('',*,*,#3752,.T.);
#1205=ORIENTED_EDGE('',*,*,#3749,.F.);
#1206=ORIENTED_EDGE('',*,*,#3753,.T.);
#1207=ORIENTED_EDGE('',*,*,#3275,.F.);
#1208=ORIENTED_EDGE('',*,*,#3753,.F.);
#1209=ORIENTED_EDGE('',*,*,#3173,.F.);
#1210=ORIENTED_EDGE('',*,*,#3754,.F.);
#1211=ORIENTED_EDGE('',*,*,#3755,.T.);
#1212=ORIENTED_EDGE('',*,*,#3756,.F.);
#1213=ORIENTED_EDGE('',*,*,#3175,.F.);
#1214=ORIENTED_EDGE('',*,*,#3757,.F.);
#1215=ORIENTED_EDGE('',*,*,#3758,.T.);
#1216=ORIENTED_EDGE('',*,*,#3759,.F.);
#1217=ORIENTED_EDGE('',*,*,#3760,.T.);
#1218=ORIENTED_EDGE('',*,*,#3761,.T.);
#1219=ORIENTED_EDGE('',*,*,#3177,.F.);
#1220=ORIENTED_EDGE('',*,*,#3762,.F.);
#1221=ORIENTED_EDGE('',*,*,#3165,.T.);
#1222=ORIENTED_EDGE('',*,*,#3763,.T.);
#1223=ORIENTED_EDGE('',*,*,#3764,.F.);
#1224=ORIENTED_EDGE('',*,*,#3765,.F.);
#1225=ORIENTED_EDGE('',*,*,#3766,.F.);
#1226=ORIENTED_EDGE('',*,*,#3767,.F.);
#1227=ORIENTED_EDGE('',*,*,#3167,.T.);
#1228=ORIENTED_EDGE('',*,*,#3768,.F.);
#1229=ORIENTED_EDGE('',*,*,#3169,.T.);
#1230=ORIENTED_EDGE('',*,*,#3769,.F.);
#1231=ORIENTED_EDGE('',*,*,#3770,.F.);
#1232=ORIENTED_EDGE('',*,*,#3771,.F.);
#1233=ORIENTED_EDGE('',*,*,#3772,.T.);
#1234=ORIENTED_EDGE('',*,*,#3773,.T.);
#1235=ORIENTED_EDGE('',*,*,#3774,.T.);
#1236=ORIENTED_EDGE('',*,*,#3127,.T.);
#1237=ORIENTED_EDGE('',*,*,#3775,.T.);
#1238=ORIENTED_EDGE('',*,*,#3776,.F.);
#1239=ORIENTED_EDGE('',*,*,#3777,.T.);
#1240=ORIENTED_EDGE('',*,*,#3760,.F.);
#1241=ORIENTED_EDGE('',*,*,#3778,.F.);
#1242=ORIENTED_EDGE('',*,*,#3758,.F.);
#1243=ORIENTED_EDGE('',*,*,#3779,.F.);
#1244=ORIENTED_EDGE('',*,*,#3755,.F.);
#1245=ORIENTED_EDGE('',*,*,#3780,.F.);
#1246=ORIENTED_EDGE('',*,*,#3781,.F.);
#1247=ORIENTED_EDGE('',*,*,#3782,.F.);
#1248=ORIENTED_EDGE('',*,*,#3770,.T.);
#1249=ORIENTED_EDGE('',*,*,#3783,.F.);
#1250=ORIENTED_EDGE('',*,*,#3766,.T.);
#1251=ORIENTED_EDGE('',*,*,#3784,.F.);
#1252=ORIENTED_EDGE('',*,*,#3764,.T.);
#1253=ORIENTED_EDGE('',*,*,#3785,.T.);
#1254=ORIENTED_EDGE('',*,*,#3786,.F.);
#1255=ORIENTED_EDGE('',*,*,#3787,.T.);
#1256=ORIENTED_EDGE('',*,*,#3788,.F.);
#1257=ORIENTED_EDGE('',*,*,#3789,.T.);
#1258=ORIENTED_EDGE('',*,*,#3790,.T.);
#1259=ORIENTED_EDGE('',*,*,#3791,.T.);
#1260=ORIENTED_EDGE('',*,*,#3792,.T.);
#1261=ORIENTED_EDGE('',*,*,#3793,.T.);
#1262=ORIENTED_EDGE('',*,*,#3794,.T.);
#1263=ORIENTED_EDGE('',*,*,#3795,.T.);
#1264=ORIENTED_EDGE('',*,*,#3796,.T.);
#1265=ORIENTED_EDGE('',*,*,#3797,.T.);
#1266=ORIENTED_EDGE('',*,*,#3798,.T.);
#1267=ORIENTED_EDGE('',*,*,#3799,.T.);
#1268=ORIENTED_EDGE('',*,*,#3800,.T.);
#1269=ORIENTED_EDGE('',*,*,#3801,.T.);
#1270=ORIENTED_EDGE('',*,*,#3802,.T.);
#1271=ORIENTED_EDGE('',*,*,#3803,.T.);
#1272=ORIENTED_EDGE('',*,*,#3804,.T.);
#1273=ORIENTED_EDGE('',*,*,#3805,.T.);
#1274=ORIENTED_EDGE('',*,*,#3806,.T.);
#1275=ORIENTED_EDGE('',*,*,#3807,.T.);
#1276=ORIENTED_EDGE('',*,*,#3808,.T.);
#1277=ORIENTED_EDGE('',*,*,#3809,.T.);
#1278=ORIENTED_EDGE('',*,*,#3810,.T.);
#1279=ORIENTED_EDGE('',*,*,#3811,.T.);
#1280=ORIENTED_EDGE('',*,*,#3812,.T.);
#1281=ORIENTED_EDGE('',*,*,#3813,.T.);
#1282=ORIENTED_EDGE('',*,*,#3814,.T.);
#1283=ORIENTED_EDGE('',*,*,#3171,.T.);
#1284=ORIENTED_EDGE('',*,*,#3815,.F.);
#1285=ORIENTED_EDGE('',*,*,#3781,.T.);
#1286=ORIENTED_EDGE('',*,*,#3816,.F.);
#1287=ORIENTED_EDGE('',*,*,#3778,.T.);
#1288=ORIENTED_EDGE('',*,*,#3762,.T.);
#1289=ORIENTED_EDGE('',*,*,#3176,.T.);
#1290=ORIENTED_EDGE('',*,*,#3759,.T.);
#1291=ORIENTED_EDGE('',*,*,#3779,.T.);
#1292=ORIENTED_EDGE('',*,*,#3757,.T.);
#1293=ORIENTED_EDGE('',*,*,#3174,.T.);
#1294=ORIENTED_EDGE('',*,*,#3756,.T.);
#1295=ORIENTED_EDGE('',*,*,#3780,.T.);
#1296=ORIENTED_EDGE('',*,*,#3754,.T.);
#1297=ORIENTED_EDGE('',*,*,#3172,.T.);
#1298=ORIENTED_EDGE('',*,*,#3816,.T.);
#1299=ORIENTED_EDGE('',*,*,#3170,.T.);
#1300=ORIENTED_EDGE('',*,*,#3771,.T.);
#1301=ORIENTED_EDGE('',*,*,#3782,.T.);
#1302=ORIENTED_EDGE('',*,*,#3815,.T.);
#1303=ORIENTED_EDGE('',*,*,#3784,.T.);
#1304=ORIENTED_EDGE('',*,*,#3768,.T.);
#1305=ORIENTED_EDGE('',*,*,#3166,.T.);
#1306=ORIENTED_EDGE('',*,*,#3765,.T.);
#1307=ORIENTED_EDGE('',*,*,#3783,.T.);
#1308=ORIENTED_EDGE('',*,*,#3769,.T.);
#1309=ORIENTED_EDGE('',*,*,#3168,.T.);
#1310=ORIENTED_EDGE('',*,*,#3767,.T.);
#1311=ORIENTED_EDGE('',*,*,#3817,.F.);
#1312=ORIENTED_EDGE('',*,*,#3145,.F.);
#1313=ORIENTED_EDGE('',*,*,#3575,.F.);
#1314=ORIENTED_EDGE('',*,*,#3818,.F.);
#1315=ORIENTED_EDGE('',*,*,#3819,.F.);
#1316=ORIENTED_EDGE('',*,*,#3147,.F.);
#1317=ORIENTED_EDGE('',*,*,#3820,.F.);
#1318=ORIENTED_EDGE('',*,*,#3821,.F.);
#1319=ORIENTED_EDGE('',*,*,#3573,.F.);
#1320=ORIENTED_EDGE('',*,*,#3822,.F.);
#1321=ORIENTED_EDGE('',*,*,#3823,.F.);
#1322=ORIENTED_EDGE('',*,*,#3824,.F.);
#1323=ORIENTED_EDGE('',*,*,#3820,.T.);
#1324=ORIENTED_EDGE('',*,*,#3146,.T.);
#1325=ORIENTED_EDGE('',*,*,#3817,.T.);
#1326=ORIENTED_EDGE('',*,*,#3825,.F.);
#1327=ORIENTED_EDGE('',*,*,#3239,.T.);
#1328=ORIENTED_EDGE('',*,*,#3148,.T.);
#1329=ORIENTED_EDGE('',*,*,#3819,.T.);
#1330=ORIENTED_EDGE('',*,*,#3826,.F.);
#1331=ORIENTED_EDGE('',*,*,#3827,.T.);
#1332=ORIENTED_EDGE('',*,*,#3822,.T.);
#1333=ORIENTED_EDGE('',*,*,#3578,.T.);
#1334=ORIENTED_EDGE('',*,*,#3240,.T.);
#1335=ORIENTED_EDGE('',*,*,#3826,.T.);
#1336=ORIENTED_EDGE('',*,*,#3828,.T.);
#1337=ORIENTED_EDGE('',*,*,#3827,.F.);
#1338=ORIENTED_EDGE('',*,*,#3829,.T.);
#1339=ORIENTED_EDGE('',*,*,#3823,.T.);
#1340=ORIENTED_EDGE('',*,*,#3828,.F.);
#1341=ORIENTED_EDGE('',*,*,#3821,.T.);
#1342=ORIENTED_EDGE('',*,*,#3825,.T.);
#1343=ORIENTED_EDGE('',*,*,#3830,.T.);
#1344=ORIENTED_EDGE('',*,*,#3829,.F.);
#1345=ORIENTED_EDGE('',*,*,#3574,.T.);
#1346=ORIENTED_EDGE('',*,*,#3824,.T.);
#1347=ORIENTED_EDGE('',*,*,#3830,.F.);
#1348=ORIENTED_EDGE('',*,*,#3818,.T.);
#1349=ORIENTED_EDGE('',*,*,#3814,.F.);
#1350=ORIENTED_EDGE('',*,*,#3690,.F.);
#1351=ORIENTED_EDGE('',*,*,#3813,.F.);
#1352=ORIENTED_EDGE('',*,*,#3689,.F.);
#1353=ORIENTED_EDGE('',*,*,#3812,.F.);
#1354=ORIENTED_EDGE('',*,*,#3688,.F.);
#1355=ORIENTED_EDGE('',*,*,#3772,.F.);
#1356=ORIENTED_EDGE('',*,*,#3687,.F.);
#1357=ORIENTED_EDGE('',*,*,#3831,.T.);
#1358=ORIENTED_EDGE('',*,*,#3156,.F.);
#1359=ORIENTED_EDGE('',*,*,#3831,.F.);
#1360=ORIENTED_EDGE('',*,*,#3199,.F.);
#1361=ORIENTED_EDGE('',*,*,#3832,.T.);
#1362=ORIENTED_EDGE('',*,*,#3795,.F.);
#1363=ORIENTED_EDGE('',*,*,#3833,.T.);
#1364=ORIENTED_EDGE('',*,*,#3834,.T.);
#1365=ORIENTED_EDGE('',*,*,#3834,.F.);
#1366=ORIENTED_EDGE('',*,*,#3835,.T.);
#1367=ORIENTED_EDGE('',*,*,#3155,.F.);
#1368=ORIENTED_EDGE('',*,*,#3835,.F.);
#1369=ORIENTED_EDGE('',*,*,#3250,.F.);
#1370=ORIENTED_EDGE('',*,*,#3836,.T.);
#1371=ORIENTED_EDGE('',*,*,#3837,.F.);
#1372=ORIENTED_EDGE('',*,*,#3210,.T.);
#1373=ORIENTED_EDGE('',*,*,#3682,.F.);
#1374=ORIENTED_EDGE('',*,*,#3838,.F.);
#1375=ORIENTED_EDGE('',*,*,#3839,.F.);
#1376=ORIENTED_EDGE('',*,*,#3213,.F.);
#1377=ORIENTED_EDGE('',*,*,#3840,.F.);
#1378=ORIENTED_EDGE('',*,*,#3841,.T.);
#1379=ORIENTED_EDGE('',*,*,#3842,.F.);
#1380=ORIENTED_EDGE('',*,*,#3843,.T.);
#1381=ORIENTED_EDGE('',*,*,#3211,.T.);
#1382=ORIENTED_EDGE('',*,*,#3844,.F.);
#1383=ORIENTED_EDGE('',*,*,#3845,.T.);
#1384=ORIENTED_EDGE('',*,*,#3846,.F.);
#1385=ORIENTED_EDGE('',*,*,#3225,.F.);
#1386=ORIENTED_EDGE('',*,*,#3847,.T.);
#1387=ORIENTED_EDGE('',*,*,#3848,.F.);
#1388=ORIENTED_EDGE('',*,*,#3259,.T.);
#1389=ORIENTED_EDGE('',*,*,#3849,.F.);
#1390=ORIENTED_EDGE('',*,*,#3367,.T.);
#1391=ORIENTED_EDGE('',*,*,#3303,.T.);
#1392=ORIENTED_EDGE('',*,*,#3850,.F.);
#1393=ORIENTED_EDGE('',*,*,#3568,.F.);
#1394=ORIENTED_EDGE('',*,*,#3676,.T.);
#1395=ORIENTED_EDGE('',*,*,#3851,.F.);
#1396=ORIENTED_EDGE('',*,*,#3852,.T.);
#1397=ORIENTED_EDGE('',*,*,#3371,.F.);
#1398=ORIENTED_EDGE('',*,*,#3853,.T.);
#1399=ORIENTED_EDGE('',*,*,#3854,.F.);
#1400=ORIENTED_EDGE('',*,*,#3851,.T.);
#1401=ORIENTED_EDGE('',*,*,#3675,.F.);
#1402=ORIENTED_EDGE('',*,*,#3855,.F.);
#1403=ORIENTED_EDGE('',*,*,#3372,.F.);
#1404=ORIENTED_EDGE('',*,*,#3855,.T.);
#1405=ORIENTED_EDGE('',*,*,#3674,.F.);
#1406=ORIENTED_EDGE('',*,*,#3856,.F.);
#1407=ORIENTED_EDGE('',*,*,#3857,.F.);
#1408=ORIENTED_EDGE('',*,*,#3376,.T.);
#1409=ORIENTED_EDGE('',*,*,#3858,.F.);
#1410=ORIENTED_EDGE('',*,*,#3859,.T.);
#1411=ORIENTED_EDGE('',*,*,#3860,.F.);
#1412=ORIENTED_EDGE('',*,*,#3373,.T.);
#1413=ORIENTED_EDGE('',*,*,#3856,.T.);
#1414=ORIENTED_EDGE('',*,*,#3673,.T.);
#1415=ORIENTED_EDGE('',*,*,#3216,.F.);
#1416=ORIENTED_EDGE('',*,*,#3861,.T.);
#1417=ORIENTED_EDGE('',*,*,#3381,.F.);
#1418=ORIENTED_EDGE('',*,*,#3862,.T.);
#1419=ORIENTED_EDGE('',*,*,#3863,.F.);
#1420=ORIENTED_EDGE('',*,*,#3218,.T.);
#1421=ORIENTED_EDGE('',*,*,#3672,.F.);
#1422=ORIENTED_EDGE('',*,*,#3864,.F.);
#1423=ORIENTED_EDGE('',*,*,#3865,.F.);
#1424=ORIENTED_EDGE('',*,*,#3382,.T.);
#1425=ORIENTED_EDGE('',*,*,#3864,.T.);
#1426=ORIENTED_EDGE('',*,*,#3671,.T.);
#1427=ORIENTED_EDGE('',*,*,#3866,.F.);
#1428=ORIENTED_EDGE('',*,*,#3383,.T.);
#1429=ORIENTED_EDGE('',*,*,#3865,.T.);
#1430=ORIENTED_EDGE('',*,*,#3670,.T.);
#1431=ORIENTED_EDGE('',*,*,#3384,.F.);
#1432=ORIENTED_EDGE('',*,*,#3866,.T.);
#1433=ORIENTED_EDGE('',*,*,#3669,.F.);
#1434=ORIENTED_EDGE('',*,*,#3867,.F.);
#1435=ORIENTED_EDGE('',*,*,#3668,.T.);
#1436=ORIENTED_EDGE('',*,*,#3385,.T.);
#1437=ORIENTED_EDGE('',*,*,#3867,.T.);
#1438=ORIENTED_EDGE('',*,*,#3868,.F.);
#1439=ORIENTED_EDGE('',*,*,#3653,.F.);
#1440=ORIENTED_EDGE('',*,*,#3340,.F.);
#1441=ORIENTED_EDGE('',*,*,#3869,.F.);
#1442=ORIENTED_EDGE('',*,*,#3870,.F.);
#1443=ORIENTED_EDGE('',*,*,#3655,.F.);
#1444=ORIENTED_EDGE('',*,*,#3871,.F.);
#1445=ORIENTED_EDGE('',*,*,#3872,.F.);
#1446=ORIENTED_EDGE('',*,*,#3336,.T.);
#1447=ORIENTED_EDGE('',*,*,#3657,.F.);
#1448=ORIENTED_EDGE('',*,*,#3873,.F.);
#1449=ORIENTED_EDGE('',*,*,#3874,.F.);
#1450=ORIENTED_EDGE('',*,*,#3875,.F.);
#1451=ORIENTED_EDGE('',*,*,#3876,.F.);
#1452=ORIENTED_EDGE('',*,*,#3338,.T.);
#1453=ORIENTED_EDGE('',*,*,#3877,.F.);
#1454=ORIENTED_EDGE('',*,*,#3878,.F.);
#1455=ORIENTED_EDGE('',*,*,#3658,.F.);
#1456=ORIENTED_EDGE('',*,*,#3334,.F.);
#1457=ORIENTED_EDGE('',*,*,#3879,.F.);
#1458=ORIENTED_EDGE('',*,*,#3880,.F.);
#1459=ORIENTED_EDGE('',*,*,#3660,.F.);
#1460=ORIENTED_EDGE('',*,*,#3881,.F.);
#1461=ORIENTED_EDGE('',*,*,#3882,.F.);
#1462=ORIENTED_EDGE('',*,*,#3330,.T.);
#1463=ORIENTED_EDGE('',*,*,#3662,.F.);
#1464=ORIENTED_EDGE('',*,*,#3883,.F.);
#1465=ORIENTED_EDGE('',*,*,#3884,.F.);
#1466=ORIENTED_EDGE('',*,*,#3885,.F.);
#1467=ORIENTED_EDGE('',*,*,#3886,.F.);
#1468=ORIENTED_EDGE('',*,*,#3332,.T.);
#1469=ORIENTED_EDGE('',*,*,#3887,.F.);
#1470=ORIENTED_EDGE('',*,*,#3888,.F.);
#1471=ORIENTED_EDGE('',*,*,#3663,.F.);
#1472=ORIENTED_EDGE('',*,*,#3328,.F.);
#1473=ORIENTED_EDGE('',*,*,#3889,.F.);
#1474=ORIENTED_EDGE('',*,*,#3890,.F.);
#1475=ORIENTED_EDGE('',*,*,#3665,.F.);
#1476=ORIENTED_EDGE('',*,*,#3891,.F.);
#1477=ORIENTED_EDGE('',*,*,#3892,.F.);
#1478=ORIENTED_EDGE('',*,*,#3324,.T.);
#1479=ORIENTED_EDGE('',*,*,#3667,.F.);
#1480=ORIENTED_EDGE('',*,*,#3893,.F.);
#1481=ORIENTED_EDGE('',*,*,#3894,.F.);
#1482=ORIENTED_EDGE('',*,*,#3895,.F.);
#1483=ORIENTED_EDGE('',*,*,#3896,.F.);
#1484=ORIENTED_EDGE('',*,*,#3326,.T.);
#1485=ORIENTED_EDGE('',*,*,#3897,.F.);
#1486=ORIENTED_EDGE('',*,*,#3898,.F.);
#1487=ORIENTED_EDGE('',*,*,#3683,.T.);
#1488=ORIENTED_EDGE('',*,*,#3348,.F.);
#1489=ORIENTED_EDGE('',*,*,#3899,.F.);
#1490=ORIENTED_EDGE('',*,*,#3900,.F.);
#1491=ORIENTED_EDGE('',*,*,#3650,.T.);
#1492=ORIENTED_EDGE('',*,*,#3901,.F.);
#1493=ORIENTED_EDGE('',*,*,#3902,.F.);
#1494=ORIENTED_EDGE('',*,*,#3342,.T.);
#1495=ORIENTED_EDGE('',*,*,#3652,.F.);
#1496=ORIENTED_EDGE('',*,*,#3903,.F.);
#1497=ORIENTED_EDGE('',*,*,#3904,.F.);
#1498=ORIENTED_EDGE('',*,*,#3905,.F.);
#1499=ORIENTED_EDGE('',*,*,#3906,.F.);
#1500=ORIENTED_EDGE('',*,*,#3346,.F.);
#1501=ORIENTED_EDGE('',*,*,#3319,.T.);
#1502=ORIENTED_EDGE('',*,*,#3320,.T.);
#1503=ORIENTED_EDGE('',*,*,#3907,.F.);
#1504=ORIENTED_EDGE('',*,*,#3881,.T.);
#1505=ORIENTED_EDGE('',*,*,#3659,.T.);
#1506=ORIENTED_EDGE('',*,*,#3878,.T.);
#1507=ORIENTED_EDGE('',*,*,#3908,.F.);
#1508=ORIENTED_EDGE('',*,*,#3891,.T.);
#1509=ORIENTED_EDGE('',*,*,#3664,.T.);
#1510=ORIENTED_EDGE('',*,*,#3888,.T.);
#1511=ORIENTED_EDGE('',*,*,#3909,.F.);
#1512=ORIENTED_EDGE('',*,*,#3893,.T.);
#1513=ORIENTED_EDGE('',*,*,#3666,.T.);
#1514=ORIENTED_EDGE('',*,*,#3890,.T.);
#1515=ORIENTED_EDGE('',*,*,#3910,.F.);
#1516=ORIENTED_EDGE('',*,*,#3883,.T.);
#1517=ORIENTED_EDGE('',*,*,#3661,.T.);
#1518=ORIENTED_EDGE('',*,*,#3880,.T.);
#1519=ORIENTED_EDGE('',*,*,#3911,.F.);
#1520=ORIENTED_EDGE('',*,*,#3873,.T.);
#1521=ORIENTED_EDGE('',*,*,#3656,.T.);
#1522=ORIENTED_EDGE('',*,*,#3870,.T.);
#1523=ORIENTED_EDGE('',*,*,#3912,.F.);
#1524=ORIENTED_EDGE('',*,*,#3901,.T.);
#1525=ORIENTED_EDGE('',*,*,#3684,.T.);
#1526=ORIENTED_EDGE('',*,*,#3898,.T.);
#1527=ORIENTED_EDGE('',*,*,#3913,.F.);
#1528=ORIENTED_EDGE('',*,*,#3903,.T.);
#1529=ORIENTED_EDGE('',*,*,#3651,.T.);
#1530=ORIENTED_EDGE('',*,*,#3900,.T.);
#1531=ORIENTED_EDGE('',*,*,#3914,.F.);
#1532=ORIENTED_EDGE('',*,*,#3871,.T.);
#1533=ORIENTED_EDGE('',*,*,#3654,.T.);
#1534=ORIENTED_EDGE('',*,*,#3868,.T.);
#1535=ORIENTED_EDGE('',*,*,#3915,.F.);
#1536=ORIENTED_EDGE('',*,*,#3347,.T.);
#1537=ORIENTED_EDGE('',*,*,#3906,.T.);
#1538=ORIENTED_EDGE('',*,*,#3916,.T.);
#1539=ORIENTED_EDGE('',*,*,#3899,.T.);
#1540=ORIENTED_EDGE('',*,*,#3916,.F.);
#1541=ORIENTED_EDGE('',*,*,#3917,.T.);
#1542=ORIENTED_EDGE('',*,*,#3913,.T.);
#1543=ORIENTED_EDGE('',*,*,#3917,.F.);
#1544=ORIENTED_EDGE('',*,*,#3905,.T.);
#1545=ORIENTED_EDGE('',*,*,#3918,.T.);
#1546=ORIENTED_EDGE('',*,*,#3902,.T.);
#1547=ORIENTED_EDGE('',*,*,#3918,.F.);
#1548=ORIENTED_EDGE('',*,*,#3919,.T.);
#1549=ORIENTED_EDGE('',*,*,#3914,.T.);
#1550=ORIENTED_EDGE('',*,*,#3919,.F.);
#1551=ORIENTED_EDGE('',*,*,#3907,.T.);
#1552=ORIENTED_EDGE('',*,*,#3343,.T.);
#1553=ORIENTED_EDGE('',*,*,#3904,.T.);
#1554=ORIENTED_EDGE('',*,*,#3327,.T.);
#1555=ORIENTED_EDGE('',*,*,#3896,.T.);
#1556=ORIENTED_EDGE('',*,*,#3920,.T.);
#1557=ORIENTED_EDGE('',*,*,#3889,.T.);
#1558=ORIENTED_EDGE('',*,*,#3920,.F.);
#1559=ORIENTED_EDGE('',*,*,#3921,.T.);
#1560=ORIENTED_EDGE('',*,*,#3909,.T.);
#1561=ORIENTED_EDGE('',*,*,#3921,.F.);
#1562=ORIENTED_EDGE('',*,*,#3895,.T.);
#1563=ORIENTED_EDGE('',*,*,#3922,.T.);
#1564=ORIENTED_EDGE('',*,*,#3892,.T.);
#1565=ORIENTED_EDGE('',*,*,#3922,.F.);
#1566=ORIENTED_EDGE('',*,*,#3923,.T.);
#1567=ORIENTED_EDGE('',*,*,#3910,.T.);
#1568=ORIENTED_EDGE('',*,*,#3923,.F.);
#1569=ORIENTED_EDGE('',*,*,#3897,.T.);
#1570=ORIENTED_EDGE('',*,*,#3325,.T.);
#1571=ORIENTED_EDGE('',*,*,#3894,.T.);
#1572=ORIENTED_EDGE('',*,*,#3333,.T.);
#1573=ORIENTED_EDGE('',*,*,#3886,.T.);
#1574=ORIENTED_EDGE('',*,*,#3924,.T.);
#1575=ORIENTED_EDGE('',*,*,#3879,.T.);
#1576=ORIENTED_EDGE('',*,*,#3924,.F.);
#1577=ORIENTED_EDGE('',*,*,#3925,.T.);
#1578=ORIENTED_EDGE('',*,*,#3908,.T.);
#1579=ORIENTED_EDGE('',*,*,#3925,.F.);
#1580=ORIENTED_EDGE('',*,*,#3885,.T.);
#1581=ORIENTED_EDGE('',*,*,#3926,.T.);
#1582=ORIENTED_EDGE('',*,*,#3882,.T.);
#1583=ORIENTED_EDGE('',*,*,#3926,.F.);
#1584=ORIENTED_EDGE('',*,*,#3927,.T.);
#1585=ORIENTED_EDGE('',*,*,#3911,.T.);
#1586=ORIENTED_EDGE('',*,*,#3927,.F.);
#1587=ORIENTED_EDGE('',*,*,#3887,.T.);
#1588=ORIENTED_EDGE('',*,*,#3331,.T.);
#1589=ORIENTED_EDGE('',*,*,#3884,.T.);
#1590=ORIENTED_EDGE('',*,*,#3339,.T.);
#1591=ORIENTED_EDGE('',*,*,#3876,.T.);
#1592=ORIENTED_EDGE('',*,*,#3928,.T.);
#1593=ORIENTED_EDGE('',*,*,#3869,.T.);
#1594=ORIENTED_EDGE('',*,*,#3928,.F.);
#1595=ORIENTED_EDGE('',*,*,#3929,.T.);
#1596=ORIENTED_EDGE('',*,*,#3915,.T.);
#1597=ORIENTED_EDGE('',*,*,#3929,.F.);
#1598=ORIENTED_EDGE('',*,*,#3875,.T.);
#1599=ORIENTED_EDGE('',*,*,#3930,.T.);
#1600=ORIENTED_EDGE('',*,*,#3872,.T.);
#1601=ORIENTED_EDGE('',*,*,#3930,.F.);
#1602=ORIENTED_EDGE('',*,*,#3931,.T.);
#1603=ORIENTED_EDGE('',*,*,#3912,.T.);
#1604=ORIENTED_EDGE('',*,*,#3931,.F.);
#1605=ORIENTED_EDGE('',*,*,#3877,.T.);
#1606=ORIENTED_EDGE('',*,*,#3337,.T.);
#1607=ORIENTED_EDGE('',*,*,#3874,.T.);
#1608=ORIENTED_EDGE('',*,*,#3310,.T.);
#1609=ORIENTED_EDGE('',*,*,#3680,.T.);
#1610=ORIENTED_EDGE('',*,*,#3299,.F.);
#1611=ORIENTED_EDGE('',*,*,#3932,.F.);
#1612=ORIENTED_EDGE('',*,*,#3838,.T.);
#1613=ORIENTED_EDGE('',*,*,#3681,.T.);
#1614=ORIENTED_EDGE('',*,*,#3308,.F.);
#1615=ORIENTED_EDGE('',*,*,#3933,.F.);
#1616=ORIENTED_EDGE('',*,*,#3934,.F.);
#1617=ORIENTED_EDGE('',*,*,#3935,.F.);
#1618=ORIENTED_EDGE('',*,*,#3291,.T.);
#1619=ORIENTED_EDGE('',*,*,#3936,.F.);
#1620=ORIENTED_EDGE('',*,*,#3937,.F.);
#1621=ORIENTED_EDGE('',*,*,#3938,.F.);
#1622=ORIENTED_EDGE('',*,*,#3845,.F.);
#1623=ORIENTED_EDGE('',*,*,#3939,.F.);
#1624=ORIENTED_EDGE('',*,*,#3940,.T.);
#1625=ORIENTED_EDGE('',*,*,#3940,.F.);
#1626=ORIENTED_EDGE('',*,*,#3649,.F.);
#1627=ORIENTED_EDGE('',*,*,#3941,.T.);
#1628=ORIENTED_EDGE('',*,*,#3941,.F.);
#1629=ORIENTED_EDGE('',*,*,#3648,.F.);
#1630=ORIENTED_EDGE('',*,*,#3942,.F.);
#1631=ORIENTED_EDGE('',*,*,#3943,.F.);
#1632=ORIENTED_EDGE('',*,*,#3944,.F.);
#1633=ORIENTED_EDGE('',*,*,#3945,.F.);
#1634=ORIENTED_EDGE('',*,*,#3640,.F.);
#1635=ORIENTED_EDGE('',*,*,#3946,.F.);
#1636=ORIENTED_EDGE('',*,*,#3947,.F.);
#1637=ORIENTED_EDGE('',*,*,#3948,.F.);
#1638=ORIENTED_EDGE('',*,*,#3646,.T.);
#1639=ORIENTED_EDGE('',*,*,#3949,.F.);
#1640=ORIENTED_EDGE('',*,*,#3950,.F.);
#1641=ORIENTED_EDGE('',*,*,#3951,.F.);
#1642=ORIENTED_EDGE('',*,*,#3642,.F.);
#1643=ORIENTED_EDGE('',*,*,#3952,.F.);
#1644=ORIENTED_EDGE('',*,*,#3953,.F.);
#1645=ORIENTED_EDGE('',*,*,#3954,.F.);
#1646=ORIENTED_EDGE('',*,*,#3955,.F.);
#1647=ORIENTED_EDGE('',*,*,#3956,.F.);
#1648=ORIENTED_EDGE('',*,*,#3644,.T.);
#1649=ORIENTED_EDGE('',*,*,#3957,.F.);
#1650=ORIENTED_EDGE('',*,*,#3958,.T.);
#1651=ORIENTED_EDGE('',*,*,#3958,.F.);
#1652=ORIENTED_EDGE('',*,*,#3639,.F.);
#1653=ORIENTED_EDGE('',*,*,#3959,.F.);
#1654=ORIENTED_EDGE('',*,*,#3960,.F.);
#1655=ORIENTED_EDGE('',*,*,#3961,.F.);
#1656=ORIENTED_EDGE('',*,*,#3962,.F.);
#1657=ORIENTED_EDGE('',*,*,#3963,.F.);
#1658=ORIENTED_EDGE('',*,*,#3964,.F.);
#1659=ORIENTED_EDGE('',*,*,#3965,.F.);
#1660=ORIENTED_EDGE('',*,*,#3966,.F.);
#1661=ORIENTED_EDGE('',*,*,#3967,.F.);
#1662=ORIENTED_EDGE('',*,*,#3631,.F.);
#1663=ORIENTED_EDGE('',*,*,#3968,.F.);
#1664=ORIENTED_EDGE('',*,*,#3969,.F.);
#1665=ORIENTED_EDGE('',*,*,#3970,.F.);
#1666=ORIENTED_EDGE('',*,*,#3633,.F.);
#1667=ORIENTED_EDGE('',*,*,#3971,.F.);
#1668=ORIENTED_EDGE('',*,*,#3972,.F.);
#1669=ORIENTED_EDGE('',*,*,#3973,.F.);
#1670=ORIENTED_EDGE('',*,*,#3635,.F.);
#1671=ORIENTED_EDGE('',*,*,#3974,.F.);
#1672=ORIENTED_EDGE('',*,*,#3975,.F.);
#1673=ORIENTED_EDGE('',*,*,#3976,.F.);
#1674=ORIENTED_EDGE('',*,*,#3637,.F.);
#1675=ORIENTED_EDGE('',*,*,#3977,.F.);
#1676=ORIENTED_EDGE('',*,*,#3978,.F.);
#1677=ORIENTED_EDGE('',*,*,#3971,.T.);
#1678=ORIENTED_EDGE('',*,*,#3632,.T.);
#1679=ORIENTED_EDGE('',*,*,#3967,.T.);
#1680=ORIENTED_EDGE('',*,*,#3979,.F.);
#1681=ORIENTED_EDGE('',*,*,#3974,.T.);
#1682=ORIENTED_EDGE('',*,*,#3634,.T.);
#1683=ORIENTED_EDGE('',*,*,#3970,.T.);
#1684=ORIENTED_EDGE('',*,*,#3980,.F.);
#1685=ORIENTED_EDGE('',*,*,#3977,.T.);
#1686=ORIENTED_EDGE('',*,*,#3636,.T.);
#1687=ORIENTED_EDGE('',*,*,#3973,.T.);
#1688=ORIENTED_EDGE('',*,*,#3981,.F.);
#1689=ORIENTED_EDGE('',*,*,#3968,.T.);
#1690=ORIENTED_EDGE('',*,*,#3638,.T.);
#1691=ORIENTED_EDGE('',*,*,#3976,.T.);
#1692=ORIENTED_EDGE('',*,*,#3982,.F.);
#1693=ORIENTED_EDGE('',*,*,#3983,.T.);
#1694=ORIENTED_EDGE('',*,*,#3975,.T.);
#1695=ORIENTED_EDGE('',*,*,#3984,.T.);
#1696=ORIENTED_EDGE('',*,*,#3962,.T.);
#1697=ORIENTED_EDGE('',*,*,#3984,.F.);
#1698=ORIENTED_EDGE('',*,*,#3980,.T.);
#1699=ORIENTED_EDGE('',*,*,#3985,.T.);
#1700=ORIENTED_EDGE('',*,*,#3963,.T.);
#1701=ORIENTED_EDGE('',*,*,#3983,.F.);
#1702=ORIENTED_EDGE('',*,*,#3961,.T.);
#1703=ORIENTED_EDGE('',*,*,#3986,.T.);
#1704=ORIENTED_EDGE('',*,*,#3981,.T.);
#1705=ORIENTED_EDGE('',*,*,#3985,.F.);
#1706=ORIENTED_EDGE('',*,*,#3972,.T.);
#1707=ORIENTED_EDGE('',*,*,#3987,.T.);
#1708=ORIENTED_EDGE('',*,*,#3964,.T.);
#1709=ORIENTED_EDGE('',*,*,#3986,.F.);
#1710=ORIENTED_EDGE('',*,*,#3960,.T.);
#1711=ORIENTED_EDGE('',*,*,#3988,.T.);
#1712=ORIENTED_EDGE('',*,*,#3978,.T.);
#1713=ORIENTED_EDGE('',*,*,#3987,.F.);
#1714=ORIENTED_EDGE('',*,*,#3979,.T.);
#1715=ORIENTED_EDGE('',*,*,#3989,.T.);
#1716=ORIENTED_EDGE('',*,*,#3965,.T.);
#1717=ORIENTED_EDGE('',*,*,#3988,.F.);
#1718=ORIENTED_EDGE('',*,*,#3959,.T.);
#1719=ORIENTED_EDGE('',*,*,#3990,.T.);
#1720=ORIENTED_EDGE('',*,*,#3982,.T.);
#1721=ORIENTED_EDGE('',*,*,#3989,.F.);
#1722=ORIENTED_EDGE('',*,*,#3969,.T.);
#1723=ORIENTED_EDGE('',*,*,#3990,.F.);
#1724=ORIENTED_EDGE('',*,*,#3966,.T.);
#1725=ORIENTED_EDGE('',*,*,#3569,.T.);
#1726=ORIENTED_EDGE('',*,*,#3850,.T.);
#1727=ORIENTED_EDGE('',*,*,#3991,.T.);
#1728=ORIENTED_EDGE('',*,*,#3566,.T.);
#1729=ORIENTED_EDGE('',*,*,#3991,.F.);
#1730=ORIENTED_EDGE('',*,*,#3302,.T.);
#1731=ORIENTED_EDGE('',*,*,#3729,.T.);
#1732=ORIENTED_EDGE('',*,*,#3567,.T.);
#1733=ORIENTED_EDGE('',*,*,#3992,.T.);
#1734=ORIENTED_EDGE('',*,*,#3946,.T.);
#1735=ORIENTED_EDGE('',*,*,#3647,.T.);
#1736=ORIENTED_EDGE('',*,*,#3951,.T.);
#1737=ORIENTED_EDGE('',*,*,#3993,.T.);
#1738=ORIENTED_EDGE('',*,*,#3994,.T.);
#1739=ORIENTED_EDGE('',*,*,#3992,.F.);
#1740=ORIENTED_EDGE('',*,*,#3641,.T.);
#1741=ORIENTED_EDGE('',*,*,#3948,.T.);
#1742=ORIENTED_EDGE('',*,*,#3995,.T.);
#1743=ORIENTED_EDGE('',*,*,#3952,.T.);
#1744=ORIENTED_EDGE('',*,*,#3994,.F.);
#1745=ORIENTED_EDGE('',*,*,#3942,.T.);
#1746=ORIENTED_EDGE('',*,*,#3996,.T.);
#1747=ORIENTED_EDGE('',*,*,#3947,.T.);
#1748=ORIENTED_EDGE('',*,*,#3993,.F.);
#1749=ORIENTED_EDGE('',*,*,#3950,.T.);
#1750=ORIENTED_EDGE('',*,*,#3997,.T.);
#1751=ORIENTED_EDGE('',*,*,#3943,.T.);
#1752=ORIENTED_EDGE('',*,*,#3645,.T.);
#1753=ORIENTED_EDGE('',*,*,#3956,.T.);
#1754=ORIENTED_EDGE('',*,*,#3998,.T.);
#1755=ORIENTED_EDGE('',*,*,#3949,.T.);
#1756=ORIENTED_EDGE('',*,*,#3996,.F.);
#1757=ORIENTED_EDGE('',*,*,#3999,.T.);
#1758=ORIENTED_EDGE('',*,*,#3995,.F.);
#1759=ORIENTED_EDGE('',*,*,#3998,.F.);
#1760=ORIENTED_EDGE('',*,*,#4000,.T.);
#1761=ORIENTED_EDGE('',*,*,#3997,.F.);
#1762=ORIENTED_EDGE('',*,*,#3999,.F.);
#1763=ORIENTED_EDGE('',*,*,#3945,.T.);
#1764=ORIENTED_EDGE('',*,*,#4001,.T.);
#1765=ORIENTED_EDGE('',*,*,#3953,.T.);
#1766=ORIENTED_EDGE('',*,*,#4000,.F.);
#1767=ORIENTED_EDGE('',*,*,#3955,.T.);
#1768=ORIENTED_EDGE('',*,*,#4002,.T.);
#1769=ORIENTED_EDGE('',*,*,#3944,.T.);
#1770=ORIENTED_EDGE('',*,*,#4002,.F.);
#1771=ORIENTED_EDGE('',*,*,#4003,.T.);
#1772=ORIENTED_EDGE('',*,*,#4001,.F.);
#1773=ORIENTED_EDGE('',*,*,#4003,.F.);
#1774=ORIENTED_EDGE('',*,*,#3957,.T.);
#1775=ORIENTED_EDGE('',*,*,#3643,.T.);
#1776=ORIENTED_EDGE('',*,*,#3954,.T.);
#1777=ORIENTED_EDGE('',*,*,#3314,.T.);
#1778=ORIENTED_EDGE('',*,*,#4004,.T.);
#1779=ORIENTED_EDGE('',*,*,#3287,.F.);
#1780=ORIENTED_EDGE('',*,*,#4005,.F.);
#1781=ORIENTED_EDGE('',*,*,#3289,.T.);
#1782=ORIENTED_EDGE('',*,*,#4006,.T.);
#1783=ORIENTED_EDGE('',*,*,#3312,.T.);
#1784=ORIENTED_EDGE('',*,*,#4007,.F.);
#1785=ORIENTED_EDGE('',*,*,#4004,.F.);
#1786=ORIENTED_EDGE('',*,*,#3313,.T.);
#1787=ORIENTED_EDGE('',*,*,#4006,.F.);
#1788=ORIENTED_EDGE('',*,*,#3288,.F.);
#1789=ORIENTED_EDGE('',*,*,#3290,.T.);
#1790=ORIENTED_EDGE('',*,*,#4007,.T.);
#1791=ORIENTED_EDGE('',*,*,#4008,.F.);
#1792=ORIENTED_EDGE('',*,*,#3936,.T.);
#1793=ORIENTED_EDGE('',*,*,#4005,.T.);
#1794=ORIENTED_EDGE('',*,*,#3292,.T.);
#1795=ORIENTED_EDGE('',*,*,#3935,.T.);
#1796=ORIENTED_EDGE('',*,*,#4009,.F.);
#1797=ORIENTED_EDGE('',*,*,#4009,.T.);
#1798=ORIENTED_EDGE('',*,*,#3934,.T.);
#1799=ORIENTED_EDGE('',*,*,#4010,.T.);
#1800=ORIENTED_EDGE('',*,*,#3315,.T.);
#1801=ORIENTED_EDGE('',*,*,#4010,.F.);
#1802=ORIENTED_EDGE('',*,*,#4011,.T.);
#1803=ORIENTED_EDGE('',*,*,#3933,.T.);
#1804=ORIENTED_EDGE('',*,*,#3844,.T.);
#1805=ORIENTED_EDGE('',*,*,#3214,.T.);
#1806=ORIENTED_EDGE('',*,*,#3839,.T.);
#1807=ORIENTED_EDGE('',*,*,#4011,.F.);
#1808=ORIENTED_EDGE('',*,*,#3939,.T.);
#1809=ORIENTED_EDGE('',*,*,#3226,.T.);
#1810=ORIENTED_EDGE('',*,*,#3846,.T.);
#1811=ORIENTED_EDGE('',*,*,#3938,.T.);
#1812=ORIENTED_EDGE('',*,*,#4012,.T.);
#1813=ORIENTED_EDGE('',*,*,#3298,.T.);
#1814=ORIENTED_EDGE('',*,*,#4012,.F.);
#1815=ORIENTED_EDGE('',*,*,#4013,.T.);
#1816=ORIENTED_EDGE('',*,*,#3932,.T.);
#1817=ORIENTED_EDGE('',*,*,#4008,.T.);
#1818=ORIENTED_EDGE('',*,*,#3311,.T.);
#1819=ORIENTED_EDGE('',*,*,#4013,.F.);
#1820=ORIENTED_EDGE('',*,*,#3937,.T.);
#1821=ORIENTED_EDGE('',*,*,#4014,.T.);
#1822=ORIENTED_EDGE('',*,*,#3286,.F.);
#1823=ORIENTED_EDGE('',*,*,#4014,.F.);
#1824=ORIENTED_EDGE('',*,*,#4015,.T.);
#1825=ORIENTED_EDGE('',*,*,#3285,.F.);
#1826=ORIENTED_EDGE('',*,*,#4015,.F.);
#1827=ORIENTED_EDGE('',*,*,#4016,.T.);
#1828=ORIENTED_EDGE('',*,*,#3284,.F.);
#1829=ORIENTED_EDGE('',*,*,#4016,.F.);
#1830=ORIENTED_EDGE('',*,*,#4017,.T.);
#1831=ORIENTED_EDGE('',*,*,#3283,.F.);
#1832=ORIENTED_EDGE('',*,*,#4017,.F.);
#1833=ORIENTED_EDGE('',*,*,#4018,.T.);
#1834=ORIENTED_EDGE('',*,*,#4019,.T.);
#1835=ORIENTED_EDGE('',*,*,#4020,.F.);
#1836=ORIENTED_EDGE('',*,*,#3227,.T.);
#1837=ORIENTED_EDGE('',*,*,#4021,.F.);
#1838=ORIENTED_EDGE('',*,*,#4022,.F.);
#1839=ORIENTED_EDGE('',*,*,#3243,.F.);
#1840=ORIENTED_EDGE('',*,*,#3276,.F.);
#1841=ORIENTED_EDGE('',*,*,#3279,.F.);
#1842=ORIENTED_EDGE('',*,*,#3270,.F.);
#1843=ORIENTED_EDGE('',*,*,#4023,.T.);
#1844=ORIENTED_EDGE('',*,*,#4024,.F.);
#1845=ORIENTED_EDGE('',*,*,#4025,.T.);
#1846=ORIENTED_EDGE('',*,*,#3267,.F.);
#1847=ORIENTED_EDGE('',*,*,#4026,.T.);
#1848=ORIENTED_EDGE('',*,*,#4027,.F.);
#1849=ORIENTED_EDGE('',*,*,#4028,.T.);
#1850=ORIENTED_EDGE('',*,*,#3222,.F.);
#1851=ORIENTED_EDGE('',*,*,#4029,.F.);
#1852=ORIENTED_EDGE('',*,*,#4018,.F.);
#1853=ORIENTED_EDGE('',*,*,#3221,.T.);
#1854=ORIENTED_EDGE('',*,*,#3295,.F.);
#1855=ORIENTED_EDGE('',*,*,#4030,.F.);
#1856=ORIENTED_EDGE('',*,*,#4031,.T.);
#1857=ORIENTED_EDGE('',*,*,#3364,.F.);
#1858=ORIENTED_EDGE('',*,*,#4032,.T.);
#1859=ORIENTED_EDGE('',*,*,#4033,.F.);
#1860=ORIENTED_EDGE('',*,*,#4034,.T.);
#1861=ORIENTED_EDGE('',*,*,#3355,.F.);
#1862=ORIENTED_EDGE('',*,*,#3608,.F.);
#1863=ORIENTED_EDGE('',*,*,#3150,.F.);
#1864=ORIENTED_EDGE('',*,*,#3238,.F.);
#1865=ORIENTED_EDGE('',*,*,#4035,.F.);
#1866=ORIENTED_EDGE('',*,*,#4036,.F.);
#1867=ORIENTED_EDGE('',*,*,#3233,.F.);
#1868=ORIENTED_EDGE('',*,*,#4021,.T.);
#1869=ORIENTED_EDGE('',*,*,#3231,.F.);
#1870=ORIENTED_EDGE('',*,*,#4037,.F.);
#1871=ORIENTED_EDGE('',*,*,#3234,.T.);
#1872=ORIENTED_EDGE('',*,*,#4036,.T.);
#1873=ORIENTED_EDGE('',*,*,#4038,.F.);
#1874=ORIENTED_EDGE('',*,*,#3230,.T.);
#1875=ORIENTED_EDGE('',*,*,#3307,.T.);
#1876=ORIENTED_EDGE('',*,*,#3235,.T.);
#1877=ORIENTED_EDGE('',*,*,#4037,.T.);
#1878=ORIENTED_EDGE('',*,*,#4035,.T.);
#1879=ORIENTED_EDGE('',*,*,#3237,.T.);
#1880=ORIENTED_EDGE('',*,*,#4022,.T.);
#1881=ORIENTED_EDGE('',*,*,#4038,.T.);
#1882=ORIENTED_EDGE('',*,*,#3547,.T.);
#1883=ORIENTED_EDGE('',*,*,#4039,.F.);
#1884=ORIENTED_EDGE('',*,*,#4040,.F.);
#1885=ORIENTED_EDGE('',*,*,#4041,.T.);
#1886=ORIENTED_EDGE('',*,*,#3556,.T.);
#1887=ORIENTED_EDGE('',*,*,#4042,.F.);
#1888=ORIENTED_EDGE('',*,*,#4043,.F.);
#1889=ORIENTED_EDGE('',*,*,#4039,.T.);
#1890=ORIENTED_EDGE('',*,*,#3555,.T.);
#1891=ORIENTED_EDGE('',*,*,#4044,.F.);
#1892=ORIENTED_EDGE('',*,*,#4045,.F.);
#1893=ORIENTED_EDGE('',*,*,#4042,.T.);
#1894=ORIENTED_EDGE('',*,*,#3554,.T.);
#1895=ORIENTED_EDGE('',*,*,#4046,.F.);
#1896=ORIENTED_EDGE('',*,*,#4047,.F.);
#1897=ORIENTED_EDGE('',*,*,#4044,.T.);
#1898=ORIENTED_EDGE('',*,*,#3553,.T.);
#1899=ORIENTED_EDGE('',*,*,#4048,.F.);
#1900=ORIENTED_EDGE('',*,*,#4049,.F.);
#1901=ORIENTED_EDGE('',*,*,#4046,.T.);
#1902=ORIENTED_EDGE('',*,*,#3552,.T.);
#1903=ORIENTED_EDGE('',*,*,#4050,.F.);
#1904=ORIENTED_EDGE('',*,*,#4051,.F.);
#1905=ORIENTED_EDGE('',*,*,#4048,.T.);
#1906=ORIENTED_EDGE('',*,*,#3551,.T.);
#1907=ORIENTED_EDGE('',*,*,#4052,.F.);
#1908=ORIENTED_EDGE('',*,*,#4053,.F.);
#1909=ORIENTED_EDGE('',*,*,#4050,.T.);
#1910=ORIENTED_EDGE('',*,*,#3550,.T.);
#1911=ORIENTED_EDGE('',*,*,#4054,.F.);
#1912=ORIENTED_EDGE('',*,*,#4055,.F.);
#1913=ORIENTED_EDGE('',*,*,#4052,.T.);
#1914=ORIENTED_EDGE('',*,*,#3549,.T.);
#1915=ORIENTED_EDGE('',*,*,#4056,.F.);
#1916=ORIENTED_EDGE('',*,*,#4057,.F.);
#1917=ORIENTED_EDGE('',*,*,#4054,.T.);
#1918=ORIENTED_EDGE('',*,*,#3548,.T.);
#1919=ORIENTED_EDGE('',*,*,#4041,.F.);
#1920=ORIENTED_EDGE('',*,*,#4058,.F.);
#1921=ORIENTED_EDGE('',*,*,#4056,.T.);
#1922=ORIENTED_EDGE('',*,*,#4040,.T.);
#1923=ORIENTED_EDGE('',*,*,#4043,.T.);
#1924=ORIENTED_EDGE('',*,*,#4045,.T.);
#1925=ORIENTED_EDGE('',*,*,#4047,.T.);
#1926=ORIENTED_EDGE('',*,*,#4049,.T.);
#1927=ORIENTED_EDGE('',*,*,#4051,.T.);
#1928=ORIENTED_EDGE('',*,*,#4053,.T.);
#1929=ORIENTED_EDGE('',*,*,#4055,.T.);
#1930=ORIENTED_EDGE('',*,*,#4057,.T.);
#1931=ORIENTED_EDGE('',*,*,#4058,.T.);
#1932=ORIENTED_EDGE('',*,*,#3537,.T.);
#1933=ORIENTED_EDGE('',*,*,#4059,.F.);
#1934=ORIENTED_EDGE('',*,*,#4060,.F.);
#1935=ORIENTED_EDGE('',*,*,#4061,.T.);
#1936=ORIENTED_EDGE('',*,*,#3546,.T.);
#1937=ORIENTED_EDGE('',*,*,#4062,.F.);
#1938=ORIENTED_EDGE('',*,*,#4063,.F.);
#1939=ORIENTED_EDGE('',*,*,#4059,.T.);
#1940=ORIENTED_EDGE('',*,*,#3545,.T.);
#1941=ORIENTED_EDGE('',*,*,#4064,.F.);
#1942=ORIENTED_EDGE('',*,*,#4065,.F.);
#1943=ORIENTED_EDGE('',*,*,#4062,.T.);
#1944=ORIENTED_EDGE('',*,*,#3544,.T.);
#1945=ORIENTED_EDGE('',*,*,#4066,.F.);
#1946=ORIENTED_EDGE('',*,*,#4067,.F.);
#1947=ORIENTED_EDGE('',*,*,#4064,.T.);
#1948=ORIENTED_EDGE('',*,*,#3543,.T.);
#1949=ORIENTED_EDGE('',*,*,#4068,.F.);
#1950=ORIENTED_EDGE('',*,*,#4069,.F.);
#1951=ORIENTED_EDGE('',*,*,#4066,.T.);
#1952=ORIENTED_EDGE('',*,*,#3542,.T.);
#1953=ORIENTED_EDGE('',*,*,#4070,.F.);
#1954=ORIENTED_EDGE('',*,*,#4071,.F.);
#1955=ORIENTED_EDGE('',*,*,#4068,.T.);
#1956=ORIENTED_EDGE('',*,*,#3541,.T.);
#1957=ORIENTED_EDGE('',*,*,#4072,.F.);
#1958=ORIENTED_EDGE('',*,*,#4073,.F.);
#1959=ORIENTED_EDGE('',*,*,#4070,.T.);
#1960=ORIENTED_EDGE('',*,*,#3540,.T.);
#1961=ORIENTED_EDGE('',*,*,#4074,.F.);
#1962=ORIENTED_EDGE('',*,*,#4075,.F.);
#1963=ORIENTED_EDGE('',*,*,#4072,.T.);
#1964=ORIENTED_EDGE('',*,*,#3539,.T.);
#1965=ORIENTED_EDGE('',*,*,#4076,.F.);
#1966=ORIENTED_EDGE('',*,*,#4077,.F.);
#1967=ORIENTED_EDGE('',*,*,#4074,.T.);
#1968=ORIENTED_EDGE('',*,*,#3538,.T.);
#1969=ORIENTED_EDGE('',*,*,#4061,.F.);
#1970=ORIENTED_EDGE('',*,*,#4078,.F.);
#1971=ORIENTED_EDGE('',*,*,#4076,.T.);
#1972=ORIENTED_EDGE('',*,*,#4060,.T.);
#1973=ORIENTED_EDGE('',*,*,#4063,.T.);
#1974=ORIENTED_EDGE('',*,*,#4065,.T.);
#1975=ORIENTED_EDGE('',*,*,#4067,.T.);
#1976=ORIENTED_EDGE('',*,*,#4069,.T.);
#1977=ORIENTED_EDGE('',*,*,#4071,.T.);
#1978=ORIENTED_EDGE('',*,*,#4073,.T.);
#1979=ORIENTED_EDGE('',*,*,#4075,.T.);
#1980=ORIENTED_EDGE('',*,*,#4077,.T.);
#1981=ORIENTED_EDGE('',*,*,#4078,.T.);
#1982=ORIENTED_EDGE('',*,*,#3527,.T.);
#1983=ORIENTED_EDGE('',*,*,#4079,.F.);
#1984=ORIENTED_EDGE('',*,*,#4080,.F.);
#1985=ORIENTED_EDGE('',*,*,#4081,.T.);
#1986=ORIENTED_EDGE('',*,*,#3536,.T.);
#1987=ORIENTED_EDGE('',*,*,#4082,.F.);
#1988=ORIENTED_EDGE('',*,*,#4083,.F.);
#1989=ORIENTED_EDGE('',*,*,#4079,.T.);
#1990=ORIENTED_EDGE('',*,*,#3535,.T.);
#1991=ORIENTED_EDGE('',*,*,#4084,.F.);
#1992=ORIENTED_EDGE('',*,*,#4085,.F.);
#1993=ORIENTED_EDGE('',*,*,#4082,.T.);
#1994=ORIENTED_EDGE('',*,*,#3534,.T.);
#1995=ORIENTED_EDGE('',*,*,#4086,.F.);
#1996=ORIENTED_EDGE('',*,*,#4087,.F.);
#1997=ORIENTED_EDGE('',*,*,#4084,.T.);
#1998=ORIENTED_EDGE('',*,*,#3533,.T.);
#1999=ORIENTED_EDGE('',*,*,#4088,.F.);
#2000=ORIENTED_EDGE('',*,*,#4089,.F.);
#2001=ORIENTED_EDGE('',*,*,#4086,.T.);
#2002=ORIENTED_EDGE('',*,*,#3532,.T.);
#2003=ORIENTED_EDGE('',*,*,#4090,.F.);
#2004=ORIENTED_EDGE('',*,*,#4091,.F.);
#2005=ORIENTED_EDGE('',*,*,#4088,.T.);
#2006=ORIENTED_EDGE('',*,*,#3531,.T.);
#2007=ORIENTED_EDGE('',*,*,#4092,.F.);
#2008=ORIENTED_EDGE('',*,*,#4093,.F.);
#2009=ORIENTED_EDGE('',*,*,#4090,.T.);
#2010=ORIENTED_EDGE('',*,*,#3530,.T.);
#2011=ORIENTED_EDGE('',*,*,#4094,.F.);
#2012=ORIENTED_EDGE('',*,*,#4095,.F.);
#2013=ORIENTED_EDGE('',*,*,#4092,.T.);
#2014=ORIENTED_EDGE('',*,*,#3529,.T.);
#2015=ORIENTED_EDGE('',*,*,#4096,.F.);
#2016=ORIENTED_EDGE('',*,*,#4097,.F.);
#2017=ORIENTED_EDGE('',*,*,#4094,.T.);
#2018=ORIENTED_EDGE('',*,*,#3528,.T.);
#2019=ORIENTED_EDGE('',*,*,#4081,.F.);
#2020=ORIENTED_EDGE('',*,*,#4098,.F.);
#2021=ORIENTED_EDGE('',*,*,#4096,.T.);
#2022=ORIENTED_EDGE('',*,*,#4080,.T.);
#2023=ORIENTED_EDGE('',*,*,#4083,.T.);
#2024=ORIENTED_EDGE('',*,*,#4085,.T.);
#2025=ORIENTED_EDGE('',*,*,#4087,.T.);
#2026=ORIENTED_EDGE('',*,*,#4089,.T.);
#2027=ORIENTED_EDGE('',*,*,#4091,.T.);
#2028=ORIENTED_EDGE('',*,*,#4093,.T.);
#2029=ORIENTED_EDGE('',*,*,#4095,.T.);
#2030=ORIENTED_EDGE('',*,*,#4097,.T.);
#2031=ORIENTED_EDGE('',*,*,#4098,.T.);
#2032=ORIENTED_EDGE('',*,*,#3517,.T.);
#2033=ORIENTED_EDGE('',*,*,#4099,.F.);
#2034=ORIENTED_EDGE('',*,*,#4100,.F.);
#2035=ORIENTED_EDGE('',*,*,#4101,.T.);
#2036=ORIENTED_EDGE('',*,*,#3526,.T.);
#2037=ORIENTED_EDGE('',*,*,#4102,.F.);
#2038=ORIENTED_EDGE('',*,*,#4103,.F.);
#2039=ORIENTED_EDGE('',*,*,#4099,.T.);
#2040=ORIENTED_EDGE('',*,*,#3525,.T.);
#2041=ORIENTED_EDGE('',*,*,#4104,.F.);
#2042=ORIENTED_EDGE('',*,*,#4105,.F.);
#2043=ORIENTED_EDGE('',*,*,#4102,.T.);
#2044=ORIENTED_EDGE('',*,*,#3524,.T.);
#2045=ORIENTED_EDGE('',*,*,#4106,.F.);
#2046=ORIENTED_EDGE('',*,*,#4107,.F.);
#2047=ORIENTED_EDGE('',*,*,#4104,.T.);
#2048=ORIENTED_EDGE('',*,*,#3523,.T.);
#2049=ORIENTED_EDGE('',*,*,#4108,.F.);
#2050=ORIENTED_EDGE('',*,*,#4109,.F.);
#2051=ORIENTED_EDGE('',*,*,#4106,.T.);
#2052=ORIENTED_EDGE('',*,*,#3522,.T.);
#2053=ORIENTED_EDGE('',*,*,#4110,.F.);
#2054=ORIENTED_EDGE('',*,*,#4111,.F.);
#2055=ORIENTED_EDGE('',*,*,#4108,.T.);
#2056=ORIENTED_EDGE('',*,*,#3521,.T.);
#2057=ORIENTED_EDGE('',*,*,#4112,.F.);
#2058=ORIENTED_EDGE('',*,*,#4113,.F.);
#2059=ORIENTED_EDGE('',*,*,#4110,.T.);
#2060=ORIENTED_EDGE('',*,*,#3520,.T.);
#2061=ORIENTED_EDGE('',*,*,#4114,.F.);
#2062=ORIENTED_EDGE('',*,*,#4115,.F.);
#2063=ORIENTED_EDGE('',*,*,#4112,.T.);
#2064=ORIENTED_EDGE('',*,*,#3519,.T.);
#2065=ORIENTED_EDGE('',*,*,#4116,.F.);
#2066=ORIENTED_EDGE('',*,*,#4117,.F.);
#2067=ORIENTED_EDGE('',*,*,#4114,.T.);
#2068=ORIENTED_EDGE('',*,*,#3518,.T.);
#2069=ORIENTED_EDGE('',*,*,#4101,.F.);
#2070=ORIENTED_EDGE('',*,*,#4118,.F.);
#2071=ORIENTED_EDGE('',*,*,#4116,.T.);
#2072=ORIENTED_EDGE('',*,*,#4100,.T.);
#2073=ORIENTED_EDGE('',*,*,#4103,.T.);
#2074=ORIENTED_EDGE('',*,*,#4105,.T.);
#2075=ORIENTED_EDGE('',*,*,#4107,.T.);
#2076=ORIENTED_EDGE('',*,*,#4109,.T.);
#2077=ORIENTED_EDGE('',*,*,#4111,.T.);
#2078=ORIENTED_EDGE('',*,*,#4113,.T.);
#2079=ORIENTED_EDGE('',*,*,#4115,.T.);
#2080=ORIENTED_EDGE('',*,*,#4117,.T.);
#2081=ORIENTED_EDGE('',*,*,#4118,.T.);
#2082=ORIENTED_EDGE('',*,*,#3507,.T.);
#2083=ORIENTED_EDGE('',*,*,#4119,.F.);
#2084=ORIENTED_EDGE('',*,*,#4120,.F.);
#2085=ORIENTED_EDGE('',*,*,#4121,.T.);
#2086=ORIENTED_EDGE('',*,*,#3516,.T.);
#2087=ORIENTED_EDGE('',*,*,#4122,.F.);
#2088=ORIENTED_EDGE('',*,*,#4123,.F.);
#2089=ORIENTED_EDGE('',*,*,#4119,.T.);
#2090=ORIENTED_EDGE('',*,*,#3515,.T.);
#2091=ORIENTED_EDGE('',*,*,#4124,.F.);
#2092=ORIENTED_EDGE('',*,*,#4125,.F.);
#2093=ORIENTED_EDGE('',*,*,#4122,.T.);
#2094=ORIENTED_EDGE('',*,*,#3514,.T.);
#2095=ORIENTED_EDGE('',*,*,#4126,.F.);
#2096=ORIENTED_EDGE('',*,*,#4127,.F.);
#2097=ORIENTED_EDGE('',*,*,#4124,.T.);
#2098=ORIENTED_EDGE('',*,*,#3513,.T.);
#2099=ORIENTED_EDGE('',*,*,#4128,.F.);
#2100=ORIENTED_EDGE('',*,*,#4129,.F.);
#2101=ORIENTED_EDGE('',*,*,#4126,.T.);
#2102=ORIENTED_EDGE('',*,*,#3512,.T.);
#2103=ORIENTED_EDGE('',*,*,#4130,.F.);
#2104=ORIENTED_EDGE('',*,*,#4131,.F.);
#2105=ORIENTED_EDGE('',*,*,#4128,.T.);
#2106=ORIENTED_EDGE('',*,*,#3511,.T.);
#2107=ORIENTED_EDGE('',*,*,#4132,.F.);
#2108=ORIENTED_EDGE('',*,*,#4133,.F.);
#2109=ORIENTED_EDGE('',*,*,#4130,.T.);
#2110=ORIENTED_EDGE('',*,*,#3510,.T.);
#2111=ORIENTED_EDGE('',*,*,#4134,.F.);
#2112=ORIENTED_EDGE('',*,*,#4135,.F.);
#2113=ORIENTED_EDGE('',*,*,#4132,.T.);
#2114=ORIENTED_EDGE('',*,*,#3509,.T.);
#2115=ORIENTED_EDGE('',*,*,#4136,.F.);
#2116=ORIENTED_EDGE('',*,*,#4137,.F.);
#2117=ORIENTED_EDGE('',*,*,#4134,.T.);
#2118=ORIENTED_EDGE('',*,*,#3508,.T.);
#2119=ORIENTED_EDGE('',*,*,#4121,.F.);
#2120=ORIENTED_EDGE('',*,*,#4138,.F.);
#2121=ORIENTED_EDGE('',*,*,#4136,.T.);
#2122=ORIENTED_EDGE('',*,*,#4120,.T.);
#2123=ORIENTED_EDGE('',*,*,#4123,.T.);
#2124=ORIENTED_EDGE('',*,*,#4125,.T.);
#2125=ORIENTED_EDGE('',*,*,#4127,.T.);
#2126=ORIENTED_EDGE('',*,*,#4129,.T.);
#2127=ORIENTED_EDGE('',*,*,#4131,.T.);
#2128=ORIENTED_EDGE('',*,*,#4133,.T.);
#2129=ORIENTED_EDGE('',*,*,#4135,.T.);
#2130=ORIENTED_EDGE('',*,*,#4137,.T.);
#2131=ORIENTED_EDGE('',*,*,#4138,.T.);
#2132=ORIENTED_EDGE('',*,*,#4139,.F.);
#2133=ORIENTED_EDGE('',*,*,#4140,.T.);
#2134=ORIENTED_EDGE('',*,*,#4141,.F.);
#2135=ORIENTED_EDGE('',*,*,#4142,.T.);
#2136=ORIENTED_EDGE('',*,*,#3497,.T.);
#2137=ORIENTED_EDGE('',*,*,#4143,.F.);
#2138=ORIENTED_EDGE('',*,*,#4144,.T.);
#2139=ORIENTED_EDGE('',*,*,#4139,.T.);
#2140=ORIENTED_EDGE('',*,*,#3506,.T.);
#2141=ORIENTED_EDGE('',*,*,#4145,.F.);
#2142=ORIENTED_EDGE('',*,*,#4146,.T.);
#2143=ORIENTED_EDGE('',*,*,#4143,.T.);
#2144=ORIENTED_EDGE('',*,*,#3505,.T.);
#2145=ORIENTED_EDGE('',*,*,#4147,.F.);
#2146=ORIENTED_EDGE('',*,*,#3504,.T.);
#2147=ORIENTED_EDGE('',*,*,#4148,.F.);
#2148=ORIENTED_EDGE('',*,*,#4149,.F.);
#2149=ORIENTED_EDGE('',*,*,#4147,.T.);
#2150=ORIENTED_EDGE('',*,*,#3503,.T.);
#2151=ORIENTED_EDGE('',*,*,#4150,.F.);
#2152=ORIENTED_EDGE('',*,*,#4151,.F.);
#2153=ORIENTED_EDGE('',*,*,#4148,.T.);
#2154=ORIENTED_EDGE('',*,*,#3502,.T.);
#2155=ORIENTED_EDGE('',*,*,#4152,.F.);
#2156=ORIENTED_EDGE('',*,*,#4153,.F.);
#2157=ORIENTED_EDGE('',*,*,#4150,.T.);
#2158=ORIENTED_EDGE('',*,*,#3501,.T.);
#2159=ORIENTED_EDGE('',*,*,#4154,.F.);
#2160=ORIENTED_EDGE('',*,*,#4155,.F.);
#2161=ORIENTED_EDGE('',*,*,#4152,.T.);
#2162=ORIENTED_EDGE('',*,*,#3500,.T.);
#2163=ORIENTED_EDGE('',*,*,#4156,.F.);
#2164=ORIENTED_EDGE('',*,*,#4157,.F.);
#2165=ORIENTED_EDGE('',*,*,#4154,.T.);
#2166=ORIENTED_EDGE('',*,*,#3499,.T.);
#2167=ORIENTED_EDGE('',*,*,#4158,.F.);
#2168=ORIENTED_EDGE('',*,*,#4159,.F.);
#2169=ORIENTED_EDGE('',*,*,#4156,.T.);
#2170=ORIENTED_EDGE('',*,*,#3498,.T.);
#2171=ORIENTED_EDGE('',*,*,#4142,.F.);
#2172=ORIENTED_EDGE('',*,*,#4160,.F.);
#2173=ORIENTED_EDGE('',*,*,#4158,.T.);
#2174=ORIENTED_EDGE('',*,*,#4141,.T.);
#2175=ORIENTED_EDGE('',*,*,#4161,.T.);
#2176=ORIENTED_EDGE('',*,*,#4145,.T.);
#2177=ORIENTED_EDGE('',*,*,#4149,.T.);
#2178=ORIENTED_EDGE('',*,*,#4151,.T.);
#2179=ORIENTED_EDGE('',*,*,#4153,.T.);
#2180=ORIENTED_EDGE('',*,*,#4155,.T.);
#2181=ORIENTED_EDGE('',*,*,#4157,.T.);
#2182=ORIENTED_EDGE('',*,*,#4159,.T.);
#2183=ORIENTED_EDGE('',*,*,#4160,.T.);
#2184=ORIENTED_EDGE('',*,*,#4140,.F.);
#2185=ORIENTED_EDGE('',*,*,#4144,.F.);
#2186=ORIENTED_EDGE('',*,*,#4146,.F.);
#2187=ORIENTED_EDGE('',*,*,#4161,.F.);
#2188=ORIENTED_EDGE('',*,*,#3750,.T.);
#2189=ORIENTED_EDGE('',*,*,#4162,.T.);
#2190=ORIENTED_EDGE('',*,*,#4163,.T.);
#2191=ORIENTED_EDGE('',*,*,#4164,.T.);
#2192=ORIENTED_EDGE('',*,*,#4165,.T.);
#2193=ORIENTED_EDGE('',*,*,#4033,.T.);
#2194=ORIENTED_EDGE('',*,*,#4166,.T.);
#2195=ORIENTED_EDGE('',*,*,#4167,.T.);
#2196=ORIENTED_EDGE('',*,*,#4168,.T.);
#2197=ORIENTED_EDGE('',*,*,#3363,.T.);
#2198=ORIENTED_EDGE('',*,*,#4169,.F.);
#2199=ORIENTED_EDGE('',*,*,#4166,.F.);
#2200=ORIENTED_EDGE('',*,*,#4032,.F.);
#2201=ORIENTED_EDGE('',*,*,#4165,.F.);
#2202=ORIENTED_EDGE('',*,*,#4170,.T.);
#2203=ORIENTED_EDGE('',*,*,#3356,.T.);
#2204=ORIENTED_EDGE('',*,*,#4034,.F.);
#2205=ORIENTED_EDGE('',*,*,#3359,.T.);
#2206=ORIENTED_EDGE('',*,*,#4171,.F.);
#2207=ORIENTED_EDGE('',*,*,#4162,.F.);
#2208=ORIENTED_EDGE('',*,*,#3752,.F.);
#2209=ORIENTED_EDGE('',*,*,#4168,.F.);
#2210=ORIENTED_EDGE('',*,*,#4172,.T.);
#2211=ORIENTED_EDGE('',*,*,#3361,.T.);
#2212=ORIENTED_EDGE('',*,*,#3751,.F.);
#2213=ORIENTED_EDGE('',*,*,#3357,.T.);
#2214=ORIENTED_EDGE('',*,*,#4170,.F.);
#2215=ORIENTED_EDGE('',*,*,#4164,.F.);
#2216=ORIENTED_EDGE('',*,*,#4173,.T.);
#2217=ORIENTED_EDGE('',*,*,#3358,.T.);
#2218=ORIENTED_EDGE('',*,*,#4173,.F.);
#2219=ORIENTED_EDGE('',*,*,#4163,.F.);
#2220=ORIENTED_EDGE('',*,*,#4171,.T.);
#2221=ORIENTED_EDGE('',*,*,#3362,.T.);
#2222=ORIENTED_EDGE('',*,*,#4172,.F.);
#2223=ORIENTED_EDGE('',*,*,#4167,.F.);
#2224=ORIENTED_EDGE('',*,*,#4169,.T.);
#2225=ORIENTED_EDGE('',*,*,#3269,.T.);
#2226=ORIENTED_EDGE('',*,*,#4174,.F.);
#2227=ORIENTED_EDGE('',*,*,#4175,.F.);
#2228=ORIENTED_EDGE('',*,*,#4023,.F.);
#2229=ORIENTED_EDGE('',*,*,#4176,.F.);
#2230=ORIENTED_EDGE('',*,*,#4174,.T.);
#2231=ORIENTED_EDGE('',*,*,#3268,.T.);
#2232=ORIENTED_EDGE('',*,*,#4025,.F.);
#2233=ORIENTED_EDGE('',*,*,#4024,.T.);
#2234=ORIENTED_EDGE('',*,*,#4175,.T.);
#2235=ORIENTED_EDGE('',*,*,#4176,.T.);
#2236=ORIENTED_EDGE('',*,*,#4177,.F.);
#2237=ORIENTED_EDGE('',*,*,#4178,.T.);
#2238=ORIENTED_EDGE('',*,*,#3448,.T.);
#2239=ORIENTED_EDGE('',*,*,#3743,.F.);
#2240=ORIENTED_EDGE('',*,*,#3446,.T.);
#2241=ORIENTED_EDGE('',*,*,#4179,.F.);
#2242=ORIENTED_EDGE('',*,*,#4180,.F.);
#2243=ORIENTED_EDGE('',*,*,#3744,.F.);
#2244=ORIENTED_EDGE('',*,*,#3742,.T.);
#2245=ORIENTED_EDGE('',*,*,#4180,.T.);
#2246=ORIENTED_EDGE('',*,*,#4181,.T.);
#2247=ORIENTED_EDGE('',*,*,#4182,.T.);
#2248=ORIENTED_EDGE('',*,*,#4183,.T.);
#2249=ORIENTED_EDGE('',*,*,#4184,.T.);
#2250=ORIENTED_EDGE('',*,*,#4185,.T.);
#2251=ORIENTED_EDGE('',*,*,#4186,.T.);
#2252=ORIENTED_EDGE('',*,*,#4187,.T.);
#2253=ORIENTED_EDGE('',*,*,#4188,.T.);
#2254=ORIENTED_EDGE('',*,*,#4177,.T.);
#2255=ORIENTED_EDGE('',*,*,#3449,.T.);
#2256=ORIENTED_EDGE('',*,*,#4178,.F.);
#2257=ORIENTED_EDGE('',*,*,#4188,.F.);
#2258=ORIENTED_EDGE('',*,*,#4189,.T.);
#2259=ORIENTED_EDGE('',*,*,#3456,.T.);
#2260=ORIENTED_EDGE('',*,*,#4190,.F.);
#2261=ORIENTED_EDGE('',*,*,#4181,.F.);
#2262=ORIENTED_EDGE('',*,*,#4179,.T.);
#2263=ORIENTED_EDGE('',*,*,#3455,.T.);
#2264=ORIENTED_EDGE('',*,*,#4191,.F.);
#2265=ORIENTED_EDGE('',*,*,#4182,.F.);
#2266=ORIENTED_EDGE('',*,*,#4190,.T.);
#2267=ORIENTED_EDGE('',*,*,#3454,.T.);
#2268=ORIENTED_EDGE('',*,*,#4192,.F.);
#2269=ORIENTED_EDGE('',*,*,#4183,.F.);
#2270=ORIENTED_EDGE('',*,*,#4191,.T.);
#2271=ORIENTED_EDGE('',*,*,#3453,.T.);
#2272=ORIENTED_EDGE('',*,*,#4193,.F.);
#2273=ORIENTED_EDGE('',*,*,#4184,.F.);
#2274=ORIENTED_EDGE('',*,*,#4192,.T.);
#2275=ORIENTED_EDGE('',*,*,#3452,.T.);
#2276=ORIENTED_EDGE('',*,*,#4194,.F.);
#2277=ORIENTED_EDGE('',*,*,#4185,.F.);
#2278=ORIENTED_EDGE('',*,*,#4193,.T.);
#2279=ORIENTED_EDGE('',*,*,#3451,.T.);
#2280=ORIENTED_EDGE('',*,*,#4195,.F.);
#2281=ORIENTED_EDGE('',*,*,#4186,.F.);
#2282=ORIENTED_EDGE('',*,*,#4194,.T.);
#2283=ORIENTED_EDGE('',*,*,#3450,.T.);
#2284=ORIENTED_EDGE('',*,*,#4189,.F.);
#2285=ORIENTED_EDGE('',*,*,#4187,.F.);
#2286=ORIENTED_EDGE('',*,*,#4195,.T.);
#2287=ORIENTED_EDGE('',*,*,#3487,.T.);
#2288=ORIENTED_EDGE('',*,*,#4196,.F.);
#2289=ORIENTED_EDGE('',*,*,#4197,.F.);
#2290=ORIENTED_EDGE('',*,*,#4198,.T.);
#2291=ORIENTED_EDGE('',*,*,#3496,.T.);
#2292=ORIENTED_EDGE('',*,*,#4199,.F.);
#2293=ORIENTED_EDGE('',*,*,#4200,.F.);
#2294=ORIENTED_EDGE('',*,*,#4196,.T.);
#2295=ORIENTED_EDGE('',*,*,#3495,.T.);
#2296=ORIENTED_EDGE('',*,*,#4201,.F.);
#2297=ORIENTED_EDGE('',*,*,#4202,.F.);
#2298=ORIENTED_EDGE('',*,*,#4199,.T.);
#2299=ORIENTED_EDGE('',*,*,#3494,.T.);
#2300=ORIENTED_EDGE('',*,*,#4203,.F.);
#2301=ORIENTED_EDGE('',*,*,#4204,.F.);
#2302=ORIENTED_EDGE('',*,*,#4201,.T.);
#2303=ORIENTED_EDGE('',*,*,#3493,.T.);
#2304=ORIENTED_EDGE('',*,*,#4205,.F.);
#2305=ORIENTED_EDGE('',*,*,#4206,.F.);
#2306=ORIENTED_EDGE('',*,*,#4203,.T.);
#2307=ORIENTED_EDGE('',*,*,#3492,.T.);
#2308=ORIENTED_EDGE('',*,*,#4207,.F.);
#2309=ORIENTED_EDGE('',*,*,#4208,.F.);
#2310=ORIENTED_EDGE('',*,*,#4205,.T.);
#2311=ORIENTED_EDGE('',*,*,#3491,.T.);
#2312=ORIENTED_EDGE('',*,*,#4209,.F.);
#2313=ORIENTED_EDGE('',*,*,#4210,.F.);
#2314=ORIENTED_EDGE('',*,*,#4207,.T.);
#2315=ORIENTED_EDGE('',*,*,#3490,.T.);
#2316=ORIENTED_EDGE('',*,*,#4211,.F.);
#2317=ORIENTED_EDGE('',*,*,#4212,.F.);
#2318=ORIENTED_EDGE('',*,*,#4209,.T.);
#2319=ORIENTED_EDGE('',*,*,#3489,.T.);
#2320=ORIENTED_EDGE('',*,*,#4213,.F.);
#2321=ORIENTED_EDGE('',*,*,#4214,.F.);
#2322=ORIENTED_EDGE('',*,*,#4211,.T.);
#2323=ORIENTED_EDGE('',*,*,#3488,.T.);
#2324=ORIENTED_EDGE('',*,*,#4198,.F.);
#2325=ORIENTED_EDGE('',*,*,#4215,.F.);
#2326=ORIENTED_EDGE('',*,*,#4213,.T.);
#2327=ORIENTED_EDGE('',*,*,#4197,.T.);
#2328=ORIENTED_EDGE('',*,*,#4200,.T.);
#2329=ORIENTED_EDGE('',*,*,#4202,.T.);
#2330=ORIENTED_EDGE('',*,*,#4204,.T.);
#2331=ORIENTED_EDGE('',*,*,#4206,.T.);
#2332=ORIENTED_EDGE('',*,*,#4208,.T.);
#2333=ORIENTED_EDGE('',*,*,#4210,.T.);
#2334=ORIENTED_EDGE('',*,*,#4212,.T.);
#2335=ORIENTED_EDGE('',*,*,#4214,.T.);
#2336=ORIENTED_EDGE('',*,*,#4215,.T.);
#2337=ORIENTED_EDGE('',*,*,#3477,.T.);
#2338=ORIENTED_EDGE('',*,*,#4216,.F.);
#2339=ORIENTED_EDGE('',*,*,#4217,.F.);
#2340=ORIENTED_EDGE('',*,*,#4218,.T.);
#2341=ORIENTED_EDGE('',*,*,#3486,.T.);
#2342=ORIENTED_EDGE('',*,*,#4219,.F.);
#2343=ORIENTED_EDGE('',*,*,#4220,.F.);
#2344=ORIENTED_EDGE('',*,*,#4216,.T.);
#2345=ORIENTED_EDGE('',*,*,#3485,.T.);
#2346=ORIENTED_EDGE('',*,*,#4221,.F.);
#2347=ORIENTED_EDGE('',*,*,#4222,.F.);
#2348=ORIENTED_EDGE('',*,*,#4219,.T.);
#2349=ORIENTED_EDGE('',*,*,#3484,.T.);
#2350=ORIENTED_EDGE('',*,*,#4223,.F.);
#2351=ORIENTED_EDGE('',*,*,#4224,.F.);
#2352=ORIENTED_EDGE('',*,*,#4221,.T.);
#2353=ORIENTED_EDGE('',*,*,#3483,.T.);
#2354=ORIENTED_EDGE('',*,*,#4225,.F.);
#2355=ORIENTED_EDGE('',*,*,#4226,.F.);
#2356=ORIENTED_EDGE('',*,*,#4223,.T.);
#2357=ORIENTED_EDGE('',*,*,#3482,.T.);
#2358=ORIENTED_EDGE('',*,*,#4227,.F.);
#2359=ORIENTED_EDGE('',*,*,#4228,.F.);
#2360=ORIENTED_EDGE('',*,*,#4225,.T.);
#2361=ORIENTED_EDGE('',*,*,#3481,.T.);
#2362=ORIENTED_EDGE('',*,*,#4229,.F.);
#2363=ORIENTED_EDGE('',*,*,#4230,.F.);
#2364=ORIENTED_EDGE('',*,*,#4227,.T.);
#2365=ORIENTED_EDGE('',*,*,#3480,.T.);
#2366=ORIENTED_EDGE('',*,*,#4231,.F.);
#2367=ORIENTED_EDGE('',*,*,#4232,.F.);
#2368=ORIENTED_EDGE('',*,*,#4229,.T.);
#2369=ORIENTED_EDGE('',*,*,#3479,.T.);
#2370=ORIENTED_EDGE('',*,*,#4233,.F.);
#2371=ORIENTED_EDGE('',*,*,#4234,.F.);
#2372=ORIENTED_EDGE('',*,*,#4231,.T.);
#2373=ORIENTED_EDGE('',*,*,#3478,.T.);
#2374=ORIENTED_EDGE('',*,*,#4218,.F.);
#2375=ORIENTED_EDGE('',*,*,#4235,.F.);
#2376=ORIENTED_EDGE('',*,*,#4233,.T.);
#2377=ORIENTED_EDGE('',*,*,#4217,.T.);
#2378=ORIENTED_EDGE('',*,*,#4220,.T.);
#2379=ORIENTED_EDGE('',*,*,#4222,.T.);
#2380=ORIENTED_EDGE('',*,*,#4224,.T.);
#2381=ORIENTED_EDGE('',*,*,#4226,.T.);
#2382=ORIENTED_EDGE('',*,*,#4228,.T.);
#2383=ORIENTED_EDGE('',*,*,#4230,.T.);
#2384=ORIENTED_EDGE('',*,*,#4232,.T.);
#2385=ORIENTED_EDGE('',*,*,#4234,.T.);
#2386=ORIENTED_EDGE('',*,*,#4235,.T.);
#2387=ORIENTED_EDGE('',*,*,#3467,.T.);
#2388=ORIENTED_EDGE('',*,*,#4236,.F.);
#2389=ORIENTED_EDGE('',*,*,#4237,.F.);
#2390=ORIENTED_EDGE('',*,*,#4238,.T.);
#2391=ORIENTED_EDGE('',*,*,#3476,.T.);
#2392=ORIENTED_EDGE('',*,*,#4239,.F.);
#2393=ORIENTED_EDGE('',*,*,#4240,.F.);
#2394=ORIENTED_EDGE('',*,*,#4236,.T.);
#2395=ORIENTED_EDGE('',*,*,#3475,.T.);
#2396=ORIENTED_EDGE('',*,*,#4241,.F.);
#2397=ORIENTED_EDGE('',*,*,#4242,.F.);
#2398=ORIENTED_EDGE('',*,*,#4239,.T.);
#2399=ORIENTED_EDGE('',*,*,#3474,.T.);
#2400=ORIENTED_EDGE('',*,*,#4243,.F.);
#2401=ORIENTED_EDGE('',*,*,#4244,.F.);
#2402=ORIENTED_EDGE('',*,*,#4241,.T.);
#2403=ORIENTED_EDGE('',*,*,#3473,.T.);
#2404=ORIENTED_EDGE('',*,*,#4245,.F.);
#2405=ORIENTED_EDGE('',*,*,#4246,.F.);
#2406=ORIENTED_EDGE('',*,*,#4243,.T.);
#2407=ORIENTED_EDGE('',*,*,#3472,.T.);
#2408=ORIENTED_EDGE('',*,*,#4247,.F.);
#2409=ORIENTED_EDGE('',*,*,#4248,.F.);
#2410=ORIENTED_EDGE('',*,*,#4245,.T.);
#2411=ORIENTED_EDGE('',*,*,#3471,.T.);
#2412=ORIENTED_EDGE('',*,*,#4249,.F.);
#2413=ORIENTED_EDGE('',*,*,#4250,.F.);
#2414=ORIENTED_EDGE('',*,*,#4247,.T.);
#2415=ORIENTED_EDGE('',*,*,#3470,.T.);
#2416=ORIENTED_EDGE('',*,*,#4251,.F.);
#2417=ORIENTED_EDGE('',*,*,#4252,.F.);
#2418=ORIENTED_EDGE('',*,*,#4249,.T.);
#2419=ORIENTED_EDGE('',*,*,#3469,.T.);
#2420=ORIENTED_EDGE('',*,*,#4253,.F.);
#2421=ORIENTED_EDGE('',*,*,#4254,.F.);
#2422=ORIENTED_EDGE('',*,*,#4251,.T.);
#2423=ORIENTED_EDGE('',*,*,#3468,.T.);
#2424=ORIENTED_EDGE('',*,*,#4238,.F.);
#2425=ORIENTED_EDGE('',*,*,#4255,.F.);
#2426=ORIENTED_EDGE('',*,*,#4253,.T.);
#2427=ORIENTED_EDGE('',*,*,#4237,.T.);
#2428=ORIENTED_EDGE('',*,*,#4240,.T.);
#2429=ORIENTED_EDGE('',*,*,#4242,.T.);
#2430=ORIENTED_EDGE('',*,*,#4244,.T.);
#2431=ORIENTED_EDGE('',*,*,#4246,.T.);
#2432=ORIENTED_EDGE('',*,*,#4248,.T.);
#2433=ORIENTED_EDGE('',*,*,#4250,.T.);
#2434=ORIENTED_EDGE('',*,*,#4252,.T.);
#2435=ORIENTED_EDGE('',*,*,#4254,.T.);
#2436=ORIENTED_EDGE('',*,*,#4255,.T.);
#2437=ORIENTED_EDGE('',*,*,#4256,.F.);
#2438=ORIENTED_EDGE('',*,*,#4257,.T.);
#2439=ORIENTED_EDGE('',*,*,#4258,.F.);
#2440=ORIENTED_EDGE('',*,*,#4259,.T.);
#2441=ORIENTED_EDGE('',*,*,#3457,.T.);
#2442=ORIENTED_EDGE('',*,*,#4260,.F.);
#2443=ORIENTED_EDGE('',*,*,#4261,.T.);
#2444=ORIENTED_EDGE('',*,*,#4256,.T.);
#2445=ORIENTED_EDGE('',*,*,#3466,.T.);
#2446=ORIENTED_EDGE('',*,*,#4262,.F.);
#2447=ORIENTED_EDGE('',*,*,#4263,.T.);
#2448=ORIENTED_EDGE('',*,*,#4260,.T.);
#2449=ORIENTED_EDGE('',*,*,#3465,.T.);
#2450=ORIENTED_EDGE('',*,*,#4264,.F.);
#2451=ORIENTED_EDGE('',*,*,#3464,.T.);
#2452=ORIENTED_EDGE('',*,*,#4265,.F.);
#2453=ORIENTED_EDGE('',*,*,#4266,.F.);
#2454=ORIENTED_EDGE('',*,*,#4264,.T.);
#2455=ORIENTED_EDGE('',*,*,#3463,.T.);
#2456=ORIENTED_EDGE('',*,*,#4267,.F.);
#2457=ORIENTED_EDGE('',*,*,#4268,.F.);
#2458=ORIENTED_EDGE('',*,*,#4265,.T.);
#2459=ORIENTED_EDGE('',*,*,#3462,.T.);
#2460=ORIENTED_EDGE('',*,*,#4269,.F.);
#2461=ORIENTED_EDGE('',*,*,#4270,.F.);
#2462=ORIENTED_EDGE('',*,*,#4267,.T.);
#2463=ORIENTED_EDGE('',*,*,#3461,.T.);
#2464=ORIENTED_EDGE('',*,*,#4271,.F.);
#2465=ORIENTED_EDGE('',*,*,#4272,.F.);
#2466=ORIENTED_EDGE('',*,*,#4269,.T.);
#2467=ORIENTED_EDGE('',*,*,#3460,.T.);
#2468=ORIENTED_EDGE('',*,*,#4273,.F.);
#2469=ORIENTED_EDGE('',*,*,#4274,.F.);
#2470=ORIENTED_EDGE('',*,*,#4271,.T.);
#2471=ORIENTED_EDGE('',*,*,#3459,.T.);
#2472=ORIENTED_EDGE('',*,*,#4275,.F.);
#2473=ORIENTED_EDGE('',*,*,#4276,.F.);
#2474=ORIENTED_EDGE('',*,*,#4273,.T.);
#2475=ORIENTED_EDGE('',*,*,#3458,.T.);
#2476=ORIENTED_EDGE('',*,*,#4259,.F.);
#2477=ORIENTED_EDGE('',*,*,#4277,.F.);
#2478=ORIENTED_EDGE('',*,*,#4275,.T.);
#2479=ORIENTED_EDGE('',*,*,#4258,.T.);
#2480=ORIENTED_EDGE('',*,*,#4278,.T.);
#2481=ORIENTED_EDGE('',*,*,#4262,.T.);
#2482=ORIENTED_EDGE('',*,*,#4266,.T.);
#2483=ORIENTED_EDGE('',*,*,#4268,.T.);
#2484=ORIENTED_EDGE('',*,*,#4270,.T.);
#2485=ORIENTED_EDGE('',*,*,#4272,.T.);
#2486=ORIENTED_EDGE('',*,*,#4274,.T.);
#2487=ORIENTED_EDGE('',*,*,#4276,.T.);
#2488=ORIENTED_EDGE('',*,*,#4277,.T.);
#2489=ORIENTED_EDGE('',*,*,#4257,.F.);
#2490=ORIENTED_EDGE('',*,*,#4261,.F.);
#2491=ORIENTED_EDGE('',*,*,#4263,.F.);
#2492=ORIENTED_EDGE('',*,*,#4278,.F.);
#2493=ORIENTED_EDGE('',*,*,#3306,.T.);
#2494=ORIENTED_EDGE('',*,*,#4279,.T.);
#2495=ORIENTED_EDGE('',*,*,#4280,.T.);
#2496=ORIENTED_EDGE('',*,*,#4030,.T.);
#2497=ORIENTED_EDGE('',*,*,#3232,.T.);
#2498=ORIENTED_EDGE('',*,*,#4280,.F.);
#2499=ORIENTED_EDGE('',*,*,#4281,.T.);
#2500=ORIENTED_EDGE('',*,*,#3365,.T.);
#2501=ORIENTED_EDGE('',*,*,#4031,.F.);
#2502=ORIENTED_EDGE('',*,*,#3366,.T.);
#2503=ORIENTED_EDGE('',*,*,#4281,.F.);
#2504=ORIENTED_EDGE('',*,*,#4279,.F.);
#2505=ORIENTED_EDGE('',*,*,#3305,.F.);
#2506=ORIENTED_EDGE('',*,*,#4282,.F.);
#2507=ORIENTED_EDGE('',*,*,#4019,.F.);
#2508=ORIENTED_EDGE('',*,*,#4029,.T.);
#2509=ORIENTED_EDGE('',*,*,#3294,.F.);
#2510=ORIENTED_EDGE('',*,*,#3293,.T.);
#2511=ORIENTED_EDGE('',*,*,#3228,.F.);
#2512=ORIENTED_EDGE('',*,*,#4020,.T.);
#2513=ORIENTED_EDGE('',*,*,#4282,.T.);
#2514=ORIENTED_EDGE('',*,*,#3219,.T.);
#2515=ORIENTED_EDGE('',*,*,#4028,.F.);
#2516=ORIENTED_EDGE('',*,*,#4283,.F.);
#2517=ORIENTED_EDGE('',*,*,#3296,.F.);
#2518=ORIENTED_EDGE('',*,*,#3266,.T.);
#2519=ORIENTED_EDGE('',*,*,#4284,.F.);
#2520=ORIENTED_EDGE('',*,*,#4285,.F.);
#2521=ORIENTED_EDGE('',*,*,#4026,.F.);
#2522=ORIENTED_EDGE('',*,*,#3297,.T.);
#2523=ORIENTED_EDGE('',*,*,#4283,.T.);
#2524=ORIENTED_EDGE('',*,*,#4027,.T.);
#2525=ORIENTED_EDGE('',*,*,#4285,.T.);
#2526=ORIENTED_EDGE('',*,*,#4286,.T.);
#2527=ORIENTED_EDGE('',*,*,#4287,.T.);
#2528=ORIENTED_EDGE('',*,*,#4288,.T.);
#2529=ORIENTED_EDGE('',*,*,#4289,.T.);
#2530=ORIENTED_EDGE('',*,*,#4290,.T.);
#2531=ORIENTED_EDGE('',*,*,#4291,.T.);
#2532=ORIENTED_EDGE('',*,*,#3847,.F.);
#2533=ORIENTED_EDGE('',*,*,#3224,.F.);
#2534=ORIENTED_EDGE('',*,*,#3265,.T.);
#2535=ORIENTED_EDGE('',*,*,#4292,.F.);
#2536=ORIENTED_EDGE('',*,*,#4286,.F.);
#2537=ORIENTED_EDGE('',*,*,#4284,.T.);
#2538=ORIENTED_EDGE('',*,*,#3264,.T.);
#2539=ORIENTED_EDGE('',*,*,#4293,.F.);
#2540=ORIENTED_EDGE('',*,*,#4287,.F.);
#2541=ORIENTED_EDGE('',*,*,#4292,.T.);
#2542=ORIENTED_EDGE('',*,*,#3263,.T.);
#2543=ORIENTED_EDGE('',*,*,#4294,.F.);
#2544=ORIENTED_EDGE('',*,*,#4288,.F.);
#2545=ORIENTED_EDGE('',*,*,#4293,.T.);
#2546=ORIENTED_EDGE('',*,*,#3262,.T.);
#2547=ORIENTED_EDGE('',*,*,#4295,.F.);
#2548=ORIENTED_EDGE('',*,*,#4289,.F.);
#2549=ORIENTED_EDGE('',*,*,#4294,.T.);
#2550=ORIENTED_EDGE('',*,*,#3261,.T.);
#2551=ORIENTED_EDGE('',*,*,#4296,.F.);
#2552=ORIENTED_EDGE('',*,*,#4290,.F.);
#2553=ORIENTED_EDGE('',*,*,#4295,.T.);
#2554=ORIENTED_EDGE('',*,*,#3848,.T.);
#2555=ORIENTED_EDGE('',*,*,#4291,.F.);
#2556=ORIENTED_EDGE('',*,*,#4296,.T.);
#2557=ORIENTED_EDGE('',*,*,#3260,.T.);
#2558=ORIENTED_EDGE('',*,*,#3370,.T.);
#2559=ORIENTED_EDGE('',*,*,#4297,.F.);
#2560=ORIENTED_EDGE('',*,*,#4298,.F.);
#2561=ORIENTED_EDGE('',*,*,#3853,.F.);
#2562=ORIENTED_EDGE('',*,*,#3369,.T.);
#2563=ORIENTED_EDGE('',*,*,#4299,.F.);
#2564=ORIENTED_EDGE('',*,*,#4300,.F.);
#2565=ORIENTED_EDGE('',*,*,#4297,.T.);
#2566=ORIENTED_EDGE('',*,*,#3849,.T.);
#2567=ORIENTED_EDGE('',*,*,#4301,.F.);
#2568=ORIENTED_EDGE('',*,*,#4299,.T.);
#2569=ORIENTED_EDGE('',*,*,#3368,.T.);
#2570=ORIENTED_EDGE('',*,*,#3854,.T.);
#2571=ORIENTED_EDGE('',*,*,#4298,.T.);
#2572=ORIENTED_EDGE('',*,*,#4300,.T.);
#2573=ORIENTED_EDGE('',*,*,#4301,.T.);
#2574=ORIENTED_EDGE('',*,*,#3852,.F.);
#2575=ORIENTED_EDGE('',*,*,#3436,.T.);
#2576=ORIENTED_EDGE('',*,*,#4302,.F.);
#2577=ORIENTED_EDGE('',*,*,#4303,.F.);
#2578=ORIENTED_EDGE('',*,*,#4304,.T.);
#2579=ORIENTED_EDGE('',*,*,#3445,.T.);
#2580=ORIENTED_EDGE('',*,*,#4305,.F.);
#2581=ORIENTED_EDGE('',*,*,#4306,.F.);
#2582=ORIENTED_EDGE('',*,*,#4302,.T.);
#2583=ORIENTED_EDGE('',*,*,#3444,.T.);
#2584=ORIENTED_EDGE('',*,*,#4307,.F.);
#2585=ORIENTED_EDGE('',*,*,#4308,.F.);
#2586=ORIENTED_EDGE('',*,*,#4305,.T.);
#2587=ORIENTED_EDGE('',*,*,#3443,.T.);
#2588=ORIENTED_EDGE('',*,*,#4309,.F.);
#2589=ORIENTED_EDGE('',*,*,#4310,.F.);
#2590=ORIENTED_EDGE('',*,*,#4307,.T.);
#2591=ORIENTED_EDGE('',*,*,#3442,.T.);
#2592=ORIENTED_EDGE('',*,*,#4311,.F.);
#2593=ORIENTED_EDGE('',*,*,#4312,.F.);
#2594=ORIENTED_EDGE('',*,*,#4309,.T.);
#2595=ORIENTED_EDGE('',*,*,#3441,.T.);
#2596=ORIENTED_EDGE('',*,*,#4313,.F.);
#2597=ORIENTED_EDGE('',*,*,#4314,.F.);
#2598=ORIENTED_EDGE('',*,*,#4311,.T.);
#2599=ORIENTED_EDGE('',*,*,#3440,.T.);
#2600=ORIENTED_EDGE('',*,*,#4315,.F.);
#2601=ORIENTED_EDGE('',*,*,#4316,.F.);
#2602=ORIENTED_EDGE('',*,*,#4313,.T.);
#2603=ORIENTED_EDGE('',*,*,#3439,.T.);
#2604=ORIENTED_EDGE('',*,*,#4317,.F.);
#2605=ORIENTED_EDGE('',*,*,#4318,.F.);
#2606=ORIENTED_EDGE('',*,*,#4315,.T.);
#2607=ORIENTED_EDGE('',*,*,#3438,.T.);
#2608=ORIENTED_EDGE('',*,*,#4319,.F.);
#2609=ORIENTED_EDGE('',*,*,#4320,.F.);
#2610=ORIENTED_EDGE('',*,*,#4317,.T.);
#2611=ORIENTED_EDGE('',*,*,#3437,.T.);
#2612=ORIENTED_EDGE('',*,*,#4304,.F.);
#2613=ORIENTED_EDGE('',*,*,#4321,.F.);
#2614=ORIENTED_EDGE('',*,*,#4319,.T.);
#2615=ORIENTED_EDGE('',*,*,#4303,.T.);
#2616=ORIENTED_EDGE('',*,*,#4306,.T.);
#2617=ORIENTED_EDGE('',*,*,#4308,.T.);
#2618=ORIENTED_EDGE('',*,*,#4310,.T.);
#2619=ORIENTED_EDGE('',*,*,#4312,.T.);
#2620=ORIENTED_EDGE('',*,*,#4314,.T.);
#2621=ORIENTED_EDGE('',*,*,#4316,.T.);
#2622=ORIENTED_EDGE('',*,*,#4318,.T.);
#2623=ORIENTED_EDGE('',*,*,#4320,.T.);
#2624=ORIENTED_EDGE('',*,*,#4321,.T.);
#2625=ORIENTED_EDGE('',*,*,#3426,.T.);
#2626=ORIENTED_EDGE('',*,*,#4322,.F.);
#2627=ORIENTED_EDGE('',*,*,#4323,.F.);
#2628=ORIENTED_EDGE('',*,*,#4324,.T.);
#2629=ORIENTED_EDGE('',*,*,#3435,.T.);
#2630=ORIENTED_EDGE('',*,*,#4325,.F.);
#2631=ORIENTED_EDGE('',*,*,#4326,.F.);
#2632=ORIENTED_EDGE('',*,*,#4322,.T.);
#2633=ORIENTED_EDGE('',*,*,#3434,.T.);
#2634=ORIENTED_EDGE('',*,*,#4327,.F.);
#2635=ORIENTED_EDGE('',*,*,#4328,.F.);
#2636=ORIENTED_EDGE('',*,*,#4325,.T.);
#2637=ORIENTED_EDGE('',*,*,#3433,.T.);
#2638=ORIENTED_EDGE('',*,*,#4329,.F.);
#2639=ORIENTED_EDGE('',*,*,#4330,.F.);
#2640=ORIENTED_EDGE('',*,*,#4327,.T.);
#2641=ORIENTED_EDGE('',*,*,#3432,.T.);
#2642=ORIENTED_EDGE('',*,*,#4331,.F.);
#2643=ORIENTED_EDGE('',*,*,#4332,.F.);
#2644=ORIENTED_EDGE('',*,*,#4329,.T.);
#2645=ORIENTED_EDGE('',*,*,#3431,.T.);
#2646=ORIENTED_EDGE('',*,*,#4333,.F.);
#2647=ORIENTED_EDGE('',*,*,#4334,.F.);
#2648=ORIENTED_EDGE('',*,*,#4331,.T.);
#2649=ORIENTED_EDGE('',*,*,#3430,.T.);
#2650=ORIENTED_EDGE('',*,*,#4335,.F.);
#2651=ORIENTED_EDGE('',*,*,#4336,.F.);
#2652=ORIENTED_EDGE('',*,*,#4333,.T.);
#2653=ORIENTED_EDGE('',*,*,#3429,.T.);
#2654=ORIENTED_EDGE('',*,*,#4337,.F.);
#2655=ORIENTED_EDGE('',*,*,#4338,.F.);
#2656=ORIENTED_EDGE('',*,*,#4335,.T.);
#2657=ORIENTED_EDGE('',*,*,#3428,.T.);
#2658=ORIENTED_EDGE('',*,*,#4339,.F.);
#2659=ORIENTED_EDGE('',*,*,#4340,.F.);
#2660=ORIENTED_EDGE('',*,*,#4337,.T.);
#2661=ORIENTED_EDGE('',*,*,#3427,.T.);
#2662=ORIENTED_EDGE('',*,*,#4324,.F.);
#2663=ORIENTED_EDGE('',*,*,#4341,.F.);
#2664=ORIENTED_EDGE('',*,*,#4339,.T.);
#2665=ORIENTED_EDGE('',*,*,#4323,.T.);
#2666=ORIENTED_EDGE('',*,*,#4326,.T.);
#2667=ORIENTED_EDGE('',*,*,#4328,.T.);
#2668=ORIENTED_EDGE('',*,*,#4330,.T.);
#2669=ORIENTED_EDGE('',*,*,#4332,.T.);
#2670=ORIENTED_EDGE('',*,*,#4334,.T.);
#2671=ORIENTED_EDGE('',*,*,#4336,.T.);
#2672=ORIENTED_EDGE('',*,*,#4338,.T.);
#2673=ORIENTED_EDGE('',*,*,#4340,.T.);
#2674=ORIENTED_EDGE('',*,*,#4341,.T.);
#2675=ORIENTED_EDGE('',*,*,#4342,.F.);
#2676=ORIENTED_EDGE('',*,*,#4343,.T.);
#2677=ORIENTED_EDGE('',*,*,#4344,.F.);
#2678=ORIENTED_EDGE('',*,*,#4345,.T.);
#2679=ORIENTED_EDGE('',*,*,#3416,.T.);
#2680=ORIENTED_EDGE('',*,*,#4346,.F.);
#2681=ORIENTED_EDGE('',*,*,#4347,.T.);
#2682=ORIENTED_EDGE('',*,*,#4342,.T.);
#2683=ORIENTED_EDGE('',*,*,#3425,.T.);
#2684=ORIENTED_EDGE('',*,*,#4348,.F.);
#2685=ORIENTED_EDGE('',*,*,#4349,.T.);
#2686=ORIENTED_EDGE('',*,*,#4346,.T.);
#2687=ORIENTED_EDGE('',*,*,#3424,.T.);
#2688=ORIENTED_EDGE('',*,*,#4350,.F.);
#2689=ORIENTED_EDGE('',*,*,#3423,.T.);
#2690=ORIENTED_EDGE('',*,*,#4351,.F.);
#2691=ORIENTED_EDGE('',*,*,#4352,.F.);
#2692=ORIENTED_EDGE('',*,*,#4350,.T.);
#2693=ORIENTED_EDGE('',*,*,#3422,.T.);
#2694=ORIENTED_EDGE('',*,*,#4353,.F.);
#2695=ORIENTED_EDGE('',*,*,#4354,.F.);
#2696=ORIENTED_EDGE('',*,*,#4351,.T.);
#2697=ORIENTED_EDGE('',*,*,#3421,.T.);
#2698=ORIENTED_EDGE('',*,*,#4355,.F.);
#2699=ORIENTED_EDGE('',*,*,#4356,.F.);
#2700=ORIENTED_EDGE('',*,*,#4353,.T.);
#2701=ORIENTED_EDGE('',*,*,#3420,.T.);
#2702=ORIENTED_EDGE('',*,*,#4357,.F.);
#2703=ORIENTED_EDGE('',*,*,#4358,.F.);
#2704=ORIENTED_EDGE('',*,*,#4355,.T.);
#2705=ORIENTED_EDGE('',*,*,#3419,.T.);
#2706=ORIENTED_EDGE('',*,*,#4359,.F.);
#2707=ORIENTED_EDGE('',*,*,#4360,.F.);
#2708=ORIENTED_EDGE('',*,*,#4357,.T.);
#2709=ORIENTED_EDGE('',*,*,#3418,.T.);
#2710=ORIENTED_EDGE('',*,*,#4361,.F.);
#2711=ORIENTED_EDGE('',*,*,#4362,.F.);
#2712=ORIENTED_EDGE('',*,*,#4359,.T.);
#2713=ORIENTED_EDGE('',*,*,#3417,.T.);
#2714=ORIENTED_EDGE('',*,*,#4345,.F.);
#2715=ORIENTED_EDGE('',*,*,#4363,.F.);
#2716=ORIENTED_EDGE('',*,*,#4361,.T.);
#2717=ORIENTED_EDGE('',*,*,#4344,.T.);
#2718=ORIENTED_EDGE('',*,*,#4364,.T.);
#2719=ORIENTED_EDGE('',*,*,#4348,.T.);
#2720=ORIENTED_EDGE('',*,*,#4352,.T.);
#2721=ORIENTED_EDGE('',*,*,#4354,.T.);
#2722=ORIENTED_EDGE('',*,*,#4356,.T.);
#2723=ORIENTED_EDGE('',*,*,#4358,.T.);
#2724=ORIENTED_EDGE('',*,*,#4360,.T.);
#2725=ORIENTED_EDGE('',*,*,#4362,.T.);
#2726=ORIENTED_EDGE('',*,*,#4363,.T.);
#2727=ORIENTED_EDGE('',*,*,#4343,.F.);
#2728=ORIENTED_EDGE('',*,*,#4347,.F.);
#2729=ORIENTED_EDGE('',*,*,#4349,.F.);
#2730=ORIENTED_EDGE('',*,*,#4364,.F.);
#2731=ORIENTED_EDGE('',*,*,#3249,.T.);
#2732=ORIENTED_EDGE('',*,*,#4365,.F.);
#2733=ORIENTED_EDGE('',*,*,#4366,.F.);
#2734=ORIENTED_EDGE('',*,*,#3836,.F.);
#2735=ORIENTED_EDGE('',*,*,#3837,.T.);
#2736=ORIENTED_EDGE('',*,*,#4366,.T.);
#2737=ORIENTED_EDGE('',*,*,#4367,.T.);
#2738=ORIENTED_EDGE('',*,*,#4368,.T.);
#2739=ORIENTED_EDGE('',*,*,#4369,.T.);
#2740=ORIENTED_EDGE('',*,*,#4370,.T.);
#2741=ORIENTED_EDGE('',*,*,#4371,.T.);
#2742=ORIENTED_EDGE('',*,*,#3203,.F.);
#2743=ORIENTED_EDGE('',*,*,#3208,.T.);
#2744=ORIENTED_EDGE('',*,*,#3204,.T.);
#2745=ORIENTED_EDGE('',*,*,#4371,.F.);
#2746=ORIENTED_EDGE('',*,*,#4372,.T.);
#2747=ORIENTED_EDGE('',*,*,#3244,.T.);
#2748=ORIENTED_EDGE('',*,*,#3248,.T.);
#2749=ORIENTED_EDGE('',*,*,#4373,.F.);
#2750=ORIENTED_EDGE('',*,*,#4367,.F.);
#2751=ORIENTED_EDGE('',*,*,#4365,.T.);
#2752=ORIENTED_EDGE('',*,*,#3247,.T.);
#2753=ORIENTED_EDGE('',*,*,#4374,.F.);
#2754=ORIENTED_EDGE('',*,*,#4368,.F.);
#2755=ORIENTED_EDGE('',*,*,#4373,.T.);
#2756=ORIENTED_EDGE('',*,*,#3246,.T.);
#2757=ORIENTED_EDGE('',*,*,#4375,.F.);
#2758=ORIENTED_EDGE('',*,*,#4369,.F.);
#2759=ORIENTED_EDGE('',*,*,#4374,.T.);
#2760=ORIENTED_EDGE('',*,*,#3245,.T.);
#2761=ORIENTED_EDGE('',*,*,#4372,.F.);
#2762=ORIENTED_EDGE('',*,*,#4370,.F.);
#2763=ORIENTED_EDGE('',*,*,#4375,.T.);
#2764=ORIENTED_EDGE('',*,*,#3380,.T.);
#2765=ORIENTED_EDGE('',*,*,#4376,.F.);
#2766=ORIENTED_EDGE('',*,*,#4377,.F.);
#2767=ORIENTED_EDGE('',*,*,#3862,.F.);
#2768=ORIENTED_EDGE('',*,*,#3379,.T.);
#2769=ORIENTED_EDGE('',*,*,#4378,.F.);
#2770=ORIENTED_EDGE('',*,*,#4379,.F.);
#2771=ORIENTED_EDGE('',*,*,#4376,.T.);
#2772=ORIENTED_EDGE('',*,*,#3378,.T.);
#2773=ORIENTED_EDGE('',*,*,#4380,.F.);
#2774=ORIENTED_EDGE('',*,*,#4381,.F.);
#2775=ORIENTED_EDGE('',*,*,#4378,.T.);
#2776=ORIENTED_EDGE('',*,*,#3857,.T.);
#2777=ORIENTED_EDGE('',*,*,#4382,.F.);
#2778=ORIENTED_EDGE('',*,*,#4380,.T.);
#2779=ORIENTED_EDGE('',*,*,#3377,.T.);
#2780=ORIENTED_EDGE('',*,*,#3215,.T.);
#2781=ORIENTED_EDGE('',*,*,#3863,.T.);
#2782=ORIENTED_EDGE('',*,*,#4377,.T.);
#2783=ORIENTED_EDGE('',*,*,#4379,.T.);
#2784=ORIENTED_EDGE('',*,*,#4381,.T.);
#2785=ORIENTED_EDGE('',*,*,#4382,.T.);
#2786=ORIENTED_EDGE('',*,*,#3861,.F.);
#2787=ORIENTED_EDGE('',*,*,#3858,.T.);
#2788=ORIENTED_EDGE('',*,*,#3375,.T.);
#2789=ORIENTED_EDGE('',*,*,#4383,.F.);
#2790=ORIENTED_EDGE('',*,*,#4384,.F.);
#2791=ORIENTED_EDGE('',*,*,#3860,.T.);
#2792=ORIENTED_EDGE('',*,*,#4385,.F.);
#2793=ORIENTED_EDGE('',*,*,#4383,.T.);
#2794=ORIENTED_EDGE('',*,*,#3374,.T.);
#2795=ORIENTED_EDGE('',*,*,#4384,.T.);
#2796=ORIENTED_EDGE('',*,*,#4385,.T.);
#2797=ORIENTED_EDGE('',*,*,#3859,.F.);
#2798=ORIENTED_EDGE('',*,*,#4386,.F.);
#2799=ORIENTED_EDGE('',*,*,#4387,.T.);
#2800=ORIENTED_EDGE('',*,*,#3251,.T.);
#2801=ORIENTED_EDGE('',*,*,#3841,.F.);
#2802=ORIENTED_EDGE('',*,*,#3840,.T.);
#2803=ORIENTED_EDGE('',*,*,#3212,.F.);
#2804=ORIENTED_EDGE('',*,*,#3843,.F.);
#2805=ORIENTED_EDGE('',*,*,#4388,.T.);
#2806=ORIENTED_EDGE('',*,*,#4389,.T.);
#2807=ORIENTED_EDGE('',*,*,#4390,.T.);
#2808=ORIENTED_EDGE('',*,*,#4391,.T.);
#2809=ORIENTED_EDGE('',*,*,#4392,.T.);
#2810=ORIENTED_EDGE('',*,*,#4393,.T.);
#2811=ORIENTED_EDGE('',*,*,#4394,.T.);
#2812=ORIENTED_EDGE('',*,*,#4386,.T.);
#2813=ORIENTED_EDGE('',*,*,#3842,.T.);
#2814=ORIENTED_EDGE('',*,*,#3258,.T.);
#2815=ORIENTED_EDGE('',*,*,#4395,.F.);
#2816=ORIENTED_EDGE('',*,*,#4388,.F.);
#2817=ORIENTED_EDGE('',*,*,#3257,.T.);
#2818=ORIENTED_EDGE('',*,*,#4396,.F.);
#2819=ORIENTED_EDGE('',*,*,#4389,.F.);
#2820=ORIENTED_EDGE('',*,*,#4395,.T.);
#2821=ORIENTED_EDGE('',*,*,#3256,.T.);
#2822=ORIENTED_EDGE('',*,*,#4397,.F.);
#2823=ORIENTED_EDGE('',*,*,#4390,.F.);
#2824=ORIENTED_EDGE('',*,*,#4396,.T.);
#2825=ORIENTED_EDGE('',*,*,#3255,.T.);
#2826=ORIENTED_EDGE('',*,*,#4398,.F.);
#2827=ORIENTED_EDGE('',*,*,#4391,.F.);
#2828=ORIENTED_EDGE('',*,*,#4397,.T.);
#2829=ORIENTED_EDGE('',*,*,#3254,.T.);
#2830=ORIENTED_EDGE('',*,*,#4399,.F.);
#2831=ORIENTED_EDGE('',*,*,#4392,.F.);
#2832=ORIENTED_EDGE('',*,*,#4398,.T.);
#2833=ORIENTED_EDGE('',*,*,#3253,.T.);
#2834=ORIENTED_EDGE('',*,*,#4400,.F.);
#2835=ORIENTED_EDGE('',*,*,#4393,.F.);
#2836=ORIENTED_EDGE('',*,*,#4399,.T.);
#2837=ORIENTED_EDGE('',*,*,#3252,.T.);
#2838=ORIENTED_EDGE('',*,*,#4387,.F.);
#2839=ORIENTED_EDGE('',*,*,#4394,.F.);
#2840=ORIENTED_EDGE('',*,*,#4400,.T.);
#2841=ORIENTED_EDGE('',*,*,#4401,.F.);
#2842=ORIENTED_EDGE('',*,*,#4402,.T.);
#2843=ORIENTED_EDGE('',*,*,#3397,.T.);
#2844=ORIENTED_EDGE('',*,*,#3747,.F.);
#2845=ORIENTED_EDGE('',*,*,#3395,.T.);
#2846=ORIENTED_EDGE('',*,*,#4403,.F.);
#2847=ORIENTED_EDGE('',*,*,#4404,.F.);
#2848=ORIENTED_EDGE('',*,*,#3748,.F.);
#2849=ORIENTED_EDGE('',*,*,#3746,.T.);
#2850=ORIENTED_EDGE('',*,*,#4404,.T.);
#2851=ORIENTED_EDGE('',*,*,#4405,.T.);
#2852=ORIENTED_EDGE('',*,*,#4406,.T.);
#2853=ORIENTED_EDGE('',*,*,#4407,.T.);
#2854=ORIENTED_EDGE('',*,*,#4408,.T.);
#2855=ORIENTED_EDGE('',*,*,#4409,.T.);
#2856=ORIENTED_EDGE('',*,*,#4410,.T.);
#2857=ORIENTED_EDGE('',*,*,#4411,.T.);
#2858=ORIENTED_EDGE('',*,*,#4412,.T.);
#2859=ORIENTED_EDGE('',*,*,#4401,.T.);
#2860=ORIENTED_EDGE('',*,*,#3398,.T.);
#2861=ORIENTED_EDGE('',*,*,#4402,.F.);
#2862=ORIENTED_EDGE('',*,*,#4412,.F.);
#2863=ORIENTED_EDGE('',*,*,#4413,.T.);
#2864=ORIENTED_EDGE('',*,*,#3405,.T.);
#2865=ORIENTED_EDGE('',*,*,#4414,.F.);
#2866=ORIENTED_EDGE('',*,*,#4405,.F.);
#2867=ORIENTED_EDGE('',*,*,#4403,.T.);
#2868=ORIENTED_EDGE('',*,*,#3404,.T.);
#2869=ORIENTED_EDGE('',*,*,#4415,.F.);
#2870=ORIENTED_EDGE('',*,*,#4406,.F.);
#2871=ORIENTED_EDGE('',*,*,#4414,.T.);
#2872=ORIENTED_EDGE('',*,*,#3403,.T.);
#2873=ORIENTED_EDGE('',*,*,#4416,.F.);
#2874=ORIENTED_EDGE('',*,*,#4407,.F.);
#2875=ORIENTED_EDGE('',*,*,#4415,.T.);
#2876=ORIENTED_EDGE('',*,*,#3402,.T.);
#2877=ORIENTED_EDGE('',*,*,#4417,.F.);
#2878=ORIENTED_EDGE('',*,*,#4408,.F.);
#2879=ORIENTED_EDGE('',*,*,#4416,.T.);
#2880=ORIENTED_EDGE('',*,*,#3401,.T.);
#2881=ORIENTED_EDGE('',*,*,#4418,.F.);
#2882=ORIENTED_EDGE('',*,*,#4409,.F.);
#2883=ORIENTED_EDGE('',*,*,#4417,.T.);
#2884=ORIENTED_EDGE('',*,*,#3400,.T.);
#2885=ORIENTED_EDGE('',*,*,#4419,.F.);
#2886=ORIENTED_EDGE('',*,*,#4410,.F.);
#2887=ORIENTED_EDGE('',*,*,#4418,.T.);
#2888=ORIENTED_EDGE('',*,*,#3399,.T.);
#2889=ORIENTED_EDGE('',*,*,#4413,.F.);
#2890=ORIENTED_EDGE('',*,*,#4411,.F.);
#2891=ORIENTED_EDGE('',*,*,#4419,.T.);
#2892=ORIENTED_EDGE('',*,*,#4420,.F.);
#2893=ORIENTED_EDGE('',*,*,#4421,.T.);
#2894=ORIENTED_EDGE('',*,*,#4422,.F.);
#2895=ORIENTED_EDGE('',*,*,#4423,.T.);
#2896=ORIENTED_EDGE('',*,*,#3406,.T.);
#2897=ORIENTED_EDGE('',*,*,#4424,.F.);
#2898=ORIENTED_EDGE('',*,*,#4425,.T.);
#2899=ORIENTED_EDGE('',*,*,#4420,.T.);
#2900=ORIENTED_EDGE('',*,*,#3415,.T.);
#2901=ORIENTED_EDGE('',*,*,#4426,.F.);
#2902=ORIENTED_EDGE('',*,*,#4427,.T.);
#2903=ORIENTED_EDGE('',*,*,#4424,.T.);
#2904=ORIENTED_EDGE('',*,*,#3414,.T.);
#2905=ORIENTED_EDGE('',*,*,#4428,.F.);
#2906=ORIENTED_EDGE('',*,*,#3413,.T.);
#2907=ORIENTED_EDGE('',*,*,#4429,.F.);
#2908=ORIENTED_EDGE('',*,*,#4430,.F.);
#2909=ORIENTED_EDGE('',*,*,#4428,.T.);
#2910=ORIENTED_EDGE('',*,*,#3412,.T.);
#2911=ORIENTED_EDGE('',*,*,#4431,.F.);
#2912=ORIENTED_EDGE('',*,*,#4432,.F.);
#2913=ORIENTED_EDGE('',*,*,#4429,.T.);
#2914=ORIENTED_EDGE('',*,*,#3411,.T.);
#2915=ORIENTED_EDGE('',*,*,#4433,.F.);
#2916=ORIENTED_EDGE('',*,*,#4434,.F.);
#2917=ORIENTED_EDGE('',*,*,#4431,.T.);
#2918=ORIENTED_EDGE('',*,*,#3410,.T.);
#2919=ORIENTED_EDGE('',*,*,#4435,.F.);
#2920=ORIENTED_EDGE('',*,*,#4436,.F.);
#2921=ORIENTED_EDGE('',*,*,#4433,.T.);
#2922=ORIENTED_EDGE('',*,*,#3409,.T.);
#2923=ORIENTED_EDGE('',*,*,#4437,.F.);
#2924=ORIENTED_EDGE('',*,*,#4438,.F.);
#2925=ORIENTED_EDGE('',*,*,#4435,.T.);
#2926=ORIENTED_EDGE('',*,*,#3408,.T.);
#2927=ORIENTED_EDGE('',*,*,#4439,.F.);
#2928=ORIENTED_EDGE('',*,*,#4440,.F.);
#2929=ORIENTED_EDGE('',*,*,#4437,.T.);
#2930=ORIENTED_EDGE('',*,*,#3407,.T.);
#2931=ORIENTED_EDGE('',*,*,#4423,.F.);
#2932=ORIENTED_EDGE('',*,*,#4441,.F.);
#2933=ORIENTED_EDGE('',*,*,#4439,.T.);
#2934=ORIENTED_EDGE('',*,*,#4422,.T.);
#2935=ORIENTED_EDGE('',*,*,#4442,.T.);
#2936=ORIENTED_EDGE('',*,*,#4426,.T.);
#2937=ORIENTED_EDGE('',*,*,#4430,.T.);
#2938=ORIENTED_EDGE('',*,*,#4432,.T.);
#2939=ORIENTED_EDGE('',*,*,#4434,.T.);
#2940=ORIENTED_EDGE('',*,*,#4436,.T.);
#2941=ORIENTED_EDGE('',*,*,#4438,.T.);
#2942=ORIENTED_EDGE('',*,*,#4440,.T.);
#2943=ORIENTED_EDGE('',*,*,#4441,.T.);
#2944=ORIENTED_EDGE('',*,*,#4421,.F.);
#2945=ORIENTED_EDGE('',*,*,#4425,.F.);
#2946=ORIENTED_EDGE('',*,*,#4427,.F.);
#2947=ORIENTED_EDGE('',*,*,#4442,.F.);
#2948=ORIENTED_EDGE('',*,*,#3139,.T.);
#2949=ORIENTED_EDGE('',*,*,#3351,.T.);
#2950=ORIENTED_EDGE('',*,*,#3599,.F.);
#2951=ORIENTED_EDGE('',*,*,#3129,.T.);
#2952=ORIENTED_EDGE('',*,*,#4443,.F.);
#2953=ORIENTED_EDGE('',*,*,#4444,.F.);
#2954=ORIENTED_EDGE('',*,*,#4445,.T.);
#2955=ORIENTED_EDGE('',*,*,#3138,.T.);
#2956=ORIENTED_EDGE('',*,*,#4446,.F.);
#2957=ORIENTED_EDGE('',*,*,#4447,.F.);
#2958=ORIENTED_EDGE('',*,*,#4443,.T.);
#2959=ORIENTED_EDGE('',*,*,#3137,.T.);
#2960=ORIENTED_EDGE('',*,*,#4448,.F.);
#2961=ORIENTED_EDGE('',*,*,#4449,.F.);
#2962=ORIENTED_EDGE('',*,*,#4446,.T.);
#2963=ORIENTED_EDGE('',*,*,#3136,.T.);
#2964=ORIENTED_EDGE('',*,*,#4450,.F.);
#2965=ORIENTED_EDGE('',*,*,#4451,.F.);
#2966=ORIENTED_EDGE('',*,*,#4448,.T.);
#2967=ORIENTED_EDGE('',*,*,#3135,.T.);
#2968=ORIENTED_EDGE('',*,*,#4452,.F.);
#2969=ORIENTED_EDGE('',*,*,#4453,.F.);
#2970=ORIENTED_EDGE('',*,*,#4450,.T.);
#2971=ORIENTED_EDGE('',*,*,#3134,.T.);
#2972=ORIENTED_EDGE('',*,*,#4454,.F.);
#2973=ORIENTED_EDGE('',*,*,#4455,.F.);
#2974=ORIENTED_EDGE('',*,*,#4452,.T.);
#2975=ORIENTED_EDGE('',*,*,#3133,.T.);
#2976=ORIENTED_EDGE('',*,*,#4456,.F.);
#2977=ORIENTED_EDGE('',*,*,#4457,.F.);
#2978=ORIENTED_EDGE('',*,*,#4454,.T.);
#2979=ORIENTED_EDGE('',*,*,#3132,.T.);
#2980=ORIENTED_EDGE('',*,*,#4458,.F.);
#2981=ORIENTED_EDGE('',*,*,#4459,.F.);
#2982=ORIENTED_EDGE('',*,*,#4456,.T.);
#2983=ORIENTED_EDGE('',*,*,#3131,.T.);
#2984=ORIENTED_EDGE('',*,*,#4460,.F.);
#2985=ORIENTED_EDGE('',*,*,#4461,.F.);
#2986=ORIENTED_EDGE('',*,*,#4458,.T.);
#2987=ORIENTED_EDGE('',*,*,#3130,.T.);
#2988=ORIENTED_EDGE('',*,*,#4445,.F.);
#2989=ORIENTED_EDGE('',*,*,#4462,.F.);
#2990=ORIENTED_EDGE('',*,*,#4460,.T.);
#2991=ORIENTED_EDGE('',*,*,#4444,.T.);
#2992=ORIENTED_EDGE('',*,*,#4447,.T.);
#2993=ORIENTED_EDGE('',*,*,#4449,.T.);
#2994=ORIENTED_EDGE('',*,*,#4451,.T.);
#2995=ORIENTED_EDGE('',*,*,#4453,.T.);
#2996=ORIENTED_EDGE('',*,*,#4455,.T.);
#2997=ORIENTED_EDGE('',*,*,#4457,.T.);
#2998=ORIENTED_EDGE('',*,*,#4459,.T.);
#2999=ORIENTED_EDGE('',*,*,#4461,.T.);
#3000=ORIENTED_EDGE('',*,*,#4462,.T.);
#3001=ORIENTED_EDGE('',*,*,#3198,.T.);
#3002=ORIENTED_EDGE('',*,*,#4463,.F.);
#3003=ORIENTED_EDGE('',*,*,#3796,.F.);
#3004=ORIENTED_EDGE('',*,*,#3832,.F.);
#3005=ORIENTED_EDGE('',*,*,#3794,.F.);
#3006=ORIENTED_EDGE('',*,*,#4464,.T.);
#3007=ORIENTED_EDGE('',*,*,#3200,.T.);
#3008=ORIENTED_EDGE('',*,*,#3833,.F.);
#3009=ORIENTED_EDGE('',*,*,#3201,.T.);
#3010=ORIENTED_EDGE('',*,*,#4464,.F.);
#3011=ORIENTED_EDGE('',*,*,#3793,.F.);
#3012=ORIENTED_EDGE('',*,*,#4465,.T.);
#3013=ORIENTED_EDGE('',*,*,#3197,.T.);
#3014=ORIENTED_EDGE('',*,*,#4466,.F.);
#3015=ORIENTED_EDGE('',*,*,#3797,.F.);
#3016=ORIENTED_EDGE('',*,*,#4463,.T.);
#3017=ORIENTED_EDGE('',*,*,#3196,.T.);
#3018=ORIENTED_EDGE('',*,*,#4467,.F.);
#3019=ORIENTED_EDGE('',*,*,#3798,.F.);
#3020=ORIENTED_EDGE('',*,*,#4466,.T.);
#3021=ORIENTED_EDGE('',*,*,#3195,.T.);
#3022=ORIENTED_EDGE('',*,*,#4468,.F.);
#3023=ORIENTED_EDGE('',*,*,#3799,.F.);
#3024=ORIENTED_EDGE('',*,*,#4467,.T.);
#3025=ORIENTED_EDGE('',*,*,#3194,.T.);
#3026=ORIENTED_EDGE('',*,*,#4469,.F.);
#3027=ORIENTED_EDGE('',*,*,#3800,.F.);
#3028=ORIENTED_EDGE('',*,*,#4468,.T.);
#3029=ORIENTED_EDGE('',*,*,#3193,.T.);
#3030=ORIENTED_EDGE('',*,*,#4470,.F.);
#3031=ORIENTED_EDGE('',*,*,#3801,.F.);
#3032=ORIENTED_EDGE('',*,*,#4469,.T.);
#3033=ORIENTED_EDGE('',*,*,#3192,.T.);
#3034=ORIENTED_EDGE('',*,*,#4471,.T.);
#3035=ORIENTED_EDGE('',*,*,#3802,.F.);
#3036=ORIENTED_EDGE('',*,*,#4470,.T.);
#3037=ORIENTED_EDGE('',*,*,#3792,.F.);
#3038=ORIENTED_EDGE('',*,*,#4472,.T.);
#3039=ORIENTED_EDGE('',*,*,#3157,.T.);
#3040=ORIENTED_EDGE('',*,*,#4465,.F.);
#3041=ORIENTED_EDGE('',*,*,#3187,.T.);
#3042=ORIENTED_EDGE('',*,*,#4473,.F.);
#3043=ORIENTED_EDGE('',*,*,#3807,.F.);
#3044=ORIENTED_EDGE('',*,*,#4474,.T.);
#3045=ORIENTED_EDGE('',*,*,#3186,.T.);
#3046=ORIENTED_EDGE('',*,*,#4475,.F.);
#3047=ORIENTED_EDGE('',*,*,#3808,.F.);
#3048=ORIENTED_EDGE('',*,*,#4473,.T.);
#3049=ORIENTED_EDGE('',*,*,#3185,.T.);
#3050=ORIENTED_EDGE('',*,*,#4476,.F.);
#3051=ORIENTED_EDGE('',*,*,#3809,.F.);
#3052=ORIENTED_EDGE('',*,*,#4475,.T.);
#3053=ORIENTED_EDGE('',*,*,#3184,.T.);
#3054=ORIENTED_EDGE('',*,*,#4477,.F.);
#3055=ORIENTED_EDGE('',*,*,#3810,.F.);
#3056=ORIENTED_EDGE('',*,*,#4476,.T.);
#3057=ORIENTED_EDGE('',*,*,#3183,.T.);
#3058=ORIENTED_EDGE('',*,*,#4478,.F.);
#3059=ORIENTED_EDGE('',*,*,#3811,.F.);
#3060=ORIENTED_EDGE('',*,*,#4477,.T.);
#3061=ORIENTED_EDGE('',*,*,#3182,.T.);
#3062=ORIENTED_EDGE('',*,*,#4479,.T.);
#3063=ORIENTED_EDGE('',*,*,#3773,.F.);
#3064=ORIENTED_EDGE('',*,*,#4478,.T.);
#3065=ORIENTED_EDGE('',*,*,#3806,.F.);
#3066=ORIENTED_EDGE('',*,*,#4480,.T.);
#3067=ORIENTED_EDGE('',*,*,#3188,.T.);
#3068=ORIENTED_EDGE('',*,*,#4474,.F.);
#3069=ORIENTED_EDGE('',*,*,#3804,.F.);
#3070=ORIENTED_EDGE('',*,*,#4481,.T.);
#3071=ORIENTED_EDGE('',*,*,#3190,.F.);
#3072=ORIENTED_EDGE('',*,*,#4482,.T.);
#3073=ORIENTED_EDGE('',*,*,#3776,.T.);
#3074=ORIENTED_EDGE('',*,*,#4483,.T.);
#3075=ORIENTED_EDGE('',*,*,#3179,.T.);
#3076=ORIENTED_EDGE('',*,*,#4484,.T.);
#3077=ORIENTED_EDGE('',*,*,#3788,.T.);
#3078=ORIENTED_EDGE('',*,*,#4485,.T.);
#3079=ORIENTED_EDGE('',*,*,#3161,.T.);
#3080=ORIENTED_EDGE('',*,*,#4486,.T.);
#3081=ORIENTED_EDGE('',*,*,#3163,.T.);
#3082=ORIENTED_EDGE('',*,*,#4487,.T.);
#3083=ORIENTED_EDGE('',*,*,#3786,.T.);
#3084=ORIENTED_EDGE('',*,*,#4488,.T.);
#3085=ORIENTED_EDGE('',*,*,#3159,.F.);
#3086=ORIENTED_EDGE('',*,*,#4489,.T.);
#3087=ORIENTED_EDGE('',*,*,#3790,.F.);
#3088=ORIENTED_EDGE('',*,*,#4490,.T.);
#3089=ORIENTED_EDGE('',*,*,#3791,.F.);
#3090=ORIENTED_EDGE('',*,*,#4489,.F.);
#3091=ORIENTED_EDGE('',*,*,#3158,.F.);
#3092=ORIENTED_EDGE('',*,*,#4472,.F.);
#3093=ORIENTED_EDGE('',*,*,#3803,.F.);
#3094=ORIENTED_EDGE('',*,*,#4471,.F.);
#3095=ORIENTED_EDGE('',*,*,#3191,.F.);
#3096=ORIENTED_EDGE('',*,*,#4481,.F.);
#3097=ORIENTED_EDGE('',*,*,#3805,.F.);
#3098=ORIENTED_EDGE('',*,*,#4482,.F.);
#3099=ORIENTED_EDGE('',*,*,#3189,.F.);
#3100=ORIENTED_EDGE('',*,*,#4480,.F.);
#3101=ORIENTED_EDGE('',*,*,#3775,.F.);
#3102=ORIENTED_EDGE('',*,*,#3126,.F.);
#3103=ORIENTED_EDGE('',*,*,#3180,.F.);
#3104=ORIENTED_EDGE('',*,*,#4483,.F.);
#3105=ORIENTED_EDGE('',*,*,#3774,.F.);
#3106=ORIENTED_EDGE('',*,*,#4479,.F.);
#3107=ORIENTED_EDGE('',*,*,#3181,.F.);
#3108=ORIENTED_EDGE('',*,*,#3128,.F.);
#3109=ORIENTED_EDGE('',*,*,#3787,.F.);
#3110=ORIENTED_EDGE('',*,*,#4487,.F.);
#3111=ORIENTED_EDGE('',*,*,#3162,.F.);
#3112=ORIENTED_EDGE('',*,*,#4485,.F.);
#3113=ORIENTED_EDGE('',*,*,#3789,.F.);
#3114=ORIENTED_EDGE('',*,*,#4486,.F.);
#3115=ORIENTED_EDGE('',*,*,#3160,.F.);
#3116=ORIENTED_EDGE('',*,*,#4490,.F.);
#3117=ORIENTED_EDGE('',*,*,#3777,.F.);
#3118=ORIENTED_EDGE('',*,*,#4484,.F.);
#3119=ORIENTED_EDGE('',*,*,#3178,.F.);
#3120=ORIENTED_EDGE('',*,*,#3761,.F.);
#3121=ORIENTED_EDGE('',*,*,#3785,.F.);
#3122=ORIENTED_EDGE('',*,*,#3763,.F.);
#3123=ORIENTED_EDGE('',*,*,#3164,.F.);
#3124=ORIENTED_EDGE('',*,*,#4488,.F.);
#3125=EDGE_CURVE('',#4491,#4492,#5392,.T.);
#3126=EDGE_CURVE('',#4492,#4493,#5393,.F.);
#3127=EDGE_CURVE('',#4494,#4493,#5394,.T.);
#3128=EDGE_CURVE('',#4494,#4491,#5395,.T.);
#3129=EDGE_CURVE('',#4495,#4496,#5396,.T.);
#3130=EDGE_CURVE('',#4497,#4495,#5397,.T.);
#3131=EDGE_CURVE('',#4498,#4497,#5398,.T.);
#3132=EDGE_CURVE('',#4499,#4498,#5399,.T.);
#3133=EDGE_CURVE('',#4500,#4499,#5400,.T.);
#3134=EDGE_CURVE('',#4501,#4500,#5401,.T.);
#3135=EDGE_CURVE('',#4502,#4501,#5402,.T.);
#3136=EDGE_CURVE('',#4503,#4502,#5403,.T.);
#3137=EDGE_CURVE('',#4504,#4503,#5404,.T.);
#3138=EDGE_CURVE('',#4496,#4504,#5405,.T.);
#3139=EDGE_CURVE('',#4505,#4506,#5406,.T.);
#3140=EDGE_CURVE('',#4507,#4505,#5407,.T.);
#3141=EDGE_CURVE('',#4507,#4508,#5408,.T.);
#3142=EDGE_CURVE('',#4509,#4508,#5409,.T.);
#3143=EDGE_CURVE('',#4509,#4510,#5410,.T.);
#3144=EDGE_CURVE('',#4510,#4511,#5411,.T.);
#3145=EDGE_CURVE('',#4511,#4512,#5412,.T.);
#3146=EDGE_CURVE('',#4513,#4512,#176,.F.);
#3147=EDGE_CURVE('',#4513,#4514,#5413,.T.);
#3148=EDGE_CURVE('',#4515,#4514,#177,.F.);
#3149=EDGE_CURVE('',#4515,#4516,#5414,.T.);
#3150=EDGE_CURVE('',#4516,#4517,#5415,.T.);
#3151=EDGE_CURVE('',#4517,#4518,#5416,.T.);
#3152=EDGE_CURVE('',#4518,#4519,#5417,.T.);
#3153=EDGE_CURVE('',#4519,#4520,#5418,.T.);
#3154=EDGE_CURVE('',#4520,#4506,#5419,.T.);
#3155=EDGE_CURVE('',#4521,#4521,#178,.T.);
#3156=EDGE_CURVE('',#4522,#4522,#179,.T.);
#3157=EDGE_CURVE('',#4523,#4524,#5420,.T.);
#3158=EDGE_CURVE('',#4523,#4525,#180,.T.);
#3159=EDGE_CURVE('',#4525,#4526,#5421,.T.);
#3160=EDGE_CURVE('',#4526,#4527,#181,.F.);
#3161=EDGE_CURVE('',#4528,#4527,#5422,.T.);
#3162=EDGE_CURVE('',#4528,#4529,#182,.F.);
#3163=EDGE_CURVE('',#4530,#4529,#5423,.T.);
#3164=EDGE_CURVE('',#4530,#4531,#183,.T.);
#3165=EDGE_CURVE('',#4532,#4531,#5424,.T.);
#3166=EDGE_CURVE('',#4533,#4532,#184,.F.);
#3167=EDGE_CURVE('',#4534,#4533,#5425,.T.);
#3168=EDGE_CURVE('',#4535,#4534,#185,.F.);
#3169=EDGE_CURVE('',#4536,#4535,#5426,.T.);
#3170=EDGE_CURVE('',#4537,#4536,#186,.F.);
#3171=EDGE_CURVE('',#4538,#4537,#5427,.T.);
#3172=EDGE_CURVE('',#4539,#4538,#187,.T.);
#3173=EDGE_CURVE('',#4539,#4540,#5428,.T.);
#3174=EDGE_CURVE('',#4541,#4540,#188,.F.);
#3175=EDGE_CURVE('',#4541,#4542,#5429,.T.);
#3176=EDGE_CURVE('',#4543,#4542,#189,.F.);
#3177=EDGE_CURVE('',#4543,#4544,#5430,.T.);
#3178=EDGE_CURVE('',#4544,#4545,#190,.T.);
#3179=EDGE_CURVE('',#4546,#4545,#5431,.T.);
#3180=EDGE_CURVE('',#4546,#4492,#191,.T.);
#3181=EDGE_CURVE('',#4491,#4547,#192,.F.);
#3182=EDGE_CURVE('',#4548,#4547,#5432,.T.);
#3183=EDGE_CURVE('',#4549,#4548,#5433,.T.);
#3184=EDGE_CURVE('',#4550,#4549,#5434,.T.);
#3185=EDGE_CURVE('',#4551,#4550,#5435,.T.);
#3186=EDGE_CURVE('',#4552,#4551,#5436,.T.);
#3187=EDGE_CURVE('',#4553,#4552,#5437,.T.);
#3188=EDGE_CURVE('',#4554,#4553,#5438,.T.);
#3189=EDGE_CURVE('',#4554,#4555,#193,.T.);
#3190=EDGE_CURVE('',#4555,#4556,#5439,.T.);
#3191=EDGE_CURVE('',#4556,#4557,#194,.T.);
#3192=EDGE_CURVE('',#4558,#4557,#5440,.T.);
#3193=EDGE_CURVE('',#4559,#4558,#5441,.T.);
#3194=EDGE_CURVE('',#4560,#4559,#5442,.T.);
#3195=EDGE_CURVE('',#4561,#4560,#5443,.T.);
#3196=EDGE_CURVE('',#4562,#4561,#5444,.T.);
#3197=EDGE_CURVE('',#4563,#4562,#5445,.T.);
#3198=EDGE_CURVE('',#4564,#4563,#5446,.T.);
#3199=EDGE_CURVE('',#4564,#4565,#195,.T.);
#3200=EDGE_CURVE('',#4566,#4565,#5447,.T.);
#3201=EDGE_CURVE('',#4524,#4566,#5448,.T.);
#3202=EDGE_CURVE('',#4567,#4568,#5449,.T.);
#3203=EDGE_CURVE('',#4567,#4569,#5450,.T.);
#3204=EDGE_CURVE('',#4570,#4569,#5451,.T.);
#3205=EDGE_CURVE('',#4570,#4571,#5452,.T.);
#3206=EDGE_CURVE('',#4571,#4572,#5453,.T.);
#3207=EDGE_CURVE('',#4572,#4568,#5454,.T.);
#3208=EDGE_CURVE('',#4567,#4573,#44,.T.);
#3209=EDGE_CURVE('',#4574,#4568,#196,.T.);
#3210=EDGE_CURVE('',#4573,#4574,#5455,.T.);
#3211=EDGE_CURVE('',#4575,#4576,#5456,.T.);
#3212=EDGE_CURVE('',#4575,#4577,#45,.T.);
#3213=EDGE_CURVE('',#4577,#4578,#5457,.T.);
#3214=EDGE_CURVE('',#4576,#4578,#39,.T.);
#3215=EDGE_CURVE('',#4579,#4580,#46,.T.);
#3216=EDGE_CURVE('',#4579,#4581,#5458,.T.);
#3217=EDGE_CURVE('',#4582,#4581,#197,.T.);
#3218=EDGE_CURVE('',#4580,#4582,#5459,.T.);
#3219=EDGE_CURVE('',#4583,#4584,#5460,.T.);
#3220=EDGE_CURVE('',#4583,#4585,#5461,.T.);
#3221=EDGE_CURVE('',#4586,#4585,#5462,.T.);
#3222=EDGE_CURVE('',#4586,#4584,#5463,.T.);
#3223=EDGE_CURVE('',#4587,#4588,#5464,.T.);
#3224=EDGE_CURVE('',#4587,#4589,#47,.T.);
#3225=EDGE_CURVE('',#4589,#4590,#5465,.T.);
#3226=EDGE_CURVE('',#4588,#4590,#40,.F.);
#3227=EDGE_CURVE('',#4591,#4592,#5466,.T.);
#3228=EDGE_CURVE('',#4591,#4593,#5467,.T.);
#3229=EDGE_CURVE('',#4594,#4593,#5468,.T.);
#3230=EDGE_CURVE('',#4595,#4594,#198,.F.);
#3231=EDGE_CURVE('',#4595,#4592,#5469,.T.);
#3232=EDGE_CURVE('',#4596,#4597,#48,.F.);
#3233=EDGE_CURVE('',#4596,#4598,#5470,.T.);
#3234=EDGE_CURVE('',#4599,#4598,#199,.T.);
#3235=EDGE_CURVE('',#4600,#4599,#41,.T.);
#3236=EDGE_CURVE('',#4600,#4597,#5471,.F.);
#3237=EDGE_CURVE('',#4601,#4602,#5472,.T.);
#3238=EDGE_CURVE('',#4601,#4516,#5473,.T.);
#3239=EDGE_CURVE('',#4603,#4515,#5474,.T.);
#3240=EDGE_CURVE('',#4604,#4603,#5475,.F.);
#3241=EDGE_CURVE('',#4604,#4605,#5476,.T.);
#3242=EDGE_CURVE('',#4606,#4605,#5477,.T.);
#3243=EDGE_CURVE('',#4606,#4602,#5478,.T.);
#3244=EDGE_CURVE('',#4607,#4570,#5479,.T.);
#3245=EDGE_CURVE('',#4608,#4607,#5480,.T.);
#3246=EDGE_CURVE('',#4609,#4608,#5481,.T.);
#3247=EDGE_CURVE('',#4610,#4609,#5482,.T.);
#3248=EDGE_CURVE('',#4611,#4610,#5483,.T.);
#3249=EDGE_CURVE('',#4612,#4611,#5484,.T.);
#3250=EDGE_CURVE('',#4612,#4613,#5485,.T.);
#3251=EDGE_CURVE('',#4614,#4613,#5486,.T.);
#3252=EDGE_CURVE('',#4615,#4614,#5487,.T.);
#3253=EDGE_CURVE('',#4616,#4615,#5488,.T.);
#3254=EDGE_CURVE('',#4617,#4616,#5489,.T.);
#3255=EDGE_CURVE('',#4618,#4617,#5490,.T.);
#3256=EDGE_CURVE('',#4619,#4618,#5491,.T.);
#3257=EDGE_CURVE('',#4620,#4619,#5492,.T.);
#3258=EDGE_CURVE('',#4621,#4620,#5493,.T.);
#3259=EDGE_CURVE('',#4622,#4621,#5494,.T.);
#3260=EDGE_CURVE('',#4623,#4622,#5495,.T.);
#3261=EDGE_CURVE('',#4624,#4623,#5496,.T.);
#3262=EDGE_CURVE('',#4625,#4624,#5497,.T.);
#3263=EDGE_CURVE('',#4626,#4625,#5498,.T.);
#3264=EDGE_CURVE('',#4627,#4626,#5499,.T.);
#3265=EDGE_CURVE('',#4628,#4627,#5500,.T.);
#3266=EDGE_CURVE('',#4629,#4628,#5501,.T.);
#3267=EDGE_CURVE('',#4629,#4630,#5502,.T.);
#3268=EDGE_CURVE('',#4631,#4630,#5503,.T.);
#3269=EDGE_CURVE('',#4632,#4631,#5504,.T.);
#3270=EDGE_CURVE('',#4632,#4633,#5505,.T.);
#3271=EDGE_CURVE('',#4633,#4634,#5506,.T.);
#3272=EDGE_CURVE('',#4634,#4635,#5507,.T.);
#3273=EDGE_CURVE('',#4635,#4636,#5508,.T.);
#3274=EDGE_CURVE('',#4636,#4571,#5509,.T.);
#3275=EDGE_CURVE('',#4637,#4637,#200,.T.);
#3276=EDGE_CURVE('',#4638,#4606,#5510,.T.);
#3277=EDGE_CURVE('',#4605,#4639,#5511,.T.);
#3278=EDGE_CURVE('',#4639,#4638,#5512,.T.);
#3279=EDGE_CURVE('',#4633,#4638,#5513,.T.);
#3280=EDGE_CURVE('',#4639,#4640,#5514,.T.);
#3281=EDGE_CURVE('',#4640,#4641,#5515,.T.);
#3282=EDGE_CURVE('',#4634,#4641,#5516,.T.);
#3283=EDGE_CURVE('',#4642,#4642,#201,.T.);
#3284=EDGE_CURVE('',#4643,#4643,#202,.T.);
#3285=EDGE_CURVE('',#4644,#4644,#203,.T.);
#3286=EDGE_CURVE('',#4645,#4645,#204,.T.);
#3287=EDGE_CURVE('',#4646,#4647,#5517,.T.);
#3288=EDGE_CURVE('',#4647,#4648,#5518,.T.);
#3289=EDGE_CURVE('',#4649,#4648,#5519,.T.);
#3290=EDGE_CURVE('',#4650,#4649,#205,.F.);
#3291=EDGE_CURVE('',#4651,#4650,#5520,.T.);
#3292=EDGE_CURVE('',#4646,#4651,#206,.F.);
#3293=EDGE_CURVE('',#4652,#4593,#5521,.T.);
#3294=EDGE_CURVE('',#4652,#4653,#5522,.T.);
#3295=EDGE_CURVE('',#4653,#4585,#5523,.T.);
#3296=EDGE_CURVE('',#4583,#4654,#5524,.T.);
#3297=EDGE_CURVE('',#4587,#4654,#5525,.T.);
#3298=EDGE_CURVE('',#4655,#4588,#5526,.T.);
#3299=EDGE_CURVE('',#4655,#4656,#5527,.T.);
#3300=EDGE_CURVE('',#4657,#4656,#5528,.T.);
#3301=EDGE_CURVE('',#4657,#4658,#5529,.T.);
#3302=EDGE_CURVE('',#4659,#4658,#5530,.T.);
#3303=EDGE_CURVE('',#4660,#4659,#5531,.T.);
#3304=EDGE_CURVE('',#4661,#4660,#5532,.T.);
#3305=EDGE_CURVE('',#4661,#4662,#5533,.T.);
#3306=EDGE_CURVE('',#4597,#4662,#5534,.T.);
#3307=EDGE_CURVE('',#4594,#4600,#5535,.T.);
#3308=EDGE_CURVE('',#4663,#4664,#5536,.T.);
#3309=EDGE_CURVE('',#4664,#4665,#5537,.T.);
#3310=EDGE_CURVE('',#4666,#4665,#5538,.T.);
#3311=EDGE_CURVE('',#4667,#4666,#5539,.T.);
#3312=EDGE_CURVE('',#4668,#4667,#5540,.T.);
#3313=EDGE_CURVE('',#4669,#4668,#5541,.T.);
#3314=EDGE_CURVE('',#4670,#4669,#5542,.T.);
#3315=EDGE_CURVE('',#4663,#4670,#5543,.T.);
#3316=EDGE_CURVE('',#4671,#4672,#5544,.T.);
#3317=EDGE_CURVE('',#4672,#4673,#5545,.T.);
#3318=EDGE_CURVE('',#4674,#4673,#5546,.T.);
#3319=EDGE_CURVE('',#4671,#4674,#5547,.T.);
#3320=EDGE_CURVE('',#4674,#4675,#5548,.T.);
#3321=EDGE_CURVE('',#4673,#4676,#5549,.T.);
#3322=EDGE_CURVE('',#4677,#4676,#5550,.T.);
#3323=EDGE_CURVE('',#4678,#4677,#5551,.T.);
#3324=EDGE_CURVE('',#4679,#4678,#5552,.T.);
#3325=EDGE_CURVE('',#4680,#4679,#207,.F.);
#3326=EDGE_CURVE('',#4681,#4680,#5553,.T.);
#3327=EDGE_CURVE('',#4682,#4681,#208,.F.);
#3328=EDGE_CURVE('',#4682,#4683,#5554,.T.);
#3329=EDGE_CURVE('',#4684,#4683,#5555,.T.);
#3330=EDGE_CURVE('',#4685,#4684,#5556,.T.);
#3331=EDGE_CURVE('',#4686,#4685,#209,.F.);
#3332=EDGE_CURVE('',#4687,#4686,#5557,.T.);
#3333=EDGE_CURVE('',#4688,#4687,#210,.F.);
#3334=EDGE_CURVE('',#4688,#4689,#5558,.T.);
#3335=EDGE_CURVE('',#4690,#4689,#5559,.T.);
#3336=EDGE_CURVE('',#4691,#4690,#5560,.T.);
#3337=EDGE_CURVE('',#4692,#4691,#211,.F.);
#3338=EDGE_CURVE('',#4693,#4692,#5561,.T.);
#3339=EDGE_CURVE('',#4694,#4693,#212,.F.);
#3340=EDGE_CURVE('',#4694,#4695,#5562,.T.);
#3341=EDGE_CURVE('',#4696,#4695,#5563,.T.);
#3342=EDGE_CURVE('',#4697,#4696,#5564,.T.);
#3343=EDGE_CURVE('',#4675,#4697,#213,.F.);
#3344=EDGE_CURVE('',#4636,#4698,#5565,.T.);
#3345=EDGE_CURVE('',#4698,#4672,#5566,.T.);
#3346=EDGE_CURVE('',#4671,#4699,#5567,.T.);
#3347=EDGE_CURVE('',#4700,#4699,#214,.F.);
#3348=EDGE_CURVE('',#4700,#4701,#5568,.T.);
#3349=EDGE_CURVE('',#4572,#4701,#5569,.T.);
#3350=EDGE_CURVE('',#4702,#4703,#5570,.T.);
#3351=EDGE_CURVE('',#4506,#4703,#5571,.T.);
#3352=EDGE_CURVE('',#4704,#4520,#5572,.T.);
#3353=EDGE_CURVE('',#4705,#4704,#5573,.T.);
#3354=EDGE_CURVE('',#4705,#4706,#5574,.T.);
#3355=EDGE_CURVE('',#4706,#4707,#5575,.T.);
#3356=EDGE_CURVE('',#4708,#4707,#5576,.T.);
#3357=EDGE_CURVE('',#4709,#4708,#5577,.T.);
#3358=EDGE_CURVE('',#4710,#4709,#5578,.T.);
#3359=EDGE_CURVE('',#4711,#4710,#5579,.T.);
#3360=EDGE_CURVE('',#4711,#4712,#215,.T.);
#3361=EDGE_CURVE('',#4713,#4712,#5580,.T.);
#3362=EDGE_CURVE('',#4714,#4713,#5581,.T.);
#3363=EDGE_CURVE('',#4715,#4714,#5582,.T.);
#3364=EDGE_CURVE('',#4715,#4716,#5583,.T.);
#3365=EDGE_CURVE('',#4717,#4716,#5584,.T.);
#3366=EDGE_CURVE('',#4661,#4717,#5585,.T.);
#3367=EDGE_CURVE('',#4718,#4660,#49,.F.);
#3368=EDGE_CURVE('',#4719,#4718,#5586,.T.);
#3369=EDGE_CURVE('',#4720,#4719,#5587,.T.);
#3370=EDGE_CURVE('',#4721,#4720,#5588,.T.);
#3371=EDGE_CURVE('',#4721,#4722,#5589,.T.);
#3372=EDGE_CURVE('',#4722,#4723,#50,.F.);
#3373=EDGE_CURVE('',#4724,#4723,#5590,.T.);
#3374=EDGE_CURVE('',#4725,#4724,#5591,.T.);
#3375=EDGE_CURVE('',#4726,#4725,#5592,.T.);
#3376=EDGE_CURVE('',#4727,#4726,#5593,.T.);
#3377=EDGE_CURVE('',#4728,#4727,#5594,.T.);
#3378=EDGE_CURVE('',#4729,#4728,#5595,.T.);
#3379=EDGE_CURVE('',#4730,#4729,#5596,.T.);
#3380=EDGE_CURVE('',#4731,#4730,#5597,.T.);
#3381=EDGE_CURVE('',#4731,#4732,#5598,.T.);
#3382=EDGE_CURVE('',#4733,#4732,#51,.F.);
#3383=EDGE_CURVE('',#4734,#4733,#5599,.T.);
#3384=EDGE_CURVE('',#4734,#4735,#52,.F.);
#3385=EDGE_CURVE('',#4736,#4735,#5600,.T.);
#3386=EDGE_CURVE('',#4737,#4736,#5601,.T.);
#3387=EDGE_CURVE('',#4737,#4738,#5602,.T.);
#3388=EDGE_CURVE('',#4739,#4738,#5603,.T.);
#3389=EDGE_CURVE('',#4739,#4740,#5604,.T.);
#3390=EDGE_CURVE('',#4740,#4741,#5605,.T.);
#3391=EDGE_CURVE('',#4741,#4742,#5606,.T.);
#3392=EDGE_CURVE('',#4742,#4743,#5607,.T.);
#3393=EDGE_CURVE('',#4744,#4743,#5608,.T.);
#3394=EDGE_CURVE('',#4702,#4744,#5609,.T.);
#3395=EDGE_CURVE('',#4745,#4746,#5610,.T.);
#3396=EDGE_CURVE('',#4745,#4747,#216,.T.);
#3397=EDGE_CURVE('',#4748,#4747,#5611,.T.);
#3398=EDGE_CURVE('',#4749,#4748,#5612,.T.);
#3399=EDGE_CURVE('',#4750,#4749,#5613,.T.);
#3400=EDGE_CURVE('',#4751,#4750,#5614,.T.);
#3401=EDGE_CURVE('',#4752,#4751,#5615,.T.);
#3402=EDGE_CURVE('',#4753,#4752,#5616,.T.);
#3403=EDGE_CURVE('',#4754,#4753,#5617,.T.);
#3404=EDGE_CURVE('',#4755,#4754,#5618,.T.);
#3405=EDGE_CURVE('',#4746,#4755,#5619,.T.);
#3406=EDGE_CURVE('',#4756,#4757,#5620,.T.);
#3407=EDGE_CURVE('',#4758,#4756,#5621,.T.);
#3408=EDGE_CURVE('',#4759,#4758,#5622,.T.);
#3409=EDGE_CURVE('',#4760,#4759,#5623,.T.);
#3410=EDGE_CURVE('',#4761,#4760,#5624,.T.);
#3411=EDGE_CURVE('',#4762,#4761,#5625,.T.);
#3412=EDGE_CURVE('',#4763,#4762,#5626,.T.);
#3413=EDGE_CURVE('',#4764,#4763,#5627,.T.);
#3414=EDGE_CURVE('',#4765,#4764,#5628,.T.);
#3415=EDGE_CURVE('',#4757,#4765,#5629,.T.);
#3416=EDGE_CURVE('',#4766,#4767,#5630,.T.);
#3417=EDGE_CURVE('',#4768,#4766,#5631,.T.);
#3418=EDGE_CURVE('',#4769,#4768,#5632,.T.);
#3419=EDGE_CURVE('',#4770,#4769,#5633,.T.);
#3420=EDGE_CURVE('',#4771,#4770,#5634,.T.);
#3421=EDGE_CURVE('',#4772,#4771,#5635,.T.);
#3422=EDGE_CURVE('',#4773,#4772,#5636,.T.);
#3423=EDGE_CURVE('',#4774,#4773,#5637,.T.);
#3424=EDGE_CURVE('',#4775,#4774,#5638,.T.);
#3425=EDGE_CURVE('',#4767,#4775,#5639,.T.);
#3426=EDGE_CURVE('',#4776,#4777,#5640,.T.);
#3427=EDGE_CURVE('',#4778,#4776,#5641,.T.);
#3428=EDGE_CURVE('',#4779,#4778,#5642,.T.);
#3429=EDGE_CURVE('',#4780,#4779,#5643,.T.);
#3430=EDGE_CURVE('',#4781,#4780,#5644,.T.);
#3431=EDGE_CURVE('',#4782,#4781,#5645,.T.);
#3432=EDGE_CURVE('',#4783,#4782,#5646,.T.);
#3433=EDGE_CURVE('',#4784,#4783,#5647,.T.);
#3434=EDGE_CURVE('',#4785,#4784,#5648,.T.);
#3435=EDGE_CURVE('',#4777,#4785,#5649,.T.);
#3436=EDGE_CURVE('',#4786,#4787,#5650,.T.);
#3437=EDGE_CURVE('',#4788,#4786,#5651,.T.);
#3438=EDGE_CURVE('',#4789,#4788,#5652,.T.);
#3439=EDGE_CURVE('',#4790,#4789,#5653,.T.);
#3440=EDGE_CURVE('',#4791,#4790,#5654,.T.);
#3441=EDGE_CURVE('',#4792,#4791,#5655,.T.);
#3442=EDGE_CURVE('',#4793,#4792,#5656,.T.);
#3443=EDGE_CURVE('',#4794,#4793,#5657,.T.);
#3444=EDGE_CURVE('',#4795,#4794,#5658,.T.);
#3445=EDGE_CURVE('',#4787,#4795,#5659,.T.);
#3446=EDGE_CURVE('',#4796,#4797,#5660,.T.);
#3447=EDGE_CURVE('',#4796,#4798,#217,.T.);
#3448=EDGE_CURVE('',#4799,#4798,#5661,.T.);
#3449=EDGE_CURVE('',#4800,#4799,#5662,.T.);
#3450=EDGE_CURVE('',#4801,#4800,#5663,.T.);
#3451=EDGE_CURVE('',#4802,#4801,#5664,.T.);
#3452=EDGE_CURVE('',#4803,#4802,#5665,.T.);
#3453=EDGE_CURVE('',#4804,#4803,#5666,.T.);
#3454=EDGE_CURVE('',#4805,#4804,#5667,.T.);
#3455=EDGE_CURVE('',#4806,#4805,#5668,.T.);
#3456=EDGE_CURVE('',#4797,#4806,#5669,.T.);
#3457=EDGE_CURVE('',#4807,#4808,#5670,.T.);
#3458=EDGE_CURVE('',#4809,#4807,#5671,.T.);
#3459=EDGE_CURVE('',#4810,#4809,#5672,.T.);
#3460=EDGE_CURVE('',#4811,#4810,#5673,.T.);
#3461=EDGE_CURVE('',#4812,#4811,#5674,.T.);
#3462=EDGE_CURVE('',#4813,#4812,#5675,.T.);
#3463=EDGE_CURVE('',#4814,#4813,#5676,.T.);
#3464=EDGE_CURVE('',#4815,#4814,#5677,.T.);
#3465=EDGE_CURVE('',#4816,#4815,#5678,.T.);
#3466=EDGE_CURVE('',#4808,#4816,#5679,.T.);
#3467=EDGE_CURVE('',#4817,#4818,#5680,.T.);
#3468=EDGE_CURVE('',#4819,#4817,#5681,.T.);
#3469=EDGE_CURVE('',#4820,#4819,#5682,.T.);
#3470=EDGE_CURVE('',#4821,#4820,#5683,.T.);
#3471=EDGE_CURVE('',#4822,#4821,#5684,.T.);
#3472=EDGE_CURVE('',#4823,#4822,#5685,.T.);
#3473=EDGE_CURVE('',#4824,#4823,#5686,.T.);
#3474=EDGE_CURVE('',#4825,#4824,#5687,.T.);
#3475=EDGE_CURVE('',#4826,#4825,#5688,.T.);
#3476=EDGE_CURVE('',#4818,#4826,#5689,.T.);
#3477=EDGE_CURVE('',#4827,#4828,#5690,.T.);
#3478=EDGE_CURVE('',#4829,#4827,#5691,.T.);
#3479=EDGE_CURVE('',#4830,#4829,#5692,.T.);
#3480=EDGE_CURVE('',#4831,#4830,#5693,.T.);
#3481=EDGE_CURVE('',#4832,#4831,#5694,.T.);
#3482=EDGE_CURVE('',#4833,#4832,#5695,.T.);
#3483=EDGE_CURVE('',#4834,#4833,#5696,.T.);
#3484=EDGE_CURVE('',#4835,#4834,#5697,.T.);
#3485=EDGE_CURVE('',#4836,#4835,#5698,.T.);
#3486=EDGE_CURVE('',#4828,#4836,#5699,.T.);
#3487=EDGE_CURVE('',#4837,#4838,#5700,.T.);
#3488=EDGE_CURVE('',#4839,#4837,#5701,.T.);
#3489=EDGE_CURVE('',#4840,#4839,#5702,.T.);
#3490=EDGE_CURVE('',#4841,#4840,#5703,.T.);
#3491=EDGE_CURVE('',#4842,#4841,#5704,.T.);
#3492=EDGE_CURVE('',#4843,#4842,#5705,.T.);
#3493=EDGE_CURVE('',#4844,#4843,#5706,.T.);
#3494=EDGE_CURVE('',#4845,#4844,#5707,.T.);
#3495=EDGE_CURVE('',#4846,#4845,#5708,.T.);
#3496=EDGE_CURVE('',#4838,#4846,#5709,.T.);
#3497=EDGE_CURVE('',#4847,#4848,#5710,.T.);
#3498=EDGE_CURVE('',#4849,#4847,#5711,.T.);
#3499=EDGE_CURVE('',#4850,#4849,#5712,.T.);
#3500=EDGE_CURVE('',#4851,#4850,#5713,.T.);
#3501=EDGE_CURVE('',#4852,#4851,#5714,.T.);
#3502=EDGE_CURVE('',#4853,#4852,#5715,.T.);
#3503=EDGE_CURVE('',#4854,#4853,#5716,.T.);
#3504=EDGE_CURVE('',#4855,#4854,#5717,.T.);
#3505=EDGE_CURVE('',#4856,#4855,#5718,.T.);
#3506=EDGE_CURVE('',#4848,#4856,#5719,.T.);
#3507=EDGE_CURVE('',#4857,#4858,#5720,.T.);
#3508=EDGE_CURVE('',#4859,#4857,#5721,.T.);
#3509=EDGE_CURVE('',#4860,#4859,#5722,.T.);
#3510=EDGE_CURVE('',#4861,#4860,#5723,.T.);
#3511=EDGE_CURVE('',#4862,#4861,#5724,.T.);
#3512=EDGE_CURVE('',#4863,#4862,#5725,.T.);
#3513=EDGE_CURVE('',#4864,#4863,#5726,.T.);
#3514=EDGE_CURVE('',#4865,#4864,#5727,.T.);
#3515=EDGE_CURVE('',#4866,#4865,#5728,.T.);
#3516=EDGE_CURVE('',#4858,#4866,#5729,.T.);
#3517=EDGE_CURVE('',#4867,#4868,#5730,.T.);
#3518=EDGE_CURVE('',#4869,#4867,#5731,.T.);
#3519=EDGE_CURVE('',#4870,#4869,#5732,.T.);
#3520=EDGE_CURVE('',#4871,#4870,#5733,.T.);
#3521=EDGE_CURVE('',#4872,#4871,#5734,.T.);
#3522=EDGE_CURVE('',#4873,#4872,#5735,.T.);
#3523=EDGE_CURVE('',#4874,#4873,#5736,.T.);
#3524=EDGE_CURVE('',#4875,#4874,#5737,.T.);
#3525=EDGE_CURVE('',#4876,#4875,#5738,.T.);
#3526=EDGE_CURVE('',#4868,#4876,#5739,.T.);
#3527=EDGE_CURVE('',#4877,#4878,#5740,.T.);
#3528=EDGE_CURVE('',#4879,#4877,#5741,.T.);
#3529=EDGE_CURVE('',#4880,#4879,#5742,.T.);
#3530=EDGE_CURVE('',#4881,#4880,#5743,.T.);
#3531=EDGE_CURVE('',#4882,#4881,#5744,.T.);
#3532=EDGE_CURVE('',#4883,#4882,#5745,.T.);
#3533=EDGE_CURVE('',#4884,#4883,#5746,.T.);
#3534=EDGE_CURVE('',#4885,#4884,#5747,.T.);
#3535=EDGE_CURVE('',#4886,#4885,#5748,.T.);
#3536=EDGE_CURVE('',#4878,#4886,#5749,.T.);
#3537=EDGE_CURVE('',#4887,#4888,#5750,.T.);
#3538=EDGE_CURVE('',#4889,#4887,#5751,.T.);
#3539=EDGE_CURVE('',#4890,#4889,#5752,.T.);
#3540=EDGE_CURVE('',#4891,#4890,#5753,.T.);
#3541=EDGE_CURVE('',#4892,#4891,#5754,.T.);
#3542=EDGE_CURVE('',#4893,#4892,#5755,.T.);
#3543=EDGE_CURVE('',#4894,#4893,#5756,.T.);
#3544=EDGE_CURVE('',#4895,#4894,#5757,.T.);
#3545=EDGE_CURVE('',#4896,#4895,#5758,.T.);
#3546=EDGE_CURVE('',#4888,#4896,#5759,.T.);
#3547=EDGE_CURVE('',#4897,#4898,#5760,.T.);
#3548=EDGE_CURVE('',#4899,#4897,#5761,.T.);
#3549=EDGE_CURVE('',#4900,#4899,#5762,.T.);
#3550=EDGE_CURVE('',#4901,#4900,#5763,.T.);
#3551=EDGE_CURVE('',#4902,#4901,#5764,.T.);
#3552=EDGE_CURVE('',#4903,#4902,#5765,.T.);
#3553=EDGE_CURVE('',#4904,#4903,#5766,.T.);
#3554=EDGE_CURVE('',#4905,#4904,#5767,.T.);
#3555=EDGE_CURVE('',#4906,#4905,#5768,.T.);
#3556=EDGE_CURVE('',#4898,#4906,#5769,.T.);
#3557=EDGE_CURVE('',#4907,#4908,#5770,.T.);
#3558=EDGE_CURVE('',#4909,#4907,#218,.T.);
#3559=EDGE_CURVE('',#4910,#4909,#5771,.T.);
#3560=EDGE_CURVE('',#4911,#4910,#219,.T.);
#3561=EDGE_CURVE('',#4912,#4911,#5772,.F.);
#3562=EDGE_CURVE('',#4913,#4912,#220,.T.);
#3563=EDGE_CURVE('',#4914,#4913,#5773,.F.);
#3564=EDGE_CURVE('',#4915,#4914,#221,.T.);
#3565=EDGE_CURVE('',#4915,#4916,#5774,.T.);
#3566=EDGE_CURVE('',#4917,#4916,#222,.F.);
#3567=EDGE_CURVE('',#4908,#4917,#5775,.T.);
#3568=EDGE_CURVE('',#4918,#4919,#5776,.F.);
#3569=EDGE_CURVE('',#4916,#4919,#42,.T.);
#3570=EDGE_CURVE('',#4920,#4915,#43,.T.);
#3571=EDGE_CURVE('',#4921,#4920,#5777,.F.);
#3572=EDGE_CURVE('',#4921,#4918,#5778,.T.);
#3573=EDGE_CURVE('',#4922,#4923,#5779,.T.);
#3574=EDGE_CURVE('',#4924,#4923,#223,.F.);
#3575=EDGE_CURVE('',#4924,#4511,#5780,.T.);
#3576=EDGE_CURVE('',#4510,#4925,#5781,.T.);
#3577=EDGE_CURVE('',#4925,#4640,#5782,.T.);
#3578=EDGE_CURVE('',#4922,#4604,#224,.F.);
#3579=EDGE_CURVE('',#4926,#4927,#225,.T.);
#3580=EDGE_CURVE('',#4928,#4926,#5783,.T.);
#3581=EDGE_CURVE('',#4928,#4929,#226,.T.);
#3582=EDGE_CURVE('',#4930,#4929,#227,.T.);
#3583=EDGE_CURVE('',#4930,#4931,#5784,.T.);
#3584=EDGE_CURVE('',#4932,#4931,#228,.T.);
#3585=EDGE_CURVE('',#4932,#4933,#5785,.T.);
#3586=EDGE_CURVE('',#4933,#4934,#229,.T.);
#3587=EDGE_CURVE('',#4935,#4934,#230,.T.);
#3588=EDGE_CURVE('',#4927,#4935,#5786,.T.);
#3589=EDGE_CURVE('',#4936,#4936,#231,.T.);
#3590=EDGE_CURVE('',#4937,#4938,#5787,.T.);
#3591=EDGE_CURVE('',#4939,#4938,#232,.F.);
#3592=EDGE_CURVE('',#4939,#4940,#5788,.T.);
#3593=EDGE_CURVE('',#4941,#4940,#233,.F.);
#3594=EDGE_CURVE('',#4942,#4941,#5789,.T.);
#3595=EDGE_CURVE('',#4943,#4942,#234,.F.);
#3596=EDGE_CURVE('',#4944,#4943,#5790,.T.);
#3597=EDGE_CURVE('',#4937,#4944,#235,.F.);
#3598=EDGE_CURVE('',#4945,#4945,#236,.T.);
#3599=EDGE_CURVE('',#4505,#4703,#5791,.T.);
#3600=EDGE_CURVE('',#4507,#4702,#5792,.T.);
#3601=EDGE_CURVE('',#4946,#4509,#5793,.T.);
#3602=EDGE_CURVE('',#4947,#4946,#5794,.T.);
#3603=EDGE_CURVE('',#4947,#4925,#5795,.T.);
#3604=EDGE_CURVE('',#4744,#4948,#5796,.T.);
#3605=EDGE_CURVE('',#4948,#4949,#5797,.T.);
#3606=EDGE_CURVE('',#4949,#4950,#5798,.T.);
#3607=EDGE_CURVE('',#4508,#4950,#5799,.T.);
#3608=EDGE_CURVE('',#4517,#4706,#5800,.T.);
#3609=EDGE_CURVE('',#4705,#4518,#5801,.T.);
#3610=EDGE_CURVE('',#4704,#4519,#5802,.T.);
#3611=EDGE_CURVE('',#4742,#4951,#5803,.T.);
#3612=EDGE_CURVE('',#4951,#4952,#5804,.T.);
#3613=EDGE_CURVE('',#4743,#4952,#5805,.T.);
#3614=EDGE_CURVE('',#4741,#4953,#5806,.T.);
#3615=EDGE_CURVE('',#4953,#4951,#5807,.T.);
#3616=EDGE_CURVE('',#4740,#4954,#5808,.T.);
#3617=EDGE_CURVE('',#4954,#4953,#5809,.T.);
#3618=EDGE_CURVE('',#4955,#4739,#5810,.T.);
#3619=EDGE_CURVE('',#4956,#4955,#5811,.T.);
#3620=EDGE_CURVE('',#4956,#4954,#5812,.T.);
#3621=EDGE_CURVE('',#4635,#4957,#5813,.T.);
#3622=EDGE_CURVE('',#4957,#4698,#5814,.T.);
#3623=EDGE_CURVE('',#4641,#4957,#5815,.T.);
#3624=EDGE_CURVE('',#4948,#4952,#5816,.T.);
#3625=EDGE_CURVE('',#4958,#4959,#5817,.T.);
#3626=EDGE_CURVE('',#4677,#4958,#5818,.T.);
#3627=EDGE_CURVE('',#4676,#4956,#5819,.T.);
#3628=EDGE_CURVE('',#4959,#4955,#5820,.T.);
#3629=EDGE_CURVE('',#4737,#4958,#5821,.T.);
#3630=EDGE_CURVE('',#4738,#4959,#5822,.T.);
#3631=EDGE_CURVE('',#4960,#4961,#5823,.T.);
#3632=EDGE_CURVE('',#4962,#4961,#237,.F.);
#3633=EDGE_CURVE('',#4962,#4963,#5824,.T.);
#3634=EDGE_CURVE('',#4964,#4963,#238,.F.);
#3635=EDGE_CURVE('',#4964,#4965,#5825,.T.);
#3636=EDGE_CURVE('',#4966,#4965,#239,.F.);
#3637=EDGE_CURVE('',#4966,#4967,#5826,.T.);
#3638=EDGE_CURVE('',#4960,#4967,#240,.F.);
#3639=EDGE_CURVE('',#4968,#4968,#241,.T.);
#3640=EDGE_CURVE('',#4969,#4970,#5827,.T.);
#3641=EDGE_CURVE('',#4971,#4970,#242,.F.);
#3642=EDGE_CURVE('',#4971,#4972,#5828,.T.);
#3643=EDGE_CURVE('',#4973,#4972,#243,.F.);
#3644=EDGE_CURVE('',#4974,#4973,#5829,.T.);
#3645=EDGE_CURVE('',#4975,#4974,#244,.F.);
#3646=EDGE_CURVE('',#4976,#4975,#5830,.T.);
#3647=EDGE_CURVE('',#4969,#4976,#245,.F.);
#3648=EDGE_CURVE('',#4977,#4977,#246,.T.);
#3649=EDGE_CURVE('',#4978,#4978,#247,.T.);
#3650=EDGE_CURVE('',#4979,#4980,#5831,.T.);
#3651=EDGE_CURVE('',#4981,#4979,#248,.F.);
#3652=EDGE_CURVE('',#4981,#4696,#5832,.T.);
#3653=EDGE_CURVE('',#4695,#4982,#5833,.T.);
#3654=EDGE_CURVE('',#4983,#4982,#249,.F.);
#3655=EDGE_CURVE('',#4983,#4984,#5834,.T.);
#3656=EDGE_CURVE('',#4985,#4984,#250,.F.);
#3657=EDGE_CURVE('',#4985,#4690,#5835,.T.);
#3658=EDGE_CURVE('',#4689,#4986,#5836,.T.);
#3659=EDGE_CURVE('',#4987,#4986,#251,.F.);
#3660=EDGE_CURVE('',#4987,#4988,#5837,.T.);
#3661=EDGE_CURVE('',#4989,#4988,#252,.F.);
#3662=EDGE_CURVE('',#4989,#4684,#5838,.T.);
#3663=EDGE_CURVE('',#4683,#4990,#5839,.T.);
#3664=EDGE_CURVE('',#4991,#4990,#253,.F.);
#3665=EDGE_CURVE('',#4991,#4992,#5840,.T.);
#3666=EDGE_CURVE('',#4993,#4992,#254,.F.);
#3667=EDGE_CURVE('',#4993,#4678,#5841,.T.);
#3668=EDGE_CURVE('',#4994,#4736,#5842,.T.);
#3669=EDGE_CURVE('',#4994,#4995,#255,.T.);
#3670=EDGE_CURVE('',#4996,#4995,#5843,.T.);
#3671=EDGE_CURVE('',#4997,#4996,#256,.T.);
#3672=EDGE_CURVE('',#4997,#4582,#5844,.T.);
#3673=EDGE_CURVE('',#4998,#4581,#5845,.T.);
#3674=EDGE_CURVE('',#4998,#4999,#257,.T.);
#3675=EDGE_CURVE('',#4999,#5000,#5846,.T.);
#3676=EDGE_CURVE('',#4918,#5000,#258,.T.);
#3677=EDGE_CURVE('',#5001,#4921,#259,.T.);
#3678=EDGE_CURVE('',#5002,#5001,#5847,.T.);
#3679=EDGE_CURVE('',#4657,#5002,#5848,.T.);
#3680=EDGE_CURVE('',#4665,#4656,#260,.T.);
#3681=EDGE_CURVE('',#5003,#4664,#261,.T.);
#3682=EDGE_CURVE('',#5003,#4574,#5849,.T.);
#3683=EDGE_CURVE('',#5004,#4701,#5850,.T.);
#3684=EDGE_CURVE('',#4980,#5004,#262,.F.);
#3685=EDGE_CURVE('',#4950,#4946,#5851,.T.);
#3686=EDGE_CURVE('',#4949,#4947,#5852,.T.);
#3687=EDGE_CURVE('',#5005,#5005,#53,.F.);
#3688=EDGE_CURVE('',#5006,#5006,#54,.F.);
#3689=EDGE_CURVE('',#5007,#5007,#55,.F.);
#3690=EDGE_CURVE('',#5008,#5008,#56,.F.);
#3691=EDGE_CURVE('',#5009,#5010,#5853,.T.);
#3692=EDGE_CURVE('',#5010,#5011,#263,.T.);
#3693=EDGE_CURVE('',#5012,#5011,#264,.T.);
#3694=EDGE_CURVE('',#5013,#5012,#5854,.T.);
#3695=EDGE_CURVE('',#5013,#5014,#265,.T.);
#3696=EDGE_CURVE('',#5015,#5014,#5855,.T.);
#3697=EDGE_CURVE('',#5015,#5016,#266,.T.);
#3698=EDGE_CURVE('',#5017,#5016,#267,.T.);
#3699=EDGE_CURVE('',#5017,#5018,#5856,.T.);
#3700=EDGE_CURVE('',#5018,#5009,#268,.T.);
#3701=EDGE_CURVE('',#4926,#5018,#5857,.T.);
#3702=EDGE_CURVE('',#4927,#5009,#5858,.T.);
#3703=EDGE_CURVE('',#4935,#5010,#5859,.T.);
#3704=EDGE_CURVE('',#4934,#5011,#5860,.T.);
#3705=EDGE_CURVE('',#4933,#5012,#5861,.T.);
#3706=EDGE_CURVE('',#4932,#5013,#5862,.T.);
#3707=EDGE_CURVE('',#4931,#5014,#5863,.T.);
#3708=EDGE_CURVE('',#4930,#5015,#5864,.T.);
#3709=EDGE_CURVE('',#4929,#5016,#5865,.T.);
#3710=EDGE_CURVE('',#4928,#5017,#5866,.T.);
#3711=EDGE_CURVE('',#5019,#5019,#269,.F.);
#3712=EDGE_CURVE('',#5020,#5020,#270,.T.);
#3713=EDGE_CURVE('',#5021,#5021,#271,.F.);
#3714=EDGE_CURVE('',#5022,#5022,#272,.T.);
#3715=EDGE_CURVE('',#4944,#5023,#5867,.F.);
#3716=EDGE_CURVE('',#5024,#4943,#5868,.T.);
#3717=EDGE_CURVE('',#5023,#5024,#5869,.T.);
#3718=EDGE_CURVE('',#4938,#5025,#5870,.F.);
#3719=EDGE_CURVE('',#5026,#4937,#5871,.T.);
#3720=EDGE_CURVE('',#5025,#5026,#5872,.F.);
#3721=EDGE_CURVE('',#5002,#5027,#5873,.T.);
#3722=EDGE_CURVE('',#4940,#5001,#5874,.F.);
#3723=EDGE_CURVE('',#5028,#4939,#5875,.T.);
#3724=EDGE_CURVE('',#5027,#5028,#5876,.F.);
#3725=EDGE_CURVE('',#4942,#5029,#5877,.F.);
#3726=EDGE_CURVE('',#5030,#4941,#5878,.T.);
#3727=EDGE_CURVE('',#5029,#5030,#5879,.T.);
#3728=EDGE_CURVE('',#4908,#5027,#273,.T.);
#3729=EDGE_CURVE('',#4658,#4908,#5880,.T.);
#3730=EDGE_CURVE('',#5024,#5029,#274,.F.);
#3731=EDGE_CURVE('',#5028,#5025,#275,.F.);
#3732=EDGE_CURVE('',#5026,#5023,#276,.F.);
#3733=EDGE_CURVE('',#5030,#4920,#277,.F.);
#3734=EDGE_CURVE('',#4914,#5030,#278,.T.);
#3735=EDGE_CURVE('',#4913,#5029,#279,.T.);
#3736=EDGE_CURVE('',#4912,#5024,#280,.T.);
#3737=EDGE_CURVE('',#4911,#5023,#281,.T.);
#3738=EDGE_CURVE('',#4910,#5026,#282,.T.);
#3739=EDGE_CURVE('',#4909,#5025,#283,.T.);
#3740=EDGE_CURVE('',#4907,#5028,#284,.T.);
#3741=EDGE_CURVE('',#5031,#5031,#285,.T.);
#3742=EDGE_CURVE('',#5032,#5033,#286,.F.);
#3743=EDGE_CURVE('',#5032,#4798,#5881,.T.);
#3744=EDGE_CURVE('',#4796,#5033,#5882,.F.);
#3745=EDGE_CURVE('',#5034,#5034,#287,.T.);
#3746=EDGE_CURVE('',#5035,#5036,#288,.F.);
#3747=EDGE_CURVE('',#5035,#4747,#5883,.T.);
#3748=EDGE_CURVE('',#4745,#5036,#5884,.F.);
#3749=EDGE_CURVE('',#5037,#5037,#289,.T.);
#3750=EDGE_CURVE('',#5038,#5039,#290,.F.);
#3751=EDGE_CURVE('',#5038,#4712,#5885,.T.);
#3752=EDGE_CURVE('',#4711,#5039,#5886,.F.);
#3753=EDGE_CURVE('',#5040,#5040,#291,.T.);
#3754=EDGE_CURVE('',#5041,#4539,#5887,.T.);
#3755=EDGE_CURVE('',#5041,#5042,#5888,.T.);
#3756=EDGE_CURVE('',#4540,#5042,#5889,.F.);
#3757=EDGE_CURVE('',#5043,#4541,#5890,.T.);
#3758=EDGE_CURVE('',#5043,#5044,#5891,.T.);
#3759=EDGE_CURVE('',#4542,#5044,#5892,.F.);
#3760=EDGE_CURVE('',#5045,#5046,#5893,.T.);
#3761=EDGE_CURVE('',#5046,#4544,#5894,.T.);
#3762=EDGE_CURVE('',#5045,#4543,#5895,.T.);
#3763=EDGE_CURVE('',#4531,#5047,#5896,.F.);
#3764=EDGE_CURVE('',#5048,#5047,#5897,.T.);
#3765=EDGE_CURVE('',#4532,#5048,#5898,.F.);
#3766=EDGE_CURVE('',#5049,#5050,#5899,.T.);
#3767=EDGE_CURVE('',#4534,#5049,#5900,.F.);
#3768=EDGE_CURVE('',#5050,#4533,#5901,.T.);
#3769=EDGE_CURVE('',#5051,#4535,#5902,.T.);
#3770=EDGE_CURVE('',#5052,#5051,#5903,.T.);
#3771=EDGE_CURVE('',#4536,#5052,#5904,.T.);
#3772=EDGE_CURVE('',#5053,#5053,#292,.T.);
#3773=EDGE_CURVE('',#5054,#5055,#5905,.T.);
#3774=EDGE_CURVE('',#5055,#4494,#293,.T.);
#3775=EDGE_CURVE('',#4493,#5056,#294,.F.);
#3776=EDGE_CURVE('',#5057,#5056,#5906,.T.);
#3777=EDGE_CURVE('',#5057,#5046,#295,.F.);
#3778=EDGE_CURVE('',#5044,#5045,#296,.T.);
#3779=EDGE_CURVE('',#5042,#5043,#297,.T.);
#3780=EDGE_CURVE('',#5058,#5041,#298,.F.);
#3781=EDGE_CURVE('',#5059,#5058,#5907,.T.);
#3782=EDGE_CURVE('',#5052,#5059,#299,.T.);
#3783=EDGE_CURVE('',#5049,#5051,#300,.T.);
#3784=EDGE_CURVE('',#5048,#5050,#301,.T.);
#3785=EDGE_CURVE('',#5047,#5060,#302,.F.);
#3786=EDGE_CURVE('',#5061,#5060,#5908,.T.);
#3787=EDGE_CURVE('',#5061,#5062,#303,.T.);
#3788=EDGE_CURVE('',#5063,#5062,#5909,.T.);
#3789=EDGE_CURVE('',#5063,#5064,#304,.T.);
#3790=EDGE_CURVE('',#5064,#5065,#5910,.T.);
#3791=EDGE_CURVE('',#5065,#5066,#305,.F.);
#3792=EDGE_CURVE('',#5066,#5067,#5911,.T.);
#3793=EDGE_CURVE('',#5067,#5068,#5912,.T.);
#3794=EDGE_CURVE('',#5068,#5069,#5913,.T.);
#3795=EDGE_CURVE('',#5069,#5070,#306,.F.);
#3796=EDGE_CURVE('',#5070,#5071,#5914,.T.);
#3797=EDGE_CURVE('',#5071,#5072,#5915,.T.);
#3798=EDGE_CURVE('',#5072,#5073,#5916,.T.);
#3799=EDGE_CURVE('',#5073,#5074,#5917,.T.);
#3800=EDGE_CURVE('',#5074,#5075,#5918,.T.);
#3801=EDGE_CURVE('',#5075,#5076,#5919,.T.);
#3802=EDGE_CURVE('',#5076,#5077,#5920,.T.);
#3803=EDGE_CURVE('',#5077,#5078,#307,.F.);
#3804=EDGE_CURVE('',#5078,#5079,#5921,.T.);
#3805=EDGE_CURVE('',#5079,#5080,#308,.F.);
#3806=EDGE_CURVE('',#5080,#5081,#5922,.T.);
#3807=EDGE_CURVE('',#5081,#5082,#5923,.T.);
#3808=EDGE_CURVE('',#5082,#5083,#5924,.T.);
#3809=EDGE_CURVE('',#5083,#5084,#5925,.T.);
#3810=EDGE_CURVE('',#5084,#5085,#5926,.T.);
#3811=EDGE_CURVE('',#5085,#5054,#5927,.T.);
#3812=EDGE_CURVE('',#5086,#5086,#309,.T.);
#3813=EDGE_CURVE('',#5087,#5087,#310,.T.);
#3814=EDGE_CURVE('',#5088,#5088,#311,.T.);
#3815=EDGE_CURVE('',#5059,#4537,#5928,.F.);
#3816=EDGE_CURVE('',#4538,#5058,#5929,.F.);
#3817=EDGE_CURVE('',#4512,#5089,#5930,.F.);
#3818=EDGE_CURVE('',#5089,#4924,#5931,.F.);
#3819=EDGE_CURVE('',#4514,#5090,#5932,.F.);
#3820=EDGE_CURVE('',#5091,#4513,#5933,.T.);
#3821=EDGE_CURVE('',#5090,#5091,#5934,.F.);
#3822=EDGE_CURVE('',#5092,#4922,#5935,.T.);
#3823=EDGE_CURVE('',#5093,#5092,#5936,.T.);
#3824=EDGE_CURVE('',#4923,#5093,#5937,.T.);
#3825=EDGE_CURVE('',#5091,#5089,#312,.T.);
#3826=EDGE_CURVE('',#4603,#5090,#313,.T.);
#3827=EDGE_CURVE('',#4603,#5092,#314,.T.);
#3828=EDGE_CURVE('',#5090,#5092,#315,.T.);
#3829=EDGE_CURVE('',#5091,#5093,#316,.T.);
#3830=EDGE_CURVE('',#5089,#5093,#317,.T.);
#3831=EDGE_CURVE('',#5094,#5094,#318,.T.);
#3832=EDGE_CURVE('',#4564,#5070,#5938,.F.);
#3833=EDGE_CURVE('',#5069,#4565,#5939,.T.);
#3834=EDGE_CURVE('',#5095,#5095,#319,.T.);
#3835=EDGE_CURVE('',#5096,#5096,#320,.T.);
#3836=EDGE_CURVE('',#4612,#5097,#5940,.T.);
#3837=EDGE_CURVE('',#4573,#5097,#5941,.T.);
#3838=EDGE_CURVE('',#5098,#5003,#5942,.T.);
#3839=EDGE_CURVE('',#4578,#5098,#5943,.T.);
#3840=EDGE_CURVE('',#5099,#4577,#5944,.T.);
#3841=EDGE_CURVE('',#5099,#4613,#5945,.T.);
#3842=EDGE_CURVE('',#5100,#4621,#5946,.T.);
#3843=EDGE_CURVE('',#5100,#4575,#5947,.T.);
#3844=EDGE_CURVE('',#5101,#4576,#321,.F.);
#3845=EDGE_CURVE('',#5101,#5102,#5948,.T.);
#3846=EDGE_CURVE('',#4590,#5102,#322,.F.);
#3847=EDGE_CURVE('',#4589,#5103,#5949,.T.);
#3848=EDGE_CURVE('',#4622,#5103,#5950,.T.);
#3849=EDGE_CURVE('',#4718,#5104,#5951,.T.);
#3850=EDGE_CURVE('',#4919,#4659,#323,.T.);
#3851=EDGE_CURVE('',#5105,#5000,#5952,.T.);
#3852=EDGE_CURVE('',#5105,#5104,#57,.T.);
#3853=EDGE_CURVE('',#4721,#5106,#5953,.T.);
#3854=EDGE_CURVE('',#5105,#5106,#5954,.T.);
#3855=EDGE_CURVE('',#4722,#4999,#5955,.T.);
#3856=EDGE_CURVE('',#4723,#4998,#5956,.T.);
#3857=EDGE_CURVE('',#4727,#5107,#5957,.T.);
#3858=EDGE_CURVE('',#5108,#4726,#5958,.T.);
#3859=EDGE_CURVE('',#5108,#5109,#5959,.T.);
#3860=EDGE_CURVE('',#4724,#5109,#5960,.T.);
#3861=EDGE_CURVE('',#4579,#5107,#5961,.T.);
#3862=EDGE_CURVE('',#4731,#5110,#5962,.T.);
#3863=EDGE_CURVE('',#4580,#5110,#5963,.T.);
#3864=EDGE_CURVE('',#4732,#4997,#5964,.T.);
#3865=EDGE_CURVE('',#4733,#4996,#5965,.T.);
#3866=EDGE_CURVE('',#4734,#4995,#5966,.T.);
#3867=EDGE_CURVE('',#4735,#4994,#5967,.T.);
#3868=EDGE_CURVE('',#4982,#5111,#5968,.F.);
#3869=EDGE_CURVE('',#5111,#4694,#5969,.F.);
#3870=EDGE_CURVE('',#4984,#5112,#5970,.F.);
#3871=EDGE_CURVE('',#5113,#4983,#5971,.T.);
#3872=EDGE_CURVE('',#5112,#5113,#5972,.F.);
#3873=EDGE_CURVE('',#5114,#4985,#5973,.T.);
#3874=EDGE_CURVE('',#4691,#5114,#5974,.F.);
#3875=EDGE_CURVE('',#5115,#5116,#5975,.T.);
#3876=EDGE_CURVE('',#4693,#5115,#5976,.T.);
#3877=EDGE_CURVE('',#5116,#4692,#5977,.T.);
#3878=EDGE_CURVE('',#4986,#5117,#5978,.F.);
#3879=EDGE_CURVE('',#5117,#4688,#5979,.F.);
#3880=EDGE_CURVE('',#4988,#5118,#5980,.F.);
#3881=EDGE_CURVE('',#5119,#4987,#5981,.T.);
#3882=EDGE_CURVE('',#5118,#5119,#5982,.F.);
#3883=EDGE_CURVE('',#5120,#4989,#5983,.T.);
#3884=EDGE_CURVE('',#4685,#5120,#5984,.F.);
#3885=EDGE_CURVE('',#5121,#5122,#5985,.T.);
#3886=EDGE_CURVE('',#4687,#5121,#5986,.T.);
#3887=EDGE_CURVE('',#5122,#4686,#5987,.T.);
#3888=EDGE_CURVE('',#4990,#5123,#5988,.F.);
#3889=EDGE_CURVE('',#5123,#4682,#5989,.F.);
#3890=EDGE_CURVE('',#4992,#5124,#5990,.F.);
#3891=EDGE_CURVE('',#5125,#4991,#5991,.T.);
#3892=EDGE_CURVE('',#5124,#5125,#5992,.F.);
#3893=EDGE_CURVE('',#5126,#4993,#5993,.T.);
#3894=EDGE_CURVE('',#4679,#5126,#5994,.F.);
#3895=EDGE_CURVE('',#5127,#5128,#5995,.T.);
#3896=EDGE_CURVE('',#4681,#5127,#5996,.T.);
#3897=EDGE_CURVE('',#5128,#4680,#5997,.T.);
#3898=EDGE_CURVE('',#5004,#5129,#5998,.F.);
#3899=EDGE_CURVE('',#5129,#4700,#5999,.T.);
#3900=EDGE_CURVE('',#4979,#5130,#6000,.F.);
#3901=EDGE_CURVE('',#5131,#4980,#6001,.T.);
#3902=EDGE_CURVE('',#5130,#5131,#6002,.T.);
#3903=EDGE_CURVE('',#5132,#4981,#6003,.T.);
#3904=EDGE_CURVE('',#4697,#5132,#6004,.F.);
#3905=EDGE_CURVE('',#5133,#5134,#6005,.F.);
#3906=EDGE_CURVE('',#4699,#5133,#6006,.F.);
#3907=EDGE_CURVE('',#5134,#4675,#6007,.T.);
#3908=EDGE_CURVE('',#5119,#5117,#324,.T.);
#3909=EDGE_CURVE('',#5125,#5123,#325,.T.);
#3910=EDGE_CURVE('',#5126,#5124,#326,.T.);
#3911=EDGE_CURVE('',#5120,#5118,#327,.T.);
#3912=EDGE_CURVE('',#5114,#5112,#328,.T.);
#3913=EDGE_CURVE('',#5131,#5129,#329,.T.);
#3914=EDGE_CURVE('',#5132,#5130,#330,.F.);
#3915=EDGE_CURVE('',#5113,#5111,#331,.T.);
#3916=EDGE_CURVE('',#5133,#5129,#332,.T.);
#3917=EDGE_CURVE('',#5133,#5131,#333,.T.);
#3918=EDGE_CURVE('',#5134,#5130,#334,.T.);
#3919=EDGE_CURVE('',#5134,#5132,#335,.T.);
#3920=EDGE_CURVE('',#5127,#5123,#336,.T.);
#3921=EDGE_CURVE('',#5127,#5125,#337,.T.);
#3922=EDGE_CURVE('',#5128,#5124,#338,.T.);
#3923=EDGE_CURVE('',#5128,#5126,#339,.T.);
#3924=EDGE_CURVE('',#5121,#5117,#340,.T.);
#3925=EDGE_CURVE('',#5121,#5119,#341,.T.);
#3926=EDGE_CURVE('',#5122,#5118,#342,.T.);
#3927=EDGE_CURVE('',#5122,#5120,#343,.T.);
#3928=EDGE_CURVE('',#5115,#5111,#344,.T.);
#3929=EDGE_CURVE('',#5115,#5113,#345,.T.);
#3930=EDGE_CURVE('',#5116,#5112,#346,.T.);
#3931=EDGE_CURVE('',#5116,#5114,#347,.T.);
#3932=EDGE_CURVE('',#4666,#4655,#348,.T.);
#3933=EDGE_CURVE('',#5098,#4663,#349,.T.);
#3934=EDGE_CURVE('',#5135,#5136,#6008,.F.);
#3935=EDGE_CURVE('',#4651,#5135,#6009,.F.);
#3936=EDGE_CURVE('',#5137,#4650,#6010,.F.);
#3937=EDGE_CURVE('',#5138,#5137,#6011,.F.);
#3938=EDGE_CURVE('',#5102,#5138,#6012,.F.);
#3939=EDGE_CURVE('',#5136,#5101,#6013,.F.);
#3940=EDGE_CURVE('',#5139,#5139,#350,.F.);
#3941=EDGE_CURVE('',#5140,#5140,#351,.F.);
#3942=EDGE_CURVE('',#5141,#5142,#6014,.F.);
#3943=EDGE_CURVE('',#5143,#5141,#6015,.T.);
#3944=EDGE_CURVE('',#5144,#5143,#6016,.T.);
#3945=EDGE_CURVE('',#5142,#5144,#6017,.F.);
#3946=EDGE_CURVE('',#5145,#4969,#6018,.T.);
#3947=EDGE_CURVE('',#5146,#5145,#6019,.T.);
#3948=EDGE_CURVE('',#4970,#5146,#6020,.F.);
#3949=EDGE_CURVE('',#5147,#4975,#6021,.T.);
#3950=EDGE_CURVE('',#5148,#5147,#6022,.F.);
#3951=EDGE_CURVE('',#4976,#5148,#6023,.F.);
#3952=EDGE_CURVE('',#5149,#4971,#6024,.T.);
#3953=EDGE_CURVE('',#5150,#5149,#6025,.T.);
#3954=EDGE_CURVE('',#4972,#5150,#6026,.F.);
#3955=EDGE_CURVE('',#5151,#5152,#6027,.F.);
#3956=EDGE_CURVE('',#4974,#5151,#6028,.F.);
#3957=EDGE_CURVE('',#5152,#4973,#6029,.T.);
#3958=EDGE_CURVE('',#5153,#5153,#352,.F.);
#3959=EDGE_CURVE('',#5154,#5155,#353,.T.);
#3960=EDGE_CURVE('',#5156,#5154,#6030,.F.);
#3961=EDGE_CURVE('',#5157,#5156,#354,.T.);
#3962=EDGE_CURVE('',#5158,#5157,#6031,.F.);
#3963=EDGE_CURVE('',#5159,#5158,#355,.T.);
#3964=EDGE_CURVE('',#5160,#5159,#6032,.F.);
#3965=EDGE_CURVE('',#5161,#5160,#356,.T.);
#3966=EDGE_CURVE('',#5155,#5161,#6033,.F.);
#3967=EDGE_CURVE('',#4961,#5162,#6034,.F.);
#3968=EDGE_CURVE('',#5163,#4960,#6035,.T.);
#3969=EDGE_CURVE('',#5162,#5163,#6036,.T.);
#3970=EDGE_CURVE('',#4963,#5164,#6037,.F.);
#3971=EDGE_CURVE('',#5165,#4962,#6038,.T.);
#3972=EDGE_CURVE('',#5164,#5165,#6039,.T.);
#3973=EDGE_CURVE('',#4965,#5166,#6040,.F.);
#3974=EDGE_CURVE('',#5167,#4964,#6041,.T.);
#3975=EDGE_CURVE('',#5166,#5167,#6042,.T.);
#3976=EDGE_CURVE('',#4967,#5168,#6043,.F.);
#3977=EDGE_CURVE('',#5169,#4966,#6044,.T.);
#3978=EDGE_CURVE('',#5168,#5169,#6045,.T.);
#3979=EDGE_CURVE('',#5165,#5162,#357,.F.);
#3980=EDGE_CURVE('',#5167,#5164,#358,.F.);
#3981=EDGE_CURVE('',#5169,#5166,#359,.F.);
#3982=EDGE_CURVE('',#5163,#5168,#360,.F.);
#3983=EDGE_CURVE('',#5157,#5166,#361,.T.);
#3984=EDGE_CURVE('',#5167,#5158,#362,.T.);
#3985=EDGE_CURVE('',#5164,#5159,#363,.T.);
#3986=EDGE_CURVE('',#5156,#5169,#364,.T.);
#3987=EDGE_CURVE('',#5165,#5160,#365,.T.);
#3988=EDGE_CURVE('',#5154,#5168,#366,.T.);
#3989=EDGE_CURVE('',#5162,#5161,#367,.T.);
#3990=EDGE_CURVE('',#5155,#5163,#368,.T.);
#3991=EDGE_CURVE('',#4659,#4917,#6046,.T.);
#3992=EDGE_CURVE('',#5148,#5145,#369,.T.);
#3993=EDGE_CURVE('',#5148,#5141,#370,.F.);
#3994=EDGE_CURVE('',#5141,#5145,#371,.F.);
#3995=EDGE_CURVE('',#5146,#5149,#372,.T.);
#3996=EDGE_CURVE('',#5142,#5146,#373,.T.);
#3997=EDGE_CURVE('',#5147,#5143,#374,.T.);
#3998=EDGE_CURVE('',#5151,#5147,#375,.T.);
#3999=EDGE_CURVE('',#5142,#5149,#376,.F.);
#4000=EDGE_CURVE('',#5151,#5143,#377,.F.);
#4001=EDGE_CURVE('',#5144,#5150,#378,.T.);
#4002=EDGE_CURVE('',#5152,#5144,#379,.T.);
#4003=EDGE_CURVE('',#5152,#5150,#380,.F.);
#4004=EDGE_CURVE('',#4669,#4647,#6047,.T.);
#4005=EDGE_CURVE('',#4670,#4646,#6048,.T.);
#4006=EDGE_CURVE('',#4648,#4668,#6049,.T.);
#4007=EDGE_CURVE('',#4649,#4667,#6050,.T.);
#4008=EDGE_CURVE('',#5137,#4667,#58,.T.);
#4009=EDGE_CURVE('',#4670,#5135,#59,.F.);
#4010=EDGE_CURVE('',#5136,#4663,#60,.T.);
#4011=EDGE_CURVE('',#5136,#5098,#61,.T.);
#4012=EDGE_CURVE('',#5138,#4655,#62,.F.);
#4013=EDGE_CURVE('',#5138,#4666,#63,.F.);
#4014=EDGE_CURVE('',#5170,#5170,#381,.T.);
#4015=EDGE_CURVE('',#5171,#5171,#382,.T.);
#4016=EDGE_CURVE('',#5172,#5172,#383,.T.);
#4017=EDGE_CURVE('',#5173,#5173,#384,.T.);
#4018=EDGE_CURVE('',#4586,#5174,#6051,.T.);
#4019=EDGE_CURVE('',#5174,#5175,#6052,.T.);
#4020=EDGE_CURVE('',#4591,#5175,#6053,.T.);
#4021=EDGE_CURVE('',#5176,#4592,#6054,.T.);
#4022=EDGE_CURVE('',#4602,#5176,#6055,.F.);
#4023=EDGE_CURVE('',#4632,#5177,#6056,.T.);
#4024=EDGE_CURVE('',#5178,#5177,#6057,.T.);
#4025=EDGE_CURVE('',#5178,#4630,#6058,.T.);
#4026=EDGE_CURVE('',#4629,#5179,#6059,.T.);
#4027=EDGE_CURVE('',#5180,#5179,#6060,.T.);
#4028=EDGE_CURVE('',#5180,#4584,#6061,.T.);
#4029=EDGE_CURVE('',#5174,#4653,#6062,.T.);
#4030=EDGE_CURVE('',#5181,#4596,#6063,.T.);
#4031=EDGE_CURVE('',#5181,#4716,#6064,.T.);
#4032=EDGE_CURVE('',#4715,#5182,#6065,.T.);
#4033=EDGE_CURVE('',#5183,#5182,#6066,.T.);
#4034=EDGE_CURVE('',#5183,#4707,#6067,.T.);
#4035=EDGE_CURVE('',#5184,#4601,#6068,.F.);
#4036=EDGE_CURVE('',#4598,#5184,#6069,.T.);
#4037=EDGE_CURVE('',#4599,#4595,#6070,.F.);
#4038=EDGE_CURVE('',#5176,#5184,#6071,.T.);
#4039=EDGE_CURVE('',#5185,#4898,#6072,.T.);
#4040=EDGE_CURVE('',#5186,#5185,#6073,.T.);
#4041=EDGE_CURVE('',#5186,#4897,#6074,.T.);
#4042=EDGE_CURVE('',#5187,#4906,#6075,.T.);
#4043=EDGE_CURVE('',#5185,#5187,#6076,.T.);
#4044=EDGE_CURVE('',#5188,#4905,#6077,.T.);
#4045=EDGE_CURVE('',#5187,#5188,#6078,.T.);
#4046=EDGE_CURVE('',#5189,#4904,#6079,.T.);
#4047=EDGE_CURVE('',#5188,#5189,#6080,.T.);
#4048=EDGE_CURVE('',#5190,#4903,#6081,.T.);
#4049=EDGE_CURVE('',#5189,#5190,#6082,.T.);
#4050=EDGE_CURVE('',#5191,#4902,#6083,.T.);
#4051=EDGE_CURVE('',#5190,#5191,#6084,.T.);
#4052=EDGE_CURVE('',#5192,#4901,#6085,.T.);
#4053=EDGE_CURVE('',#5191,#5192,#6086,.T.);
#4054=EDGE_CURVE('',#5193,#4900,#6087,.T.);
#4055=EDGE_CURVE('',#5192,#5193,#6088,.T.);
#4056=EDGE_CURVE('',#5194,#4899,#6089,.T.);
#4057=EDGE_CURVE('',#5193,#5194,#6090,.T.);
#4058=EDGE_CURVE('',#5194,#5186,#6091,.T.);
#4059=EDGE_CURVE('',#5195,#4888,#6092,.T.);
#4060=EDGE_CURVE('',#5196,#5195,#6093,.T.);
#4061=EDGE_CURVE('',#5196,#4887,#6094,.T.);
#4062=EDGE_CURVE('',#5197,#4896,#6095,.T.);
#4063=EDGE_CURVE('',#5195,#5197,#6096,.T.);
#4064=EDGE_CURVE('',#5198,#4895,#6097,.T.);
#4065=EDGE_CURVE('',#5197,#5198,#6098,.T.);
#4066=EDGE_CURVE('',#5199,#4894,#6099,.T.);
#4067=EDGE_CURVE('',#5198,#5199,#6100,.T.);
#4068=EDGE_CURVE('',#5200,#4893,#6101,.T.);
#4069=EDGE_CURVE('',#5199,#5200,#6102,.T.);
#4070=EDGE_CURVE('',#5201,#4892,#6103,.T.);
#4071=EDGE_CURVE('',#5200,#5201,#6104,.T.);
#4072=EDGE_CURVE('',#5202,#4891,#6105,.T.);
#4073=EDGE_CURVE('',#5201,#5202,#6106,.T.);
#4074=EDGE_CURVE('',#5203,#4890,#6107,.T.);
#4075=EDGE_CURVE('',#5202,#5203,#6108,.T.);
#4076=EDGE_CURVE('',#5204,#4889,#6109,.T.);
#4077=EDGE_CURVE('',#5203,#5204,#6110,.T.);
#4078=EDGE_CURVE('',#5204,#5196,#6111,.T.);
#4079=EDGE_CURVE('',#5205,#4878,#6112,.T.);
#4080=EDGE_CURVE('',#5206,#5205,#6113,.T.);
#4081=EDGE_CURVE('',#5206,#4877,#6114,.T.);
#4082=EDGE_CURVE('',#5207,#4886,#6115,.T.);
#4083=EDGE_CURVE('',#5205,#5207,#6116,.T.);
#4084=EDGE_CURVE('',#5208,#4885,#6117,.T.);
#4085=EDGE_CURVE('',#5207,#5208,#6118,.T.);
#4086=EDGE_CURVE('',#5209,#4884,#6119,.T.);
#4087=EDGE_CURVE('',#5208,#5209,#6120,.T.);
#4088=EDGE_CURVE('',#5210,#4883,#6121,.T.);
#4089=EDGE_CURVE('',#5209,#5210,#6122,.T.);
#4090=EDGE_CURVE('',#5211,#4882,#6123,.T.);
#4091=EDGE_CURVE('',#5210,#5211,#6124,.T.);
#4092=EDGE_CURVE('',#5212,#4881,#6125,.T.);
#4093=EDGE_CURVE('',#5211,#5212,#6126,.T.);
#4094=EDGE_CURVE('',#5213,#4880,#6127,.T.);
#4095=EDGE_CURVE('',#5212,#5213,#6128,.T.);
#4096=EDGE_CURVE('',#5214,#4879,#6129,.T.);
#4097=EDGE_CURVE('',#5213,#5214,#6130,.T.);
#4098=EDGE_CURVE('',#5214,#5206,#6131,.T.);
#4099=EDGE_CURVE('',#5215,#4868,#6132,.T.);
#4100=EDGE_CURVE('',#5216,#5215,#6133,.T.);
#4101=EDGE_CURVE('',#5216,#4867,#6134,.T.);
#4102=EDGE_CURVE('',#5217,#4876,#6135,.T.);
#4103=EDGE_CURVE('',#5215,#5217,#6136,.T.);
#4104=EDGE_CURVE('',#5218,#4875,#6137,.T.);
#4105=EDGE_CURVE('',#5217,#5218,#6138,.T.);
#4106=EDGE_CURVE('',#5219,#4874,#6139,.T.);
#4107=EDGE_CURVE('',#5218,#5219,#6140,.T.);
#4108=EDGE_CURVE('',#5220,#4873,#6141,.T.);
#4109=EDGE_CURVE('',#5219,#5220,#6142,.T.);
#4110=EDGE_CURVE('',#5221,#4872,#6143,.T.);
#4111=EDGE_CURVE('',#5220,#5221,#6144,.T.);
#4112=EDGE_CURVE('',#5222,#4871,#6145,.T.);
#4113=EDGE_CURVE('',#5221,#5222,#6146,.T.);
#4114=EDGE_CURVE('',#5223,#4870,#6147,.T.);
#4115=EDGE_CURVE('',#5222,#5223,#6148,.T.);
#4116=EDGE_CURVE('',#5224,#4869,#6149,.T.);
#4117=EDGE_CURVE('',#5223,#5224,#6150,.T.);
#4118=EDGE_CURVE('',#5224,#5216,#6151,.T.);
#4119=EDGE_CURVE('',#5225,#4858,#6152,.T.);
#4120=EDGE_CURVE('',#5226,#5225,#6153,.T.);
#4121=EDGE_CURVE('',#5226,#4857,#6154,.T.);
#4122=EDGE_CURVE('',#5227,#4866,#6155,.T.);
#4123=EDGE_CURVE('',#5225,#5227,#6156,.T.);
#4124=EDGE_CURVE('',#5228,#4865,#6157,.T.);
#4125=EDGE_CURVE('',#5227,#5228,#6158,.T.);
#4126=EDGE_CURVE('',#5229,#4864,#6159,.T.);
#4127=EDGE_CURVE('',#5228,#5229,#6160,.T.);
#4128=EDGE_CURVE('',#5230,#4863,#6161,.T.);
#4129=EDGE_CURVE('',#5229,#5230,#6162,.T.);
#4130=EDGE_CURVE('',#5231,#4862,#6163,.T.);
#4131=EDGE_CURVE('',#5230,#5231,#6164,.T.);
#4132=EDGE_CURVE('',#5232,#4861,#6165,.T.);
#4133=EDGE_CURVE('',#5231,#5232,#6166,.T.);
#4134=EDGE_CURVE('',#5233,#4860,#6167,.T.);
#4135=EDGE_CURVE('',#5232,#5233,#6168,.T.);
#4136=EDGE_CURVE('',#5234,#4859,#6169,.T.);
#4137=EDGE_CURVE('',#5233,#5234,#6170,.T.);
#4138=EDGE_CURVE('',#5234,#5226,#6171,.T.);
#4139=EDGE_CURVE('',#5235,#4848,#6172,.T.);
#4140=EDGE_CURVE('',#5235,#5236,#385,.F.);
#4141=EDGE_CURVE('',#5237,#5236,#6173,.T.);
#4142=EDGE_CURVE('',#5237,#4847,#6174,.T.);
#4143=EDGE_CURVE('',#5238,#4856,#6175,.T.);
#4144=EDGE_CURVE('',#5238,#5235,#6176,.F.);
#4145=EDGE_CURVE('',#5239,#5240,#6177,.T.);
#4146=EDGE_CURVE('',#5239,#5238,#386,.F.);
#4147=EDGE_CURVE('',#5240,#4855,#6178,.T.);
#4148=EDGE_CURVE('',#5241,#4854,#6179,.T.);
#4149=EDGE_CURVE('',#5240,#5241,#6180,.T.);
#4150=EDGE_CURVE('',#5242,#4853,#6181,.T.);
#4151=EDGE_CURVE('',#5241,#5242,#6182,.T.);
#4152=EDGE_CURVE('',#5243,#4852,#6183,.T.);
#4153=EDGE_CURVE('',#5242,#5243,#6184,.T.);
#4154=EDGE_CURVE('',#5244,#4851,#6185,.T.);
#4155=EDGE_CURVE('',#5243,#5244,#6186,.T.);
#4156=EDGE_CURVE('',#5245,#4850,#6187,.T.);
#4157=EDGE_CURVE('',#5244,#5245,#6188,.T.);
#4158=EDGE_CURVE('',#5246,#4849,#6189,.T.);
#4159=EDGE_CURVE('',#5245,#5246,#6190,.T.);
#4160=EDGE_CURVE('',#5246,#5237,#6191,.T.);
#4161=EDGE_CURVE('',#5236,#5239,#6192,.T.);
#4162=EDGE_CURVE('',#5039,#5247,#6193,.T.);
#4163=EDGE_CURVE('',#5247,#5248,#6194,.T.);
#4164=EDGE_CURVE('',#5248,#5249,#6195,.T.);
#4165=EDGE_CURVE('',#5249,#5183,#6196,.T.);
#4166=EDGE_CURVE('',#5182,#5250,#6197,.T.);
#4167=EDGE_CURVE('',#5250,#5251,#6198,.T.);
#4168=EDGE_CURVE('',#5251,#5038,#6199,.T.);
#4169=EDGE_CURVE('',#5250,#4714,#6200,.T.);
#4170=EDGE_CURVE('',#5249,#4708,#6201,.T.);
#4171=EDGE_CURVE('',#5247,#4710,#6202,.T.);
#4172=EDGE_CURVE('',#5251,#4713,#6203,.T.);
#4173=EDGE_CURVE('',#5248,#4709,#6204,.T.);
#4174=EDGE_CURVE('',#5252,#4631,#6205,.T.);
#4175=EDGE_CURVE('',#5177,#5252,#6206,.T.);
#4176=EDGE_CURVE('',#5252,#5178,#6207,.T.);
#4177=EDGE_CURVE('',#5253,#5032,#6208,.T.);
#4178=EDGE_CURVE('',#5253,#4799,#6209,.T.);
#4179=EDGE_CURVE('',#5254,#4797,#6210,.T.);
#4180=EDGE_CURVE('',#5033,#5254,#6211,.T.);
#4181=EDGE_CURVE('',#5254,#5255,#6212,.T.);
#4182=EDGE_CURVE('',#5255,#5256,#6213,.T.);
#4183=EDGE_CURVE('',#5256,#5257,#6214,.T.);
#4184=EDGE_CURVE('',#5257,#5258,#6215,.T.);
#4185=EDGE_CURVE('',#5258,#5259,#6216,.T.);
#4186=EDGE_CURVE('',#5259,#5260,#6217,.T.);
#4187=EDGE_CURVE('',#5260,#5261,#6218,.T.);
#4188=EDGE_CURVE('',#5261,#5253,#6219,.T.);
#4189=EDGE_CURVE('',#5261,#4800,#6220,.T.);
#4190=EDGE_CURVE('',#5255,#4806,#6221,.T.);
#4191=EDGE_CURVE('',#5256,#4805,#6222,.T.);
#4192=EDGE_CURVE('',#5257,#4804,#6223,.T.);
#4193=EDGE_CURVE('',#5258,#4803,#6224,.T.);
#4194=EDGE_CURVE('',#5259,#4802,#6225,.T.);
#4195=EDGE_CURVE('',#5260,#4801,#6226,.T.);
#4196=EDGE_CURVE('',#5262,#4838,#6227,.T.);
#4197=EDGE_CURVE('',#5263,#5262,#6228,.T.);
#4198=EDGE_CURVE('',#5263,#4837,#6229,.T.);
#4199=EDGE_CURVE('',#5264,#4846,#6230,.T.);
#4200=EDGE_CURVE('',#5262,#5264,#6231,.T.);
#4201=EDGE_CURVE('',#5265,#4845,#6232,.T.);
#4202=EDGE_CURVE('',#5264,#5265,#6233,.T.);
#4203=EDGE_CURVE('',#5266,#4844,#6234,.T.);
#4204=EDGE_CURVE('',#5265,#5266,#6235,.T.);
#4205=EDGE_CURVE('',#5267,#4843,#6236,.T.);
#4206=EDGE_CURVE('',#5266,#5267,#6237,.T.);
#4207=EDGE_CURVE('',#5268,#4842,#6238,.T.);
#4208=EDGE_CURVE('',#5267,#5268,#6239,.T.);
#4209=EDGE_CURVE('',#5269,#4841,#6240,.T.);
#4210=EDGE_CURVE('',#5268,#5269,#6241,.T.);
#4211=EDGE_CURVE('',#5270,#4840,#6242,.T.);
#4212=EDGE_CURVE('',#5269,#5270,#6243,.T.);
#4213=EDGE_CURVE('',#5271,#4839,#6244,.T.);
#4214=EDGE_CURVE('',#5270,#5271,#6245,.T.);
#4215=EDGE_CURVE('',#5271,#5263,#6246,.T.);
#4216=EDGE_CURVE('',#5272,#4828,#6247,.T.);
#4217=EDGE_CURVE('',#5273,#5272,#6248,.T.);
#4218=EDGE_CURVE('',#5273,#4827,#6249,.T.);
#4219=EDGE_CURVE('',#5274,#4836,#6250,.T.);
#4220=EDGE_CURVE('',#5272,#5274,#6251,.T.);
#4221=EDGE_CURVE('',#5275,#4835,#6252,.T.);
#4222=EDGE_CURVE('',#5274,#5275,#6253,.T.);
#4223=EDGE_CURVE('',#5276,#4834,#6254,.T.);
#4224=EDGE_CURVE('',#5275,#5276,#6255,.T.);
#4225=EDGE_CURVE('',#5277,#4833,#6256,.T.);
#4226=EDGE_CURVE('',#5276,#5277,#6257,.T.);
#4227=EDGE_CURVE('',#5278,#4832,#6258,.T.);
#4228=EDGE_CURVE('',#5277,#5278,#6259,.T.);
#4229=EDGE_CURVE('',#5279,#4831,#6260,.T.);
#4230=EDGE_CURVE('',#5278,#5279,#6261,.T.);
#4231=EDGE_CURVE('',#5280,#4830,#6262,.T.);
#4232=EDGE_CURVE('',#5279,#5280,#6263,.T.);
#4233=EDGE_CURVE('',#5281,#4829,#6264,.T.);
#4234=EDGE_CURVE('',#5280,#5281,#6265,.T.);
#4235=EDGE_CURVE('',#5281,#5273,#6266,.T.);
#4236=EDGE_CURVE('',#5282,#4818,#6267,.T.);
#4237=EDGE_CURVE('',#5283,#5282,#6268,.T.);
#4238=EDGE_CURVE('',#5283,#4817,#6269,.T.);
#4239=EDGE_CURVE('',#5284,#4826,#6270,.T.);
#4240=EDGE_CURVE('',#5282,#5284,#6271,.T.);
#4241=EDGE_CURVE('',#5285,#4825,#6272,.T.);
#4242=EDGE_CURVE('',#5284,#5285,#6273,.T.);
#4243=EDGE_CURVE('',#5286,#4824,#6274,.T.);
#4244=EDGE_CURVE('',#5285,#5286,#6275,.T.);
#4245=EDGE_CURVE('',#5287,#4823,#6276,.T.);
#4246=EDGE_CURVE('',#5286,#5287,#6277,.T.);
#4247=EDGE_CURVE('',#5288,#4822,#6278,.T.);
#4248=EDGE_CURVE('',#5287,#5288,#6279,.T.);
#4249=EDGE_CURVE('',#5289,#4821,#6280,.T.);
#4250=EDGE_CURVE('',#5288,#5289,#6281,.T.);
#4251=EDGE_CURVE('',#5290,#4820,#6282,.T.);
#4252=EDGE_CURVE('',#5289,#5290,#6283,.T.);
#4253=EDGE_CURVE('',#5291,#4819,#6284,.T.);
#4254=EDGE_CURVE('',#5290,#5291,#6285,.T.);
#4255=EDGE_CURVE('',#5291,#5283,#6286,.T.);
#4256=EDGE_CURVE('',#5292,#4808,#6287,.T.);
#4257=EDGE_CURVE('',#5292,#5293,#387,.F.);
#4258=EDGE_CURVE('',#5294,#5293,#6288,.T.);
#4259=EDGE_CURVE('',#5294,#4807,#6289,.T.);
#4260=EDGE_CURVE('',#5295,#4816,#6290,.T.);
#4261=EDGE_CURVE('',#5295,#5292,#6291,.F.);
#4262=EDGE_CURVE('',#5296,#5297,#6292,.T.);
#4263=EDGE_CURVE('',#5296,#5295,#388,.F.);
#4264=EDGE_CURVE('',#5297,#4815,#6293,.T.);
#4265=EDGE_CURVE('',#5298,#4814,#6294,.T.);
#4266=EDGE_CURVE('',#5297,#5298,#6295,.T.);
#4267=EDGE_CURVE('',#5299,#4813,#6296,.T.);
#4268=EDGE_CURVE('',#5298,#5299,#6297,.T.);
#4269=EDGE_CURVE('',#5300,#4812,#6298,.T.);
#4270=EDGE_CURVE('',#5299,#5300,#6299,.T.);
#4271=EDGE_CURVE('',#5301,#4811,#6300,.T.);
#4272=EDGE_CURVE('',#5300,#5301,#6301,.T.);
#4273=EDGE_CURVE('',#5302,#4810,#6302,.T.);
#4274=EDGE_CURVE('',#5301,#5302,#6303,.T.);
#4275=EDGE_CURVE('',#5303,#4809,#6304,.T.);
#4276=EDGE_CURVE('',#5302,#5303,#6305,.T.);
#4277=EDGE_CURVE('',#5303,#5294,#6306,.T.);
#4278=EDGE_CURVE('',#5293,#5296,#6307,.T.);
#4279=EDGE_CURVE('',#4662,#5304,#6308,.T.);
#4280=EDGE_CURVE('',#5304,#5181,#6309,.T.);
#4281=EDGE_CURVE('',#5304,#4717,#6310,.T.);
#4282=EDGE_CURVE('',#5175,#4652,#6311,.T.);
#4283=EDGE_CURVE('',#4654,#5180,#6312,.T.);
#4284=EDGE_CURVE('',#5305,#4628,#6313,.T.);
#4285=EDGE_CURVE('',#5179,#5305,#6314,.T.);
#4286=EDGE_CURVE('',#5305,#5306,#6315,.T.);
#4287=EDGE_CURVE('',#5306,#5307,#6316,.T.);
#4288=EDGE_CURVE('',#5307,#5308,#6317,.T.);
#4289=EDGE_CURVE('',#5308,#5309,#6318,.T.);
#4290=EDGE_CURVE('',#5309,#5310,#6319,.T.);
#4291=EDGE_CURVE('',#5310,#5103,#6320,.T.);
#4292=EDGE_CURVE('',#5306,#4627,#6321,.T.);
#4293=EDGE_CURVE('',#5307,#4626,#6322,.T.);
#4294=EDGE_CURVE('',#5308,#4625,#6323,.T.);
#4295=EDGE_CURVE('',#5309,#4624,#6324,.T.);
#4296=EDGE_CURVE('',#5310,#4623,#6325,.T.);
#4297=EDGE_CURVE('',#5311,#4720,#6326,.T.);
#4298=EDGE_CURVE('',#5106,#5311,#6327,.T.);
#4299=EDGE_CURVE('',#5312,#4719,#6328,.T.);
#4300=EDGE_CURVE('',#5311,#5312,#6329,.T.);
#4301=EDGE_CURVE('',#5312,#5104,#6330,.T.);
#4302=EDGE_CURVE('',#5313,#4787,#6331,.T.);
#4303=EDGE_CURVE('',#5314,#5313,#6332,.T.);
#4304=EDGE_CURVE('',#5314,#4786,#6333,.T.);
#4305=EDGE_CURVE('',#5315,#4795,#6334,.T.);
#4306=EDGE_CURVE('',#5313,#5315,#6335,.T.);
#4307=EDGE_CURVE('',#5316,#4794,#6336,.T.);
#4308=EDGE_CURVE('',#5315,#5316,#6337,.T.);
#4309=EDGE_CURVE('',#5317,#4793,#6338,.T.);
#4310=EDGE_CURVE('',#5316,#5317,#6339,.T.);
#4311=EDGE_CURVE('',#5318,#4792,#6340,.T.);
#4312=EDGE_CURVE('',#5317,#5318,#6341,.T.);
#4313=EDGE_CURVE('',#5319,#4791,#6342,.T.);
#4314=EDGE_CURVE('',#5318,#5319,#6343,.T.);
#4315=EDGE_CURVE('',#5320,#4790,#6344,.T.);
#4316=EDGE_CURVE('',#5319,#5320,#6345,.T.);
#4317=EDGE_CURVE('',#5321,#4789,#6346,.T.);
#4318=EDGE_CURVE('',#5320,#5321,#6347,.T.);
#4319=EDGE_CURVE('',#5322,#4788,#6348,.T.);
#4320=EDGE_CURVE('',#5321,#5322,#6349,.T.);
#4321=EDGE_CURVE('',#5322,#5314,#6350,.T.);
#4322=EDGE_CURVE('',#5323,#4777,#6351,.T.);
#4323=EDGE_CURVE('',#5324,#5323,#6352,.T.);
#4324=EDGE_CURVE('',#5324,#4776,#6353,.T.);
#4325=EDGE_CURVE('',#5325,#4785,#6354,.T.);
#4326=EDGE_CURVE('',#5323,#5325,#6355,.T.);
#4327=EDGE_CURVE('',#5326,#4784,#6356,.T.);
#4328=EDGE_CURVE('',#5325,#5326,#6357,.T.);
#4329=EDGE_CURVE('',#5327,#4783,#6358,.T.);
#4330=EDGE_CURVE('',#5326,#5327,#6359,.T.);
#4331=EDGE_CURVE('',#5328,#4782,#6360,.T.);
#4332=EDGE_CURVE('',#5327,#5328,#6361,.T.);
#4333=EDGE_CURVE('',#5329,#4781,#6362,.T.);
#4334=EDGE_CURVE('',#5328,#5329,#6363,.T.);
#4335=EDGE_CURVE('',#5330,#4780,#6364,.T.);
#4336=EDGE_CURVE('',#5329,#5330,#6365,.T.);
#4337=EDGE_CURVE('',#5331,#4779,#6366,.T.);
#4338=EDGE_CURVE('',#5330,#5331,#6367,.T.);
#4339=EDGE_CURVE('',#5332,#4778,#6368,.T.);
#4340=EDGE_CURVE('',#5331,#5332,#6369,.T.);
#4341=EDGE_CURVE('',#5332,#5324,#6370,.T.);
#4342=EDGE_CURVE('',#5333,#4767,#6371,.T.);
#4343=EDGE_CURVE('',#5333,#5334,#389,.F.);
#4344=EDGE_CURVE('',#5335,#5334,#6372,.T.);
#4345=EDGE_CURVE('',#5335,#4766,#6373,.T.);
#4346=EDGE_CURVE('',#5336,#4775,#6374,.T.);
#4347=EDGE_CURVE('',#5336,#5333,#6375,.F.);
#4348=EDGE_CURVE('',#5337,#5338,#6376,.T.);
#4349=EDGE_CURVE('',#5337,#5336,#390,.F.);
#4350=EDGE_CURVE('',#5338,#4774,#6377,.T.);
#4351=EDGE_CURVE('',#5339,#4773,#6378,.T.);
#4352=EDGE_CURVE('',#5338,#5339,#6379,.T.);
#4353=EDGE_CURVE('',#5340,#4772,#6380,.T.);
#4354=EDGE_CURVE('',#5339,#5340,#6381,.T.);
#4355=EDGE_CURVE('',#5341,#4771,#6382,.T.);
#4356=EDGE_CURVE('',#5340,#5341,#6383,.T.);
#4357=EDGE_CURVE('',#5342,#4770,#6384,.T.);
#4358=EDGE_CURVE('',#5341,#5342,#6385,.T.);
#4359=EDGE_CURVE('',#5343,#4769,#6386,.T.);
#4360=EDGE_CURVE('',#5342,#5343,#6387,.T.);
#4361=EDGE_CURVE('',#5344,#4768,#6388,.T.);
#4362=EDGE_CURVE('',#5343,#5344,#6389,.T.);
#4363=EDGE_CURVE('',#5344,#5335,#6390,.T.);
#4364=EDGE_CURVE('',#5334,#5337,#6391,.T.);
#4365=EDGE_CURVE('',#5345,#4611,#6392,.T.);
#4366=EDGE_CURVE('',#5097,#5345,#6393,.T.);
#4367=EDGE_CURVE('',#5345,#5346,#6394,.T.);
#4368=EDGE_CURVE('',#5346,#5347,#6395,.T.);
#4369=EDGE_CURVE('',#5347,#5348,#6396,.T.);
#4370=EDGE_CURVE('',#5348,#5349,#6397,.T.);
#4371=EDGE_CURVE('',#5349,#4569,#6398,.T.);
#4372=EDGE_CURVE('',#5349,#4607,#6399,.T.);
#4373=EDGE_CURVE('',#5346,#4610,#6400,.T.);
#4374=EDGE_CURVE('',#5347,#4609,#6401,.T.);
#4375=EDGE_CURVE('',#5348,#4608,#6402,.T.);
#4376=EDGE_CURVE('',#5350,#4730,#6403,.T.);
#4377=EDGE_CURVE('',#5110,#5350,#6404,.T.);
#4378=EDGE_CURVE('',#5351,#4729,#6405,.T.);
#4379=EDGE_CURVE('',#5350,#5351,#6406,.T.);
#4380=EDGE_CURVE('',#5352,#4728,#6407,.T.);
#4381=EDGE_CURVE('',#5351,#5352,#6408,.T.);
#4382=EDGE_CURVE('',#5352,#5107,#6409,.T.);
#4383=EDGE_CURVE('',#5353,#4725,#6410,.T.);
#4384=EDGE_CURVE('',#5108,#5353,#6411,.T.);
#4385=EDGE_CURVE('',#5353,#5109,#6412,.T.);
#4386=EDGE_CURVE('',#5354,#5099,#6413,.T.);
#4387=EDGE_CURVE('',#5354,#4614,#6414,.T.);
#4388=EDGE_CURVE('',#5100,#5355,#6415,.T.);
#4389=EDGE_CURVE('',#5355,#5356,#6416,.T.);
#4390=EDGE_CURVE('',#5356,#5357,#6417,.T.);
#4391=EDGE_CURVE('',#5357,#5358,#6418,.T.);
#4392=EDGE_CURVE('',#5358,#5359,#6419,.T.);
#4393=EDGE_CURVE('',#5359,#5360,#6420,.T.);
#4394=EDGE_CURVE('',#5360,#5354,#6421,.T.);
#4395=EDGE_CURVE('',#5355,#4620,#6422,.T.);
#4396=EDGE_CURVE('',#5356,#4619,#6423,.T.);
#4397=EDGE_CURVE('',#5357,#4618,#6424,.T.);
#4398=EDGE_CURVE('',#5358,#4617,#6425,.T.);
#4399=EDGE_CURVE('',#5359,#4616,#6426,.T.);
#4400=EDGE_CURVE('',#5360,#4615,#6427,.T.);
#4401=EDGE_CURVE('',#5361,#5035,#6428,.T.);
#4402=EDGE_CURVE('',#5361,#4748,#6429,.T.);
#4403=EDGE_CURVE('',#5362,#4746,#6430,.T.);
#4404=EDGE_CURVE('',#5036,#5362,#6431,.T.);
#4405=EDGE_CURVE('',#5362,#5363,#6432,.T.);
#4406=EDGE_CURVE('',#5363,#5364,#6433,.T.);
#4407=EDGE_CURVE('',#5364,#5365,#6434,.T.);
#4408=EDGE_CURVE('',#5365,#5366,#6435,.T.);
#4409=EDGE_CURVE('',#5366,#5367,#6436,.T.);
#4410=EDGE_CURVE('',#5367,#5368,#6437,.T.);
#4411=EDGE_CURVE('',#5368,#5369,#6438,.T.);
#4412=EDGE_CURVE('',#5369,#5361,#6439,.T.);
#4413=EDGE_CURVE('',#5369,#4749,#6440,.T.);
#4414=EDGE_CURVE('',#5363,#4755,#6441,.T.);
#4415=EDGE_CURVE('',#5364,#4754,#6442,.T.);
#4416=EDGE_CURVE('',#5365,#4753,#6443,.T.);
#4417=EDGE_CURVE('',#5366,#4752,#6444,.T.);
#4418=EDGE_CURVE('',#5367,#4751,#6445,.T.);
#4419=EDGE_CURVE('',#5368,#4750,#6446,.T.);
#4420=EDGE_CURVE('',#5370,#4757,#6447,.T.);
#4421=EDGE_CURVE('',#5370,#5371,#391,.F.);
#4422=EDGE_CURVE('',#5372,#5371,#6448,.T.);
#4423=EDGE_CURVE('',#5372,#4756,#6449,.T.);
#4424=EDGE_CURVE('',#5373,#4765,#6450,.T.);
#4425=EDGE_CURVE('',#5373,#5370,#6451,.F.);
#4426=EDGE_CURVE('',#5374,#5375,#6452,.T.);
#4427=EDGE_CURVE('',#5374,#5373,#392,.F.);
#4428=EDGE_CURVE('',#5375,#4764,#6453,.T.);
#4429=EDGE_CURVE('',#5376,#4763,#6454,.T.);
#4430=EDGE_CURVE('',#5375,#5376,#6455,.T.);
#4431=EDGE_CURVE('',#5377,#4762,#6456,.T.);
#4432=EDGE_CURVE('',#5376,#5377,#6457,.T.);
#4433=EDGE_CURVE('',#5378,#4761,#6458,.T.);
#4434=EDGE_CURVE('',#5377,#5378,#6459,.T.);
#4435=EDGE_CURVE('',#5379,#4760,#6460,.T.);
#4436=EDGE_CURVE('',#5378,#5379,#6461,.T.);
#4437=EDGE_CURVE('',#5380,#4759,#6462,.T.);
#4438=EDGE_CURVE('',#5379,#5380,#6463,.T.);
#4439=EDGE_CURVE('',#5381,#4758,#6464,.T.);
#4440=EDGE_CURVE('',#5380,#5381,#6465,.T.);
#4441=EDGE_CURVE('',#5381,#5372,#6466,.T.);
#4442=EDGE_CURVE('',#5371,#5374,#6467,.T.);
#4443=EDGE_CURVE('',#5382,#4496,#6468,.T.);
#4444=EDGE_CURVE('',#5383,#5382,#6469,.T.);
#4445=EDGE_CURVE('',#5383,#4495,#6470,.T.);
#4446=EDGE_CURVE('',#5384,#4504,#6471,.T.);
#4447=EDGE_CURVE('',#5382,#5384,#6472,.T.);
#4448=EDGE_CURVE('',#5385,#4503,#6473,.T.);
#4449=EDGE_CURVE('',#5384,#5385,#6474,.T.);
#4450=EDGE_CURVE('',#5386,#4502,#6475,.T.);
#4451=EDGE_CURVE('',#5385,#5386,#6476,.T.);
#4452=EDGE_CURVE('',#5387,#4501,#6477,.T.);
#4453=EDGE_CURVE('',#5386,#5387,#6478,.T.);
#4454=EDGE_CURVE('',#5388,#4500,#6479,.T.);
#4455=EDGE_CURVE('',#5387,#5388,#6480,.T.);
#4456=EDGE_CURVE('',#5389,#4499,#6481,.T.);
#4457=EDGE_CURVE('',#5388,#5389,#6482,.T.);
#4458=EDGE_CURVE('',#5390,#4498,#6483,.T.);
#4459=EDGE_CURVE('',#5389,#5390,#6484,.T.);
#4460=EDGE_CURVE('',#5391,#4497,#6485,.T.);
#4461=EDGE_CURVE('',#5390,#5391,#6486,.T.);
#4462=EDGE_CURVE('',#5391,#5383,#6487,.T.);
#4463=EDGE_CURVE('',#5071,#4563,#6488,.T.);
#4464=EDGE_CURVE('',#5068,#4566,#6489,.T.);
#4465=EDGE_CURVE('',#5067,#4524,#6490,.T.);
#4466=EDGE_CURVE('',#5072,#4562,#6491,.T.);
#4467=EDGE_CURVE('',#5073,#4561,#6492,.T.);
#4468=EDGE_CURVE('',#5074,#4560,#6493,.T.);
#4469=EDGE_CURVE('',#5075,#4559,#6494,.T.);
#4470=EDGE_CURVE('',#5076,#4558,#6495,.T.);
#4471=EDGE_CURVE('',#4557,#5077,#6496,.F.);
#4472=EDGE_CURVE('',#5066,#4523,#6497,.T.);
#4473=EDGE_CURVE('',#5082,#4552,#6498,.T.);
#4474=EDGE_CURVE('',#5081,#4553,#6499,.T.);
#4475=EDGE_CURVE('',#5083,#4551,#6500,.T.);
#4476=EDGE_CURVE('',#5084,#4550,#6501,.T.);
#4477=EDGE_CURVE('',#5085,#4549,#6502,.T.);
#4478=EDGE_CURVE('',#5054,#4548,#6503,.T.);
#4479=EDGE_CURVE('',#4547,#5055,#6504,.F.);
#4480=EDGE_CURVE('',#5080,#4554,#6505,.T.);
#4481=EDGE_CURVE('',#5078,#4556,#6506,.T.);
#4482=EDGE_CURVE('',#4555,#5079,#6507,.F.);
#4483=EDGE_CURVE('',#5056,#4546,#6508,.T.);
#4484=EDGE_CURVE('',#4545,#5057,#6509,.F.);
#4485=EDGE_CURVE('',#5062,#4528,#6510,.T.);
#4486=EDGE_CURVE('',#4527,#5063,#6511,.F.);
#4487=EDGE_CURVE('',#4529,#5061,#6512,.F.);
#4488=EDGE_CURVE('',#5060,#4530,#6513,.T.);
#4489=EDGE_CURVE('',#4525,#5065,#6514,.F.);
#4490=EDGE_CURVE('',#5064,#4526,#6515,.T.);
#4491=VERTEX_POINT('',#13118);
#4492=VERTEX_POINT('',#13119);
#4493=VERTEX_POINT('',#13121);
#4494=VERTEX_POINT('',#13123);
#4495=VERTEX_POINT('',#13127);
#4496=VERTEX_POINT('',#13128);
#4497=VERTEX_POINT('',#13130);
#4498=VERTEX_POINT('',#13132);
#4499=VERTEX_POINT('',#13134);
#4500=VERTEX_POINT('',#13136);
#4501=VERTEX_POINT('',#13138);
#4502=VERTEX_POINT('',#13140);
#4503=VERTEX_POINT('',#13142);
#4504=VERTEX_POINT('',#13144);
#4505=VERTEX_POINT('',#13147);
#4506=VERTEX_POINT('',#13148);
#4507=VERTEX_POINT('',#13150);
#4508=VERTEX_POINT('',#13152);
#4509=VERTEX_POINT('',#13154);
#4510=VERTEX_POINT('',#13156);
#4511=VERTEX_POINT('',#13158);
#4512=VERTEX_POINT('',#13160);
#4513=VERTEX_POINT('',#13162);
#4514=VERTEX_POINT('',#13164);
#4515=VERTEX_POINT('',#13166);
#4516=VERTEX_POINT('',#13168);
#4517=VERTEX_POINT('',#13170);
#4518=VERTEX_POINT('',#13172);
#4519=VERTEX_POINT('',#13174);
#4520=VERTEX_POINT('',#13176);
#4521=VERTEX_POINT('',#13179);
#4522=VERTEX_POINT('',#13181);
#4523=VERTEX_POINT('',#13183);
#4524=VERTEX_POINT('',#13184);
#4525=VERTEX_POINT('',#13186);
#4526=VERTEX_POINT('',#13188);
#4527=VERTEX_POINT('',#13190);
#4528=VERTEX_POINT('',#13192);
#4529=VERTEX_POINT('',#13194);
#4530=VERTEX_POINT('',#13196);
#4531=VERTEX_POINT('',#13198);
#4532=VERTEX_POINT('',#13200);
#4533=VERTEX_POINT('',#13202);
#4534=VERTEX_POINT('',#13204);
#4535=VERTEX_POINT('',#13206);
#4536=VERTEX_POINT('',#13208);
#4537=VERTEX_POINT('',#13210);
#4538=VERTEX_POINT('',#13212);
#4539=VERTEX_POINT('',#13214);
#4540=VERTEX_POINT('',#13216);
#4541=VERTEX_POINT('',#13218);
#4542=VERTEX_POINT('',#13220);
#4543=VERTEX_POINT('',#13222);
#4544=VERTEX_POINT('',#13224);
#4545=VERTEX_POINT('',#13226);
#4546=VERTEX_POINT('',#13228);
#4547=VERTEX_POINT('',#13231);
#4548=VERTEX_POINT('',#13233);
#4549=VERTEX_POINT('',#13235);
#4550=VERTEX_POINT('',#13237);
#4551=VERTEX_POINT('',#13239);
#4552=VERTEX_POINT('',#13241);
#4553=VERTEX_POINT('',#13243);
#4554=VERTEX_POINT('',#13245);
#4555=VERTEX_POINT('',#13247);
#4556=VERTEX_POINT('',#13249);
#4557=VERTEX_POINT('',#13251);
#4558=VERTEX_POINT('',#13253);
#4559=VERTEX_POINT('',#13255);
#4560=VERTEX_POINT('',#13257);
#4561=VERTEX_POINT('',#13259);
#4562=VERTEX_POINT('',#13261);
#4563=VERTEX_POINT('',#13263);
#4564=VERTEX_POINT('',#13265);
#4565=VERTEX_POINT('',#13267);
#4566=VERTEX_POINT('',#13269);
#4567=VERTEX_POINT('',#13273);
#4568=VERTEX_POINT('',#13274);
#4569=VERTEX_POINT('',#13276);
#4570=VERTEX_POINT('',#13278);
#4571=VERTEX_POINT('',#13280);
#4572=VERTEX_POINT('',#13282);
#4573=VERTEX_POINT('',#13286);
#4574=VERTEX_POINT('',#13288);
#4575=VERTEX_POINT('',#13292);
#4576=VERTEX_POINT('',#13293);
#4577=VERTEX_POINT('',#13295);
#4578=VERTEX_POINT('',#13297);
#4579=VERTEX_POINT('',#13305);
#4580=VERTEX_POINT('',#13306);
#4581=VERTEX_POINT('',#13308);
#4582=VERTEX_POINT('',#13310);
#4583=VERTEX_POINT('',#13314);
#4584=VERTEX_POINT('',#13315);
#4585=VERTEX_POINT('',#13317);
#4586=VERTEX_POINT('',#13319);
#4587=VERTEX_POINT('',#13323);
#4588=VERTEX_POINT('',#13324);
#4589=VERTEX_POINT('',#13326);
#4590=VERTEX_POINT('',#13328);
#4591=VERTEX_POINT('',#13336);
#4592=VERTEX_POINT('',#13337);
#4593=VERTEX_POINT('',#13339);
#4594=VERTEX_POINT('',#13341);
#4595=VERTEX_POINT('',#13343);
#4596=VERTEX_POINT('',#13347);
#4597=VERTEX_POINT('',#13348);
#4598=VERTEX_POINT('',#13350);
#4599=VERTEX_POINT('',#13352);
#4600=VERTEX_POINT('',#13358);
#4601=VERTEX_POINT('',#13362);
#4602=VERTEX_POINT('',#13363);
#4603=VERTEX_POINT('',#13366);
#4604=VERTEX_POINT('',#13368);
#4605=VERTEX_POINT('',#13370);
#4606=VERTEX_POINT('',#13372);
#4607=VERTEX_POINT('',#13376);
#4608=VERTEX_POINT('',#13378);
#4609=VERTEX_POINT('',#13380);
#4610=VERTEX_POINT('',#13382);
#4611=VERTEX_POINT('',#13384);
#4612=VERTEX_POINT('',#13386);
#4613=VERTEX_POINT('',#13388);
#4614=VERTEX_POINT('',#13390);
#4615=VERTEX_POINT('',#13392);
#4616=VERTEX_POINT('',#13394);
#4617=VERTEX_POINT('',#13396);
#4618=VERTEX_POINT('',#13398);
#4619=VERTEX_POINT('',#13400);
#4620=VERTEX_POINT('',#13402);
#4621=VERTEX_POINT('',#13404);
#4622=VERTEX_POINT('',#13406);
#4623=VERTEX_POINT('',#13408);
#4624=VERTEX_POINT('',#13410);
#4625=VERTEX_POINT('',#13412);
#4626=VERTEX_POINT('',#13414);
#4627=VERTEX_POINT('',#13416);
#4628=VERTEX_POINT('',#13418);
#4629=VERTEX_POINT('',#13420);
#4630=VERTEX_POINT('',#13422);
#4631=VERTEX_POINT('',#13424);
#4632=VERTEX_POINT('',#13426);
#4633=VERTEX_POINT('',#13428);
#4634=VERTEX_POINT('',#13430);
#4635=VERTEX_POINT('',#13432);
#4636=VERTEX_POINT('',#13434);
#4637=VERTEX_POINT('',#13437);
#4638=VERTEX_POINT('',#13440);
#4639=VERTEX_POINT('',#13442);
#4640=VERTEX_POINT('',#13447);
#4641=VERTEX_POINT('',#13449);
#4642=VERTEX_POINT('',#13452);
#4643=VERTEX_POINT('',#13454);
#4644=VERTEX_POINT('',#13456);
#4645=VERTEX_POINT('',#13458);
#4646=VERTEX_POINT('',#13460);
#4647=VERTEX_POINT('',#13461);
#4648=VERTEX_POINT('',#13463);
#4649=VERTEX_POINT('',#13465);
#4650=VERTEX_POINT('',#13467);
#4651=VERTEX_POINT('',#13469);
#4652=VERTEX_POINT('',#13473);
#4653=VERTEX_POINT('',#13475);
#4654=VERTEX_POINT('',#13478);
#4655=VERTEX_POINT('',#13481);
#4656=VERTEX_POINT('',#13483);
#4657=VERTEX_POINT('',#13485);
#4658=VERTEX_POINT('',#13487);
#4659=VERTEX_POINT('',#13489);
#4660=VERTEX_POINT('',#13491);
#4661=VERTEX_POINT('',#13493);
#4662=VERTEX_POINT('',#13495);
#4663=VERTEX_POINT('',#13500);
#4664=VERTEX_POINT('',#13501);
#4665=VERTEX_POINT('',#13503);
#4666=VERTEX_POINT('',#13505);
#4667=VERTEX_POINT('',#13507);
#4668=VERTEX_POINT('',#13509);
#4669=VERTEX_POINT('',#13511);
#4670=VERTEX_POINT('',#13513);
#4671=VERTEX_POINT('',#13517);
#4672=VERTEX_POINT('',#13518);
#4673=VERTEX_POINT('',#13520);
#4674=VERTEX_POINT('',#13522);
#4675=VERTEX_POINT('',#13526);
#4676=VERTEX_POINT('',#13528);
#4677=VERTEX_POINT('',#13530);
#4678=VERTEX_POINT('',#13532);
#4679=VERTEX_POINT('',#13534);
#4680=VERTEX_POINT('',#13536);
#4681=VERTEX_POINT('',#13538);
#4682=VERTEX_POINT('',#13540);
#4683=VERTEX_POINT('',#13542);
#4684=VERTEX_POINT('',#13544);
#4685=VERTEX_POINT('',#13546);
#4686=VERTEX_POINT('',#13548);
#4687=VERTEX_POINT('',#13550);
#4688=VERTEX_POINT('',#13552);
#4689=VERTEX_POINT('',#13554);
#4690=VERTEX_POINT('',#13556);
#4691=VERTEX_POINT('',#13558);
#4692=VERTEX_POINT('',#13560);
#4693=VERTEX_POINT('',#13562);
#4694=VERTEX_POINT('',#13564);
#4695=VERTEX_POINT('',#13566);
#4696=VERTEX_POINT('',#13568);
#4697=VERTEX_POINT('',#13570);
#4698=VERTEX_POINT('',#13574);
#4699=VERTEX_POINT('',#13577);
#4700=VERTEX_POINT('',#13579);
#4701=VERTEX_POINT('',#13581);
#4702=VERTEX_POINT('',#13585);
#4703=VERTEX_POINT('',#13586);
#4704=VERTEX_POINT('',#13589);
#4705=VERTEX_POINT('',#13591);
#4706=VERTEX_POINT('',#13593);
#4707=VERTEX_POINT('',#13595);
#4708=VERTEX_POINT('',#13597);
#4709=VERTEX_POINT('',#13599);
#4710=VERTEX_POINT('',#13601);
#4711=VERTEX_POINT('',#13603);
#4712=VERTEX_POINT('',#13605);
#4713=VERTEX_POINT('',#13607);
#4714=VERTEX_POINT('',#13609);
#4715=VERTEX_POINT('',#13611);
#4716=VERTEX_POINT('',#13613);
#4717=VERTEX_POINT('',#13615);
#4718=VERTEX_POINT('',#13618);
#4719=VERTEX_POINT('',#13620);
#4720=VERTEX_POINT('',#13622);
#4721=VERTEX_POINT('',#13624);
#4722=VERTEX_POINT('',#13626);
#4723=VERTEX_POINT('',#13628);
#4724=VERTEX_POINT('',#13630);
#4725=VERTEX_POINT('',#13632);
#4726=VERTEX_POINT('',#13634);
#4727=VERTEX_POINT('',#13636);
#4728=VERTEX_POINT('',#13638);
#4729=VERTEX_POINT('',#13640);
#4730=VERTEX_POINT('',#13642);
#4731=VERTEX_POINT('',#13644);
#4732=VERTEX_POINT('',#13646);
#4733=VERTEX_POINT('',#13648);
#4734=VERTEX_POINT('',#13650);
#4735=VERTEX_POINT('',#13652);
#4736=VERTEX_POINT('',#13654);
#4737=VERTEX_POINT('',#13656);
#4738=VERTEX_POINT('',#13658);
#4739=VERTEX_POINT('',#13660);
#4740=VERTEX_POINT('',#13662);
#4741=VERTEX_POINT('',#13664);
#4742=VERTEX_POINT('',#13666);
#4743=VERTEX_POINT('',#13668);
#4744=VERTEX_POINT('',#13670);
#4745=VERTEX_POINT('',#13673);
#4746=VERTEX_POINT('',#13674);
#4747=VERTEX_POINT('',#13676);
#4748=VERTEX_POINT('',#13678);
#4749=VERTEX_POINT('',#13680);
#4750=VERTEX_POINT('',#13682);
#4751=VERTEX_POINT('',#13684);
#4752=VERTEX_POINT('',#13686);
#4753=VERTEX_POINT('',#13688);
#4754=VERTEX_POINT('',#13690);
#4755=VERTEX_POINT('',#13692);
#4756=VERTEX_POINT('',#13695);
#4757=VERTEX_POINT('',#13696);
#4758=VERTEX_POINT('',#13698);
#4759=VERTEX_POINT('',#13700);
#4760=VERTEX_POINT('',#13702);
#4761=VERTEX_POINT('',#13704);
#4762=VERTEX_POINT('',#13706);
#4763=VERTEX_POINT('',#13708);
#4764=VERTEX_POINT('',#13710);
#4765=VERTEX_POINT('',#13712);
#4766=VERTEX_POINT('',#13715);
#4767=VERTEX_POINT('',#13716);
#4768=VERTEX_POINT('',#13718);
#4769=VERTEX_POINT('',#13720);
#4770=VERTEX_POINT('',#13722);
#4771=VERTEX_POINT('',#13724);
#4772=VERTEX_POINT('',#13726);
#4773=VERTEX_POINT('',#13728);
#4774=VERTEX_POINT('',#13730);
#4775=VERTEX_POINT('',#13732);
#4776=VERTEX_POINT('',#13735);
#4777=VERTEX_POINT('',#13736);
#4778=VERTEX_POINT('',#13738);
#4779=VERTEX_POINT('',#13740);
#4780=VERTEX_POINT('',#13742);
#4781=VERTEX_POINT('',#13744);
#4782=VERTEX_POINT('',#13746);
#4783=VERTEX_POINT('',#13748);
#4784=VERTEX_POINT('',#13750);
#4785=VERTEX_POINT('',#13752);
#4786=VERTEX_POINT('',#13755);
#4787=VERTEX_POINT('',#13756);
#4788=VERTEX_POINT('',#13758);
#4789=VERTEX_POINT('',#13760);
#4790=VERTEX_POINT('',#13762);
#4791=VERTEX_POINT('',#13764);
#4792=VERTEX_POINT('',#13766);
#4793=VERTEX_POINT('',#13768);
#4794=VERTEX_POINT('',#13770);
#4795=VERTEX_POINT('',#13772);
#4796=VERTEX_POINT('',#13775);
#4797=VERTEX_POINT('',#13776);
#4798=VERTEX_POINT('',#13778);
#4799=VERTEX_POINT('',#13780);
#4800=VERTEX_POINT('',#13782);
#4801=VERTEX_POINT('',#13784);
#4802=VERTEX_POINT('',#13786);
#4803=VERTEX_POINT('',#13788);
#4804=VERTEX_POINT('',#13790);
#4805=VERTEX_POINT('',#13792);
#4806=VERTEX_POINT('',#13794);
#4807=VERTEX_POINT('',#13797);
#4808=VERTEX_POINT('',#13798);
#4809=VERTEX_POINT('',#13800);
#4810=VERTEX_POINT('',#13802);
#4811=VERTEX_POINT('',#13804);
#4812=VERTEX_POINT('',#13806);
#4813=VERTEX_POINT('',#13808);
#4814=VERTEX_POINT('',#13810);
#4815=VERTEX_POINT('',#13812);
#4816=VERTEX_POINT('',#13814);
#4817=VERTEX_POINT('',#13817);
#4818=VERTEX_POINT('',#13818);
#4819=VERTEX_POINT('',#13820);
#4820=VERTEX_POINT('',#13822);
#4821=VERTEX_POINT('',#13824);
#4822=VERTEX_POINT('',#13826);
#4823=VERTEX_POINT('',#13828);
#4824=VERTEX_POINT('',#13830);
#4825=VERTEX_POINT('',#13832);
#4826=VERTEX_POINT('',#13834);
#4827=VERTEX_POINT('',#13837);
#4828=VERTEX_POINT('',#13838);
#4829=VERTEX_POINT('',#13840);
#4830=VERTEX_POINT('',#13842);
#4831=VERTEX_POINT('',#13844);
#4832=VERTEX_POINT('',#13846);
#4833=VERTEX_POINT('',#13848);
#4834=VERTEX_POINT('',#13850);
#4835=VERTEX_POINT('',#13852);
#4836=VERTEX_POINT('',#13854);
#4837=VERTEX_POINT('',#13857);
#4838=VERTEX_POINT('',#13858);
#4839=VERTEX_POINT('',#13860);
#4840=VERTEX_POINT('',#13862);
#4841=VERTEX_POINT('',#13864);
#4842=VERTEX_POINT('',#13866);
#4843=VERTEX_POINT('',#13868);
#4844=VERTEX_POINT('',#13870);
#4845=VERTEX_POINT('',#13872);
#4846=VERTEX_POINT('',#13874);
#4847=VERTEX_POINT('',#13877);
#4848=VERTEX_POINT('',#13878);
#4849=VERTEX_POINT('',#13880);
#4850=VERTEX_POINT('',#13882);
#4851=VERTEX_POINT('',#13884);
#4852=VERTEX_POINT('',#13886);
#4853=VERTEX_POINT('',#13888);
#4854=VERTEX_POINT('',#13890);
#4855=VERTEX_POINT('',#13892);
#4856=VERTEX_POINT('',#13894);
#4857=VERTEX_POINT('',#13897);
#4858=VERTEX_POINT('',#13898);
#4859=VERTEX_POINT('',#13900);
#4860=VERTEX_POINT('',#13902);
#4861=VERTEX_POINT('',#13904);
#4862=VERTEX_POINT('',#13906);
#4863=VERTEX_POINT('',#13908);
#4864=VERTEX_POINT('',#13910);
#4865=VERTEX_POINT('',#13912);
#4866=VERTEX_POINT('',#13914);
#4867=VERTEX_POINT('',#13917);
#4868=VERTEX_POINT('',#13918);
#4869=VERTEX_POINT('',#13920);
#4870=VERTEX_POINT('',#13922);
#4871=VERTEX_POINT('',#13924);
#4872=VERTEX_POINT('',#13926);
#4873=VERTEX_POINT('',#13928);
#4874=VERTEX_POINT('',#13930);
#4875=VERTEX_POINT('',#13932);
#4876=VERTEX_POINT('',#13934);
#4877=VERTEX_POINT('',#13937);
#4878=VERTEX_POINT('',#13938);
#4879=VERTEX_POINT('',#13940);
#4880=VERTEX_POINT('',#13942);
#4881=VERTEX_POINT('',#13944);
#4882=VERTEX_POINT('',#13946);
#4883=VERTEX_POINT('',#13948);
#4884=VERTEX_POINT('',#13950);
#4885=VERTEX_POINT('',#13952);
#4886=VERTEX_POINT('',#13954);
#4887=VERTEX_POINT('',#13957);
#4888=VERTEX_POINT('',#13958);
#4889=VERTEX_POINT('',#13960);
#4890=VERTEX_POINT('',#13962);
#4891=VERTEX_POINT('',#13964);
#4892=VERTEX_POINT('',#13966);
#4893=VERTEX_POINT('',#13968);
#4894=VERTEX_POINT('',#13970);
#4895=VERTEX_POINT('',#13972);
#4896=VERTEX_POINT('',#13974);
#4897=VERTEX_POINT('',#13977);
#4898=VERTEX_POINT('',#13978);
#4899=VERTEX_POINT('',#13980);
#4900=VERTEX_POINT('',#13982);
#4901=VERTEX_POINT('',#13984);
#4902=VERTEX_POINT('',#13986);
#4903=VERTEX_POINT('',#13988);
#4904=VERTEX_POINT('',#13990);
#4905=VERTEX_POINT('',#13992);
#4906=VERTEX_POINT('',#13994);
#4907=VERTEX_POINT('',#13998);
#4908=VERTEX_POINT('',#13999);
#4909=VERTEX_POINT('',#14001);
#4910=VERTEX_POINT('',#14003);
#4911=VERTEX_POINT('',#14005);
#4912=VERTEX_POINT('',#14007);
#4913=VERTEX_POINT('',#14009);
#4914=VERTEX_POINT('',#14011);
#4915=VERTEX_POINT('',#14013);
#4916=VERTEX_POINT('',#14015);
#4917=VERTEX_POINT('',#14017);
#4918=VERTEX_POINT('',#14021);
#4919=VERTEX_POINT('',#14022);
#4920=VERTEX_POINT('',#14032);
#4921=VERTEX_POINT('',#14034);
#4922=VERTEX_POINT('',#14038);
#4923=VERTEX_POINT('',#14039);
#4924=VERTEX_POINT('',#14041);
#4925=VERTEX_POINT('',#14044);
#4926=VERTEX_POINT('',#14049);
#4927=VERTEX_POINT('',#14050);
#4928=VERTEX_POINT('',#14052);
#4929=VERTEX_POINT('',#14054);
#4930=VERTEX_POINT('',#14056);
#4931=VERTEX_POINT('',#14058);
#4932=VERTEX_POINT('',#14060);
#4933=VERTEX_POINT('',#14062);
#4934=VERTEX_POINT('',#14064);
#4935=VERTEX_POINT('',#14066);
#4936=VERTEX_POINT('',#14069);
#4937=VERTEX_POINT('',#14071);
#4938=VERTEX_POINT('',#14072);
#4939=VERTEX_POINT('',#14074);
#4940=VERTEX_POINT('',#14076);
#4941=VERTEX_POINT('',#14078);
#4942=VERTEX_POINT('',#14080);
#4943=VERTEX_POINT('',#14082);
#4944=VERTEX_POINT('',#14084);
#4945=VERTEX_POINT('',#14087);
#4946=VERTEX_POINT('',#14093);
#4947=VERTEX_POINT('',#14095);
#4948=VERTEX_POINT('',#14099);
#4949=VERTEX_POINT('',#14101);
#4950=VERTEX_POINT('',#14103);
#4951=VERTEX_POINT('',#14113);
#4952=VERTEX_POINT('',#14115);
#4953=VERTEX_POINT('',#14119);
#4954=VERTEX_POINT('',#14123);
#4955=VERTEX_POINT('',#14127);
#4956=VERTEX_POINT('',#14129);
#4957=VERTEX_POINT('',#14133);
#4958=VERTEX_POINT('',#14141);
#4959=VERTEX_POINT('',#14142);
#4960=VERTEX_POINT('',#14151);
#4961=VERTEX_POINT('',#14152);
#4962=VERTEX_POINT('',#14154);
#4963=VERTEX_POINT('',#14156);
#4964=VERTEX_POINT('',#14158);
#4965=VERTEX_POINT('',#14160);
#4966=VERTEX_POINT('',#14162);
#4967=VERTEX_POINT('',#14164);
#4968=VERTEX_POINT('',#14167);
#4969=VERTEX_POINT('',#14169);
#4970=VERTEX_POINT('',#14170);
#4971=VERTEX_POINT('',#14172);
#4972=VERTEX_POINT('',#14174);
#4973=VERTEX_POINT('',#14176);
#4974=VERTEX_POINT('',#14178);
#4975=VERTEX_POINT('',#14180);
#4976=VERTEX_POINT('',#14182);
#4977=VERTEX_POINT('',#14185);
#4978=VERTEX_POINT('',#14187);
#4979=VERTEX_POINT('',#14189);
#4980=VERTEX_POINT('',#14190);
#4981=VERTEX_POINT('',#14192);
#4982=VERTEX_POINT('',#14195);
#4983=VERTEX_POINT('',#14197);
#4984=VERTEX_POINT('',#14199);
#4985=VERTEX_POINT('',#14201);
#4986=VERTEX_POINT('',#14204);
#4987=VERTEX_POINT('',#14206);
#4988=VERTEX_POINT('',#14208);
#4989=VERTEX_POINT('',#14210);
#4990=VERTEX_POINT('',#14213);
#4991=VERTEX_POINT('',#14215);
#4992=VERTEX_POINT('',#14217);
#4993=VERTEX_POINT('',#14219);
#4994=VERTEX_POINT('',#14222);
#4995=VERTEX_POINT('',#14224);
#4996=VERTEX_POINT('',#14226);
#4997=VERTEX_POINT('',#14228);
#4998=VERTEX_POINT('',#14231);
#4999=VERTEX_POINT('',#14233);
#5000=VERTEX_POINT('',#14235);
#5001=VERTEX_POINT('',#14238);
#5002=VERTEX_POINT('',#14240);
#5003=VERTEX_POINT('',#14244);
#5004=VERTEX_POINT('',#14247);
#5005=VERTEX_POINT('',#14256);
#5006=VERTEX_POINT('',#14258);
#5007=VERTEX_POINT('',#14260);
#5008=VERTEX_POINT('',#14262);
#5009=VERTEX_POINT('',#14264);
#5010=VERTEX_POINT('',#14265);
#5011=VERTEX_POINT('',#14267);
#5012=VERTEX_POINT('',#14269);
#5013=VERTEX_POINT('',#14271);
#5014=VERTEX_POINT('',#14273);
#5015=VERTEX_POINT('',#14275);
#5016=VERTEX_POINT('',#14277);
#5017=VERTEX_POINT('',#14279);
#5018=VERTEX_POINT('',#14281);
#5019=VERTEX_POINT('',#14305);
#5020=VERTEX_POINT('',#14308);
#5021=VERTEX_POINT('',#14311);
#5022=VERTEX_POINT('',#14314);
#5023=VERTEX_POINT('',#14317);
#5024=VERTEX_POINT('',#14319);
#5025=VERTEX_POINT('',#14323);
#5026=VERTEX_POINT('',#14325);
#5027=VERTEX_POINT('',#14329);
#5028=VERTEX_POINT('',#14332);
#5029=VERTEX_POINT('',#14336);
#5030=VERTEX_POINT('',#14338);
#5031=VERTEX_POINT('',#14370);
#5032=VERTEX_POINT('',#14372);
#5033=VERTEX_POINT('',#14373);
#5034=VERTEX_POINT('',#14379);
#5035=VERTEX_POINT('',#14381);
#5036=VERTEX_POINT('',#14382);
#5037=VERTEX_POINT('',#14388);
#5038=VERTEX_POINT('',#14390);
#5039=VERTEX_POINT('',#14391);
#5040=VERTEX_POINT('',#14397);
#5041=VERTEX_POINT('',#14401);
#5042=VERTEX_POINT('',#14403);
#5043=VERTEX_POINT('',#14407);
#5044=VERTEX_POINT('',#14409);
#5045=VERTEX_POINT('',#14413);
#5046=VERTEX_POINT('',#14414);
#5047=VERTEX_POINT('',#14419);
#5048=VERTEX_POINT('',#14421);
#5049=VERTEX_POINT('',#14425);
#5050=VERTEX_POINT('',#14426);
#5051=VERTEX_POINT('',#14431);
#5052=VERTEX_POINT('',#14433);
#5053=VERTEX_POINT('',#14437);
#5054=VERTEX_POINT('',#14439);
#5055=VERTEX_POINT('',#14440);
#5056=VERTEX_POINT('',#14443);
#5057=VERTEX_POINT('',#14445);
#5058=VERTEX_POINT('',#14450);
#5059=VERTEX_POINT('',#14452);
#5060=VERTEX_POINT('',#14457);
#5061=VERTEX_POINT('',#14459);
#5062=VERTEX_POINT('',#14461);
#5063=VERTEX_POINT('',#14463);
#5064=VERTEX_POINT('',#14465);
#5065=VERTEX_POINT('',#14467);
#5066=VERTEX_POINT('',#14469);
#5067=VERTEX_POINT('',#14471);
#5068=VERTEX_POINT('',#14473);
#5069=VERTEX_POINT('',#14475);
#5070=VERTEX_POINT('',#14477);
#5071=VERTEX_POINT('',#14479);
#5072=VERTEX_POINT('',#14481);
#5073=VERTEX_POINT('',#14483);
#5074=VERTEX_POINT('',#14485);
#5075=VERTEX_POINT('',#14487);
#5076=VERTEX_POINT('',#14489);
#5077=VERTEX_POINT('',#14491);
#5078=VERTEX_POINT('',#14493);
#5079=VERTEX_POINT('',#14495);
#5080=VERTEX_POINT('',#14497);
#5081=VERTEX_POINT('',#14499);
#5082=VERTEX_POINT('',#14501);
#5083=VERTEX_POINT('',#14503);
#5084=VERTEX_POINT('',#14505);
#5085=VERTEX_POINT('',#14507);
#5086=VERTEX_POINT('',#14510);
#5087=VERTEX_POINT('',#14512);
#5088=VERTEX_POINT('',#14514);
#5089=VERTEX_POINT('',#14526);
#5090=VERTEX_POINT('',#14530);
#5091=VERTEX_POINT('',#14532);
#5092=VERTEX_POINT('',#14536);
#5093=VERTEX_POINT('',#14538);
#5094=VERTEX_POINT('',#14559);
#5095=VERTEX_POINT('',#14565);
#5096=VERTEX_POINT('',#14569);
#5097=VERTEX_POINT('',#14573);
#5098=VERTEX_POINT('',#14576);
#5099=VERTEX_POINT('',#14579);
#5100=VERTEX_POINT('',#14583);
#5101=VERTEX_POINT('',#14586);
#5102=VERTEX_POINT('',#14588);
#5103=VERTEX_POINT('',#14591);
#5104=VERTEX_POINT('',#14595);
#5105=VERTEX_POINT('',#14598);
#5106=VERTEX_POINT('',#14602);
#5107=VERTEX_POINT('',#14609);
#5108=VERTEX_POINT('',#14611);
#5109=VERTEX_POINT('',#14613);
#5110=VERTEX_POINT('',#14618);
#5111=VERTEX_POINT('',#14630);
#5112=VERTEX_POINT('',#14634);
#5113=VERTEX_POINT('',#14636);
#5114=VERTEX_POINT('',#14640);
#5115=VERTEX_POINT('',#14644);
#5116=VERTEX_POINT('',#14645);
#5117=VERTEX_POINT('',#14650);
#5118=VERTEX_POINT('',#14654);
#5119=VERTEX_POINT('',#14656);
#5120=VERTEX_POINT('',#14660);
#5121=VERTEX_POINT('',#14664);
#5122=VERTEX_POINT('',#14665);
#5123=VERTEX_POINT('',#14670);
#5124=VERTEX_POINT('',#14674);
#5125=VERTEX_POINT('',#14676);
#5126=VERTEX_POINT('',#14680);
#5127=VERTEX_POINT('',#14684);
#5128=VERTEX_POINT('',#14685);
#5129=VERTEX_POINT('',#14690);
#5130=VERTEX_POINT('',#14694);
#5131=VERTEX_POINT('',#14696);
#5132=VERTEX_POINT('',#14700);
#5133=VERTEX_POINT('',#14704);
#5134=VERTEX_POINT('',#14705);
#5135=VERTEX_POINT('',#14766);
#5136=VERTEX_POINT('',#14767);
#5137=VERTEX_POINT('',#14770);
#5138=VERTEX_POINT('',#14772);
#5139=VERTEX_POINT('',#14777);
#5140=VERTEX_POINT('',#14781);
#5141=VERTEX_POINT('',#14785);
#5142=VERTEX_POINT('',#14786);
#5143=VERTEX_POINT('',#14788);
#5144=VERTEX_POINT('',#14790);
#5145=VERTEX_POINT('',#14794);
#5146=VERTEX_POINT('',#14796);
#5147=VERTEX_POINT('',#14800);
#5148=VERTEX_POINT('',#14802);
#5149=VERTEX_POINT('',#14806);
#5150=VERTEX_POINT('',#14808);
#5151=VERTEX_POINT('',#14812);
#5152=VERTEX_POINT('',#14813);
#5153=VERTEX_POINT('',#14818);
#5154=VERTEX_POINT('',#14822);
#5155=VERTEX_POINT('',#14823);
#5156=VERTEX_POINT('',#14825);
#5157=VERTEX_POINT('',#14827);
#5158=VERTEX_POINT('',#14829);
#5159=VERTEX_POINT('',#14831);
#5160=VERTEX_POINT('',#14833);
#5161=VERTEX_POINT('',#14835);
#5162=VERTEX_POINT('',#14839);
#5163=VERTEX_POINT('',#14841);
#5164=VERTEX_POINT('',#14845);
#5165=VERTEX_POINT('',#14847);
#5166=VERTEX_POINT('',#14851);
#5167=VERTEX_POINT('',#14853);
#5168=VERTEX_POINT('',#14857);
#5169=VERTEX_POINT('',#14859);
#5170=VERTEX_POINT('',#14975);
#5171=VERTEX_POINT('',#14979);
#5172=VERTEX_POINT('',#14983);
#5173=VERTEX_POINT('',#14987);
#5174=VERTEX_POINT('',#14991);
#5175=VERTEX_POINT('',#14993);
#5176=VERTEX_POINT('',#14996);
#5177=VERTEX_POINT('',#14999);
#5178=VERTEX_POINT('',#15001);
#5179=VERTEX_POINT('',#15004);
#5180=VERTEX_POINT('',#15006);
#5181=VERTEX_POINT('',#15012);
#5182=VERTEX_POINT('',#15015);
#5183=VERTEX_POINT('',#15017);
#5184=VERTEX_POINT('',#15020);
#5185=VERTEX_POINT('',#15029);
#5186=VERTEX_POINT('',#15031);
#5187=VERTEX_POINT('',#15035);
#5188=VERTEX_POINT('',#15039);
#5189=VERTEX_POINT('',#15043);
#5190=VERTEX_POINT('',#15047);
#5191=VERTEX_POINT('',#15051);
#5192=VERTEX_POINT('',#15055);
#5193=VERTEX_POINT('',#15059);
#5194=VERTEX_POINT('',#15063);
#5195=VERTEX_POINT('',#15070);
#5196=VERTEX_POINT('',#15072);
#5197=VERTEX_POINT('',#15076);
#5198=VERTEX_POINT('',#15080);
#5199=VERTEX_POINT('',#15084);
#5200=VERTEX_POINT('',#15088);
#5201=VERTEX_POINT('',#15092);
#5202=VERTEX_POINT('',#15096);
#5203=VERTEX_POINT('',#15100);
#5204=VERTEX_POINT('',#15104);
#5205=VERTEX_POINT('',#15111);
#5206=VERTEX_POINT('',#15113);
#5207=VERTEX_POINT('',#15117);
#5208=VERTEX_POINT('',#15121);
#5209=VERTEX_POINT('',#15125);
#5210=VERTEX_POINT('',#15129);
#5211=VERTEX_POINT('',#15133);
#5212=VERTEX_POINT('',#15137);
#5213=VERTEX_POINT('',#15141);
#5214=VERTEX_POINT('',#15145);
#5215=VERTEX_POINT('',#15152);
#5216=VERTEX_POINT('',#15154);
#5217=VERTEX_POINT('',#15158);
#5218=VERTEX_POINT('',#15162);
#5219=VERTEX_POINT('',#15166);
#5220=VERTEX_POINT('',#15170);
#5221=VERTEX_POINT('',#15174);
#5222=VERTEX_POINT('',#15178);
#5223=VERTEX_POINT('',#15182);
#5224=VERTEX_POINT('',#15186);
#5225=VERTEX_POINT('',#15193);
#5226=VERTEX_POINT('',#15195);
#5227=VERTEX_POINT('',#15199);
#5228=VERTEX_POINT('',#15203);
#5229=VERTEX_POINT('',#15207);
#5230=VERTEX_POINT('',#15211);
#5231=VERTEX_POINT('',#15215);
#5232=VERTEX_POINT('',#15219);
#5233=VERTEX_POINT('',#15223);
#5234=VERTEX_POINT('',#15227);
#5235=VERTEX_POINT('',#15234);
#5236=VERTEX_POINT('',#15236);
#5237=VERTEX_POINT('',#15238);
#5238=VERTEX_POINT('',#15242);
#5239=VERTEX_POINT('',#15246);
#5240=VERTEX_POINT('',#15247);
#5241=VERTEX_POINT('',#15252);
#5242=VERTEX_POINT('',#15256);
#5243=VERTEX_POINT('',#15260);
#5244=VERTEX_POINT('',#15264);
#5245=VERTEX_POINT('',#15268);
#5246=VERTEX_POINT('',#15272);
#5247=VERTEX_POINT('',#15281);
#5248=VERTEX_POINT('',#15283);
#5249=VERTEX_POINT('',#15285);
#5250=VERTEX_POINT('',#15288);
#5251=VERTEX_POINT('',#15290);
#5252=VERTEX_POINT('',#15306);
#5253=VERTEX_POINT('',#15313);
#5254=VERTEX_POINT('',#15317);
#5255=VERTEX_POINT('',#15321);
#5256=VERTEX_POINT('',#15323);
#5257=VERTEX_POINT('',#15325);
#5258=VERTEX_POINT('',#15327);
#5259=VERTEX_POINT('',#15329);
#5260=VERTEX_POINT('',#15331);
#5261=VERTEX_POINT('',#15333);
#5262=VERTEX_POINT('',#15352);
#5263=VERTEX_POINT('',#15354);
#5264=VERTEX_POINT('',#15358);
#5265=VERTEX_POINT('',#15362);
#5266=VERTEX_POINT('',#15366);
#5267=VERTEX_POINT('',#15370);
#5268=VERTEX_POINT('',#15374);
#5269=VERTEX_POINT('',#15378);
#5270=VERTEX_POINT('',#15382);
#5271=VERTEX_POINT('',#15386);
#5272=VERTEX_POINT('',#15393);
#5273=VERTEX_POINT('',#15395);
#5274=VERTEX_POINT('',#15399);
#5275=VERTEX_POINT('',#15403);
#5276=VERTEX_POINT('',#15407);
#5277=VERTEX_POINT('',#15411);
#5278=VERTEX_POINT('',#15415);
#5279=VERTEX_POINT('',#15419);
#5280=VERTEX_POINT('',#15423);
#5281=VERTEX_POINT('',#15427);
#5282=VERTEX_POINT('',#15434);
#5283=VERTEX_POINT('',#15436);
#5284=VERTEX_POINT('',#15440);
#5285=VERTEX_POINT('',#15444);
#5286=VERTEX_POINT('',#15448);
#5287=VERTEX_POINT('',#15452);
#5288=VERTEX_POINT('',#15456);
#5289=VERTEX_POINT('',#15460);
#5290=VERTEX_POINT('',#15464);
#5291=VERTEX_POINT('',#15468);
#5292=VERTEX_POINT('',#15475);
#5293=VERTEX_POINT('',#15477);
#5294=VERTEX_POINT('',#15479);
#5295=VERTEX_POINT('',#15483);
#5296=VERTEX_POINT('',#15487);
#5297=VERTEX_POINT('',#15488);
#5298=VERTEX_POINT('',#15493);
#5299=VERTEX_POINT('',#15497);
#5300=VERTEX_POINT('',#15501);
#5301=VERTEX_POINT('',#15505);
#5302=VERTEX_POINT('',#15509);
#5303=VERTEX_POINT('',#15513);
#5304=VERTEX_POINT('',#15522);
#5305=VERTEX_POINT('',#15534);
#5306=VERTEX_POINT('',#15538);
#5307=VERTEX_POINT('',#15540);
#5308=VERTEX_POINT('',#15542);
#5309=VERTEX_POINT('',#15544);
#5310=VERTEX_POINT('',#15546);
#5311=VERTEX_POINT('',#15561);
#5312=VERTEX_POINT('',#15565);
#5313=VERTEX_POINT('',#15572);
#5314=VERTEX_POINT('',#15574);
#5315=VERTEX_POINT('',#15578);
#5316=VERTEX_POINT('',#15582);
#5317=VERTEX_POINT('',#15586);
#5318=VERTEX_POINT('',#15590);
#5319=VERTEX_POINT('',#15594);
#5320=VERTEX_POINT('',#15598);
#5321=VERTEX_POINT('',#15602);
#5322=VERTEX_POINT('',#15606);
#5323=VERTEX_POINT('',#15613);
#5324=VERTEX_POINT('',#15615);
#5325=VERTEX_POINT('',#15619);
#5326=VERTEX_POINT('',#15623);
#5327=VERTEX_POINT('',#15627);
#5328=VERTEX_POINT('',#15631);
#5329=VERTEX_POINT('',#15635);
#5330=VERTEX_POINT('',#15639);
#5331=VERTEX_POINT('',#15643);
#5332=VERTEX_POINT('',#15647);
#5333=VERTEX_POINT('',#15654);
#5334=VERTEX_POINT('',#15656);
#5335=VERTEX_POINT('',#15658);
#5336=VERTEX_POINT('',#15662);
#5337=VERTEX_POINT('',#15666);
#5338=VERTEX_POINT('',#15667);
#5339=VERTEX_POINT('',#15672);
#5340=VERTEX_POINT('',#15676);
#5341=VERTEX_POINT('',#15680);
#5342=VERTEX_POINT('',#15684);
#5343=VERTEX_POINT('',#15688);
#5344=VERTEX_POINT('',#15692);
#5345=VERTEX_POINT('',#15701);
#5346=VERTEX_POINT('',#15705);
#5347=VERTEX_POINT('',#15707);
#5348=VERTEX_POINT('',#15709);
#5349=VERTEX_POINT('',#15711);
#5350=VERTEX_POINT('',#15724);
#5351=VERTEX_POINT('',#15728);
#5352=VERTEX_POINT('',#15732);
#5353=VERTEX_POINT('',#15739);
#5354=VERTEX_POINT('',#15746);
#5355=VERTEX_POINT('',#15750);
#5356=VERTEX_POINT('',#15752);
#5357=VERTEX_POINT('',#15754);
#5358=VERTEX_POINT('',#15756);
#5359=VERTEX_POINT('',#15758);
#5360=VERTEX_POINT('',#15760);
#5361=VERTEX_POINT('',#15777);
#5362=VERTEX_POINT('',#15781);
#5363=VERTEX_POINT('',#15785);
#5364=VERTEX_POINT('',#15787);
#5365=VERTEX_POINT('',#15789);
#5366=VERTEX_POINT('',#15791);
#5367=VERTEX_POINT('',#15793);
#5368=VERTEX_POINT('',#15795);
#5369=VERTEX_POINT('',#15797);
#5370=VERTEX_POINT('',#15816);
#5371=VERTEX_POINT('',#15818);
#5372=VERTEX_POINT('',#15820);
#5373=VERTEX_POINT('',#15824);
#5374=VERTEX_POINT('',#15828);
#5375=VERTEX_POINT('',#15829);
#5376=VERTEX_POINT('',#15834);
#5377=VERTEX_POINT('',#15838);
#5378=VERTEX_POINT('',#15842);
#5379=VERTEX_POINT('',#15846);
#5380=VERTEX_POINT('',#15850);
#5381=VERTEX_POINT('',#15854);
#5382=VERTEX_POINT('',#15864);
#5383=VERTEX_POINT('',#15866);
#5384=VERTEX_POINT('',#15870);
#5385=VERTEX_POINT('',#15874);
#5386=VERTEX_POINT('',#15878);
#5387=VERTEX_POINT('',#15882);
#5388=VERTEX_POINT('',#15886);
#5389=VERTEX_POINT('',#15890);
#5390=VERTEX_POINT('',#15894);
#5391=VERTEX_POINT('',#15898);
#5392=LINE('',#13117,#6516);
#5393=LINE('',#13120,#6517);
#5394=LINE('',#13122,#6518);
#5395=LINE('',#13124,#6519);
#5396=LINE('',#13126,#6520);
#5397=LINE('',#13129,#6521);
#5398=LINE('',#13131,#6522);
#5399=LINE('',#13133,#6523);
#5400=LINE('',#13135,#6524);
#5401=LINE('',#13137,#6525);
#5402=LINE('',#13139,#6526);
#5403=LINE('',#13141,#6527);
#5404=LINE('',#13143,#6528);
#5405=LINE('',#13145,#6529);
#5406=LINE('',#13146,#6530);
#5407=LINE('',#13149,#6531);
#5408=LINE('',#13151,#6532);
#5409=LINE('',#13153,#6533);
#5410=LINE('',#13155,#6534);
#5411=LINE('',#13157,#6535);
#5412=LINE('',#13159,#6536);
#5413=LINE('',#13163,#6537);
#5414=LINE('',#13167,#6538);
#5415=LINE('',#13169,#6539);
#5416=LINE('',#13171,#6540);
#5417=LINE('',#13173,#6541);
#5418=LINE('',#13175,#6542);
#5419=LINE('',#13177,#6543);
#5420=LINE('',#13182,#6544);
#5421=LINE('',#13187,#6545);
#5422=LINE('',#13191,#6546);
#5423=LINE('',#13195,#6547);
#5424=LINE('',#13199,#6548);
#5425=LINE('',#13203,#6549);
#5426=LINE('',#13207,#6550);
#5427=LINE('',#13211,#6551);
#5428=LINE('',#13215,#6552);
#5429=LINE('',#13219,#6553);
#5430=LINE('',#13223,#6554);
#5431=LINE('',#13227,#6555);
#5432=LINE('',#13232,#6556);
#5433=LINE('',#13234,#6557);
#5434=LINE('',#13236,#6558);
#5435=LINE('',#13238,#6559);
#5436=LINE('',#13240,#6560);
#5437=LINE('',#13242,#6561);
#5438=LINE('',#13244,#6562);
#5439=LINE('',#13248,#6563);
#5440=LINE('',#13252,#6564);
#5441=LINE('',#13254,#6565);
#5442=LINE('',#13256,#6566);
#5443=LINE('',#13258,#6567);
#5444=LINE('',#13260,#6568);
#5445=LINE('',#13262,#6569);
#5446=LINE('',#13264,#6570);
#5447=LINE('',#13268,#6571);
#5448=LINE('',#13270,#6572);
#5449=LINE('',#13272,#6573);
#5450=LINE('',#13275,#6574);
#5451=LINE('',#13277,#6575);
#5452=LINE('',#13279,#6576);
#5453=LINE('',#13281,#6577);
#5454=LINE('',#13283,#6578);
#5455=LINE('',#13289,#6579);
#5456=LINE('',#13291,#6580);
#5457=LINE('',#13296,#6581);
#5458=LINE('',#13307,#6582);
#5459=LINE('',#13311,#6583);
#5460=LINE('',#13313,#6584);
#5461=LINE('',#13316,#6585);
#5462=LINE('',#13318,#6586);
#5463=LINE('',#13320,#6587);
#5464=LINE('',#13322,#6588);
#5465=LINE('',#13327,#6589);
#5466=LINE('',#13335,#6590);
#5467=LINE('',#13338,#6591);
#5468=LINE('',#13340,#6592);
#5469=LINE('',#13344,#6593);
#5470=LINE('',#13349,#6594);
#5471=LINE('',#13359,#6595);
#5472=LINE('',#13361,#6596);
#5473=LINE('',#13364,#6597);
#5474=LINE('',#13365,#6598);
#5475=LINE('',#13367,#6599);
#5476=LINE('',#13369,#6600);
#5477=LINE('',#13371,#6601);
#5478=LINE('',#13373,#6602);
#5479=LINE('',#13375,#6603);
#5480=LINE('',#13377,#6604);
#5481=LINE('',#13379,#6605);
#5482=LINE('',#13381,#6606);
#5483=LINE('',#13383,#6607);
#5484=LINE('',#13385,#6608);
#5485=LINE('',#13387,#6609);
#5486=LINE('',#13389,#6610);
#5487=LINE('',#13391,#6611);
#5488=LINE('',#13393,#6612);
#5489=LINE('',#13395,#6613);
#5490=LINE('',#13397,#6614);
#5491=LINE('',#13399,#6615);
#5492=LINE('',#13401,#6616);
#5493=LINE('',#13403,#6617);
#5494=LINE('',#13405,#6618);
#5495=LINE('',#13407,#6619);
#5496=LINE('',#13409,#6620);
#5497=LINE('',#13411,#6621);
#5498=LINE('',#13413,#6622);
#5499=LINE('',#13415,#6623);
#5500=LINE('',#13417,#6624);
#5501=LINE('',#13419,#6625);
#5502=LINE('',#13421,#6626);
#5503=LINE('',#13423,#6627);
#5504=LINE('',#13425,#6628);
#5505=LINE('',#13427,#6629);
#5506=LINE('',#13429,#6630);
#5507=LINE('',#13431,#6631);
#5508=LINE('',#13433,#6632);
#5509=LINE('',#13435,#6633);
#5510=LINE('',#13439,#6634);
#5511=LINE('',#13441,#6635);
#5512=LINE('',#13443,#6636);
#5513=LINE('',#13445,#6637);
#5514=LINE('',#13446,#6638);
#5515=LINE('',#13448,#6639);
#5516=LINE('',#13450,#6640);
#5517=LINE('',#13459,#6641);
#5518=LINE('',#13462,#6642);
#5519=LINE('',#13464,#6643);
#5520=LINE('',#13468,#6644);
#5521=LINE('',#13472,#6645);
#5522=LINE('',#13474,#6646);
#5523=LINE('',#13476,#6647);
#5524=LINE('',#13477,#6648);
#5525=LINE('',#13479,#6649);
#5526=LINE('',#13480,#6650);
#5527=LINE('',#13482,#6651);
#5528=LINE('',#13484,#6652);
#5529=LINE('',#13486,#6653);
#5530=LINE('',#13488,#6654);
#5531=LINE('',#13490,#6655);
#5532=LINE('',#13492,#6656);
#5533=LINE('',#13494,#6657);
#5534=LINE('',#13496,#6658);
#5535=LINE('',#13497,#6659);
#5536=LINE('',#13499,#6660);
#5537=LINE('',#13502,#6661);
#5538=LINE('',#13504,#6662);
#5539=LINE('',#13506,#6663);
#5540=LINE('',#13508,#6664);
#5541=LINE('',#13510,#6665);
#5542=LINE('',#13512,#6666);
#5543=LINE('',#13514,#6667);
#5544=LINE('',#13516,#6668);
#5545=LINE('',#13519,#6669);
#5546=LINE('',#13521,#6670);
#5547=LINE('',#13523,#6671);
#5548=LINE('',#13525,#6672);
#5549=LINE('',#13527,#6673);
#5550=LINE('',#13529,#6674);
#5551=LINE('',#13531,#6675);
#5552=LINE('',#13533,#6676);
#5553=LINE('',#13537,#6677);
#5554=LINE('',#13541,#6678);
#5555=LINE('',#13543,#6679);
#5556=LINE('',#13545,#6680);
#5557=LINE('',#13549,#6681);
#5558=LINE('',#13553,#6682);
#5559=LINE('',#13555,#6683);
#5560=LINE('',#13557,#6684);
#5561=LINE('',#13561,#6685);
#5562=LINE('',#13565,#6686);
#5563=LINE('',#13567,#6687);
#5564=LINE('',#13569,#6688);
#5565=LINE('',#13573,#6689);
#5566=LINE('',#13575,#6690);
#5567=LINE('',#13576,#6691);
#5568=LINE('',#13580,#6692);
#5569=LINE('',#13582,#6693);
#5570=LINE('',#13584,#6694);
#5571=LINE('',#13587,#6695);
#5572=LINE('',#13588,#6696);
#5573=LINE('',#13590,#6697);
#5574=LINE('',#13592,#6698);
#5575=LINE('',#13594,#6699);
#5576=LINE('',#13596,#6700);
#5577=LINE('',#13598,#6701);
#5578=LINE('',#13600,#6702);
#5579=LINE('',#13602,#6703);
#5580=LINE('',#13606,#6704);
#5581=LINE('',#13608,#6705);
#5582=LINE('',#13610,#6706);
#5583=LINE('',#13612,#6707);
#5584=LINE('',#13614,#6708);
#5585=LINE('',#13616,#6709);
#5586=LINE('',#13619,#6710);
#5587=LINE('',#13621,#6711);
#5588=LINE('',#13623,#6712);
#5589=LINE('',#13625,#6713);
#5590=LINE('',#13629,#6714);
#5591=LINE('',#13631,#6715);
#5592=LINE('',#13633,#6716);
#5593=LINE('',#13635,#6717);
#5594=LINE('',#13637,#6718);
#5595=LINE('',#13639,#6719);
#5596=LINE('',#13641,#6720);
#5597=LINE('',#13643,#6721);
#5598=LINE('',#13645,#6722);
#5599=LINE('',#13649,#6723);
#5600=LINE('',#13653,#6724);
#5601=LINE('',#13655,#6725);
#5602=LINE('',#13657,#6726);
#5603=LINE('',#13659,#6727);
#5604=LINE('',#13661,#6728);
#5605=LINE('',#13663,#6729);
#5606=LINE('',#13665,#6730);
#5607=LINE('',#13667,#6731);
#5608=LINE('',#13669,#6732);
#5609=LINE('',#13671,#6733);
#5610=LINE('',#13672,#6734);
#5611=LINE('',#13677,#6735);
#5612=LINE('',#13679,#6736);
#5613=LINE('',#13681,#6737);
#5614=LINE('',#13683,#6738);
#5615=LINE('',#13685,#6739);
#5616=LINE('',#13687,#6740);
#5617=LINE('',#13689,#6741);
#5618=LINE('',#13691,#6742);
#5619=LINE('',#13693,#6743);
#5620=LINE('',#13694,#6744);
#5621=LINE('',#13697,#6745);
#5622=LINE('',#13699,#6746);
#5623=LINE('',#13701,#6747);
#5624=LINE('',#13703,#6748);
#5625=LINE('',#13705,#6749);
#5626=LINE('',#13707,#6750);
#5627=LINE('',#13709,#6751);
#5628=LINE('',#13711,#6752);
#5629=LINE('',#13713,#6753);
#5630=LINE('',#13714,#6754);
#5631=LINE('',#13717,#6755);
#5632=LINE('',#13719,#6756);
#5633=LINE('',#13721,#6757);
#5634=LINE('',#13723,#6758);
#5635=LINE('',#13725,#6759);
#5636=LINE('',#13727,#6760);
#5637=LINE('',#13729,#6761);
#5638=LINE('',#13731,#6762);
#5639=LINE('',#13733,#6763);
#5640=LINE('',#13734,#6764);
#5641=LINE('',#13737,#6765);
#5642=LINE('',#13739,#6766);
#5643=LINE('',#13741,#6767);
#5644=LINE('',#13743,#6768);
#5645=LINE('',#13745,#6769);
#5646=LINE('',#13747,#6770);
#5647=LINE('',#13749,#6771);
#5648=LINE('',#13751,#6772);
#5649=LINE('',#13753,#6773);
#5650=LINE('',#13754,#6774);
#5651=LINE('',#13757,#6775);
#5652=LINE('',#13759,#6776);
#5653=LINE('',#13761,#6777);
#5654=LINE('',#13763,#6778);
#5655=LINE('',#13765,#6779);
#5656=LINE('',#13767,#6780);
#5657=LINE('',#13769,#6781);
#5658=LINE('',#13771,#6782);
#5659=LINE('',#13773,#6783);
#5660=LINE('',#13774,#6784);
#5661=LINE('',#13779,#6785);
#5662=LINE('',#13781,#6786);
#5663=LINE('',#13783,#6787);
#5664=LINE('',#13785,#6788);
#5665=LINE('',#13787,#6789);
#5666=LINE('',#13789,#6790);
#5667=LINE('',#13791,#6791);
#5668=LINE('',#13793,#6792);
#5669=LINE('',#13795,#6793);
#5670=LINE('',#13796,#6794);
#5671=LINE('',#13799,#6795);
#5672=LINE('',#13801,#6796);
#5673=LINE('',#13803,#6797);
#5674=LINE('',#13805,#6798);
#5675=LINE('',#13807,#6799);
#5676=LINE('',#13809,#6800);
#5677=LINE('',#13811,#6801);
#5678=LINE('',#13813,#6802);
#5679=LINE('',#13815,#6803);
#5680=LINE('',#13816,#6804);
#5681=LINE('',#13819,#6805);
#5682=LINE('',#13821,#6806);
#5683=LINE('',#13823,#6807);
#5684=LINE('',#13825,#6808);
#5685=LINE('',#13827,#6809);
#5686=LINE('',#13829,#6810);
#5687=LINE('',#13831,#6811);
#5688=LINE('',#13833,#6812);
#5689=LINE('',#13835,#6813);
#5690=LINE('',#13836,#6814);
#5691=LINE('',#13839,#6815);
#5692=LINE('',#13841,#6816);
#5693=LINE('',#13843,#6817);
#5694=LINE('',#13845,#6818);
#5695=LINE('',#13847,#6819);
#5696=LINE('',#13849,#6820);
#5697=LINE('',#13851,#6821);
#5698=LINE('',#13853,#6822);
#5699=LINE('',#13855,#6823);
#5700=LINE('',#13856,#6824);
#5701=LINE('',#13859,#6825);
#5702=LINE('',#13861,#6826);
#5703=LINE('',#13863,#6827);
#5704=LINE('',#13865,#6828);
#5705=LINE('',#13867,#6829);
#5706=LINE('',#13869,#6830);
#5707=LINE('',#13871,#6831);
#5708=LINE('',#13873,#6832);
#5709=LINE('',#13875,#6833);
#5710=LINE('',#13876,#6834);
#5711=LINE('',#13879,#6835);
#5712=LINE('',#13881,#6836);
#5713=LINE('',#13883,#6837);
#5714=LINE('',#13885,#6838);
#5715=LINE('',#13887,#6839);
#5716=LINE('',#13889,#6840);
#5717=LINE('',#13891,#6841);
#5718=LINE('',#13893,#6842);
#5719=LINE('',#13895,#6843);
#5720=LINE('',#13896,#6844);
#5721=LINE('',#13899,#6845);
#5722=LINE('',#13901,#6846);
#5723=LINE('',#13903,#6847);
#5724=LINE('',#13905,#6848);
#5725=LINE('',#13907,#6849);
#5726=LINE('',#13909,#6850);
#5727=LINE('',#13911,#6851);
#5728=LINE('',#13913,#6852);
#5729=LINE('',#13915,#6853);
#5730=LINE('',#13916,#6854);
#5731=LINE('',#13919,#6855);
#5732=LINE('',#13921,#6856);
#5733=LINE('',#13923,#6857);
#5734=LINE('',#13925,#6858);
#5735=LINE('',#13927,#6859);
#5736=LINE('',#13929,#6860);
#5737=LINE('',#13931,#6861);
#5738=LINE('',#13933,#6862);
#5739=LINE('',#13935,#6863);
#5740=LINE('',#13936,#6864);
#5741=LINE('',#13939,#6865);
#5742=LINE('',#13941,#6866);
#5743=LINE('',#13943,#6867);
#5744=LINE('',#13945,#6868);
#5745=LINE('',#13947,#6869);
#5746=LINE('',#13949,#6870);
#5747=LINE('',#13951,#6871);
#5748=LINE('',#13953,#6872);
#5749=LINE('',#13955,#6873);
#5750=LINE('',#13956,#6874);
#5751=LINE('',#13959,#6875);
#5752=LINE('',#13961,#6876);
#5753=LINE('',#13963,#6877);
#5754=LINE('',#13965,#6878);
#5755=LINE('',#13967,#6879);
#5756=LINE('',#13969,#6880);
#5757=LINE('',#13971,#6881);
#5758=LINE('',#13973,#6882);
#5759=LINE('',#13975,#6883);
#5760=LINE('',#13976,#6884);
#5761=LINE('',#13979,#6885);
#5762=LINE('',#13981,#6886);
#5763=LINE('',#13983,#6887);
#5764=LINE('',#13985,#6888);
#5765=LINE('',#13987,#6889);
#5766=LINE('',#13989,#6890);
#5767=LINE('',#13991,#6891);
#5768=LINE('',#13993,#6892);
#5769=LINE('',#13995,#6893);
#5770=LINE('',#13997,#6894);
#5771=LINE('',#14002,#6895);
#5772=LINE('',#14006,#6896);
#5773=LINE('',#14010,#6897);
#5774=LINE('',#14014,#6898);
#5775=LINE('',#14018,#6899);
#5776=LINE('',#14020,#6900);
#5777=LINE('',#14033,#6901);
#5778=LINE('',#14035,#6902);
#5779=LINE('',#14037,#6903);
#5780=LINE('',#14042,#6904);
#5781=LINE('',#14043,#6905);
#5782=LINE('',#14045,#6906);
#5783=LINE('',#14051,#6907);
#5784=LINE('',#14057,#6908);
#5785=LINE('',#14061,#6909);
#5786=LINE('',#14067,#6910);
#5787=LINE('',#14070,#6911);
#5788=LINE('',#14075,#6912);
#5789=LINE('',#14079,#6913);
#5790=LINE('',#14083,#6914);
#5791=LINE('',#14089,#6915);
#5792=LINE('',#14090,#6916);
#5793=LINE('',#14092,#6917);
#5794=LINE('',#14094,#6918);
#5795=LINE('',#14096,#6919);
#5796=LINE('',#14098,#6920);
#5797=LINE('',#14100,#6921);
#5798=LINE('',#14102,#6922);
#5799=LINE('',#14104,#6923);
#5800=LINE('',#14106,#6924);
#5801=LINE('',#14107,#6925);
#5802=LINE('',#14109,#6926);
#5803=LINE('',#14112,#6927);
#5804=LINE('',#14114,#6928);
#5805=LINE('',#14116,#6929);
#5806=LINE('',#14118,#6930);
#5807=LINE('',#14120,#6931);
#5808=LINE('',#14122,#6932);
#5809=LINE('',#14124,#6933);
#5810=LINE('',#14126,#6934);
#5811=LINE('',#14128,#6935);
#5812=LINE('',#14130,#6936);
#5813=LINE('',#14132,#6937);
#5814=LINE('',#14134,#6938);
#5815=LINE('',#14136,#6939);
#5816=LINE('',#14138,#6940);
#5817=LINE('',#14140,#6941);
#5818=LINE('',#14143,#6942);
#5819=LINE('',#14144,#6943);
#5820=LINE('',#14145,#6944);
#5821=LINE('',#14147,#6945);
#5822=LINE('',#14148,#6946);
#5823=LINE('',#14150,#6947);
#5824=LINE('',#14155,#6948);
#5825=LINE('',#14159,#6949);
#5826=LINE('',#14163,#6950);
#5827=LINE('',#14168,#6951);
#5828=LINE('',#14173,#6952);
#5829=LINE('',#14177,#6953);
#5830=LINE('',#14181,#6954);
#5831=LINE('',#14188,#6955);
#5832=LINE('',#14193,#6956);
#5833=LINE('',#14194,#6957);
#5834=LINE('',#14198,#6958);
#5835=LINE('',#14202,#6959);
#5836=LINE('',#14203,#6960);
#5837=LINE('',#14207,#6961);
#5838=LINE('',#14211,#6962);
#5839=LINE('',#14212,#6963);
#5840=LINE('',#14216,#6964);
#5841=LINE('',#14220,#6965);
#5842=LINE('',#14221,#6966);
#5843=LINE('',#14225,#6967);
#5844=LINE('',#14229,#6968);
#5845=LINE('',#14230,#6969);
#5846=LINE('',#14234,#6970);
#5847=LINE('',#14239,#6971);
#5848=LINE('',#14241,#6972);
#5849=LINE('',#14245,#6973);
#5850=LINE('',#14246,#6974);
#5851=LINE('',#14250,#6975);
#5852=LINE('',#14253,#6976);
#5853=LINE('',#14263,#6977);
#5854=LINE('',#14270,#6978);
#5855=LINE('',#14274,#6979);
#5856=LINE('',#14280,#6980);
#5857=LINE('',#14284,#6981);
#5858=LINE('',#14285,#6982);
#5859=LINE('',#14287,#6983);
#5860=LINE('',#14289,#6984);
#5861=LINE('',#14291,#6985);
#5862=LINE('',#14293,#6986);
#5863=LINE('',#14295,#6987);
#5864=LINE('',#14297,#6988);
#5865=LINE('',#14299,#6989);
#5866=LINE('',#14301,#6990);
#5867=LINE('',#14316,#6991);
#5868=LINE('',#14318,#6992);
#5869=LINE('',#14320,#6993);
#5870=LINE('',#14322,#6994);
#5871=LINE('',#14324,#6995);
#5872=LINE('',#14326,#6996);
#5873=LINE('',#14328,#6997);
#5874=LINE('',#14330,#6998);
#5875=LINE('',#14331,#6999);
#5876=LINE('',#14333,#7000);
#5877=LINE('',#14335,#7001);
#5878=LINE('',#14337,#7002);
#5879=LINE('',#14339,#7003);
#5880=LINE('',#14342,#7004);
#5881=LINE('',#14374,#7005);
#5882=LINE('',#14375,#7006);
#5883=LINE('',#14383,#7007);
#5884=LINE('',#14384,#7008);
#5885=LINE('',#14392,#7009);
#5886=LINE('',#14393,#7010);
#5887=LINE('',#14400,#7011);
#5888=LINE('',#14402,#7012);
#5889=LINE('',#14404,#7013);
#5890=LINE('',#14406,#7014);
#5891=LINE('',#14408,#7015);
#5892=LINE('',#14410,#7016);
#5893=LINE('',#14412,#7017);
#5894=LINE('',#14415,#7018);
#5895=LINE('',#14416,#7019);
#5896=LINE('',#14418,#7020);
#5897=LINE('',#14420,#7021);
#5898=LINE('',#14422,#7022);
#5899=LINE('',#14424,#7023);
#5900=LINE('',#14427,#7024);
#5901=LINE('',#14428,#7025);
#5902=LINE('',#14430,#7026);
#5903=LINE('',#14432,#7027);
#5904=LINE('',#14434,#7028);
#5905=LINE('',#14438,#7029);
#5906=LINE('',#14444,#7030);
#5907=LINE('',#14451,#7031);
#5908=LINE('',#14458,#7032);
#5909=LINE('',#14462,#7033);
#5910=LINE('',#14466,#7034);
#5911=LINE('',#14470,#7035);
#5912=LINE('',#14472,#7036);
#5913=LINE('',#14474,#7037);
#5914=LINE('',#14478,#7038);
#5915=LINE('',#14480,#7039);
#5916=LINE('',#14482,#7040);
#5917=LINE('',#14484,#7041);
#5918=LINE('',#14486,#7042);
#5919=LINE('',#14488,#7043);
#5920=LINE('',#14490,#7044);
#5921=LINE('',#14494,#7045);
#5922=LINE('',#14498,#7046);
#5923=LINE('',#14500,#7047);
#5924=LINE('',#14502,#7048);
#5925=LINE('',#14504,#7049);
#5926=LINE('',#14506,#7050);
#5927=LINE('',#14508,#7051);
#5928=LINE('',#14516,#7052);
#5929=LINE('',#14517,#7053);
#5930=LINE('',#14525,#7054);
#5931=LINE('',#14527,#7055);
#5932=LINE('',#14529,#7056);
#5933=LINE('',#14531,#7057);
#5934=LINE('',#14533,#7058);
#5935=LINE('',#14535,#7059);
#5936=LINE('',#14537,#7060);
#5937=LINE('',#14539,#7061);
#5938=LINE('',#14562,#7062);
#5939=LINE('',#14563,#7063);
#5940=LINE('',#14572,#7064);
#5941=LINE('',#14574,#7065);
#5942=LINE('',#14575,#7066);
#5943=LINE('',#14577,#7067);
#5944=LINE('',#14578,#7068);
#5945=LINE('',#14580,#7069);
#5946=LINE('',#14582,#7070);
#5947=LINE('',#14584,#7071);
#5948=LINE('',#14587,#7072);
#5949=LINE('',#14590,#7073);
#5950=LINE('',#14592,#7074);
#5951=LINE('',#14594,#7075);
#5952=LINE('',#14597,#7076);
#5953=LINE('',#14601,#7077);
#5954=LINE('',#14603,#7078);
#5955=LINE('',#14604,#7079);
#5956=LINE('',#14606,#7080);
#5957=LINE('',#14608,#7081);
#5958=LINE('',#14610,#7082);
#5959=LINE('',#14612,#7083);
#5960=LINE('',#14614,#7084);
#5961=LINE('',#14615,#7085);
#5962=LINE('',#14617,#7086);
#5963=LINE('',#14619,#7087);
#5964=LINE('',#14620,#7088);
#5965=LINE('',#14622,#7089);
#5966=LINE('',#14624,#7090);
#5967=LINE('',#14626,#7091);
#5968=LINE('',#14629,#7092);
#5969=LINE('',#14631,#7093);
#5970=LINE('',#14633,#7094);
#5971=LINE('',#14635,#7095);
#5972=LINE('',#14637,#7096);
#5973=LINE('',#14639,#7097);
#5974=LINE('',#14641,#7098);
#5975=LINE('',#14643,#7099);
#5976=LINE('',#14646,#7100);
#5977=LINE('',#14647,#7101);
#5978=LINE('',#14649,#7102);
#5979=LINE('',#14651,#7103);
#5980=LINE('',#14653,#7104);
#5981=LINE('',#14655,#7105);
#5982=LINE('',#14657,#7106);
#5983=LINE('',#14659,#7107);
#5984=LINE('',#14661,#7108);
#5985=LINE('',#14663,#7109);
#5986=LINE('',#14666,#7110);
#5987=LINE('',#14667,#7111);
#5988=LINE('',#14669,#7112);
#5989=LINE('',#14671,#7113);
#5990=LINE('',#14673,#7114);
#5991=LINE('',#14675,#7115);
#5992=LINE('',#14677,#7116);
#5993=LINE('',#14679,#7117);
#5994=LINE('',#14681,#7118);
#5995=LINE('',#14683,#7119);
#5996=LINE('',#14686,#7120);
#5997=LINE('',#14687,#7121);
#5998=LINE('',#14689,#7122);
#5999=LINE('',#14691,#7123);
#6000=LINE('',#14693,#7124);
#6001=LINE('',#14695,#7125);
#6002=LINE('',#14697,#7126);
#6003=LINE('',#14699,#7127);
#6004=LINE('',#14701,#7128);
#6005=LINE('',#14703,#7129);
#6006=LINE('',#14706,#7130);
#6007=LINE('',#14707,#7131);
#6008=LINE('',#14765,#7132);
#6009=LINE('',#14768,#7133);
#6010=LINE('',#14769,#7134);
#6011=LINE('',#14771,#7135);
#6012=LINE('',#14773,#7136);
#6013=LINE('',#14774,#7137);
#6014=LINE('',#14784,#7138);
#6015=LINE('',#14787,#7139);
#6016=LINE('',#14789,#7140);
#6017=LINE('',#14791,#7141);
#6018=LINE('',#14793,#7142);
#6019=LINE('',#14795,#7143);
#6020=LINE('',#14797,#7144);
#6021=LINE('',#14799,#7145);
#6022=LINE('',#14801,#7146);
#6023=LINE('',#14803,#7147);
#6024=LINE('',#14805,#7148);
#6025=LINE('',#14807,#7149);
#6026=LINE('',#14809,#7150);
#6027=LINE('',#14811,#7151);
#6028=LINE('',#14814,#7152);
#6029=LINE('',#14815,#7153);
#6030=LINE('',#14824,#7154);
#6031=LINE('',#14828,#7155);
#6032=LINE('',#14832,#7156);
#6033=LINE('',#14836,#7157);
#6034=LINE('',#14838,#7158);
#6035=LINE('',#14840,#7159);
#6036=LINE('',#14842,#7160);
#6037=LINE('',#14844,#7161);
#6038=LINE('',#14846,#7162);
#6039=LINE('',#14848,#7163);
#6040=LINE('',#14850,#7164);
#6041=LINE('',#14852,#7165);
#6042=LINE('',#14854,#7166);
#6043=LINE('',#14856,#7167);
#6044=LINE('',#14858,#7168);
#6045=LINE('',#14860,#7169);
#6046=LINE('',#14886,#7170);
#6047=LINE('',#14913,#7171);
#6048=LINE('',#14914,#7172);
#6049=LINE('',#14916,#7173);
#6050=LINE('',#14917,#7174);
#6051=LINE('',#14990,#7175);
#6052=LINE('',#14992,#7176);
#6053=LINE('',#14994,#7177);
#6054=LINE('',#14995,#7178);
#6055=LINE('',#14997,#7179);
#6056=LINE('',#14998,#7180);
#6057=LINE('',#15000,#7181);
#6058=LINE('',#15002,#7182);
#6059=LINE('',#15003,#7183);
#6060=LINE('',#15005,#7184);
#6061=LINE('',#15007,#7185);
#6062=LINE('',#15009,#7186);
#6063=LINE('',#15011,#7187);
#6064=LINE('',#15013,#7188);
#6065=LINE('',#15014,#7189);
#6066=LINE('',#15016,#7190);
#6067=LINE('',#15018,#7191);
#6068=LINE('',#15019,#7192);
#6069=LINE('',#15021,#7193);
#6070=LINE('',#15023,#7194);
#6071=LINE('',#15024,#7195);
#6072=LINE('',#15028,#7196);
#6073=LINE('',#15030,#7197);
#6074=LINE('',#15032,#7198);
#6075=LINE('',#15034,#7199);
#6076=LINE('',#15036,#7200);
#6077=LINE('',#15038,#7201);
#6078=LINE('',#15040,#7202);
#6079=LINE('',#15042,#7203);
#6080=LINE('',#15044,#7204);
#6081=LINE('',#15046,#7205);
#6082=LINE('',#15048,#7206);
#6083=LINE('',#15050,#7207);
#6084=LINE('',#15052,#7208);
#6085=LINE('',#15054,#7209);
#6086=LINE('',#15056,#7210);
#6087=LINE('',#15058,#7211);
#6088=LINE('',#15060,#7212);
#6089=LINE('',#15062,#7213);
#6090=LINE('',#15064,#7214);
#6091=LINE('',#15066,#7215);
#6092=LINE('',#15069,#7216);
#6093=LINE('',#15071,#7217);
#6094=LINE('',#15073,#7218);
#6095=LINE('',#15075,#7219);
#6096=LINE('',#15077,#7220);
#6097=LINE('',#15079,#7221);
#6098=LINE('',#15081,#7222);
#6099=LINE('',#15083,#7223);
#6100=LINE('',#15085,#7224);
#6101=LINE('',#15087,#7225);
#6102=LINE('',#15089,#7226);
#6103=LINE('',#15091,#7227);
#6104=LINE('',#15093,#7228);
#6105=LINE('',#15095,#7229);
#6106=LINE('',#15097,#7230);
#6107=LINE('',#15099,#7231);
#6108=LINE('',#15101,#7232);
#6109=LINE('',#15103,#7233);
#6110=LINE('',#15105,#7234);
#6111=LINE('',#15107,#7235);
#6112=LINE('',#15110,#7236);
#6113=LINE('',#15112,#7237);
#6114=LINE('',#15114,#7238);
#6115=LINE('',#15116,#7239);
#6116=LINE('',#15118,#7240);
#6117=LINE('',#15120,#7241);
#6118=LINE('',#15122,#7242);
#6119=LINE('',#15124,#7243);
#6120=LINE('',#15126,#7244);
#6121=LINE('',#15128,#7245);
#6122=LINE('',#15130,#7246);
#6123=LINE('',#15132,#7247);
#6124=LINE('',#15134,#7248);
#6125=LINE('',#15136,#7249);
#6126=LINE('',#15138,#7250);
#6127=LINE('',#15140,#7251);
#6128=LINE('',#15142,#7252);
#6129=LINE('',#15144,#7253);
#6130=LINE('',#15146,#7254);
#6131=LINE('',#15148,#7255);
#6132=LINE('',#15151,#7256);
#6133=LINE('',#15153,#7257);
#6134=LINE('',#15155,#7258);
#6135=LINE('',#15157,#7259);
#6136=LINE('',#15159,#7260);
#6137=LINE('',#15161,#7261);
#6138=LINE('',#15163,#7262);
#6139=LINE('',#15165,#7263);
#6140=LINE('',#15167,#7264);
#6141=LINE('',#15169,#7265);
#6142=LINE('',#15171,#7266);
#6143=LINE('',#15173,#7267);
#6144=LINE('',#15175,#7268);
#6145=LINE('',#15177,#7269);
#6146=LINE('',#15179,#7270);
#6147=LINE('',#15181,#7271);
#6148=LINE('',#15183,#7272);
#6149=LINE('',#15185,#7273);
#6150=LINE('',#15187,#7274);
#6151=LINE('',#15189,#7275);
#6152=LINE('',#15192,#7276);
#6153=LINE('',#15194,#7277);
#6154=LINE('',#15196,#7278);
#6155=LINE('',#15198,#7279);
#6156=LINE('',#15200,#7280);
#6157=LINE('',#15202,#7281);
#6158=LINE('',#15204,#7282);
#6159=LINE('',#15206,#7283);
#6160=LINE('',#15208,#7284);
#6161=LINE('',#15210,#7285);
#6162=LINE('',#15212,#7286);
#6163=LINE('',#15214,#7287);
#6164=LINE('',#15216,#7288);
#6165=LINE('',#15218,#7289);
#6166=LINE('',#15220,#7290);
#6167=LINE('',#15222,#7291);
#6168=LINE('',#15224,#7292);
#6169=LINE('',#15226,#7293);
#6170=LINE('',#15228,#7294);
#6171=LINE('',#15230,#7295);
#6172=LINE('',#15233,#7296);
#6173=LINE('',#15237,#7297);
#6174=LINE('',#15239,#7298);
#6175=LINE('',#15241,#7299);
#6176=LINE('',#15243,#7300);
#6177=LINE('',#15245,#7301);
#6178=LINE('',#15249,#7302);
#6179=LINE('',#15251,#7303);
#6180=LINE('',#15253,#7304);
#6181=LINE('',#15255,#7305);
#6182=LINE('',#15257,#7306);
#6183=LINE('',#15259,#7307);
#6184=LINE('',#15261,#7308);
#6185=LINE('',#15263,#7309);
#6186=LINE('',#15265,#7310);
#6187=LINE('',#15267,#7311);
#6188=LINE('',#15269,#7312);
#6189=LINE('',#15271,#7313);
#6190=LINE('',#15273,#7314);
#6191=LINE('',#15275,#7315);
#6192=LINE('',#15277,#7316);
#6193=LINE('',#15280,#7317);
#6194=LINE('',#15282,#7318);
#6195=LINE('',#15284,#7319);
#6196=LINE('',#15286,#7320);
#6197=LINE('',#15287,#7321);
#6198=LINE('',#15289,#7322);
#6199=LINE('',#15291,#7323);
#6200=LINE('',#15293,#7324);
#6201=LINE('',#15295,#7325);
#6202=LINE('',#15297,#7326);
#6203=LINE('',#15299,#7327);
#6204=LINE('',#15301,#7328);
#6205=LINE('',#15305,#7329);
#6206=LINE('',#15307,#7330);
#6207=LINE('',#15309,#7331);
#6208=LINE('',#15312,#7332);
#6209=LINE('',#15314,#7333);
#6210=LINE('',#15316,#7334);
#6211=LINE('',#15318,#7335);
#6212=LINE('',#15320,#7336);
#6213=LINE('',#15322,#7337);
#6214=LINE('',#15324,#7338);
#6215=LINE('',#15326,#7339);
#6216=LINE('',#15328,#7340);
#6217=LINE('',#15330,#7341);
#6218=LINE('',#15332,#7342);
#6219=LINE('',#15334,#7343);
#6220=LINE('',#15336,#7344);
#6221=LINE('',#15338,#7345);
#6222=LINE('',#15340,#7346);
#6223=LINE('',#15342,#7347);
#6224=LINE('',#15344,#7348);
#6225=LINE('',#15346,#7349);
#6226=LINE('',#15348,#7350);
#6227=LINE('',#15351,#7351);
#6228=LINE('',#15353,#7352);
#6229=LINE('',#15355,#7353);
#6230=LINE('',#15357,#7354);
#6231=LINE('',#15359,#7355);
#6232=LINE('',#15361,#7356);
#6233=LINE('',#15363,#7357);
#6234=LINE('',#15365,#7358);
#6235=LINE('',#15367,#7359);
#6236=LINE('',#15369,#7360);
#6237=LINE('',#15371,#7361);
#6238=LINE('',#15373,#7362);
#6239=LINE('',#15375,#7363);
#6240=LINE('',#15377,#7364);
#6241=LINE('',#15379,#7365);
#6242=LINE('',#15381,#7366);
#6243=LINE('',#15383,#7367);
#6244=LINE('',#15385,#7368);
#6245=LINE('',#15387,#7369);
#6246=LINE('',#15389,#7370);
#6247=LINE('',#15392,#7371);
#6248=LINE('',#15394,#7372);
#6249=LINE('',#15396,#7373);
#6250=LINE('',#15398,#7374);
#6251=LINE('',#15400,#7375);
#6252=LINE('',#15402,#7376);
#6253=LINE('',#15404,#7377);
#6254=LINE('',#15406,#7378);
#6255=LINE('',#15408,#7379);
#6256=LINE('',#15410,#7380);
#6257=LINE('',#15412,#7381);
#6258=LINE('',#15414,#7382);
#6259=LINE('',#15416,#7383);
#6260=LINE('',#15418,#7384);
#6261=LINE('',#15420,#7385);
#6262=LINE('',#15422,#7386);
#6263=LINE('',#15424,#7387);
#6264=LINE('',#15426,#7388);
#6265=LINE('',#15428,#7389);
#6266=LINE('',#15430,#7390);
#6267=LINE('',#15433,#7391);
#6268=LINE('',#15435,#7392);
#6269=LINE('',#15437,#7393);
#6270=LINE('',#15439,#7394);
#6271=LINE('',#15441,#7395);
#6272=LINE('',#15443,#7396);
#6273=LINE('',#15445,#7397);
#6274=LINE('',#15447,#7398);
#6275=LINE('',#15449,#7399);
#6276=LINE('',#15451,#7400);
#6277=LINE('',#15453,#7401);
#6278=LINE('',#15455,#7402);
#6279=LINE('',#15457,#7403);
#6280=LINE('',#15459,#7404);
#6281=LINE('',#15461,#7405);
#6282=LINE('',#15463,#7406);
#6283=LINE('',#15465,#7407);
#6284=LINE('',#15467,#7408);
#6285=LINE('',#15469,#7409);
#6286=LINE('',#15471,#7410);
#6287=LINE('',#15474,#7411);
#6288=LINE('',#15478,#7412);
#6289=LINE('',#15480,#7413);
#6290=LINE('',#15482,#7414);
#6291=LINE('',#15484,#7415);
#6292=LINE('',#15486,#7416);
#6293=LINE('',#15490,#7417);
#6294=LINE('',#15492,#7418);
#6295=LINE('',#15494,#7419);
#6296=LINE('',#15496,#7420);
#6297=LINE('',#15498,#7421);
#6298=LINE('',#15500,#7422);
#6299=LINE('',#15502,#7423);
#6300=LINE('',#15504,#7424);
#6301=LINE('',#15506,#7425);
#6302=LINE('',#15508,#7426);
#6303=LINE('',#15510,#7427);
#6304=LINE('',#15512,#7428);
#6305=LINE('',#15514,#7429);
#6306=LINE('',#15516,#7430);
#6307=LINE('',#15518,#7431);
#6308=LINE('',#15521,#7432);
#6309=LINE('',#15523,#7433);
#6310=LINE('',#15525,#7434);
#6311=LINE('',#15528,#7435);
#6312=LINE('',#15531,#7436);
#6313=LINE('',#15533,#7437);
#6314=LINE('',#15535,#7438);
#6315=LINE('',#15537,#7439);
#6316=LINE('',#15539,#7440);
#6317=LINE('',#15541,#7441);
#6318=LINE('',#15543,#7442);
#6319=LINE('',#15545,#7443);
#6320=LINE('',#15547,#7444);
#6321=LINE('',#15549,#7445);
#6322=LINE('',#15551,#7446);
#6323=LINE('',#15553,#7447);
#6324=LINE('',#15555,#7448);
#6325=LINE('',#15557,#7449);
#6326=LINE('',#15560,#7450);
#6327=LINE('',#15562,#7451);
#6328=LINE('',#15564,#7452);
#6329=LINE('',#15566,#7453);
#6330=LINE('',#15568,#7454);
#6331=LINE('',#15571,#7455);
#6332=LINE('',#15573,#7456);
#6333=LINE('',#15575,#7457);
#6334=LINE('',#15577,#7458);
#6335=LINE('',#15579,#7459);
#6336=LINE('',#15581,#7460);
#6337=LINE('',#15583,#7461);
#6338=LINE('',#15585,#7462);
#6339=LINE('',#15587,#7463);
#6340=LINE('',#15589,#7464);
#6341=LINE('',#15591,#7465);
#6342=LINE('',#15593,#7466);
#6343=LINE('',#15595,#7467);
#6344=LINE('',#15597,#7468);
#6345=LINE('',#15599,#7469);
#6346=LINE('',#15601,#7470);
#6347=LINE('',#15603,#7471);
#6348=LINE('',#15605,#7472);
#6349=LINE('',#15607,#7473);
#6350=LINE('',#15609,#7474);
#6351=LINE('',#15612,#7475);
#6352=LINE('',#15614,#7476);
#6353=LINE('',#15616,#7477);
#6354=LINE('',#15618,#7478);
#6355=LINE('',#15620,#7479);
#6356=LINE('',#15622,#7480);
#6357=LINE('',#15624,#7481);
#6358=LINE('',#15626,#7482);
#6359=LINE('',#15628,#7483);
#6360=LINE('',#15630,#7484);
#6361=LINE('',#15632,#7485);
#6362=LINE('',#15634,#7486);
#6363=LINE('',#15636,#7487);
#6364=LINE('',#15638,#7488);
#6365=LINE('',#15640,#7489);
#6366=LINE('',#15642,#7490);
#6367=LINE('',#15644,#7491);
#6368=LINE('',#15646,#7492);
#6369=LINE('',#15648,#7493);
#6370=LINE('',#15650,#7494);
#6371=LINE('',#15653,#7495);
#6372=LINE('',#15657,#7496);
#6373=LINE('',#15659,#7497);
#6374=LINE('',#15661,#7498);
#6375=LINE('',#15663,#7499);
#6376=LINE('',#15665,#7500);
#6377=LINE('',#15669,#7501);
#6378=LINE('',#15671,#7502);
#6379=LINE('',#15673,#7503);
#6380=LINE('',#15675,#7504);
#6381=LINE('',#15677,#7505);
#6382=LINE('',#15679,#7506);
#6383=LINE('',#15681,#7507);
#6384=LINE('',#15683,#7508);
#6385=LINE('',#15685,#7509);
#6386=LINE('',#15687,#7510);
#6387=LINE('',#15689,#7511);
#6388=LINE('',#15691,#7512);
#6389=LINE('',#15693,#7513);
#6390=LINE('',#15695,#7514);
#6391=LINE('',#15697,#7515);
#6392=LINE('',#15700,#7516);
#6393=LINE('',#15702,#7517);
#6394=LINE('',#15704,#7518);
#6395=LINE('',#15706,#7519);
#6396=LINE('',#15708,#7520);
#6397=LINE('',#15710,#7521);
#6398=LINE('',#15712,#7522);
#6399=LINE('',#15714,#7523);
#6400=LINE('',#15716,#7524);
#6401=LINE('',#15718,#7525);
#6402=LINE('',#15720,#7526);
#6403=LINE('',#15723,#7527);
#6404=LINE('',#15725,#7528);
#6405=LINE('',#15727,#7529);
#6406=LINE('',#15729,#7530);
#6407=LINE('',#15731,#7531);
#6408=LINE('',#15733,#7532);
#6409=LINE('',#15735,#7533);
#6410=LINE('',#15738,#7534);
#6411=LINE('',#15740,#7535);
#6412=LINE('',#15742,#7536);
#6413=LINE('',#15745,#7537);
#6414=LINE('',#15747,#7538);
#6415=LINE('',#15749,#7539);
#6416=LINE('',#15751,#7540);
#6417=LINE('',#15753,#7541);
#6418=LINE('',#15755,#7542);
#6419=LINE('',#15757,#7543);
#6420=LINE('',#15759,#7544);
#6421=LINE('',#15761,#7545);
#6422=LINE('',#15763,#7546);
#6423=LINE('',#15765,#7547);
#6424=LINE('',#15767,#7548);
#6425=LINE('',#15769,#7549);
#6426=LINE('',#15771,#7550);
#6427=LINE('',#15773,#7551);
#6428=LINE('',#15776,#7552);
#6429=LINE('',#15778,#7553);
#6430=LINE('',#15780,#7554);
#6431=LINE('',#15782,#7555);
#6432=LINE('',#15784,#7556);
#6433=LINE('',#15786,#7557);
#6434=LINE('',#15788,#7558);
#6435=LINE('',#15790,#7559);
#6436=LINE('',#15792,#7560);
#6437=LINE('',#15794,#7561);
#6438=LINE('',#15796,#7562);
#6439=LINE('',#15798,#7563);
#6440=LINE('',#15800,#7564);
#6441=LINE('',#15802,#7565);
#6442=LINE('',#15804,#7566);
#6443=LINE('',#15806,#7567);
#6444=LINE('',#15808,#7568);
#6445=LINE('',#15810,#7569);
#6446=LINE('',#15812,#7570);
#6447=LINE('',#15815,#7571);
#6448=LINE('',#15819,#7572);
#6449=LINE('',#15821,#7573);
#6450=LINE('',#15823,#7574);
#6451=LINE('',#15825,#7575);
#6452=LINE('',#15827,#7576);
#6453=LINE('',#15831,#7577);
#6454=LINE('',#15833,#7578);
#6455=LINE('',#15835,#7579);
#6456=LINE('',#15837,#7580);
#6457=LINE('',#15839,#7581);
#6458=LINE('',#15841,#7582);
#6459=LINE('',#15843,#7583);
#6460=LINE('',#15845,#7584);
#6461=LINE('',#15847,#7585);
#6462=LINE('',#15849,#7586);
#6463=LINE('',#15851,#7587);
#6464=LINE('',#15853,#7588);
#6465=LINE('',#15855,#7589);
#6466=LINE('',#15857,#7590);
#6467=LINE('',#15859,#7591);
#6468=LINE('',#15863,#7592);
#6469=LINE('',#15865,#7593);
#6470=LINE('',#15867,#7594);
#6471=LINE('',#15869,#7595);
#6472=LINE('',#15871,#7596);
#6473=LINE('',#15873,#7597);
#6474=LINE('',#15875,#7598);
#6475=LINE('',#15877,#7599);
#6476=LINE('',#15879,#7600);
#6477=LINE('',#15881,#7601);
#6478=LINE('',#15883,#7602);
#6479=LINE('',#15885,#7603);
#6480=LINE('',#15887,#7604);
#6481=LINE('',#15889,#7605);
#6482=LINE('',#15891,#7606);
#6483=LINE('',#15893,#7607);
#6484=LINE('',#15895,#7608);
#6485=LINE('',#15897,#7609);
#6486=LINE('',#15899,#7610);
#6487=LINE('',#15901,#7611);
#6488=LINE('',#15904,#7612);
#6489=LINE('',#15906,#7613);
#6490=LINE('',#15908,#7614);
#6491=LINE('',#15910,#7615);
#6492=LINE('',#15912,#7616);
#6493=LINE('',#15914,#7617);
#6494=LINE('',#15916,#7618);
#6495=LINE('',#15918,#7619);
#6496=LINE('',#15920,#7620);
#6497=LINE('',#15922,#7621);
#6498=LINE('',#15924,#7622);
#6499=LINE('',#15925,#7623);
#6500=LINE('',#15927,#7624);
#6501=LINE('',#15929,#7625);
#6502=LINE('',#15931,#7626);
#6503=LINE('',#15933,#7627);
#6504=LINE('',#15935,#7628);
#6505=LINE('',#15937,#7629);
#6506=LINE('',#15939,#7630);
#6507=LINE('',#15940,#7631);
#6508=LINE('',#15942,#7632);
#6509=LINE('',#15943,#7633);
#6510=LINE('',#15945,#7634);
#6511=LINE('',#15946,#7635);
#6512=LINE('',#15948,#7636);
#6513=LINE('',#15949,#7637);
#6514=LINE('',#15951,#7638);
#6515=LINE('',#15952,#7639);
#6516=VECTOR('',#10483,1.);
#6517=VECTOR('',#10484,1.);
#6518=VECTOR('',#10485,1.);
#6519=VECTOR('',#10486,1.);
#6520=VECTOR('',#10489,1.);
#6521=VECTOR('',#10490,1.);
#6522=VECTOR('',#10491,1.);
#6523=VECTOR('',#10492,1.);
#6524=VECTOR('',#10493,1.);
#6525=VECTOR('',#10494,1.);
#6526=VECTOR('',#10495,1.);
#6527=VECTOR('',#10496,1.);
#6528=VECTOR('',#10497,1.);
#6529=VECTOR('',#10498,1.);
#6530=VECTOR('',#10499,1.);
#6531=VECTOR('',#10500,1.);
#6532=VECTOR('',#10501,1.);
#6533=VECTOR('',#10502,1.);
#6534=VECTOR('',#10503,1.);
#6535=VECTOR('',#10504,1.);
#6536=VECTOR('',#10505,1.);
#6537=VECTOR('',#10508,1.);
#6538=VECTOR('',#10511,1.);
#6539=VECTOR('',#10512,1.);
#6540=VECTOR('',#10513,1.);
#6541=VECTOR('',#10514,1.);
#6542=VECTOR('',#10515,1.);
#6543=VECTOR('',#10516,1.);
#6544=VECTOR('',#10521,1.);
#6545=VECTOR('',#10524,1.);
#6546=VECTOR('',#10527,1.);
#6547=VECTOR('',#10530,1.);
#6548=VECTOR('',#10533,1.);
#6549=VECTOR('',#10536,1.);
#6550=VECTOR('',#10539,1.);
#6551=VECTOR('',#10542,1.);
#6552=VECTOR('',#10545,1.);
#6553=VECTOR('',#10548,1.);
#6554=VECTOR('',#10551,1.);
#6555=VECTOR('',#10554,1.);
#6556=VECTOR('',#10559,1.);
#6557=VECTOR('',#10560,1.);
#6558=VECTOR('',#10561,1.);
#6559=VECTOR('',#10562,1.);
#6560=VECTOR('',#10563,1.);
#6561=VECTOR('',#10564,1.);
#6562=VECTOR('',#10565,1.);
#6563=VECTOR('',#10568,1.);
#6564=VECTOR('',#10571,1.);
#6565=VECTOR('',#10572,1.);
#6566=VECTOR('',#10573,1.);
#6567=VECTOR('',#10574,1.);
#6568=VECTOR('',#10575,1.);
#6569=VECTOR('',#10576,1.);
#6570=VECTOR('',#10577,1.);
#6571=VECTOR('',#10580,1.);
#6572=VECTOR('',#10581,1.);
#6573=VECTOR('',#10584,1.);
#6574=VECTOR('',#10585,1.);
#6575=VECTOR('',#10586,1.);
#6576=VECTOR('',#10587,1.);
#6577=VECTOR('',#10588,1.);
#6578=VECTOR('',#10589,1.);
#6579=VECTOR('',#10596,1.);
#6580=VECTOR('',#10599,1.);
#6581=VECTOR('',#10602,1.);
#6582=VECTOR('',#10607,1.);
#6583=VECTOR('',#10610,1.);
#6584=VECTOR('',#10613,1.);
#6585=VECTOR('',#10614,1.);
#6586=VECTOR('',#10615,1.);
#6587=VECTOR('',#10616,1.);
#6588=VECTOR('',#10619,1.);
#6589=VECTOR('',#10622,1.);
#6590=VECTOR('',#10625,1.);
#6591=VECTOR('',#10626,1.);
#6592=VECTOR('',#10627,1.);
#6593=VECTOR('',#10630,1.);
#6594=VECTOR('',#10635,1.);
#6595=VECTOR('',#10638,1.);
#6596=VECTOR('',#10641,1.);
#6597=VECTOR('',#10642,1.);
#6598=VECTOR('',#10643,1.);
#6599=VECTOR('',#10644,1.);
#6600=VECTOR('',#10645,1.);
#6601=VECTOR('',#10646,1.);
#6602=VECTOR('',#10647,1.);
#6603=VECTOR('',#10650,1.);
#6604=VECTOR('',#10651,1.);
#6605=VECTOR('',#10652,1.);
#6606=VECTOR('',#10653,1.);
#6607=VECTOR('',#10654,1.);
#6608=VECTOR('',#10655,1.);
#6609=VECTOR('',#10656,1.);
#6610=VECTOR('',#10657,1.);
#6611=VECTOR('',#10658,1.);
#6612=VECTOR('',#10659,1.);
#6613=VECTOR('',#10660,1.);
#6614=VECTOR('',#10661,1.);
#6615=VECTOR('',#10662,1.);
#6616=VECTOR('',#10663,1.);
#6617=VECTOR('',#10664,1.);
#6618=VECTOR('',#10665,1.);
#6619=VECTOR('',#10666,1.);
#6620=VECTOR('',#10667,1.);
#6621=VECTOR('',#10668,1.);
#6622=VECTOR('',#10669,1.);
#6623=VECTOR('',#10670,1.);
#6624=VECTOR('',#10671,1.);
#6625=VECTOR('',#10672,1.);
#6626=VECTOR('',#10673,1.);
#6627=VECTOR('',#10674,1.);
#6628=VECTOR('',#10675,1.);
#6629=VECTOR('',#10676,1.);
#6630=VECTOR('',#10677,1.);
#6631=VECTOR('',#10678,1.);
#6632=VECTOR('',#10679,1.);
#6633=VECTOR('',#10680,1.);
#6634=VECTOR('',#10685,1.);
#6635=VECTOR('',#10686,1.);
#6636=VECTOR('',#10687,1.);
#6637=VECTOR('',#10690,1.);
#6638=VECTOR('',#10691,1.);
#6639=VECTOR('',#10692,1.);
#6640=VECTOR('',#10693,1.);
#6641=VECTOR('',#10702,1.);
#6642=VECTOR('',#10703,1.);
#6643=VECTOR('',#10704,1.);
#6644=VECTOR('',#10707,1.);
#6645=VECTOR('',#10712,1.);
#6646=VECTOR('',#10713,1.);
#6647=VECTOR('',#10714,1.);
#6648=VECTOR('',#10715,1.);
#6649=VECTOR('',#10716,1.);
#6650=VECTOR('',#10717,1.);
#6651=VECTOR('',#10718,1.);
#6652=VECTOR('',#10719,1.);
#6653=VECTOR('',#10720,1.);
#6654=VECTOR('',#10721,1.);
#6655=VECTOR('',#10722,1.);
#6656=VECTOR('',#10723,1.);
#6657=VECTOR('',#10724,1.);
#6658=VECTOR('',#10725,1.);
#6659=VECTOR('',#10726,1.);
#6660=VECTOR('',#10729,1.);
#6661=VECTOR('',#10730,1.);
#6662=VECTOR('',#10731,1.);
#6663=VECTOR('',#10732,1.);
#6664=VECTOR('',#10733,1.);
#6665=VECTOR('',#10734,1.);
#6666=VECTOR('',#10735,1.);
#6667=VECTOR('',#10736,1.);
#6668=VECTOR('',#10739,1.);
#6669=VECTOR('',#10740,1.);
#6670=VECTOR('',#10741,1.);
#6671=VECTOR('',#10742,1.);
#6672=VECTOR('',#10745,1.);
#6673=VECTOR('',#10746,1.);
#6674=VECTOR('',#10747,1.);
#6675=VECTOR('',#10748,1.);
#6676=VECTOR('',#10749,1.);
#6677=VECTOR('',#10752,1.);
#6678=VECTOR('',#10755,1.);
#6679=VECTOR('',#10756,1.);
#6680=VECTOR('',#10757,1.);
#6681=VECTOR('',#10760,1.);
#6682=VECTOR('',#10763,1.);
#6683=VECTOR('',#10764,1.);
#6684=VECTOR('',#10765,1.);
#6685=VECTOR('',#10768,1.);
#6686=VECTOR('',#10771,1.);
#6687=VECTOR('',#10772,1.);
#6688=VECTOR('',#10773,1.);
#6689=VECTOR('',#10778,1.);
#6690=VECTOR('',#10779,1.);
#6691=VECTOR('',#10780,1.);
#6692=VECTOR('',#10783,1.);
#6693=VECTOR('',#10784,1.);
#6694=VECTOR('',#10787,1.);
#6695=VECTOR('',#10788,1.);
#6696=VECTOR('',#10789,1.);
#6697=VECTOR('',#10790,1.);
#6698=VECTOR('',#10791,1.);
#6699=VECTOR('',#10792,1.);
#6700=VECTOR('',#10793,1.);
#6701=VECTOR('',#10794,1.);
#6702=VECTOR('',#10795,1.);
#6703=VECTOR('',#10796,1.);
#6704=VECTOR('',#10799,1.);
#6705=VECTOR('',#10800,1.);
#6706=VECTOR('',#10801,1.);
#6707=VECTOR('',#10802,1.);
#6708=VECTOR('',#10803,1.);
#6709=VECTOR('',#10804,1.);
#6710=VECTOR('',#10807,1.);
#6711=VECTOR('',#10808,1.);
#6712=VECTOR('',#10809,1.);
#6713=VECTOR('',#10810,1.);
#6714=VECTOR('',#10813,1.);
#6715=VECTOR('',#10814,1.);
#6716=VECTOR('',#10815,1.);
#6717=VECTOR('',#10816,1.);
#6718=VECTOR('',#10817,1.);
#6719=VECTOR('',#10818,1.);
#6720=VECTOR('',#10819,1.);
#6721=VECTOR('',#10820,1.);
#6722=VECTOR('',#10821,1.);
#6723=VECTOR('',#10824,1.);
#6724=VECTOR('',#10827,1.);
#6725=VECTOR('',#10828,1.);
#6726=VECTOR('',#10829,1.);
#6727=VECTOR('',#10830,1.);
#6728=VECTOR('',#10831,1.);
#6729=VECTOR('',#10832,1.);
#6730=VECTOR('',#10833,1.);
#6731=VECTOR('',#10834,1.);
#6732=VECTOR('',#10835,1.);
#6733=VECTOR('',#10836,1.);
#6734=VECTOR('',#10837,1.);
#6735=VECTOR('',#10840,1.);
#6736=VECTOR('',#10841,1.);
#6737=VECTOR('',#10842,1.);
#6738=VECTOR('',#10843,1.);
#6739=VECTOR('',#10844,1.);
#6740=VECTOR('',#10845,1.);
#6741=VECTOR('',#10846,1.);
#6742=VECTOR('',#10847,1.);
#6743=VECTOR('',#10848,1.);
#6744=VECTOR('',#10849,1.);
#6745=VECTOR('',#10850,1.);
#6746=VECTOR('',#10851,1.);
#6747=VECTOR('',#10852,1.);
#6748=VECTOR('',#10853,1.);
#6749=VECTOR('',#10854,1.);
#6750=VECTOR('',#10855,1.);
#6751=VECTOR('',#10856,1.);
#6752=VECTOR('',#10857,1.);
#6753=VECTOR('',#10858,1.);
#6754=VECTOR('',#10859,1.);
#6755=VECTOR('',#10860,1.);
#6756=VECTOR('',#10861,1.);
#6757=VECTOR('',#10862,1.);
#6758=VECTOR('',#10863,1.);
#6759=VECTOR('',#10864,1.);
#6760=VECTOR('',#10865,1.);
#6761=VECTOR('',#10866,1.);
#6762=VECTOR('',#10867,1.);
#6763=VECTOR('',#10868,1.);
#6764=VECTOR('',#10869,1.);
#6765=VECTOR('',#10870,1.);
#6766=VECTOR('',#10871,1.);
#6767=VECTOR('',#10872,1.);
#6768=VECTOR('',#10873,1.);
#6769=VECTOR('',#10874,1.);
#6770=VECTOR('',#10875,1.);
#6771=VECTOR('',#10876,1.);
#6772=VECTOR('',#10877,1.);
#6773=VECTOR('',#10878,1.);
#6774=VECTOR('',#10879,1.);
#6775=VECTOR('',#10880,1.);
#6776=VECTOR('',#10881,1.);
#6777=VECTOR('',#10882,1.);
#6778=VECTOR('',#10883,1.);
#6779=VECTOR('',#10884,1.);
#6780=VECTOR('',#10885,1.);
#6781=VECTOR('',#10886,1.);
#6782=VECTOR('',#10887,1.);
#6783=VECTOR('',#10888,1.);
#6784=VECTOR('',#10889,1.);
#6785=VECTOR('',#10892,1.);
#6786=VECTOR('',#10893,1.);
#6787=VECTOR('',#10894,1.);
#6788=VECTOR('',#10895,1.);
#6789=VECTOR('',#10896,1.);
#6790=VECTOR('',#10897,1.);
#6791=VECTOR('',#10898,1.);
#6792=VECTOR('',#10899,1.);
#6793=VECTOR('',#10900,1.);
#6794=VECTOR('',#10901,1.);
#6795=VECTOR('',#10902,1.);
#6796=VECTOR('',#10903,1.);
#6797=VECTOR('',#10904,1.);
#6798=VECTOR('',#10905,1.);
#6799=VECTOR('',#10906,1.);
#6800=VECTOR('',#10907,1.);
#6801=VECTOR('',#10908,1.);
#6802=VECTOR('',#10909,1.);
#6803=VECTOR('',#10910,1.);
#6804=VECTOR('',#10911,1.);
#6805=VECTOR('',#10912,1.);
#6806=VECTOR('',#10913,1.);
#6807=VECTOR('',#10914,1.);
#6808=VECTOR('',#10915,1.);
#6809=VECTOR('',#10916,1.);
#6810=VECTOR('',#10917,1.);
#6811=VECTOR('',#10918,1.);
#6812=VECTOR('',#10919,1.);
#6813=VECTOR('',#10920,1.);
#6814=VECTOR('',#10921,1.);
#6815=VECTOR('',#10922,1.);
#6816=VECTOR('',#10923,1.);
#6817=VECTOR('',#10924,1.);
#6818=VECTOR('',#10925,1.);
#6819=VECTOR('',#10926,1.);
#6820=VECTOR('',#10927,1.);
#6821=VECTOR('',#10928,1.);
#6822=VECTOR('',#10929,1.);
#6823=VECTOR('',#10930,1.);
#6824=VECTOR('',#10931,1.);
#6825=VECTOR('',#10932,1.);
#6826=VECTOR('',#10933,1.);
#6827=VECTOR('',#10934,1.);
#6828=VECTOR('',#10935,1.);
#6829=VECTOR('',#10936,1.);
#6830=VECTOR('',#10937,1.);
#6831=VECTOR('',#10938,1.);
#6832=VECTOR('',#10939,1.);
#6833=VECTOR('',#10940,1.);
#6834=VECTOR('',#10941,1.);
#6835=VECTOR('',#10942,1.);
#6836=VECTOR('',#10943,1.);
#6837=VECTOR('',#10944,1.);
#6838=VECTOR('',#10945,1.);
#6839=VECTOR('',#10946,1.);
#6840=VECTOR('',#10947,1.);
#6841=VECTOR('',#10948,1.);
#6842=VECTOR('',#10949,1.);
#6843=VECTOR('',#10950,1.);
#6844=VECTOR('',#10951,1.);
#6845=VECTOR('',#10952,1.);
#6846=VECTOR('',#10953,1.);
#6847=VECTOR('',#10954,1.);
#6848=VECTOR('',#10955,1.);
#6849=VECTOR('',#10956,1.);
#6850=VECTOR('',#10957,1.);
#6851=VECTOR('',#10958,1.);
#6852=VECTOR('',#10959,1.);
#6853=VECTOR('',#10960,1.);
#6854=VECTOR('',#10961,1.);
#6855=VECTOR('',#10962,1.);
#6856=VECTOR('',#10963,1.);
#6857=VECTOR('',#10964,1.);
#6858=VECTOR('',#10965,1.);
#6859=VECTOR('',#10966,1.);
#6860=VECTOR('',#10967,1.);
#6861=VECTOR('',#10968,1.);
#6862=VECTOR('',#10969,1.);
#6863=VECTOR('',#10970,1.);
#6864=VECTOR('',#10971,1.);
#6865=VECTOR('',#10972,1.);
#6866=VECTOR('',#10973,1.);
#6867=VECTOR('',#10974,1.);
#6868=VECTOR('',#10975,1.);
#6869=VECTOR('',#10976,1.);
#6870=VECTOR('',#10977,1.);
#6871=VECTOR('',#10978,1.);
#6872=VECTOR('',#10979,1.);
#6873=VECTOR('',#10980,1.);
#6874=VECTOR('',#10981,1.);
#6875=VECTOR('',#10982,1.);
#6876=VECTOR('',#10983,1.);
#6877=VECTOR('',#10984,1.);
#6878=VECTOR('',#10985,1.);
#6879=VECTOR('',#10986,1.);
#6880=VECTOR('',#10987,1.);
#6881=VECTOR('',#10988,1.);
#6882=VECTOR('',#10989,1.);
#6883=VECTOR('',#10990,1.);
#6884=VECTOR('',#10991,1.);
#6885=VECTOR('',#10992,1.);
#6886=VECTOR('',#10993,1.);
#6887=VECTOR('',#10994,1.);
#6888=VECTOR('',#10995,1.);
#6889=VECTOR('',#10996,1.);
#6890=VECTOR('',#10997,1.);
#6891=VECTOR('',#10998,1.);
#6892=VECTOR('',#10999,1.);
#6893=VECTOR('',#11000,1.);
#6894=VECTOR('',#11003,1.);
#6895=VECTOR('',#11006,1.);
#6896=VECTOR('',#11009,1.);
#6897=VECTOR('',#11012,1.);
#6898=VECTOR('',#11015,1.);
#6899=VECTOR('',#11018,1.);
#6900=VECTOR('',#11021,1.);
#6901=VECTOR('',#11022,1.);
#6902=VECTOR('',#11023,1.);
#6903=VECTOR('',#11026,1.);
#6904=VECTOR('',#11029,1.);
#6905=VECTOR('',#11030,1.);
#6906=VECTOR('',#11031,1.);
#6907=VECTOR('',#11038,1.);
#6908=VECTOR('',#11043,1.);
#6909=VECTOR('',#11046,1.);
#6910=VECTOR('',#11051,1.);
#6911=VECTOR('',#11054,1.);
#6912=VECTOR('',#11057,1.);
#6913=VECTOR('',#11060,1.);
#6914=VECTOR('',#11063,1.);
#6915=VECTOR('',#11070,1.);
#6916=VECTOR('',#11071,1.);
#6917=VECTOR('',#11074,1.);
#6918=VECTOR('',#11075,1.);
#6919=VECTOR('',#11076,1.);
#6920=VECTOR('',#11079,1.);
#6921=VECTOR('',#11080,1.);
#6922=VECTOR('',#11081,1.);
#6923=VECTOR('',#11082,1.);
#6924=VECTOR('',#11085,1.);
#6925=VECTOR('',#11086,1.);
#6926=VECTOR('',#11089,1.);
#6927=VECTOR('',#11094,1.);
#6928=VECTOR('',#11095,1.);
#6929=VECTOR('',#11096,1.);
#6930=VECTOR('',#11099,1.);
#6931=VECTOR('',#11100,1.);
#6932=VECTOR('',#11103,1.);
#6933=VECTOR('',#11104,1.);
#6934=VECTOR('',#11107,1.);
#6935=VECTOR('',#11108,1.);
#6936=VECTOR('',#11109,1.);
#6937=VECTOR('',#11112,1.);
#6938=VECTOR('',#11113,1.);
#6939=VECTOR('',#11116,1.);
#6940=VECTOR('',#11119,1.);
#6941=VECTOR('',#11122,1.);
#6942=VECTOR('',#11123,1.);
#6943=VECTOR('',#11124,1.);
#6944=VECTOR('',#11125,1.);
#6945=VECTOR('',#11128,1.);
#6946=VECTOR('',#11129,1.);
#6947=VECTOR('',#11132,1.);
#6948=VECTOR('',#11135,1.);
#6949=VECTOR('',#11138,1.);
#6950=VECTOR('',#11141,1.);
#6951=VECTOR('',#11146,1.);
#6952=VECTOR('',#11149,1.);
#6953=VECTOR('',#11152,1.);
#6954=VECTOR('',#11155,1.);
#6955=VECTOR('',#11162,1.);
#6956=VECTOR('',#11165,1.);
#6957=VECTOR('',#11166,1.);
#6958=VECTOR('',#11169,1.);
#6959=VECTOR('',#11172,1.);
#6960=VECTOR('',#11173,1.);
#6961=VECTOR('',#11176,1.);
#6962=VECTOR('',#11179,1.);
#6963=VECTOR('',#11180,1.);
#6964=VECTOR('',#11183,1.);
#6965=VECTOR('',#11186,1.);
#6966=VECTOR('',#11187,1.);
#6967=VECTOR('',#11190,1.);
#6968=VECTOR('',#11193,1.);
#6969=VECTOR('',#11194,1.);
#6970=VECTOR('',#11197,1.);
#6971=VECTOR('',#11202,1.);
#6972=VECTOR('',#11203,1.);
#6973=VECTOR('',#11208,1.);
#6974=VECTOR('',#11209,1.);
#6975=VECTOR('',#11214,1.);
#6976=VECTOR('',#11219,1.);
#6977=VECTOR('',#11230,1.);
#6978=VECTOR('',#11235,1.);
#6979=VECTOR('',#11238,1.);
#6980=VECTOR('',#11243,1.);
#6981=VECTOR('',#11248,1.);
#6982=VECTOR('',#11249,1.);
#6983=VECTOR('',#11252,1.);
#6984=VECTOR('',#11255,1.);
#6985=VECTOR('',#11258,1.);
#6986=VECTOR('',#11261,1.);
#6987=VECTOR('',#11264,1.);
#6988=VECTOR('',#11267,1.);
#6989=VECTOR('',#11270,1.);
#6990=VECTOR('',#11273,1.);
#6991=VECTOR('',#11294,1.);
#6992=VECTOR('',#11295,1.);
#6993=VECTOR('',#11296,1.);
#6994=VECTOR('',#11299,1.);
#6995=VECTOR('',#11300,1.);
#6996=VECTOR('',#11301,1.);
#6997=VECTOR('',#11304,1.);
#6998=VECTOR('',#11305,1.);
#6999=VECTOR('',#11306,1.);
#7000=VECTOR('',#11307,1.);
#7001=VECTOR('',#11310,1.);
#7002=VECTOR('',#11311,1.);
#7003=VECTOR('',#11312,1.);
#7004=VECTOR('',#11317,1.);
#7005=VECTOR('',#11374,1.);
#7006=VECTOR('',#11375,1.);
#7007=VECTOR('',#11384,1.);
#7008=VECTOR('',#11385,1.);
#7009=VECTOR('',#11394,1.);
#7010=VECTOR('',#11395,1.);
#7011=VECTOR('',#11406,1.);
#7012=VECTOR('',#11407,1.);
#7013=VECTOR('',#11408,1.);
#7014=VECTOR('',#11411,1.);
#7015=VECTOR('',#11412,1.);
#7016=VECTOR('',#11413,1.);
#7017=VECTOR('',#11416,1.);
#7018=VECTOR('',#11417,1.);
#7019=VECTOR('',#11418,1.);
#7020=VECTOR('',#11421,1.);
#7021=VECTOR('',#11422,1.);
#7022=VECTOR('',#11423,1.);
#7023=VECTOR('',#11426,1.);
#7024=VECTOR('',#11427,1.);
#7025=VECTOR('',#11428,1.);
#7026=VECTOR('',#11431,1.);
#7027=VECTOR('',#11432,1.);
#7028=VECTOR('',#11433,1.);
#7029=VECTOR('',#11438,1.);
#7030=VECTOR('',#11443,1.);
#7031=VECTOR('',#11452,1.);
#7032=VECTOR('',#11461,1.);
#7033=VECTOR('',#11464,1.);
#7034=VECTOR('',#11467,1.);
#7035=VECTOR('',#11470,1.);
#7036=VECTOR('',#11471,1.);
#7037=VECTOR('',#11472,1.);
#7038=VECTOR('',#11475,1.);
#7039=VECTOR('',#11476,1.);
#7040=VECTOR('',#11477,1.);
#7041=VECTOR('',#11478,1.);
#7042=VECTOR('',#11479,1.);
#7043=VECTOR('',#11480,1.);
#7044=VECTOR('',#11481,1.);
#7045=VECTOR('',#11484,1.);
#7046=VECTOR('',#11487,1.);
#7047=VECTOR('',#11488,1.);
#7048=VECTOR('',#11489,1.);
#7049=VECTOR('',#11490,1.);
#7050=VECTOR('',#11491,1.);
#7051=VECTOR('',#11492,1.);
#7052=VECTOR('',#11501,1.);
#7053=VECTOR('',#11502,1.);
#7054=VECTOR('',#11517,1.);
#7055=VECTOR('',#11518,1.);
#7056=VECTOR('',#11521,1.);
#7057=VECTOR('',#11522,1.);
#7058=VECTOR('',#11523,1.);
#7059=VECTOR('',#11526,1.);
#7060=VECTOR('',#11527,1.);
#7061=VECTOR('',#11528,1.);
#7062=VECTOR('',#11571,1.);
#7063=VECTOR('',#11572,1.);
#7064=VECTOR('',#11585,1.);
#7065=VECTOR('',#11586,1.);
#7066=VECTOR('',#11587,1.);
#7067=VECTOR('',#11588,1.);
#7068=VECTOR('',#11589,1.);
#7069=VECTOR('',#11590,1.);
#7070=VECTOR('',#11593,1.);
#7071=VECTOR('',#11594,1.);
#7072=VECTOR('',#11597,1.);
#7073=VECTOR('',#11600,1.);
#7074=VECTOR('',#11601,1.);
#7075=VECTOR('',#11604,1.);
#7076=VECTOR('',#11607,1.);
#7077=VECTOR('',#11612,1.);
#7078=VECTOR('',#11613,1.);
#7079=VECTOR('',#11614,1.);
#7080=VECTOR('',#11617,1.);
#7081=VECTOR('',#11620,1.);
#7082=VECTOR('',#11621,1.);
#7083=VECTOR('',#11622,1.);
#7084=VECTOR('',#11623,1.);
#7085=VECTOR('',#11624,1.);
#7086=VECTOR('',#11627,1.);
#7087=VECTOR('',#11628,1.);
#7088=VECTOR('',#11629,1.);
#7089=VECTOR('',#11632,1.);
#7090=VECTOR('',#11635,1.);
#7091=VECTOR('',#11638,1.);
#7092=VECTOR('',#11643,1.);
#7093=VECTOR('',#11644,1.);
#7094=VECTOR('',#11647,1.);
#7095=VECTOR('',#11648,1.);
#7096=VECTOR('',#11649,1.);
#7097=VECTOR('',#11652,1.);
#7098=VECTOR('',#11653,1.);
#7099=VECTOR('',#11656,1.);
#7100=VECTOR('',#11657,1.);
#7101=VECTOR('',#11658,1.);
#7102=VECTOR('',#11661,1.);
#7103=VECTOR('',#11662,1.);
#7104=VECTOR('',#11665,1.);
#7105=VECTOR('',#11666,1.);
#7106=VECTOR('',#11667,1.);
#7107=VECTOR('',#11670,1.);
#7108=VECTOR('',#11671,1.);
#7109=VECTOR('',#11674,1.);
#7110=VECTOR('',#11675,1.);
#7111=VECTOR('',#11676,1.);
#7112=VECTOR('',#11679,1.);
#7113=VECTOR('',#11680,1.);
#7114=VECTOR('',#11683,1.);
#7115=VECTOR('',#11684,1.);
#7116=VECTOR('',#11685,1.);
#7117=VECTOR('',#11688,1.);
#7118=VECTOR('',#11689,1.);
#7119=VECTOR('',#11692,1.);
#7120=VECTOR('',#11693,1.);
#7121=VECTOR('',#11694,1.);
#7122=VECTOR('',#11697,1.);
#7123=VECTOR('',#11698,1.);
#7124=VECTOR('',#11701,1.);
#7125=VECTOR('',#11702,1.);
#7126=VECTOR('',#11703,1.);
#7127=VECTOR('',#11706,1.);
#7128=VECTOR('',#11707,1.);
#7129=VECTOR('',#11710,1.);
#7130=VECTOR('',#11711,1.);
#7131=VECTOR('',#11712,1.);
#7132=VECTOR('',#11827,1.);
#7133=VECTOR('',#11828,1.);
#7134=VECTOR('',#11829,1.);
#7135=VECTOR('',#11830,1.);
#7136=VECTOR('',#11831,1.);
#7137=VECTOR('',#11832,1.);
#7138=VECTOR('',#11847,1.);
#7139=VECTOR('',#11848,1.);
#7140=VECTOR('',#11849,1.);
#7141=VECTOR('',#11850,1.);
#7142=VECTOR('',#11853,1.);
#7143=VECTOR('',#11854,1.);
#7144=VECTOR('',#11855,1.);
#7145=VECTOR('',#11858,1.);
#7146=VECTOR('',#11859,1.);
#7147=VECTOR('',#11860,1.);
#7148=VECTOR('',#11863,1.);
#7149=VECTOR('',#11864,1.);
#7150=VECTOR('',#11865,1.);
#7151=VECTOR('',#11868,1.);
#7152=VECTOR('',#11869,1.);
#7153=VECTOR('',#11870,1.);
#7154=VECTOR('',#11881,1.);
#7155=VECTOR('',#11884,1.);
#7156=VECTOR('',#11887,1.);
#7157=VECTOR('',#11890,1.);
#7158=VECTOR('',#11893,1.);
#7159=VECTOR('',#11894,1.);
#7160=VECTOR('',#11895,1.);
#7161=VECTOR('',#11898,1.);
#7162=VECTOR('',#11899,1.);
#7163=VECTOR('',#11900,1.);
#7164=VECTOR('',#11903,1.);
#7165=VECTOR('',#11904,1.);
#7166=VECTOR('',#11905,1.);
#7167=VECTOR('',#11908,1.);
#7168=VECTOR('',#11909,1.);
#7169=VECTOR('',#11910,1.);
#7170=VECTOR('',#11961,1.);
#7171=VECTOR('',#12014,1.);
#7172=VECTOR('',#12015,1.);
#7173=VECTOR('',#12018,1.);
#7174=VECTOR('',#12019,1.);
#7175=VECTOR('',#12072,1.);
#7176=VECTOR('',#12073,1.);
#7177=VECTOR('',#12074,1.);
#7178=VECTOR('',#12075,1.);
#7179=VECTOR('',#12076,1.);
#7180=VECTOR('',#12077,1.);
#7181=VECTOR('',#12078,1.);
#7182=VECTOR('',#12079,1.);
#7183=VECTOR('',#12080,1.);
#7184=VECTOR('',#12081,1.);
#7185=VECTOR('',#12082,1.);
#7186=VECTOR('',#12085,1.);
#7187=VECTOR('',#12088,1.);
#7188=VECTOR('',#12089,1.);
#7189=VECTOR('',#12090,1.);
#7190=VECTOR('',#12091,1.);
#7191=VECTOR('',#12092,1.);
#7192=VECTOR('',#12093,1.);
#7193=VECTOR('',#12094,1.);
#7194=VECTOR('',#12097,1.);
#7195=VECTOR('',#12098,1.);
#7196=VECTOR('',#12105,1.);
#7197=VECTOR('',#12106,1.);
#7198=VECTOR('',#12107,1.);
#7199=VECTOR('',#12110,1.);
#7200=VECTOR('',#12111,1.);
#7201=VECTOR('',#12114,1.);
#7202=VECTOR('',#12115,1.);
#7203=VECTOR('',#12118,1.);
#7204=VECTOR('',#12119,1.);
#7205=VECTOR('',#12122,1.);
#7206=VECTOR('',#12123,1.);
#7207=VECTOR('',#12126,1.);
#7208=VECTOR('',#12127,1.);
#7209=VECTOR('',#12130,1.);
#7210=VECTOR('',#12131,1.);
#7211=VECTOR('',#12134,1.);
#7212=VECTOR('',#12135,1.);
#7213=VECTOR('',#12138,1.);
#7214=VECTOR('',#12139,1.);
#7215=VECTOR('',#12142,1.);
#7216=VECTOR('',#12147,1.);
#7217=VECTOR('',#12148,1.);
#7218=VECTOR('',#12149,1.);
#7219=VECTOR('',#12152,1.);
#7220=VECTOR('',#12153,1.);
#7221=VECTOR('',#12156,1.);
#7222=VECTOR('',#12157,1.);
#7223=VECTOR('',#12160,1.);
#7224=VECTOR('',#12161,1.);
#7225=VECTOR('',#12164,1.);
#7226=VECTOR('',#12165,1.);
#7227=VECTOR('',#12168,1.);
#7228=VECTOR('',#12169,1.);
#7229=VECTOR('',#12172,1.);
#7230=VECTOR('',#12173,1.);
#7231=VECTOR('',#12176,1.);
#7232=VECTOR('',#12177,1.);
#7233=VECTOR('',#12180,1.);
#7234=VECTOR('',#12181,1.);
#7235=VECTOR('',#12184,1.);
#7236=VECTOR('',#12189,1.);
#7237=VECTOR('',#12190,1.);
#7238=VECTOR('',#12191,1.);
#7239=VECTOR('',#12194,1.);
#7240=VECTOR('',#12195,1.);
#7241=VECTOR('',#12198,1.);
#7242=VECTOR('',#12199,1.);
#7243=VECTOR('',#12202,1.);
#7244=VECTOR('',#12203,1.);
#7245=VECTOR('',#12206,1.);
#7246=VECTOR('',#12207,1.);
#7247=VECTOR('',#12210,1.);
#7248=VECTOR('',#12211,1.);
#7249=VECTOR('',#12214,1.);
#7250=VECTOR('',#12215,1.);
#7251=VECTOR('',#12218,1.);
#7252=VECTOR('',#12219,1.);
#7253=VECTOR('',#12222,1.);
#7254=VECTOR('',#12223,1.);
#7255=VECTOR('',#12226,1.);
#7256=VECTOR('',#12231,1.);
#7257=VECTOR('',#12232,1.);
#7258=VECTOR('',#12233,1.);
#7259=VECTOR('',#12236,1.);
#7260=VECTOR('',#12237,1.);
#7261=VECTOR('',#12240,1.);
#7262=VECTOR('',#12241,1.);
#7263=VECTOR('',#12244,1.);
#7264=VECTOR('',#12245,1.);
#7265=VECTOR('',#12248,1.);
#7266=VECTOR('',#12249,1.);
#7267=VECTOR('',#12252,1.);
#7268=VECTOR('',#12253,1.);
#7269=VECTOR('',#12256,1.);
#7270=VECTOR('',#12257,1.);
#7271=VECTOR('',#12260,1.);
#7272=VECTOR('',#12261,1.);
#7273=VECTOR('',#12264,1.);
#7274=VECTOR('',#12265,1.);
#7275=VECTOR('',#12268,1.);
#7276=VECTOR('',#12273,1.);
#7277=VECTOR('',#12274,1.);
#7278=VECTOR('',#12275,1.);
#7279=VECTOR('',#12278,1.);
#7280=VECTOR('',#12279,1.);
#7281=VECTOR('',#12282,1.);
#7282=VECTOR('',#12283,1.);
#7283=VECTOR('',#12286,1.);
#7284=VECTOR('',#12287,1.);
#7285=VECTOR('',#12290,1.);
#7286=VECTOR('',#12291,1.);
#7287=VECTOR('',#12294,1.);
#7288=VECTOR('',#12295,1.);
#7289=VECTOR('',#12298,1.);
#7290=VECTOR('',#12299,1.);
#7291=VECTOR('',#12302,1.);
#7292=VECTOR('',#12303,1.);
#7293=VECTOR('',#12306,1.);
#7294=VECTOR('',#12307,1.);
#7295=VECTOR('',#12310,1.);
#7296=VECTOR('',#12315,1.);
#7297=VECTOR('',#12318,1.);
#7298=VECTOR('',#12319,1.);
#7299=VECTOR('',#12322,1.);
#7300=VECTOR('',#12323,1.);
#7301=VECTOR('',#12326,1.);
#7302=VECTOR('',#12329,1.);
#7303=VECTOR('',#12332,1.);
#7304=VECTOR('',#12333,1.);
#7305=VECTOR('',#12336,1.);
#7306=VECTOR('',#12337,1.);
#7307=VECTOR('',#12340,1.);
#7308=VECTOR('',#12341,1.);
#7309=VECTOR('',#12344,1.);
#7310=VECTOR('',#12345,1.);
#7311=VECTOR('',#12348,1.);
#7312=VECTOR('',#12349,1.);
#7313=VECTOR('',#12352,1.);
#7314=VECTOR('',#12353,1.);
#7315=VECTOR('',#12356,1.);
#7316=VECTOR('',#12359,1.);
#7317=VECTOR('',#12364,1.);
#7318=VECTOR('',#12365,1.);
#7319=VECTOR('',#12366,1.);
#7320=VECTOR('',#12367,1.);
#7321=VECTOR('',#12368,1.);
#7322=VECTOR('',#12369,1.);
#7323=VECTOR('',#12370,1.);
#7324=VECTOR('',#12373,1.);
#7325=VECTOR('',#12376,1.);
#7326=VECTOR('',#12379,1.);
#7327=VECTOR('',#12382,1.);
#7328=VECTOR('',#12385,1.);
#7329=VECTOR('',#12392,1.);
#7330=VECTOR('',#12393,1.);
#7331=VECTOR('',#12396,1.);
#7332=VECTOR('',#12401,1.);
#7333=VECTOR('',#12402,1.);
#7334=VECTOR('',#12405,1.);
#7335=VECTOR('',#12406,1.);
#7336=VECTOR('',#12409,1.);
#7337=VECTOR('',#12410,1.);
#7338=VECTOR('',#12411,1.);
#7339=VECTOR('',#12412,1.);
#7340=VECTOR('',#12413,1.);
#7341=VECTOR('',#12414,1.);
#7342=VECTOR('',#12415,1.);
#7343=VECTOR('',#12416,1.);
#7344=VECTOR('',#12419,1.);
#7345=VECTOR('',#12422,1.);
#7346=VECTOR('',#12425,1.);
#7347=VECTOR('',#12428,1.);
#7348=VECTOR('',#12431,1.);
#7349=VECTOR('',#12434,1.);
#7350=VECTOR('',#12437,1.);
#7351=VECTOR('',#12442,1.);
#7352=VECTOR('',#12443,1.);
#7353=VECTOR('',#12444,1.);
#7354=VECTOR('',#12447,1.);
#7355=VECTOR('',#12448,1.);
#7356=VECTOR('',#12451,1.);
#7357=VECTOR('',#12452,1.);
#7358=VECTOR('',#12455,1.);
#7359=VECTOR('',#12456,1.);
#7360=VECTOR('',#12459,1.);
#7361=VECTOR('',#12460,1.);
#7362=VECTOR('',#12463,1.);
#7363=VECTOR('',#12464,1.);
#7364=VECTOR('',#12467,1.);
#7365=VECTOR('',#12468,1.);
#7366=VECTOR('',#12471,1.);
#7367=VECTOR('',#12472,1.);
#7368=VECTOR('',#12475,1.);
#7369=VECTOR('',#12476,1.);
#7370=VECTOR('',#12479,1.);
#7371=VECTOR('',#12484,1.);
#7372=VECTOR('',#12485,1.);
#7373=VECTOR('',#12486,1.);
#7374=VECTOR('',#12489,1.);
#7375=VECTOR('',#12490,1.);
#7376=VECTOR('',#12493,1.);
#7377=VECTOR('',#12494,1.);
#7378=VECTOR('',#12497,1.);
#7379=VECTOR('',#12498,1.);
#7380=VECTOR('',#12501,1.);
#7381=VECTOR('',#12502,1.);
#7382=VECTOR('',#12505,1.);
#7383=VECTOR('',#12506,1.);
#7384=VECTOR('',#12509,1.);
#7385=VECTOR('',#12510,1.);
#7386=VECTOR('',#12513,1.);
#7387=VECTOR('',#12514,1.);
#7388=VECTOR('',#12517,1.);
#7389=VECTOR('',#12518,1.);
#7390=VECTOR('',#12521,1.);
#7391=VECTOR('',#12526,1.);
#7392=VECTOR('',#12527,1.);
#7393=VECTOR('',#12528,1.);
#7394=VECTOR('',#12531,1.);
#7395=VECTOR('',#12532,1.);
#7396=VECTOR('',#12535,1.);
#7397=VECTOR('',#12536,1.);
#7398=VECTOR('',#12539,1.);
#7399=VECTOR('',#12540,1.);
#7400=VECTOR('',#12543,1.);
#7401=VECTOR('',#12544,1.);
#7402=VECTOR('',#12547,1.);
#7403=VECTOR('',#12548,1.);
#7404=VECTOR('',#12551,1.);
#7405=VECTOR('',#12552,1.);
#7406=VECTOR('',#12555,1.);
#7407=VECTOR('',#12556,1.);
#7408=VECTOR('',#12559,1.);
#7409=VECTOR('',#12560,1.);
#7410=VECTOR('',#12563,1.);
#7411=VECTOR('',#12568,1.);
#7412=VECTOR('',#12571,1.);
#7413=VECTOR('',#12572,1.);
#7414=VECTOR('',#12575,1.);
#7415=VECTOR('',#12576,1.);
#7416=VECTOR('',#12579,1.);
#7417=VECTOR('',#12582,1.);
#7418=VECTOR('',#12585,1.);
#7419=VECTOR('',#12586,1.);
#7420=VECTOR('',#12589,1.);
#7421=VECTOR('',#12590,1.);
#7422=VECTOR('',#12593,1.);
#7423=VECTOR('',#12594,1.);
#7424=VECTOR('',#12597,1.);
#7425=VECTOR('',#12598,1.);
#7426=VECTOR('',#12601,1.);
#7427=VECTOR('',#12602,1.);
#7428=VECTOR('',#12605,1.);
#7429=VECTOR('',#12606,1.);
#7430=VECTOR('',#12609,1.);
#7431=VECTOR('',#12612,1.);
#7432=VECTOR('',#12617,1.);
#7433=VECTOR('',#12618,1.);
#7434=VECTOR('',#12621,1.);
#7435=VECTOR('',#12626,1.);
#7436=VECTOR('',#12631,1.);
#7437=VECTOR('',#12634,1.);
#7438=VECTOR('',#12635,1.);
#7439=VECTOR('',#12638,1.);
#7440=VECTOR('',#12639,1.);
#7441=VECTOR('',#12640,1.);
#7442=VECTOR('',#12641,1.);
#7443=VECTOR('',#12642,1.);
#7444=VECTOR('',#12643,1.);
#7445=VECTOR('',#12646,1.);
#7446=VECTOR('',#12649,1.);
#7447=VECTOR('',#12652,1.);
#7448=VECTOR('',#12655,1.);
#7449=VECTOR('',#12658,1.);
#7450=VECTOR('',#12663,1.);
#7451=VECTOR('',#12664,1.);
#7452=VECTOR('',#12667,1.);
#7453=VECTOR('',#12668,1.);
#7454=VECTOR('',#12671,1.);
#7455=VECTOR('',#12676,1.);
#7456=VECTOR('',#12677,1.);
#7457=VECTOR('',#12678,1.);
#7458=VECTOR('',#12681,1.);
#7459=VECTOR('',#12682,1.);
#7460=VECTOR('',#12685,1.);
#7461=VECTOR('',#12686,1.);
#7462=VECTOR('',#12689,1.);
#7463=VECTOR('',#12690,1.);
#7464=VECTOR('',#12693,1.);
#7465=VECTOR('',#12694,1.);
#7466=VECTOR('',#12697,1.);
#7467=VECTOR('',#12698,1.);
#7468=VECTOR('',#12701,1.);
#7469=VECTOR('',#12702,1.);
#7470=VECTOR('',#12705,1.);
#7471=VECTOR('',#12706,1.);
#7472=VECTOR('',#12709,1.);
#7473=VECTOR('',#12710,1.);
#7474=VECTOR('',#12713,1.);
#7475=VECTOR('',#12718,1.);
#7476=VECTOR('',#12719,1.);
#7477=VECTOR('',#12720,1.);
#7478=VECTOR('',#12723,1.);
#7479=VECTOR('',#12724,1.);
#7480=VECTOR('',#12727,1.);
#7481=VECTOR('',#12728,1.);
#7482=VECTOR('',#12731,1.);
#7483=VECTOR('',#12732,1.);
#7484=VECTOR('',#12735,1.);
#7485=VECTOR('',#12736,1.);
#7486=VECTOR('',#12739,1.);
#7487=VECTOR('',#12740,1.);
#7488=VECTOR('',#12743,1.);
#7489=VECTOR('',#12744,1.);
#7490=VECTOR('',#12747,1.);
#7491=VECTOR('',#12748,1.);
#7492=VECTOR('',#12751,1.);
#7493=VECTOR('',#12752,1.);
#7494=VECTOR('',#12755,1.);
#7495=VECTOR('',#12760,1.);
#7496=VECTOR('',#12763,1.);
#7497=VECTOR('',#12764,1.);
#7498=VECTOR('',#12767,1.);
#7499=VECTOR('',#12768,1.);
#7500=VECTOR('',#12771,1.);
#7501=VECTOR('',#12774,1.);
#7502=VECTOR('',#12777,1.);
#7503=VECTOR('',#12778,1.);
#7504=VECTOR('',#12781,1.);
#7505=VECTOR('',#12782,1.);
#7506=VECTOR('',#12785,1.);
#7507=VECTOR('',#12786,1.);
#7508=VECTOR('',#12789,1.);
#7509=VECTOR('',#12790,1.);
#7510=VECTOR('',#12793,1.);
#7511=VECTOR('',#12794,1.);
#7512=VECTOR('',#12797,1.);
#7513=VECTOR('',#12798,1.);
#7514=VECTOR('',#12801,1.);
#7515=VECTOR('',#12804,1.);
#7516=VECTOR('',#12809,1.);
#7517=VECTOR('',#12810,1.);
#7518=VECTOR('',#12813,1.);
#7519=VECTOR('',#12814,1.);
#7520=VECTOR('',#12815,1.);
#7521=VECTOR('',#12816,1.);
#7522=VECTOR('',#12817,1.);
#7523=VECTOR('',#12820,1.);
#7524=VECTOR('',#12823,1.);
#7525=VECTOR('',#12826,1.);
#7526=VECTOR('',#12829,1.);
#7527=VECTOR('',#12834,1.);
#7528=VECTOR('',#12835,1.);
#7529=VECTOR('',#12838,1.);
#7530=VECTOR('',#12839,1.);
#7531=VECTOR('',#12842,1.);
#7532=VECTOR('',#12843,1.);
#7533=VECTOR('',#12846,1.);
#7534=VECTOR('',#12851,1.);
#7535=VECTOR('',#12852,1.);
#7536=VECTOR('',#12855,1.);
#7537=VECTOR('',#12860,1.);
#7538=VECTOR('',#12861,1.);
#7539=VECTOR('',#12864,1.);
#7540=VECTOR('',#12865,1.);
#7541=VECTOR('',#12866,1.);
#7542=VECTOR('',#12867,1.);
#7543=VECTOR('',#12868,1.);
#7544=VECTOR('',#12869,1.);
#7545=VECTOR('',#12870,1.);
#7546=VECTOR('',#12873,1.);
#7547=VECTOR('',#12876,1.);
#7548=VECTOR('',#12879,1.);
#7549=VECTOR('',#12882,1.);
#7550=VECTOR('',#12885,1.);
#7551=VECTOR('',#12888,1.);
#7552=VECTOR('',#12893,1.);
#7553=VECTOR('',#12894,1.);
#7554=VECTOR('',#12897,1.);
#7555=VECTOR('',#12898,1.);
#7556=VECTOR('',#12901,1.);
#7557=VECTOR('',#12902,1.);
#7558=VECTOR('',#12903,1.);
#7559=VECTOR('',#12904,1.);
#7560=VECTOR('',#12905,1.);
#7561=VECTOR('',#12906,1.);
#7562=VECTOR('',#12907,1.);
#7563=VECTOR('',#12908,1.);
#7564=VECTOR('',#12911,1.);
#7565=VECTOR('',#12914,1.);
#7566=VECTOR('',#12917,1.);
#7567=VECTOR('',#12920,1.);
#7568=VECTOR('',#12923,1.);
#7569=VECTOR('',#12926,1.);
#7570=VECTOR('',#12929,1.);
#7571=VECTOR('',#12934,1.);
#7572=VECTOR('',#12937,1.);
#7573=VECTOR('',#12938,1.);
#7574=VECTOR('',#12941,1.);
#7575=VECTOR('',#12942,1.);
#7576=VECTOR('',#12945,1.);
#7577=VECTOR('',#12948,1.);
#7578=VECTOR('',#12951,1.);
#7579=VECTOR('',#12952,1.);
#7580=VECTOR('',#12955,1.);
#7581=VECTOR('',#12956,1.);
#7582=VECTOR('',#12959,1.);
#7583=VECTOR('',#12960,1.);
#7584=VECTOR('',#12963,1.);
#7585=VECTOR('',#12964,1.);
#7586=VECTOR('',#12967,1.);
#7587=VECTOR('',#12968,1.);
#7588=VECTOR('',#12971,1.);
#7589=VECTOR('',#12972,1.);
#7590=VECTOR('',#12975,1.);
#7591=VECTOR('',#12978,1.);
#7592=VECTOR('',#12985,1.);
#7593=VECTOR('',#12986,1.);
#7594=VECTOR('',#12987,1.);
#7595=VECTOR('',#12990,1.);
#7596=VECTOR('',#12991,1.);
#7597=VECTOR('',#12994,1.);
#7598=VECTOR('',#12995,1.);
#7599=VECTOR('',#12998,1.);
#7600=VECTOR('',#12999,1.);
#7601=VECTOR('',#13002,1.);
#7602=VECTOR('',#13003,1.);
#7603=VECTOR('',#13006,1.);
#7604=VECTOR('',#13007,1.);
#7605=VECTOR('',#13010,1.);
#7606=VECTOR('',#13011,1.);
#7607=VECTOR('',#13014,1.);
#7608=VECTOR('',#13015,1.);
#7609=VECTOR('',#13018,1.);
#7610=VECTOR('',#13019,1.);
#7611=VECTOR('',#13022,1.);
#7612=VECTOR('',#13027,1.);
#7613=VECTOR('',#13030,1.);
#7614=VECTOR('',#13033,1.);
#7615=VECTOR('',#13036,1.);
#7616=VECTOR('',#13039,1.);
#7617=VECTOR('',#13042,1.);
#7618=VECTOR('',#13045,1.);
#7619=VECTOR('',#13048,1.);
#7620=VECTOR('',#13051,1.);
#7621=VECTOR('',#13054,1.);
#7622=VECTOR('',#13057,1.);
#7623=VECTOR('',#13058,1.);
#7624=VECTOR('',#13061,1.);
#7625=VECTOR('',#13064,1.);
#7626=VECTOR('',#13067,1.);
#7627=VECTOR('',#13070,1.);
#7628=VECTOR('',#13073,1.);
#7629=VECTOR('',#13076,1.);
#7630=VECTOR('',#13079,1.);
#7631=VECTOR('',#13080,1.);
#7632=VECTOR('',#13083,1.);
#7633=VECTOR('',#13084,1.);
#7634=VECTOR('',#13087,1.);
#7635=VECTOR('',#13088,1.);
#7636=VECTOR('',#13091,1.);
#7637=VECTOR('',#13092,1.);
#7638=VECTOR('',#13095,1.);
#7639=VECTOR('',#13096,1.);
#7640=EDGE_LOOP('',(#393,#394,#395,#396));
#7641=EDGE_LOOP('',(#397,#398,#399,#400,#401,#402,#403,#404,#405,#406));
#7642=EDGE_LOOP('',(#407,#408,#409,#410,#411,#412,#413,#414,#415,#416,#417,#418,#419,#420,#421,#422));
#7643=EDGE_LOOP('',(#423));
#7644=EDGE_LOOP('',(#424));
#7645=EDGE_LOOP('',(#425,#426,#427,#428,#429,#430,#431,#432,#433,#434,#435,#436,#437,#438,#439,#440,#441,#442,#443,#444,#445,#446,#447,#448,#449,#450,#451,#452,#453,#454,#455,#456,#457,#458,#459,#460,#461,#462,#463,#464,#465,#466,#467,#468,#469,#470));
#7646=EDGE_LOOP('',(#471,#472,#473,#474,#475,#476));
#7647=EDGE_LOOP('',(#477,#478,#479,#480));
#7648=EDGE_LOOP('',(#481,#482,#483,#484));
#7649=EDGE_LOOP('',(#485,#486,#487,#488));
#7650=EDGE_LOOP('',(#489,#490,#491,#492));
#7651=EDGE_LOOP('',(#493,#494,#495,#496));
#7652=EDGE_LOOP('',(#497,#498,#499,#500,#501));
#7653=EDGE_LOOP('',(#502,#503,#504,#505,#506));
#7654=EDGE_LOOP('',(#507,#508,#509,#510,#511,#512,#513,#514));
#7655=EDGE_LOOP('',(#515,#516,#517,#518,#519,#520,#521,#522,#523,#524,#525,#526,#527,#528,#529,#530,#531,#532,#533,#534,#535,#536,#537,#538,#539,#540,#541,#542,#543,#544,#545,#546));
#7656=EDGE_LOOP('',(#547));
#7657=EDGE_LOOP('',(#548,#549,#550,#551));
#7658=EDGE_LOOP('',(#552,#553,#554,#555,#556,#557));
#7659=EDGE_LOOP('',(#558));
#7660=EDGE_LOOP('',(#559));
#7661=EDGE_LOOP('',(#560));
#7662=EDGE_LOOP('',(#561));
#7663=EDGE_LOOP('',(#562,#563,#564,#565,#566,#567));
#7664=EDGE_LOOP('',(#568,#569,#570,#571,#572,#573,#574,#575,#576,#577,#578,#579,#580,#581,#582,#583,#584,#585,#586));
#7665=EDGE_LOOP('',(#587,#588,#589,#590,#591,#592,#593,#594));
#7666=EDGE_LOOP('',(#595,#596,#597,#598));
#7667=EDGE_LOOP('',(#599,#600,#601,#602,#603,#604,#605,#606,#607,#608,#609,#610,#611,#612,#613,#614,#615,#616,#617,#618,#619,#620,#621,#622,#623));
#7668=EDGE_LOOP('',(#624,#625,#626,#627,#628,#629,#630,#631,#632));
#7669=EDGE_LOOP('',(#633,#634,#635,#636,#637,#638,#639,#640,#641,#642,#643,#644,#645,#646,#647,#648,#649,#650,#651,#652,#653,#654,#655,#656,#657,#658,#659,#660,#661,#662,#663,#664,#665,#666,#667,#668,#669,#670,#671,#672,#673,#674,#675,#676,#677,#678,#679));
#7670=EDGE_LOOP('',(#680,#681,#682,#683,#684,#685,#686,#687,#688,#689,#690));
#7671=EDGE_LOOP('',(#691,#692,#693,#694,#695,#696,#697,#698,#699,#700));
#7672=EDGE_LOOP('',(#701,#702,#703,#704,#705,#706,#707,#708,#709,#710));
#7673=EDGE_LOOP('',(#711,#712,#713,#714,#715,#716,#717,#718,#719,#720));
#7674=EDGE_LOOP('',(#721,#722,#723,#724,#725,#726,#727,#728,#729,#730));
#7675=EDGE_LOOP('',(#731,#732,#733,#734,#735,#736,#737,#738,#739,#740,#741));
#7676=EDGE_LOOP('',(#742,#743,#744,#745,#746,#747,#748,#749,#750,#751));
#7677=EDGE_LOOP('',(#752,#753,#754,#755,#756,#757,#758,#759,#760,#761));
#7678=EDGE_LOOP('',(#762,#763,#764,#765,#766,#767,#768,#769,#770,#771));
#7679=EDGE_LOOP('',(#772,#773,#774,#775,#776,#777,#778,#779,#780,#781));
#7680=EDGE_LOOP('',(#782,#783,#784,#785,#786,#787,#788,#789,#790,#791));
#7681=EDGE_LOOP('',(#792,#793,#794,#795,#796,#797,#798,#799,#800,#801));
#7682=EDGE_LOOP('',(#802,#803,#804,#805,#806,#807,#808,#809,#810,#811));
#7683=EDGE_LOOP('',(#812,#813,#814,#815,#816,#817,#818,#819,#820,#821));
#7684=EDGE_LOOP('',(#822,#823,#824,#825,#826,#827,#828,#829,#830,#831));
#7685=EDGE_LOOP('',(#832,#833,#834,#835,#836,#837,#838,#839,#840,#841));
#7686=EDGE_LOOP('',(#842,#843,#844,#845,#846,#847,#848,#849,#850,#851,#852));
#7687=EDGE_LOOP('',(#853,#854,#855,#856,#857,#858));
#7688=EDGE_LOOP('',(#859,#860,#861,#862,#863,#864,#865,#866,#867,#868));
#7689=EDGE_LOOP('',(#869,#870,#871,#872,#873,#874,#875,#876,#877,#878));
#7690=EDGE_LOOP('',(#879));
#7691=EDGE_LOOP('',(#880,#881,#882,#883,#884,#885,#886,#887));
#7692=EDGE_LOOP('',(#888));
#7693=EDGE_LOOP('',(#889,#890,#891,#892));
#7694=EDGE_LOOP('',(#893,#894,#895,#896,#897));
#7695=EDGE_LOOP('',(#898,#899,#900,#901,#902,#903,#904));
#7696=EDGE_LOOP('',(#905,#906,#907,#908));
#7697=EDGE_LOOP('',(#909,#910,#911,#912));
#7698=EDGE_LOOP('',(#913,#914,#915));
#7699=EDGE_LOOP('',(#916,#917,#918,#919));
#7700=EDGE_LOOP('',(#920,#921,#922,#923));
#7701=EDGE_LOOP('',(#924,#925,#926,#927));
#7702=EDGE_LOOP('',(#928,#929,#930,#931,#932));
#7703=EDGE_LOOP('',(#933,#934,#935,#936));
#7704=EDGE_LOOP('',(#937,#938,#939,#940));
#7705=EDGE_LOOP('',(#941,#942,#943,#944));
#7706=EDGE_LOOP('',(#945,#946,#947,#948,#949,#950));
#7707=EDGE_LOOP('',(#951,#952,#953,#954));
#7708=EDGE_LOOP('',(#955,#956,#957,#958,#959,#960,#961,#962));
#7709=EDGE_LOOP('',(#963));
#7710=EDGE_LOOP('',(#964,#965,#966,#967,#968,#969,#970,#971));
#7711=EDGE_LOOP('',(#972));
#7712=EDGE_LOOP('',(#973));
#7713=EDGE_LOOP('',(#974,#975,#976,#977,#978,#979,#980,#981,#982,#983,#984,#985,#986,#987,#988,#989,#990,#991,#992,#993,#994,#995,#996,#997,#998,#999,#1000,#1001,#1002,#1003,#1004,#1005,#1006,#1007,#1008,#1009,#1010,#1011,#1012,#1013,#1014,#1015,#1016,#1017,#1018,#1019,#1020,#1021,#1022));
#7714=EDGE_LOOP('',(#1023,#1024,#1025,#1026));
#7715=EDGE_LOOP('',(#1027,#1028,#1029,#1030));
#7716=EDGE_LOOP('',(#1031,#1032,#1033,#1034));
#7717=EDGE_LOOP('',(#1035));
#7718=EDGE_LOOP('',(#1036));
#7719=EDGE_LOOP('',(#1037));
#7720=EDGE_LOOP('',(#1038));
#7721=EDGE_LOOP('',(#1039,#1040,#1041,#1042,#1043,#1044,#1045,#1046,#1047,#1048));
#7722=EDGE_LOOP('',(#1049,#1050,#1051,#1052,#1053,#1054,#1055,#1056,#1057,#1058,#1059,#1060,#1061,#1062,#1063,#1064));
#7723=EDGE_LOOP('',(#1065,#1066,#1067,#1068));
#7724=EDGE_LOOP('',(#1069,#1070,#1071,#1072));
#7725=EDGE_LOOP('',(#1073,#1074,#1075,#1076));
#7726=EDGE_LOOP('',(#1077,#1078,#1079,#1080));
#7727=EDGE_LOOP('',(#1081,#1082,#1083,#1084));
#7728=EDGE_LOOP('',(#1085,#1086,#1087,#1088));
#7729=EDGE_LOOP('',(#1089,#1090,#1091,#1092));
#7730=EDGE_LOOP('',(#1093,#1094,#1095,#1096));
#7731=EDGE_LOOP('',(#1097,#1098,#1099,#1100));
#7732=EDGE_LOOP('',(#1101,#1102,#1103,#1104));
#7733=EDGE_LOOP('',(#1105));
#7734=EDGE_LOOP('',(#1106));
#7735=EDGE_LOOP('',(#1107));
#7736=EDGE_LOOP('',(#1108));
#7737=EDGE_LOOP('',(#1109));
#7738=EDGE_LOOP('',(#1110));
#7739=EDGE_LOOP('',(#1111,#1112,#1113,#1114));
#7740=EDGE_LOOP('',(#1115,#1116,#1117,#1118));
#7741=EDGE_LOOP('',(#1119,#1120,#1121,#1122,#1123,#1124));
#7742=EDGE_LOOP('',(#1125,#1126,#1127,#1128));
#7743=EDGE_LOOP('',(#1129,#1130,#1131,#1132,#1133));
#7744=EDGE_LOOP('',(#1134,#1135,#1136,#1137));
#7745=EDGE_LOOP('',(#1138,#1139,#1140,#1141));
#7746=EDGE_LOOP('',(#1142,#1143,#1144,#1145));
#7747=EDGE_LOOP('',(#1146,#1147,#1148,#1149,#1150,#1151));
#7748=EDGE_LOOP('',(#1152,#1153,#1154,#1155));
#7749=EDGE_LOOP('',(#1156,#1157,#1158,#1159));
#7750=EDGE_LOOP('',(#1160,#1161,#1162,#1163));
#7751=EDGE_LOOP('',(#1164,#1165,#1166,#1167));
#7752=EDGE_LOOP('',(#1168,#1169,#1170,#1171));
#7753=EDGE_LOOP('',(#1172,#1173,#1174,#1175));
#7754=EDGE_LOOP('',(#1176,#1177,#1178,#1179));
#7755=EDGE_LOOP('',(#1180,#1181,#1182,#1183));
#7756=EDGE_LOOP('',(#1184));
#7757=EDGE_LOOP('',(#1185));
#7758=EDGE_LOOP('',(#1186));
#7759=EDGE_LOOP('',(#1187));
#7760=EDGE_LOOP('',(#1188));
#7761=EDGE_LOOP('',(#1189,#1190,#1191,#1192));
#7762=EDGE_LOOP('',(#1193));
#7763=EDGE_LOOP('',(#1194));
#7764=EDGE_LOOP('',(#1195,#1196,#1197,#1198));
#7765=EDGE_LOOP('',(#1199));
#7766=EDGE_LOOP('',(#1200));
#7767=EDGE_LOOP('',(#1201,#1202,#1203,#1204));
#7768=EDGE_LOOP('',(#1205));
#7769=EDGE_LOOP('',(#1206));
#7770=EDGE_LOOP('',(#1207));
#7771=EDGE_LOOP('',(#1208));
#7772=EDGE_LOOP('',(#1209,#1210,#1211,#1212));
#7773=EDGE_LOOP('',(#1213,#1214,#1215,#1216));
#7774=EDGE_LOOP('',(#1217,#1218,#1219,#1220));
#7775=EDGE_LOOP('',(#1221,#1222,#1223,#1224));
#7776=EDGE_LOOP('',(#1225,#1226,#1227,#1228));
#7777=EDGE_LOOP('',(#1229,#1230,#1231,#1232));
#7778=EDGE_LOOP('',(#1233));
#7779=EDGE_LOOP('',(#1234,#1235,#1236,#1237,#1238,#1239,#1240,#1241,#1242,#1243,#1244,#1245,#1246,#1247,#1248,#1249,#1250,#1251,#1252,#1253,#1254,#1255,#1256,#1257,#1258,#1259,#1260,#1261,#1262,#1263,#1264,#1265,#1266,#1267,#1268,#1269,#1270,#1271,#1272,#1273,#1274,#1275,#1276,#1277,#1278,#1279));
#7780=EDGE_LOOP('',(#1280));
#7781=EDGE_LOOP('',(#1281));
#7782=EDGE_LOOP('',(#1282));
#7783=EDGE_LOOP('',(#1283,#1284,#1285,#1286));
#7784=EDGE_LOOP('',(#1287,#1288,#1289,#1290));
#7785=EDGE_LOOP('',(#1291,#1292,#1293,#1294));
#7786=EDGE_LOOP('',(#1295,#1296,#1297,#1298));
#7787=EDGE_LOOP('',(#1299,#1300,#1301,#1302));
#7788=EDGE_LOOP('',(#1303,#1304,#1305,#1306));
#7789=EDGE_LOOP('',(#1307,#1308,#1309,#1310));
#7790=EDGE_LOOP('',(#1311,#1312,#1313,#1314));
#7791=EDGE_LOOP('',(#1315,#1316,#1317,#1318));
#7792=EDGE_LOOP('',(#1319,#1320,#1321,#1322));
#7793=EDGE_LOOP('',(#1323,#1324,#1325,#1326));
#7794=EDGE_LOOP('',(#1327,#1328,#1329,#1330));
#7795=EDGE_LOOP('',(#1331,#1332,#1333,#1334));
#7796=EDGE_LOOP('',(#1335,#1336,#1337));
#7797=EDGE_LOOP('',(#1338,#1339,#1340,#1341));
#7798=EDGE_LOOP('',(#1342,#1343,#1344));
#7799=EDGE_LOOP('',(#1345,#1346,#1347,#1348));
#7800=EDGE_LOOP('',(#1349));
#7801=EDGE_LOOP('',(#1350));
#7802=EDGE_LOOP('',(#1351));
#7803=EDGE_LOOP('',(#1352));
#7804=EDGE_LOOP('',(#1353));
#7805=EDGE_LOOP('',(#1354));
#7806=EDGE_LOOP('',(#1355));
#7807=EDGE_LOOP('',(#1356));
#7808=EDGE_LOOP('',(#1357));
#7809=EDGE_LOOP('',(#1358));
#7810=EDGE_LOOP('',(#1359));
#7811=EDGE_LOOP('',(#1360,#1361,#1362,#1363));
#7812=EDGE_LOOP('',(#1364));
#7813=EDGE_LOOP('',(#1365));
#7814=EDGE_LOOP('',(#1366));
#7815=EDGE_LOOP('',(#1367));
#7816=EDGE_LOOP('',(#1368));
#7817=EDGE_LOOP('',(#1369,#1370,#1371,#1372,#1373,#1374,#1375,#1376,#1377,#1378));
#7818=EDGE_LOOP('',(#1379,#1380,#1381,#1382,#1383,#1384,#1385,#1386,#1387,#1388));
#7819=EDGE_LOOP('',(#1389,#1390,#1391,#1392,#1393,#1394,#1395,#1396));
#7820=EDGE_LOOP('',(#1397,#1398,#1399,#1400,#1401,#1402));
#7821=EDGE_LOOP('',(#1403,#1404,#1405,#1406));
#7822=EDGE_LOOP('',(#1407,#1408,#1409,#1410,#1411,#1412,#1413,#1414,#1415,#1416));
#7823=EDGE_LOOP('',(#1417,#1418,#1419,#1420,#1421,#1422));
#7824=EDGE_LOOP('',(#1423,#1424,#1425,#1426));
#7825=EDGE_LOOP('',(#1427,#1428,#1429,#1430));
#7826=EDGE_LOOP('',(#1431,#1432,#1433,#1434));
#7827=EDGE_LOOP('',(#1435,#1436,#1437));
#7828=EDGE_LOOP('',(#1438,#1439,#1440,#1441));
#7829=EDGE_LOOP('',(#1442,#1443,#1444,#1445));
#7830=EDGE_LOOP('',(#1446,#1447,#1448,#1449));
#7831=EDGE_LOOP('',(#1450,#1451,#1452,#1453));
#7832=EDGE_LOOP('',(#1454,#1455,#1456,#1457));
#7833=EDGE_LOOP('',(#1458,#1459,#1460,#1461));
#7834=EDGE_LOOP('',(#1462,#1463,#1464,#1465));
#7835=EDGE_LOOP('',(#1466,#1467,#1468,#1469));
#7836=EDGE_LOOP('',(#1470,#1471,#1472,#1473));
#7837=EDGE_LOOP('',(#1474,#1475,#1476,#1477));
#7838=EDGE_LOOP('',(#1478,#1479,#1480,#1481));
#7839=EDGE_LOOP('',(#1482,#1483,#1484,#1485));
#7840=EDGE_LOOP('',(#1486,#1487,#1488,#1489));
#7841=EDGE_LOOP('',(#1490,#1491,#1492,#1493));
#7842=EDGE_LOOP('',(#1494,#1495,#1496,#1497));
#7843=EDGE_LOOP('',(#1498,#1499,#1500,#1501,#1502,#1503));
#7844=EDGE_LOOP('',(#1504,#1505,#1506,#1507));
#7845=EDGE_LOOP('',(#1508,#1509,#1510,#1511));
#7846=EDGE_LOOP('',(#1512,#1513,#1514,#1515));
#7847=EDGE_LOOP('',(#1516,#1517,#1518,#1519));
#7848=EDGE_LOOP('',(#1520,#1521,#1522,#1523));
#7849=EDGE_LOOP('',(#1524,#1525,#1526,#1527));
#7850=EDGE_LOOP('',(#1528,#1529,#1530,#1531));
#7851=EDGE_LOOP('',(#1532,#1533,#1534,#1535));
#7852=EDGE_LOOP('',(#1536,#1537,#1538,#1539));
#7853=EDGE_LOOP('',(#1540,#1541,#1542));
#7854=EDGE_LOOP('',(#1543,#1544,#1545,#1546));
#7855=EDGE_LOOP('',(#1547,#1548,#1549));
#7856=EDGE_LOOP('',(#1550,#1551,#1552,#1553));
#7857=EDGE_LOOP('',(#1554,#1555,#1556,#1557));
#7858=EDGE_LOOP('',(#1558,#1559,#1560));
#7859=EDGE_LOOP('',(#1561,#1562,#1563,#1564));
#7860=EDGE_LOOP('',(#1565,#1566,#1567));
#7861=EDGE_LOOP('',(#1568,#1569,#1570,#1571));
#7862=EDGE_LOOP('',(#1572,#1573,#1574,#1575));
#7863=EDGE_LOOP('',(#1576,#1577,#1578));
#7864=EDGE_LOOP('',(#1579,#1580,#1581,#1582));
#7865=EDGE_LOOP('',(#1583,#1584,#1585));
#7866=EDGE_LOOP('',(#1586,#1587,#1588,#1589));
#7867=EDGE_LOOP('',(#1590,#1591,#1592,#1593));
#7868=EDGE_LOOP('',(#1594,#1595,#1596));
#7869=EDGE_LOOP('',(#1597,#1598,#1599,#1600));
#7870=EDGE_LOOP('',(#1601,#1602,#1603));
#7871=EDGE_LOOP('',(#1604,#1605,#1606,#1607));
#7872=EDGE_LOOP('',(#1608,#1609,#1610,#1611));
#7873=EDGE_LOOP('',(#1612,#1613,#1614,#1615));
#7874=EDGE_LOOP('',(#1616,#1617,#1618,#1619,#1620,#1621,#1622,#1623));
#7875=EDGE_LOOP('',(#1624));
#7876=EDGE_LOOP('',(#1625));
#7877=EDGE_LOOP('',(#1626));
#7878=EDGE_LOOP('',(#1627));
#7879=EDGE_LOOP('',(#1628));
#7880=EDGE_LOOP('',(#1629));
#7881=EDGE_LOOP('',(#1630,#1631,#1632,#1633));
#7882=EDGE_LOOP('',(#1634,#1635,#1636,#1637));
#7883=EDGE_LOOP('',(#1638,#1639,#1640,#1641));
#7884=EDGE_LOOP('',(#1642,#1643,#1644,#1645));
#7885=EDGE_LOOP('',(#1646,#1647,#1648,#1649));
#7886=EDGE_LOOP('',(#1650));
#7887=EDGE_LOOP('',(#1651));
#7888=EDGE_LOOP('',(#1652));
#7889=EDGE_LOOP('',(#1653,#1654,#1655,#1656,#1657,#1658,#1659,#1660));
#7890=EDGE_LOOP('',(#1661,#1662,#1663,#1664));
#7891=EDGE_LOOP('',(#1665,#1666,#1667,#1668));
#7892=EDGE_LOOP('',(#1669,#1670,#1671,#1672));
#7893=EDGE_LOOP('',(#1673,#1674,#1675,#1676));
#7894=EDGE_LOOP('',(#1677,#1678,#1679,#1680));
#7895=EDGE_LOOP('',(#1681,#1682,#1683,#1684));
#7896=EDGE_LOOP('',(#1685,#1686,#1687,#1688));
#7897=EDGE_LOOP('',(#1689,#1690,#1691,#1692));
#7898=EDGE_LOOP('',(#1693,#1694,#1695,#1696));
#7899=EDGE_LOOP('',(#1697,#1698,#1699,#1700));
#7900=EDGE_LOOP('',(#1701,#1702,#1703,#1704));
#7901=EDGE_LOOP('',(#1705,#1706,#1707,#1708));
#7902=EDGE_LOOP('',(#1709,#1710,#1711,#1712));
#7903=EDGE_LOOP('',(#1713,#1714,#1715,#1716));
#7904=EDGE_LOOP('',(#1717,#1718,#1719,#1720));
#7905=EDGE_LOOP('',(#1721,#1722,#1723,#1724));
#7906=EDGE_LOOP('',(#1725,#1726,#1727,#1728));
#7907=EDGE_LOOP('',(#1729,#1730,#1731,#1732));
#7908=EDGE_LOOP('',(#1733,#1734,#1735,#1736));
#7909=EDGE_LOOP('',(#1737,#1738,#1739));
#7910=EDGE_LOOP('',(#1740,#1741,#1742,#1743));
#7911=EDGE_LOOP('',(#1744,#1745,#1746,#1747));
#7912=EDGE_LOOP('',(#1748,#1749,#1750,#1751));
#7913=EDGE_LOOP('',(#1752,#1753,#1754,#1755));
#7914=EDGE_LOOP('',(#1756,#1757,#1758));
#7915=EDGE_LOOP('',(#1759,#1760,#1761));
#7916=EDGE_LOOP('',(#1762,#1763,#1764,#1765));
#7917=EDGE_LOOP('',(#1766,#1767,#1768,#1769));
#7918=EDGE_LOOP('',(#1770,#1771,#1772));
#7919=EDGE_LOOP('',(#1773,#1774,#1775,#1776));
#7920=EDGE_LOOP('',(#1777,#1778,#1779,#1780));
#7921=EDGE_LOOP('',(#1781,#1782,#1783,#1784));
#7922=EDGE_LOOP('',(#1785,#1786,#1787,#1788));
#7923=EDGE_LOOP('',(#1789,#1790,#1791,#1792));
#7924=EDGE_LOOP('',(#1793,#1794,#1795,#1796));
#7925=EDGE_LOOP('',(#1797,#1798,#1799,#1800));
#7926=EDGE_LOOP('',(#1801,#1802,#1803));
#7927=EDGE_LOOP('',(#1804,#1805,#1806,#1807,#1808));
#7928=EDGE_LOOP('',(#1809,#1810,#1811,#1812,#1813));
#7929=EDGE_LOOP('',(#1814,#1815,#1816));
#7930=EDGE_LOOP('',(#1817,#1818,#1819,#1820));
#7931=EDGE_LOOP('',(#1821));
#7932=EDGE_LOOP('',(#1822));
#7933=EDGE_LOOP('',(#1823));
#7934=EDGE_LOOP('',(#1824));
#7935=EDGE_LOOP('',(#1825));
#7936=EDGE_LOOP('',(#1826));
#7937=EDGE_LOOP('',(#1827));
#7938=EDGE_LOOP('',(#1828));
#7939=EDGE_LOOP('',(#1829));
#7940=EDGE_LOOP('',(#1830));
#7941=EDGE_LOOP('',(#1831));
#7942=EDGE_LOOP('',(#1832));
#7943=EDGE_LOOP('',(#1833,#1834,#1835,#1836,#1837,#1838,#1839,#1840,#1841,#1842,#1843,#1844,#1845,#1846,#1847,#1848,#1849,#1850));
#7944=EDGE_LOOP('',(#1851,#1852,#1853,#1854));
#7945=EDGE_LOOP('',(#1855,#1856,#1857,#1858,#1859,#1860,#1861,#1862,#1863,#1864,#1865,#1866,#1867));
#7946=EDGE_LOOP('',(#1868,#1869,#1870,#1871,#1872,#1873));
#7947=EDGE_LOOP('',(#1874,#1875,#1876,#1877));
#7948=EDGE_LOOP('',(#1878,#1879,#1880,#1881));
#7949=EDGE_LOOP('',(#1882,#1883,#1884,#1885));
#7950=EDGE_LOOP('',(#1886,#1887,#1888,#1889));
#7951=EDGE_LOOP('',(#1890,#1891,#1892,#1893));
#7952=EDGE_LOOP('',(#1894,#1895,#1896,#1897));
#7953=EDGE_LOOP('',(#1898,#1899,#1900,#1901));
#7954=EDGE_LOOP('',(#1902,#1903,#1904,#1905));
#7955=EDGE_LOOP('',(#1906,#1907,#1908,#1909));
#7956=EDGE_LOOP('',(#1910,#1911,#1912,#1913));
#7957=EDGE_LOOP('',(#1914,#1915,#1916,#1917));
#7958=EDGE_LOOP('',(#1918,#1919,#1920,#1921));
#7959=EDGE_LOOP('',(#1922,#1923,#1924,#1925,#1926,#1927,#1928,#1929,#1930,#1931));
#7960=EDGE_LOOP('',(#1932,#1933,#1934,#1935));
#7961=EDGE_LOOP('',(#1936,#1937,#1938,#1939));
#7962=EDGE_LOOP('',(#1940,#1941,#1942,#1943));
#7963=EDGE_LOOP('',(#1944,#1945,#1946,#1947));
#7964=EDGE_LOOP('',(#1948,#1949,#1950,#1951));
#7965=EDGE_LOOP('',(#1952,#1953,#1954,#1955));
#7966=EDGE_LOOP('',(#1956,#1957,#1958,#1959));
#7967=EDGE_LOOP('',(#1960,#1961,#1962,#1963));
#7968=EDGE_LOOP('',(#1964,#1965,#1966,#1967));
#7969=EDGE_LOOP('',(#1968,#1969,#1970,#1971));
#7970=EDGE_LOOP('',(#1972,#1973,#1974,#1975,#1976,#1977,#1978,#1979,#1980,#1981));
#7971=EDGE_LOOP('',(#1982,#1983,#1984,#1985));
#7972=EDGE_LOOP('',(#1986,#1987,#1988,#1989));
#7973=EDGE_LOOP('',(#1990,#1991,#1992,#1993));
#7974=EDGE_LOOP('',(#1994,#1995,#1996,#1997));
#7975=EDGE_LOOP('',(#1998,#1999,#2000,#2001));
#7976=EDGE_LOOP('',(#2002,#2003,#2004,#2005));
#7977=EDGE_LOOP('',(#2006,#2007,#2008,#2009));
#7978=EDGE_LOOP('',(#2010,#2011,#2012,#2013));
#7979=EDGE_LOOP('',(#2014,#2015,#2016,#2017));
#7980=EDGE_LOOP('',(#2018,#2019,#2020,#2021));
#7981=EDGE_LOOP('',(#2022,#2023,#2024,#2025,#2026,#2027,#2028,#2029,#2030,#2031));
#7982=EDGE_LOOP('',(#2032,#2033,#2034,#2035));
#7983=EDGE_LOOP('',(#2036,#2037,#2038,#2039));
#7984=EDGE_LOOP('',(#2040,#2041,#2042,#2043));
#7985=EDGE_LOOP('',(#2044,#2045,#2046,#2047));
#7986=EDGE_LOOP('',(#2048,#2049,#2050,#2051));
#7987=EDGE_LOOP('',(#2052,#2053,#2054,#2055));
#7988=EDGE_LOOP('',(#2056,#2057,#2058,#2059));
#7989=EDGE_LOOP('',(#2060,#2061,#2062,#2063));
#7990=EDGE_LOOP('',(#2064,#2065,#2066,#2067));
#7991=EDGE_LOOP('',(#2068,#2069,#2070,#2071));
#7992=EDGE_LOOP('',(#2072,#2073,#2074,#2075,#2076,#2077,#2078,#2079,#2080,#2081));
#7993=EDGE_LOOP('',(#2082,#2083,#2084,#2085));
#7994=EDGE_LOOP('',(#2086,#2087,#2088,#2089));
#7995=EDGE_LOOP('',(#2090,#2091,#2092,#2093));
#7996=EDGE_LOOP('',(#2094,#2095,#2096,#2097));
#7997=EDGE_LOOP('',(#2098,#2099,#2100,#2101));
#7998=EDGE_LOOP('',(#2102,#2103,#2104,#2105));
#7999=EDGE_LOOP('',(#2106,#2107,#2108,#2109));
#8000=EDGE_LOOP('',(#2110,#2111,#2112,#2113));
#8001=EDGE_LOOP('',(#2114,#2115,#2116,#2117));
#8002=EDGE_LOOP('',(#2118,#2119,#2120,#2121));
#8003=EDGE_LOOP('',(#2122,#2123,#2124,#2125,#2126,#2127,#2128,#2129,#2130,#2131));
#8004=EDGE_LOOP('',(#2132,#2133,#2134,#2135,#2136));
#8005=EDGE_LOOP('',(#2137,#2138,#2139,#2140));
#8006=EDGE_LOOP('',(#2141,#2142,#2143,#2144,#2145));
#8007=EDGE_LOOP('',(#2146,#2147,#2148,#2149));
#8008=EDGE_LOOP('',(#2150,#2151,#2152,#2153));
#8009=EDGE_LOOP('',(#2154,#2155,#2156,#2157));
#8010=EDGE_LOOP('',(#2158,#2159,#2160,#2161));
#8011=EDGE_LOOP('',(#2162,#2163,#2164,#2165));
#8012=EDGE_LOOP('',(#2166,#2167,#2168,#2169));
#8013=EDGE_LOOP('',(#2170,#2171,#2172,#2173));
#8014=EDGE_LOOP('',(#2174,#2175,#2176,#2177,#2178,#2179,#2180,#2181,#2182,#2183));
#8015=EDGE_LOOP('',(#2184,#2185,#2186,#2187));
#8016=EDGE_LOOP('',(#2188,#2189,#2190,#2191,#2192,#2193,#2194,#2195,#2196));
#8017=EDGE_LOOP('',(#2197,#2198,#2199,#2200));
#8018=EDGE_LOOP('',(#2201,#2202,#2203,#2204));
#8019=EDGE_LOOP('',(#2205,#2206,#2207,#2208));
#8020=EDGE_LOOP('',(#2209,#2210,#2211,#2212));
#8021=EDGE_LOOP('',(#2213,#2214,#2215,#2216));
#8022=EDGE_LOOP('',(#2217,#2218,#2219,#2220));
#8023=EDGE_LOOP('',(#2221,#2222,#2223,#2224));
#8024=EDGE_LOOP('',(#2225,#2226,#2227,#2228));
#8025=EDGE_LOOP('',(#2229,#2230,#2231,#2232));
#8026=EDGE_LOOP('',(#2233,#2234,#2235));
#8027=EDGE_LOOP('',(#2236,#2237,#2238,#2239));
#8028=EDGE_LOOP('',(#2240,#2241,#2242,#2243));
#8029=EDGE_LOOP('',(#2244,#2245,#2246,#2247,#2248,#2249,#2250,#2251,#2252,#2253,#2254));
#8030=EDGE_LOOP('',(#2255,#2256,#2257,#2258));
#8031=EDGE_LOOP('',(#2259,#2260,#2261,#2262));
#8032=EDGE_LOOP('',(#2263,#2264,#2265,#2266));
#8033=EDGE_LOOP('',(#2267,#2268,#2269,#2270));
#8034=EDGE_LOOP('',(#2271,#2272,#2273,#2274));
#8035=EDGE_LOOP('',(#2275,#2276,#2277,#2278));
#8036=EDGE_LOOP('',(#2279,#2280,#2281,#2282));
#8037=EDGE_LOOP('',(#2283,#2284,#2285,#2286));
#8038=EDGE_LOOP('',(#2287,#2288,#2289,#2290));
#8039=EDGE_LOOP('',(#2291,#2292,#2293,#2294));
#8040=EDGE_LOOP('',(#2295,#2296,#2297,#2298));
#8041=EDGE_LOOP('',(#2299,#2300,#2301,#2302));
#8042=EDGE_LOOP('',(#2303,#2304,#2305,#2306));
#8043=EDGE_LOOP('',(#2307,#2308,#2309,#2310));
#8044=EDGE_LOOP('',(#2311,#2312,#2313,#2314));
#8045=EDGE_LOOP('',(#2315,#2316,#2317,#2318));
#8046=EDGE_LOOP('',(#2319,#2320,#2321,#2322));
#8047=EDGE_LOOP('',(#2323,#2324,#2325,#2326));
#8048=EDGE_LOOP('',(#2327,#2328,#2329,#2330,#2331,#2332,#2333,#2334,#2335,#2336));
#8049=EDGE_LOOP('',(#2337,#2338,#2339,#2340));
#8050=EDGE_LOOP('',(#2341,#2342,#2343,#2344));
#8051=EDGE_LOOP('',(#2345,#2346,#2347,#2348));
#8052=EDGE_LOOP('',(#2349,#2350,#2351,#2352));
#8053=EDGE_LOOP('',(#2353,#2354,#2355,#2356));
#8054=EDGE_LOOP('',(#2357,#2358,#2359,#2360));
#8055=EDGE_LOOP('',(#2361,#2362,#2363,#2364));
#8056=EDGE_LOOP('',(#2365,#2366,#2367,#2368));
#8057=EDGE_LOOP('',(#2369,#2370,#2371,#2372));
#8058=EDGE_LOOP('',(#2373,#2374,#2375,#2376));
#8059=EDGE_LOOP('',(#2377,#2378,#2379,#2380,#2381,#2382,#2383,#2384,#2385,#2386));
#8060=EDGE_LOOP('',(#2387,#2388,#2389,#2390));
#8061=EDGE_LOOP('',(#2391,#2392,#2393,#2394));
#8062=EDGE_LOOP('',(#2395,#2396,#2397,#2398));
#8063=EDGE_LOOP('',(#2399,#2400,#2401,#2402));
#8064=EDGE_LOOP('',(#2403,#2404,#2405,#2406));
#8065=EDGE_LOOP('',(#2407,#2408,#2409,#2410));
#8066=EDGE_LOOP('',(#2411,#2412,#2413,#2414));
#8067=EDGE_LOOP('',(#2415,#2416,#2417,#2418));
#8068=EDGE_LOOP('',(#2419,#2420,#2421,#2422));
#8069=EDGE_LOOP('',(#2423,#2424,#2425,#2426));
#8070=EDGE_LOOP('',(#2427,#2428,#2429,#2430,#2431,#2432,#2433,#2434,#2435,#2436));
#8071=EDGE_LOOP('',(#2437,#2438,#2439,#2440,#2441));
#8072=EDGE_LOOP('',(#2442,#2443,#2444,#2445));
#8073=EDGE_LOOP('',(#2446,#2447,#2448,#2449,#2450));
#8074=EDGE_LOOP('',(#2451,#2452,#2453,#2454));
#8075=EDGE_LOOP('',(#2455,#2456,#2457,#2458));
#8076=EDGE_LOOP('',(#2459,#2460,#2461,#2462));
#8077=EDGE_LOOP('',(#2463,#2464,#2465,#2466));
#8078=EDGE_LOOP('',(#2467,#2468,#2469,#2470));
#8079=EDGE_LOOP('',(#2471,#2472,#2473,#2474));
#8080=EDGE_LOOP('',(#2475,#2476,#2477,#2478));
#8081=EDGE_LOOP('',(#2479,#2480,#2481,#2482,#2483,#2484,#2485,#2486,#2487,#2488));
#8082=EDGE_LOOP('',(#2489,#2490,#2491,#2492));
#8083=EDGE_LOOP('',(#2493,#2494,#2495,#2496,#2497));
#8084=EDGE_LOOP('',(#2498,#2499,#2500,#2501));
#8085=EDGE_LOOP('',(#2502,#2503,#2504,#2505));
#8086=EDGE_LOOP('',(#2506,#2507,#2508,#2509));
#8087=EDGE_LOOP('',(#2510,#2511,#2512,#2513));
#8088=EDGE_LOOP('',(#2514,#2515,#2516,#2517));
#8089=EDGE_LOOP('',(#2518,#2519,#2520,#2521));
#8090=EDGE_LOOP('',(#2522,#2523,#2524,#2525,#2526,#2527,#2528,#2529,#2530,#2531,#2532,#2533));
#8091=EDGE_LOOP('',(#2534,#2535,#2536,#2537));
#8092=EDGE_LOOP('',(#2538,#2539,#2540,#2541));
#8093=EDGE_LOOP('',(#2542,#2543,#2544,#2545));
#8094=EDGE_LOOP('',(#2546,#2547,#2548,#2549));
#8095=EDGE_LOOP('',(#2550,#2551,#2552,#2553));
#8096=EDGE_LOOP('',(#2554,#2555,#2556,#2557));
#8097=EDGE_LOOP('',(#2558,#2559,#2560,#2561));
#8098=EDGE_LOOP('',(#2562,#2563,#2564,#2565));
#8099=EDGE_LOOP('',(#2566,#2567,#2568,#2569));
#8100=EDGE_LOOP('',(#2570,#2571,#2572,#2573,#2574));
#8101=EDGE_LOOP('',(#2575,#2576,#2577,#2578));
#8102=EDGE_LOOP('',(#2579,#2580,#2581,#2582));
#8103=EDGE_LOOP('',(#2583,#2584,#2585,#2586));
#8104=EDGE_LOOP('',(#2587,#2588,#2589,#2590));
#8105=EDGE_LOOP('',(#2591,#2592,#2593,#2594));
#8106=EDGE_LOOP('',(#2595,#2596,#2597,#2598));
#8107=EDGE_LOOP('',(#2599,#2600,#2601,#2602));
#8108=EDGE_LOOP('',(#2603,#2604,#2605,#2606));
#8109=EDGE_LOOP('',(#2607,#2608,#2609,#2610));
#8110=EDGE_LOOP('',(#2611,#2612,#2613,#2614));
#8111=EDGE_LOOP('',(#2615,#2616,#2617,#2618,#2619,#2620,#2621,#2622,#2623,#2624));
#8112=EDGE_LOOP('',(#2625,#2626,#2627,#2628));
#8113=EDGE_LOOP('',(#2629,#2630,#2631,#2632));
#8114=EDGE_LOOP('',(#2633,#2634,#2635,#2636));
#8115=EDGE_LOOP('',(#2637,#2638,#2639,#2640));
#8116=EDGE_LOOP('',(#2641,#2642,#2643,#2644));
#8117=EDGE_LOOP('',(#2645,#2646,#2647,#2648));
#8118=EDGE_LOOP('',(#2649,#2650,#2651,#2652));
#8119=EDGE_LOOP('',(#2653,#2654,#2655,#2656));
#8120=EDGE_LOOP('',(#2657,#2658,#2659,#2660));
#8121=EDGE_LOOP('',(#2661,#2662,#2663,#2664));
#8122=EDGE_LOOP('',(#2665,#2666,#2667,#2668,#2669,#2670,#2671,#2672,#2673,#2674));
#8123=EDGE_LOOP('',(#2675,#2676,#2677,#2678,#2679));
#8124=EDGE_LOOP('',(#2680,#2681,#2682,#2683));
#8125=EDGE_LOOP('',(#2684,#2685,#2686,#2687,#2688));
#8126=EDGE_LOOP('',(#2689,#2690,#2691,#2692));
#8127=EDGE_LOOP('',(#2693,#2694,#2695,#2696));
#8128=EDGE_LOOP('',(#2697,#2698,#2699,#2700));
#8129=EDGE_LOOP('',(#2701,#2702,#2703,#2704));
#8130=EDGE_LOOP('',(#2705,#2706,#2707,#2708));
#8131=EDGE_LOOP('',(#2709,#2710,#2711,#2712));
#8132=EDGE_LOOP('',(#2713,#2714,#2715,#2716));
#8133=EDGE_LOOP('',(#2717,#2718,#2719,#2720,#2721,#2722,#2723,#2724,#2725,#2726));
#8134=EDGE_LOOP('',(#2727,#2728,#2729,#2730));
#8135=EDGE_LOOP('',(#2731,#2732,#2733,#2734));
#8136=EDGE_LOOP('',(#2735,#2736,#2737,#2738,#2739,#2740,#2741,#2742,#2743));
#8137=EDGE_LOOP('',(#2744,#2745,#2746,#2747));
#8138=EDGE_LOOP('',(#2748,#2749,#2750,#2751));
#8139=EDGE_LOOP('',(#2752,#2753,#2754,#2755));
#8140=EDGE_LOOP('',(#2756,#2757,#2758,#2759));
#8141=EDGE_LOOP('',(#2760,#2761,#2762,#2763));
#8142=EDGE_LOOP('',(#2764,#2765,#2766,#2767));
#8143=EDGE_LOOP('',(#2768,#2769,#2770,#2771));
#8144=EDGE_LOOP('',(#2772,#2773,#2774,#2775));
#8145=EDGE_LOOP('',(#2776,#2777,#2778,#2779));
#8146=EDGE_LOOP('',(#2780,#2781,#2782,#2783,#2784,#2785,#2786));
#8147=EDGE_LOOP('',(#2787,#2788,#2789,#2790));
#8148=EDGE_LOOP('',(#2791,#2792,#2793,#2794));
#8149=EDGE_LOOP('',(#2795,#2796,#2797));
#8150=EDGE_LOOP('',(#2798,#2799,#2800,#2801));
#8151=EDGE_LOOP('',(#2802,#2803,#2804,#2805,#2806,#2807,#2808,#2809,#2810,#2811,#2812));
#8152=EDGE_LOOP('',(#2813,#2814,#2815,#2816));
#8153=EDGE_LOOP('',(#2817,#2818,#2819,#2820));
#8154=EDGE_LOOP('',(#2821,#2822,#2823,#2824));
#8155=EDGE_LOOP('',(#2825,#2826,#2827,#2828));
#8156=EDGE_LOOP('',(#2829,#2830,#2831,#2832));
#8157=EDGE_LOOP('',(#2833,#2834,#2835,#2836));
#8158=EDGE_LOOP('',(#2837,#2838,#2839,#2840));
#8159=EDGE_LOOP('',(#2841,#2842,#2843,#2844));
#8160=EDGE_LOOP('',(#2845,#2846,#2847,#2848));
#8161=EDGE_LOOP('',(#2849,#2850,#2851,#2852,#2853,#2854,#2855,#2856,#2857,#2858,#2859));
#8162=EDGE_LOOP('',(#2860,#2861,#2862,#2863));
#8163=EDGE_LOOP('',(#2864,#2865,#2866,#2867));
#8164=EDGE_LOOP('',(#2868,#2869,#2870,#2871));
#8165=EDGE_LOOP('',(#2872,#2873,#2874,#2875));
#8166=EDGE_LOOP('',(#2876,#2877,#2878,#2879));
#8167=EDGE_LOOP('',(#2880,#2881,#2882,#2883));
#8168=EDGE_LOOP('',(#2884,#2885,#2886,#2887));
#8169=EDGE_LOOP('',(#2888,#2889,#2890,#2891));
#8170=EDGE_LOOP('',(#2892,#2893,#2894,#2895,#2896));
#8171=EDGE_LOOP('',(#2897,#2898,#2899,#2900));
#8172=EDGE_LOOP('',(#2901,#2902,#2903,#2904,#2905));
#8173=EDGE_LOOP('',(#2906,#2907,#2908,#2909));
#8174=EDGE_LOOP('',(#2910,#2911,#2912,#2913));
#8175=EDGE_LOOP('',(#2914,#2915,#2916,#2917));
#8176=EDGE_LOOP('',(#2918,#2919,#2920,#2921));
#8177=EDGE_LOOP('',(#2922,#2923,#2924,#2925));
#8178=EDGE_LOOP('',(#2926,#2927,#2928,#2929));
#8179=EDGE_LOOP('',(#2930,#2931,#2932,#2933));
#8180=EDGE_LOOP('',(#2934,#2935,#2936,#2937,#2938,#2939,#2940,#2941,#2942,#2943));
#8181=EDGE_LOOP('',(#2944,#2945,#2946,#2947));
#8182=EDGE_LOOP('',(#2948,#2949,#2950));
#8183=EDGE_LOOP('',(#2951,#2952,#2953,#2954));
#8184=EDGE_LOOP('',(#2955,#2956,#2957,#2958));
#8185=EDGE_LOOP('',(#2959,#2960,#2961,#2962));
#8186=EDGE_LOOP('',(#2963,#2964,#2965,#2966));
#8187=EDGE_LOOP('',(#2967,#2968,#2969,#2970));
#8188=EDGE_LOOP('',(#2971,#2972,#2973,#2974));
#8189=EDGE_LOOP('',(#2975,#2976,#2977,#2978));
#8190=EDGE_LOOP('',(#2979,#2980,#2981,#2982));
#8191=EDGE_LOOP('',(#2983,#2984,#2985,#2986));
#8192=EDGE_LOOP('',(#2987,#2988,#2989,#2990));
#8193=EDGE_LOOP('',(#2991,#2992,#2993,#2994,#2995,#2996,#2997,#2998,#2999,#3000));
#8194=EDGE_LOOP('',(#3001,#3002,#3003,#3004));
#8195=EDGE_LOOP('',(#3005,#3006,#3007,#3008));
#8196=EDGE_LOOP('',(#3009,#3010,#3011,#3012));
#8197=EDGE_LOOP('',(#3013,#3014,#3015,#3016));
#8198=EDGE_LOOP('',(#3017,#3018,#3019,#3020));
#8199=EDGE_LOOP('',(#3021,#3022,#3023,#3024));
#8200=EDGE_LOOP('',(#3025,#3026,#3027,#3028));
#8201=EDGE_LOOP('',(#3029,#3030,#3031,#3032));
#8202=EDGE_LOOP('',(#3033,#3034,#3035,#3036));
#8203=EDGE_LOOP('',(#3037,#3038,#3039,#3040));
#8204=EDGE_LOOP('',(#3041,#3042,#3043,#3044));
#8205=EDGE_LOOP('',(#3045,#3046,#3047,#3048));
#8206=EDGE_LOOP('',(#3049,#3050,#3051,#3052));
#8207=EDGE_LOOP('',(#3053,#3054,#3055,#3056));
#8208=EDGE_LOOP('',(#3057,#3058,#3059,#3060));
#8209=EDGE_LOOP('',(#3061,#3062,#3063,#3064));
#8210=EDGE_LOOP('',(#3065,#3066,#3067,#3068));
#8211=EDGE_LOOP('',(#3069,#3070,#3071,#3072));
#8212=EDGE_LOOP('',(#3073,#3074,#3075,#3076));
#8213=EDGE_LOOP('',(#3077,#3078,#3079,#3080));
#8214=EDGE_LOOP('',(#3081,#3082,#3083,#3084));
#8215=EDGE_LOOP('',(#3085,#3086,#3087,#3088));
#8216=EDGE_LOOP('',(#3089,#3090,#3091,#3092));
#8217=EDGE_LOOP('',(#3093,#3094,#3095,#3096));
#8218=EDGE_LOOP('',(#3097,#3098,#3099,#3100));
#8219=EDGE_LOOP('',(#3101,#3102,#3103,#3104));
#8220=EDGE_LOOP('',(#3105,#3106,#3107,#3108));
#8221=EDGE_LOOP('',(#3109,#3110,#3111,#3112));
#8222=EDGE_LOOP('',(#3113,#3114,#3115,#3116));
#8223=EDGE_LOOP('',(#3117,#3118,#3119,#3120));
#8224=EDGE_LOOP('',(#3121,#3122,#3123,#3124));
#8225=FACE_BOUND('',#7640,.T.);
#8226=FACE_BOUND('',#7641,.T.);
#8227=FACE_BOUND('',#7642,.T.);
#8228=FACE_BOUND('',#7643,.T.);
#8229=FACE_BOUND('',#7644,.T.);
#8230=FACE_BOUND('',#7645,.T.);
#8231=FACE_BOUND('',#7646,.T.);
#8232=FACE_BOUND('',#7647,.T.);
#8233=FACE_BOUND('',#7648,.T.);
#8234=FACE_BOUND('',#7649,.T.);
#8235=FACE_BOUND('',#7650,.T.);
#8236=FACE_BOUND('',#7651,.T.);
#8237=FACE_BOUND('',#7652,.T.);
#8238=FACE_BOUND('',#7653,.T.);
#8239=FACE_BOUND('',#7654,.T.);
#8240=FACE_BOUND('',#7655,.T.);
#8241=FACE_BOUND('',#7656,.T.);
#8242=FACE_BOUND('',#7657,.T.);
#8243=FACE_BOUND('',#7658,.T.);
#8244=FACE_BOUND('',#7659,.T.);
#8245=FACE_BOUND('',#7660,.T.);
#8246=FACE_BOUND('',#7661,.T.);
#8247=FACE_BOUND('',#7662,.T.);
#8248=FACE_BOUND('',#7663,.T.);
#8249=FACE_BOUND('',#7664,.T.);
#8250=FACE_BOUND('',#7665,.T.);
#8251=FACE_BOUND('',#7666,.T.);
#8252=FACE_BOUND('',#7667,.T.);
#8253=FACE_BOUND('',#7668,.T.);
#8254=FACE_BOUND('',#7669,.T.);
#8255=FACE_BOUND('',#7670,.T.);
#8256=FACE_BOUND('',#7671,.T.);
#8257=FACE_BOUND('',#7672,.T.);
#8258=FACE_BOUND('',#7673,.T.);
#8259=FACE_BOUND('',#7674,.T.);
#8260=FACE_BOUND('',#7675,.T.);
#8261=FACE_BOUND('',#7676,.T.);
#8262=FACE_BOUND('',#7677,.T.);
#8263=FACE_BOUND('',#7678,.T.);
#8264=FACE_BOUND('',#7679,.T.);
#8265=FACE_BOUND('',#7680,.T.);
#8266=FACE_BOUND('',#7681,.T.);
#8267=FACE_BOUND('',#7682,.T.);
#8268=FACE_BOUND('',#7683,.T.);
#8269=FACE_BOUND('',#7684,.T.);
#8270=FACE_BOUND('',#7685,.T.);
#8271=FACE_BOUND('',#7686,.T.);
#8272=FACE_BOUND('',#7687,.T.);
#8273=FACE_BOUND('',#7688,.T.);
#8274=FACE_BOUND('',#7689,.T.);
#8275=FACE_BOUND('',#7690,.T.);
#8276=FACE_BOUND('',#7691,.T.);
#8277=FACE_BOUND('',#7692,.T.);
#8278=FACE_BOUND('',#7693,.T.);
#8279=FACE_BOUND('',#7694,.T.);
#8280=FACE_BOUND('',#7695,.T.);
#8281=FACE_BOUND('',#7696,.T.);
#8282=FACE_BOUND('',#7697,.T.);
#8283=FACE_BOUND('',#7698,.T.);
#8284=FACE_BOUND('',#7699,.T.);
#8285=FACE_BOUND('',#7700,.T.);
#8286=FACE_BOUND('',#7701,.T.);
#8287=FACE_BOUND('',#7702,.T.);
#8288=FACE_BOUND('',#7703,.T.);
#8289=FACE_BOUND('',#7704,.T.);
#8290=FACE_BOUND('',#7705,.T.);
#8291=FACE_BOUND('',#7706,.T.);
#8292=FACE_BOUND('',#7707,.T.);
#8293=FACE_BOUND('',#7708,.T.);
#8294=FACE_BOUND('',#7709,.T.);
#8295=FACE_BOUND('',#7710,.T.);
#8296=FACE_BOUND('',#7711,.T.);
#8297=FACE_BOUND('',#7712,.T.);
#8298=FACE_BOUND('',#7713,.T.);
#8299=FACE_BOUND('',#7714,.T.);
#8300=FACE_BOUND('',#7715,.T.);
#8301=FACE_BOUND('',#7716,.T.);
#8302=FACE_BOUND('',#7717,.T.);
#8303=FACE_BOUND('',#7718,.T.);
#8304=FACE_BOUND('',#7719,.T.);
#8305=FACE_BOUND('',#7720,.T.);
#8306=FACE_BOUND('',#7721,.T.);
#8307=FACE_BOUND('',#7722,.T.);
#8308=FACE_BOUND('',#7723,.T.);
#8309=FACE_BOUND('',#7724,.T.);
#8310=FACE_BOUND('',#7725,.T.);
#8311=FACE_BOUND('',#7726,.T.);
#8312=FACE_BOUND('',#7727,.T.);
#8313=FACE_BOUND('',#7728,.T.);
#8314=FACE_BOUND('',#7729,.T.);
#8315=FACE_BOUND('',#7730,.T.);
#8316=FACE_BOUND('',#7731,.T.);
#8317=FACE_BOUND('',#7732,.T.);
#8318=FACE_BOUND('',#7733,.T.);
#8319=FACE_BOUND('',#7734,.T.);
#8320=FACE_BOUND('',#7735,.T.);
#8321=FACE_BOUND('',#7736,.T.);
#8322=FACE_BOUND('',#7737,.T.);
#8323=FACE_BOUND('',#7738,.T.);
#8324=FACE_BOUND('',#7739,.T.);
#8325=FACE_BOUND('',#7740,.T.);
#8326=FACE_BOUND('',#7741,.T.);
#8327=FACE_BOUND('',#7742,.T.);
#8328=FACE_BOUND('',#7743,.T.);
#8329=FACE_BOUND('',#7744,.T.);
#8330=FACE_BOUND('',#7745,.T.);
#8331=FACE_BOUND('',#7746,.T.);
#8332=FACE_BOUND('',#7747,.T.);
#8333=FACE_BOUND('',#7748,.T.);
#8334=FACE_BOUND('',#7749,.T.);
#8335=FACE_BOUND('',#7750,.T.);
#8336=FACE_BOUND('',#7751,.T.);
#8337=FACE_BOUND('',#7752,.T.);
#8338=FACE_BOUND('',#7753,.T.);
#8339=FACE_BOUND('',#7754,.T.);
#8340=FACE_BOUND('',#7755,.T.);
#8341=FACE_BOUND('',#7756,.T.);
#8342=FACE_BOUND('',#7757,.T.);
#8343=FACE_BOUND('',#7758,.T.);
#8344=FACE_BOUND('',#7759,.T.);
#8345=FACE_BOUND('',#7760,.T.);
#8346=FACE_BOUND('',#7761,.T.);
#8347=FACE_BOUND('',#7762,.T.);
#8348=FACE_BOUND('',#7763,.T.);
#8349=FACE_BOUND('',#7764,.T.);
#8350=FACE_BOUND('',#7765,.T.);
#8351=FACE_BOUND('',#7766,.T.);
#8352=FACE_BOUND('',#7767,.T.);
#8353=FACE_BOUND('',#7768,.T.);
#8354=FACE_BOUND('',#7769,.T.);
#8355=FACE_BOUND('',#7770,.T.);
#8356=FACE_BOUND('',#7771,.T.);
#8357=FACE_BOUND('',#7772,.T.);
#8358=FACE_BOUND('',#7773,.T.);
#8359=FACE_BOUND('',#7774,.T.);
#8360=FACE_BOUND('',#7775,.T.);
#8361=FACE_BOUND('',#7776,.T.);
#8362=FACE_BOUND('',#7777,.T.);
#8363=FACE_BOUND('',#7778,.T.);
#8364=FACE_BOUND('',#7779,.T.);
#8365=FACE_BOUND('',#7780,.T.);
#8366=FACE_BOUND('',#7781,.T.);
#8367=FACE_BOUND('',#7782,.T.);
#8368=FACE_BOUND('',#7783,.T.);
#8369=FACE_BOUND('',#7784,.T.);
#8370=FACE_BOUND('',#7785,.T.);
#8371=FACE_BOUND('',#7786,.T.);
#8372=FACE_BOUND('',#7787,.T.);
#8373=FACE_BOUND('',#7788,.T.);
#8374=FACE_BOUND('',#7789,.T.);
#8375=FACE_BOUND('',#7790,.T.);
#8376=FACE_BOUND('',#7791,.T.);
#8377=FACE_BOUND('',#7792,.T.);
#8378=FACE_BOUND('',#7793,.T.);
#8379=FACE_BOUND('',#7794,.T.);
#8380=FACE_BOUND('',#7795,.T.);
#8381=FACE_BOUND('',#7796,.T.);
#8382=FACE_BOUND('',#7797,.T.);
#8383=FACE_BOUND('',#7798,.T.);
#8384=FACE_BOUND('',#7799,.T.);
#8385=FACE_BOUND('',#7800,.T.);
#8386=FACE_BOUND('',#7801,.T.);
#8387=FACE_BOUND('',#7802,.T.);
#8388=FACE_BOUND('',#7803,.T.);
#8389=FACE_BOUND('',#7804,.T.);
#8390=FACE_BOUND('',#7805,.T.);
#8391=FACE_BOUND('',#7806,.T.);
#8392=FACE_BOUND('',#7807,.T.);
#8393=FACE_BOUND('',#7808,.T.);
#8394=FACE_BOUND('',#7809,.T.);
#8395=FACE_BOUND('',#7810,.T.);
#8396=FACE_BOUND('',#7811,.T.);
#8397=FACE_BOUND('',#7812,.T.);
#8398=FACE_BOUND('',#7813,.T.);
#8399=FACE_BOUND('',#7814,.T.);
#8400=FACE_BOUND('',#7815,.T.);
#8401=FACE_BOUND('',#7816,.T.);
#8402=FACE_BOUND('',#7817,.T.);
#8403=FACE_BOUND('',#7818,.T.);
#8404=FACE_BOUND('',#7819,.T.);
#8405=FACE_BOUND('',#7820,.T.);
#8406=FACE_BOUND('',#7821,.T.);
#8407=FACE_BOUND('',#7822,.T.);
#8408=FACE_BOUND('',#7823,.T.);
#8409=FACE_BOUND('',#7824,.T.);
#8410=FACE_BOUND('',#7825,.T.);
#8411=FACE_BOUND('',#7826,.T.);
#8412=FACE_BOUND('',#7827,.T.);
#8413=FACE_BOUND('',#7828,.T.);
#8414=FACE_BOUND('',#7829,.T.);
#8415=FACE_BOUND('',#7830,.T.);
#8416=FACE_BOUND('',#7831,.T.);
#8417=FACE_BOUND('',#7832,.T.);
#8418=FACE_BOUND('',#7833,.T.);
#8419=FACE_BOUND('',#7834,.T.);
#8420=FACE_BOUND('',#7835,.T.);
#8421=FACE_BOUND('',#7836,.T.);
#8422=FACE_BOUND('',#7837,.T.);
#8423=FACE_BOUND('',#7838,.T.);
#8424=FACE_BOUND('',#7839,.T.);
#8425=FACE_BOUND('',#7840,.T.);
#8426=FACE_BOUND('',#7841,.T.);
#8427=FACE_BOUND('',#7842,.T.);
#8428=FACE_BOUND('',#7843,.T.);
#8429=FACE_BOUND('',#7844,.T.);
#8430=FACE_BOUND('',#7845,.T.);
#8431=FACE_BOUND('',#7846,.T.);
#8432=FACE_BOUND('',#7847,.T.);
#8433=FACE_BOUND('',#7848,.T.);
#8434=FACE_BOUND('',#7849,.T.);
#8435=FACE_BOUND('',#7850,.T.);
#8436=FACE_BOUND('',#7851,.T.);
#8437=FACE_BOUND('',#7852,.T.);
#8438=FACE_BOUND('',#7853,.T.);
#8439=FACE_BOUND('',#7854,.T.);
#8440=FACE_BOUND('',#7855,.T.);
#8441=FACE_BOUND('',#7856,.T.);
#8442=FACE_BOUND('',#7857,.T.);
#8443=FACE_BOUND('',#7858,.T.);
#8444=FACE_BOUND('',#7859,.T.);
#8445=FACE_BOUND('',#7860,.T.);
#8446=FACE_BOUND('',#7861,.T.);
#8447=FACE_BOUND('',#7862,.T.);
#8448=FACE_BOUND('',#7863,.T.);
#8449=FACE_BOUND('',#7864,.T.);
#8450=FACE_BOUND('',#7865,.T.);
#8451=FACE_BOUND('',#7866,.T.);
#8452=FACE_BOUND('',#7867,.T.);
#8453=FACE_BOUND('',#7868,.T.);
#8454=FACE_BOUND('',#7869,.T.);
#8455=FACE_BOUND('',#7870,.T.);
#8456=FACE_BOUND('',#7871,.T.);
#8457=FACE_BOUND('',#7872,.T.);
#8458=FACE_BOUND('',#7873,.T.);
#8459=FACE_BOUND('',#7874,.T.);
#8460=FACE_BOUND('',#7875,.T.);
#8461=FACE_BOUND('',#7876,.T.);
#8462=FACE_BOUND('',#7877,.T.);
#8463=FACE_BOUND('',#7878,.T.);
#8464=FACE_BOUND('',#7879,.T.);
#8465=FACE_BOUND('',#7880,.T.);
#8466=FACE_BOUND('',#7881,.T.);
#8467=FACE_BOUND('',#7882,.T.);
#8468=FACE_BOUND('',#7883,.T.);
#8469=FACE_BOUND('',#7884,.T.);
#8470=FACE_BOUND('',#7885,.T.);
#8471=FACE_BOUND('',#7886,.T.);
#8472=FACE_BOUND('',#7887,.T.);
#8473=FACE_BOUND('',#7888,.T.);
#8474=FACE_BOUND('',#7889,.T.);
#8475=FACE_BOUND('',#7890,.T.);
#8476=FACE_BOUND('',#7891,.T.);
#8477=FACE_BOUND('',#7892,.T.);
#8478=FACE_BOUND('',#7893,.T.);
#8479=FACE_BOUND('',#7894,.T.);
#8480=FACE_BOUND('',#7895,.T.);
#8481=FACE_BOUND('',#7896,.T.);
#8482=FACE_BOUND('',#7897,.T.);
#8483=FACE_BOUND('',#7898,.T.);
#8484=FACE_BOUND('',#7899,.T.);
#8485=FACE_BOUND('',#7900,.T.);
#8486=FACE_BOUND('',#7901,.T.);
#8487=FACE_BOUND('',#7902,.T.);
#8488=FACE_BOUND('',#7903,.T.);
#8489=FACE_BOUND('',#7904,.T.);
#8490=FACE_BOUND('',#7905,.T.);
#8491=FACE_BOUND('',#7906,.T.);
#8492=FACE_BOUND('',#7907,.T.);
#8493=FACE_BOUND('',#7908,.T.);
#8494=FACE_BOUND('',#7909,.T.);
#8495=FACE_BOUND('',#7910,.T.);
#8496=FACE_BOUND('',#7911,.T.);
#8497=FACE_BOUND('',#7912,.T.);
#8498=FACE_BOUND('',#7913,.T.);
#8499=FACE_BOUND('',#7914,.T.);
#8500=FACE_BOUND('',#7915,.T.);
#8501=FACE_BOUND('',#7916,.T.);
#8502=FACE_BOUND('',#7917,.T.);
#8503=FACE_BOUND('',#7918,.T.);
#8504=FACE_BOUND('',#7919,.T.);
#8505=FACE_BOUND('',#7920,.T.);
#8506=FACE_BOUND('',#7921,.T.);
#8507=FACE_BOUND('',#7922,.T.);
#8508=FACE_BOUND('',#7923,.T.);
#8509=FACE_BOUND('',#7924,.T.);
#8510=FACE_BOUND('',#7925,.T.);
#8511=FACE_BOUND('',#7926,.T.);
#8512=FACE_BOUND('',#7927,.T.);
#8513=FACE_BOUND('',#7928,.T.);
#8514=FACE_BOUND('',#7929,.T.);
#8515=FACE_BOUND('',#7930,.T.);
#8516=FACE_BOUND('',#7931,.T.);
#8517=FACE_BOUND('',#7932,.T.);
#8518=FACE_BOUND('',#7933,.T.);
#8519=FACE_BOUND('',#7934,.T.);
#8520=FACE_BOUND('',#7935,.T.);
#8521=FACE_BOUND('',#7936,.T.);
#8522=FACE_BOUND('',#7937,.T.);
#8523=FACE_BOUND('',#7938,.T.);
#8524=FACE_BOUND('',#7939,.T.);
#8525=FACE_BOUND('',#7940,.T.);
#8526=FACE_BOUND('',#7941,.T.);
#8527=FACE_BOUND('',#7942,.T.);
#8528=FACE_BOUND('',#7943,.T.);
#8529=FACE_BOUND('',#7944,.T.);
#8530=FACE_BOUND('',#7945,.T.);
#8531=FACE_BOUND('',#7946,.T.);
#8532=FACE_BOUND('',#7947,.T.);
#8533=FACE_BOUND('',#7948,.T.);
#8534=FACE_BOUND('',#7949,.T.);
#8535=FACE_BOUND('',#7950,.T.);
#8536=FACE_BOUND('',#7951,.T.);
#8537=FACE_BOUND('',#7952,.T.);
#8538=FACE_BOUND('',#7953,.T.);
#8539=FACE_BOUND('',#7954,.T.);
#8540=FACE_BOUND('',#7955,.T.);
#8541=FACE_BOUND('',#7956,.T.);
#8542=FACE_BOUND('',#7957,.T.);
#8543=FACE_BOUND('',#7958,.T.);
#8544=FACE_BOUND('',#7959,.T.);
#8545=FACE_BOUND('',#7960,.T.);
#8546=FACE_BOUND('',#7961,.T.);
#8547=FACE_BOUND('',#7962,.T.);
#8548=FACE_BOUND('',#7963,.T.);
#8549=FACE_BOUND('',#7964,.T.);
#8550=FACE_BOUND('',#7965,.T.);
#8551=FACE_BOUND('',#7966,.T.);
#8552=FACE_BOUND('',#7967,.T.);
#8553=FACE_BOUND('',#7968,.T.);
#8554=FACE_BOUND('',#7969,.T.);
#8555=FACE_BOUND('',#7970,.T.);
#8556=FACE_BOUND('',#7971,.T.);
#8557=FACE_BOUND('',#7972,.T.);
#8558=FACE_BOUND('',#7973,.T.);
#8559=FACE_BOUND('',#7974,.T.);
#8560=FACE_BOUND('',#7975,.T.);
#8561=FACE_BOUND('',#7976,.T.);
#8562=FACE_BOUND('',#7977,.T.);
#8563=FACE_BOUND('',#7978,.T.);
#8564=FACE_BOUND('',#7979,.T.);
#8565=FACE_BOUND('',#7980,.T.);
#8566=FACE_BOUND('',#7981,.T.);
#8567=FACE_BOUND('',#7982,.T.);
#8568=FACE_BOUND('',#7983,.T.);
#8569=FACE_BOUND('',#7984,.T.);
#8570=FACE_BOUND('',#7985,.T.);
#8571=FACE_BOUND('',#7986,.T.);
#8572=FACE_BOUND('',#7987,.T.);
#8573=FACE_BOUND('',#7988,.T.);
#8574=FACE_BOUND('',#7989,.T.);
#8575=FACE_BOUND('',#7990,.T.);
#8576=FACE_BOUND('',#7991,.T.);
#8577=FACE_BOUND('',#7992,.T.);
#8578=FACE_BOUND('',#7993,.T.);
#8579=FACE_BOUND('',#7994,.T.);
#8580=FACE_BOUND('',#7995,.T.);
#8581=FACE_BOUND('',#7996,.T.);
#8582=FACE_BOUND('',#7997,.T.);
#8583=FACE_BOUND('',#7998,.T.);
#8584=FACE_BOUND('',#7999,.T.);
#8585=FACE_BOUND('',#8000,.T.);
#8586=FACE_BOUND('',#8001,.T.);
#8587=FACE_BOUND('',#8002,.T.);
#8588=FACE_BOUND('',#8003,.T.);
#8589=FACE_BOUND('',#8004,.T.);
#8590=FACE_BOUND('',#8005,.T.);
#8591=FACE_BOUND('',#8006,.T.);
#8592=FACE_BOUND('',#8007,.T.);
#8593=FACE_BOUND('',#8008,.T.);
#8594=FACE_BOUND('',#8009,.T.);
#8595=FACE_BOUND('',#8010,.T.);
#8596=FACE_BOUND('',#8011,.T.);
#8597=FACE_BOUND('',#8012,.T.);
#8598=FACE_BOUND('',#8013,.T.);
#8599=FACE_BOUND('',#8014,.T.);
#8600=FACE_BOUND('',#8015,.T.);
#8601=FACE_BOUND('',#8016,.T.);
#8602=FACE_BOUND('',#8017,.T.);
#8603=FACE_BOUND('',#8018,.T.);
#8604=FACE_BOUND('',#8019,.T.);
#8605=FACE_BOUND('',#8020,.T.);
#8606=FACE_BOUND('',#8021,.T.);
#8607=FACE_BOUND('',#8022,.T.);
#8608=FACE_BOUND('',#8023,.T.);
#8609=FACE_BOUND('',#8024,.T.);
#8610=FACE_BOUND('',#8025,.T.);
#8611=FACE_BOUND('',#8026,.T.);
#8612=FACE_BOUND('',#8027,.T.);
#8613=FACE_BOUND('',#8028,.T.);
#8614=FACE_BOUND('',#8029,.T.);
#8615=FACE_BOUND('',#8030,.T.);
#8616=FACE_BOUND('',#8031,.T.);
#8617=FACE_BOUND('',#8032,.T.);
#8618=FACE_BOUND('',#8033,.T.);
#8619=FACE_BOUND('',#8034,.T.);
#8620=FACE_BOUND('',#8035,.T.);
#8621=FACE_BOUND('',#8036,.T.);
#8622=FACE_BOUND('',#8037,.T.);
#8623=FACE_BOUND('',#8038,.T.);
#8624=FACE_BOUND('',#8039,.T.);
#8625=FACE_BOUND('',#8040,.T.);
#8626=FACE_BOUND('',#8041,.T.);
#8627=FACE_BOUND('',#8042,.T.);
#8628=FACE_BOUND('',#8043,.T.);
#8629=FACE_BOUND('',#8044,.T.);
#8630=FACE_BOUND('',#8045,.T.);
#8631=FACE_BOUND('',#8046,.T.);
#8632=FACE_BOUND('',#8047,.T.);
#8633=FACE_BOUND('',#8048,.T.);
#8634=FACE_BOUND('',#8049,.T.);
#8635=FACE_BOUND('',#8050,.T.);
#8636=FACE_BOUND('',#8051,.T.);
#8637=FACE_BOUND('',#8052,.T.);
#8638=FACE_BOUND('',#8053,.T.);
#8639=FACE_BOUND('',#8054,.T.);
#8640=FACE_BOUND('',#8055,.T.);
#8641=FACE_BOUND('',#8056,.T.);
#8642=FACE_BOUND('',#8057,.T.);
#8643=FACE_BOUND('',#8058,.T.);
#8644=FACE_BOUND('',#8059,.T.);
#8645=FACE_BOUND('',#8060,.T.);
#8646=FACE_BOUND('',#8061,.T.);
#8647=FACE_BOUND('',#8062,.T.);
#8648=FACE_BOUND('',#8063,.T.);
#8649=FACE_BOUND('',#8064,.T.);
#8650=FACE_BOUND('',#8065,.T.);
#8651=FACE_BOUND('',#8066,.T.);
#8652=FACE_BOUND('',#8067,.T.);
#8653=FACE_BOUND('',#8068,.T.);
#8654=FACE_BOUND('',#8069,.T.);
#8655=FACE_BOUND('',#8070,.T.);
#8656=FACE_BOUND('',#8071,.T.);
#8657=FACE_BOUND('',#8072,.T.);
#8658=FACE_BOUND('',#8073,.T.);
#8659=FACE_BOUND('',#8074,.T.);
#8660=FACE_BOUND('',#8075,.T.);
#8661=FACE_BOUND('',#8076,.T.);
#8662=FACE_BOUND('',#8077,.T.);
#8663=FACE_BOUND('',#8078,.T.);
#8664=FACE_BOUND('',#8079,.T.);
#8665=FACE_BOUND('',#8080,.T.);
#8666=FACE_BOUND('',#8081,.T.);
#8667=FACE_BOUND('',#8082,.T.);
#8668=FACE_BOUND('',#8083,.T.);
#8669=FACE_BOUND('',#8084,.T.);
#8670=FACE_BOUND('',#8085,.T.);
#8671=FACE_BOUND('',#8086,.T.);
#8672=FACE_BOUND('',#8087,.T.);
#8673=FACE_BOUND('',#8088,.T.);
#8674=FACE_BOUND('',#8089,.T.);
#8675=FACE_BOUND('',#8090,.T.);
#8676=FACE_BOUND('',#8091,.T.);
#8677=FACE_BOUND('',#8092,.T.);
#8678=FACE_BOUND('',#8093,.T.);
#8679=FACE_BOUND('',#8094,.T.);
#8680=FACE_BOUND('',#8095,.T.);
#8681=FACE_BOUND('',#8096,.T.);
#8682=FACE_BOUND('',#8097,.T.);
#8683=FACE_BOUND('',#8098,.T.);
#8684=FACE_BOUND('',#8099,.T.);
#8685=FACE_BOUND('',#8100,.T.);
#8686=FACE_BOUND('',#8101,.T.);
#8687=FACE_BOUND('',#8102,.T.);
#8688=FACE_BOUND('',#8103,.T.);
#8689=FACE_BOUND('',#8104,.T.);
#8690=FACE_BOUND('',#8105,.T.);
#8691=FACE_BOUND('',#8106,.T.);
#8692=FACE_BOUND('',#8107,.T.);
#8693=FACE_BOUND('',#8108,.T.);
#8694=FACE_BOUND('',#8109,.T.);
#8695=FACE_BOUND('',#8110,.T.);
#8696=FACE_BOUND('',#8111,.T.);
#8697=FACE_BOUND('',#8112,.T.);
#8698=FACE_BOUND('',#8113,.T.);
#8699=FACE_BOUND('',#8114,.T.);
#8700=FACE_BOUND('',#8115,.T.);
#8701=FACE_BOUND('',#8116,.T.);
#8702=FACE_BOUND('',#8117,.T.);
#8703=FACE_BOUND('',#8118,.T.);
#8704=FACE_BOUND('',#8119,.T.);
#8705=FACE_BOUND('',#8120,.T.);
#8706=FACE_BOUND('',#8121,.T.);
#8707=FACE_BOUND('',#8122,.T.);
#8708=FACE_BOUND('',#8123,.T.);
#8709=FACE_BOUND('',#8124,.T.);
#8710=FACE_BOUND('',#8125,.T.);
#8711=FACE_BOUND('',#8126,.T.);
#8712=FACE_BOUND('',#8127,.T.);
#8713=FACE_BOUND('',#8128,.T.);
#8714=FACE_BOUND('',#8129,.T.);
#8715=FACE_BOUND('',#8130,.T.);
#8716=FACE_BOUND('',#8131,.T.);
#8717=FACE_BOUND('',#8132,.T.);
#8718=FACE_BOUND('',#8133,.T.);
#8719=FACE_BOUND('',#8134,.T.);
#8720=FACE_BOUND('',#8135,.T.);
#8721=FACE_BOUND('',#8136,.T.);
#8722=FACE_BOUND('',#8137,.T.);
#8723=FACE_BOUND('',#8138,.T.);
#8724=FACE_BOUND('',#8139,.T.);
#8725=FACE_BOUND('',#8140,.T.);
#8726=FACE_BOUND('',#8141,.T.);
#8727=FACE_BOUND('',#8142,.T.);
#8728=FACE_BOUND('',#8143,.T.);
#8729=FACE_BOUND('',#8144,.T.);
#8730=FACE_BOUND('',#8145,.T.);
#8731=FACE_BOUND('',#8146,.T.);
#8732=FACE_BOUND('',#8147,.T.);
#8733=FACE_BOUND('',#8148,.T.);
#8734=FACE_BOUND('',#8149,.T.);
#8735=FACE_BOUND('',#8150,.T.);
#8736=FACE_BOUND('',#8151,.T.);
#8737=FACE_BOUND('',#8152,.T.);
#8738=FACE_BOUND('',#8153,.T.);
#8739=FACE_BOUND('',#8154,.T.);
#8740=FACE_BOUND('',#8155,.T.);
#8741=FACE_BOUND('',#8156,.T.);
#8742=FACE_BOUND('',#8157,.T.);
#8743=FACE_BOUND('',#8158,.T.);
#8744=FACE_BOUND('',#8159,.T.);
#8745=FACE_BOUND('',#8160,.T.);
#8746=FACE_BOUND('',#8161,.T.);
#8747=FACE_BOUND('',#8162,.T.);
#8748=FACE_BOUND('',#8163,.T.);
#8749=FACE_BOUND('',#8164,.T.);
#8750=FACE_BOUND('',#8165,.T.);
#8751=FACE_BOUND('',#8166,.T.);
#8752=FACE_BOUND('',#8167,.T.);
#8753=FACE_BOUND('',#8168,.T.);
#8754=FACE_BOUND('',#8169,.T.);
#8755=FACE_BOUND('',#8170,.T.);
#8756=FACE_BOUND('',#8171,.T.);
#8757=FACE_BOUND('',#8172,.T.);
#8758=FACE_BOUND('',#8173,.T.);
#8759=FACE_BOUND('',#8174,.T.);
#8760=FACE_BOUND('',#8175,.T.);
#8761=FACE_BOUND('',#8176,.T.);
#8762=FACE_BOUND('',#8177,.T.);
#8763=FACE_BOUND('',#8178,.T.);
#8764=FACE_BOUND('',#8179,.T.);
#8765=FACE_BOUND('',#8180,.T.);
#8766=FACE_BOUND('',#8181,.T.);
#8767=FACE_BOUND('',#8182,.T.);
#8768=FACE_BOUND('',#8183,.T.);
#8769=FACE_BOUND('',#8184,.T.);
#8770=FACE_BOUND('',#8185,.T.);
#8771=FACE_BOUND('',#8186,.T.);
#8772=FACE_BOUND('',#8187,.T.);
#8773=FACE_BOUND('',#8188,.T.);
#8774=FACE_BOUND('',#8189,.T.);
#8775=FACE_BOUND('',#8190,.T.);
#8776=FACE_BOUND('',#8191,.T.);
#8777=FACE_BOUND('',#8192,.T.);
#8778=FACE_BOUND('',#8193,.T.);
#8779=FACE_BOUND('',#8194,.T.);
#8780=FACE_BOUND('',#8195,.T.);
#8781=FACE_BOUND('',#8196,.T.);
#8782=FACE_BOUND('',#8197,.T.);
#8783=FACE_BOUND('',#8198,.T.);
#8784=FACE_BOUND('',#8199,.T.);
#8785=FACE_BOUND('',#8200,.T.);
#8786=FACE_BOUND('',#8201,.T.);
#8787=FACE_BOUND('',#8202,.T.);
#8788=FACE_BOUND('',#8203,.T.);
#8789=FACE_BOUND('',#8204,.T.);
#8790=FACE_BOUND('',#8205,.T.);
#8791=FACE_BOUND('',#8206,.T.);
#8792=FACE_BOUND('',#8207,.T.);
#8793=FACE_BOUND('',#8208,.T.);
#8794=FACE_BOUND('',#8209,.T.);
#8795=FACE_BOUND('',#8210,.T.);
#8796=FACE_BOUND('',#8211,.T.);
#8797=FACE_BOUND('',#8212,.T.);
#8798=FACE_BOUND('',#8213,.T.);
#8799=FACE_BOUND('',#8214,.T.);
#8800=FACE_BOUND('',#8215,.T.);
#8801=FACE_BOUND('',#8216,.T.);
#8802=FACE_BOUND('',#8217,.T.);
#8803=FACE_BOUND('',#8218,.T.);
#8804=FACE_BOUND('',#8219,.T.);
#8805=FACE_BOUND('',#8220,.T.);
#8806=FACE_BOUND('',#8221,.T.);
#8807=FACE_BOUND('',#8222,.T.);
#8808=FACE_BOUND('',#8223,.T.);
#8809=FACE_BOUND('',#8224,.T.);
#8810=PLANE('',#9724);
#8811=PLANE('',#9725);
#8812=PLANE('',#9746);
#8813=PLANE('',#9755);
#8814=PLANE('',#9758);
#8815=PLANE('',#9763);
#8816=PLANE('',#9764);
#8817=PLANE('',#9766);
#8818=PLANE('',#9767);
#8819=PLANE('',#9774);
#8820=PLANE('',#9775);
#8821=PLANE('',#9776);
#8822=PLANE('',#9777);
#8823=PLANE('',#9785);
#8824=PLANE('',#9787);
#8825=PLANE('',#9795);
#8826=PLANE('',#9801);
#8827=PLANE('',#9802);
#8828=PLANE('',#9805);
#8829=PLANE('',#9818);
#8830=PLANE('',#9819);
#8831=PLANE('',#9820);
#8832=PLANE('',#9821);
#8833=PLANE('',#9822);
#8834=PLANE('',#9823);
#8835=PLANE('',#9824);
#8836=PLANE('',#9825);
#8837=PLANE('',#9826);
#8838=PLANE('',#9827);
#8839=PLANE('',#9828);
#8840=PLANE('',#9829);
#8841=PLANE('',#9830);
#8842=PLANE('',#9831);
#8843=PLANE('',#9832);
#8844=PLANE('',#9833);
#8845=PLANE('',#9860);
#8846=PLANE('',#9861);
#8847=PLANE('',#9862);
#8848=PLANE('',#9863);
#8849=PLANE('',#9875);
#8850=PLANE('',#9878);
#8851=PLANE('',#9880);
#8852=PLANE('',#9883);
#8853=PLANE('',#9886);
#8854=PLANE('',#9890);
#8855=PLANE('',#9892);
#8856=PLANE('',#9893);
#8857=PLANE('',#9894);
#8858=PLANE('',#9895);
#8859=PLANE('',#9896);
#8860=PLANE('',#9926);
#8861=PLANE('',#9930);
#8862=PLANE('',#9934);
#8863=PLANE('',#9937);
#8864=PLANE('',#9938);
#8865=PLANE('',#9939);
#8866=PLANE('',#9940);
#8867=PLANE('',#9941);
#8868=PLANE('',#9942);
#8869=PLANE('',#9943);
#8870=PLANE('',#9944);
#8871=PLANE('',#9965);
#8872=PLANE('',#9972);
#8873=PLANE('',#9973);
#8874=PLANE('',#9974);
#8875=PLANE('',#9994);
#8876=PLANE('',#9997);
#8877=PLANE('',#10000);
#8878=PLANE('',#10001);
#8879=PLANE('',#10002);
#8880=PLANE('',#10008);
#8881=PLANE('',#10010);
#8882=PLANE('',#10011);
#8883=PLANE('',#10013);
#8884=PLANE('',#10015);
#8885=PLANE('',#10016);
#8886=PLANE('',#10017);
#8887=PLANE('',#10018);
#8888=PLANE('',#10019);
#8889=PLANE('',#10020);
#8890=PLANE('',#10021);
#8891=PLANE('',#10022);
#8892=PLANE('',#10023);
#8893=PLANE('',#10024);
#8894=PLANE('',#10025);
#8895=PLANE('',#10026);
#8896=PLANE('',#10027);
#8897=PLANE('',#10028);
#8898=PLANE('',#10029);
#8899=PLANE('',#10030);
#8900=PLANE('',#10031);
#8901=PLANE('',#10088);
#8902=PLANE('',#10089);
#8903=PLANE('',#10092);
#8904=PLANE('',#10095);
#8905=PLANE('',#10096);
#8906=PLANE('',#10097);
#8907=PLANE('',#10098);
#8908=PLANE('',#10099);
#8909=PLANE('',#10100);
#8910=PLANE('',#10103);
#8911=PLANE('',#10108);
#8912=PLANE('',#10109);
#8913=PLANE('',#10110);
#8914=PLANE('',#10111);
#8915=PLANE('',#10137);
#8916=PLANE('',#10162);
#8917=PLANE('',#10163);
#8918=PLANE('',#10164);
#8919=PLANE('',#10179);
#8920=PLANE('',#10182);
#8921=PLANE('',#10185);
#8922=PLANE('',#10188);
#8923=PLANE('',#10189);
#8924=PLANE('',#10190);
#8925=PLANE('',#10191);
#8926=PLANE('',#10192);
#8927=PLANE('',#10194);
#8928=PLANE('',#10195);
#8929=PLANE('',#10196);
#8930=PLANE('',#10197);
#8931=PLANE('',#10198);
#8932=PLANE('',#10199);
#8933=PLANE('',#10200);
#8934=PLANE('',#10201);
#8935=PLANE('',#10202);
#8936=PLANE('',#10203);
#8937=PLANE('',#10204);
#8938=PLANE('',#10205);
#8939=PLANE('',#10206);
#8940=PLANE('',#10207);
#8941=PLANE('',#10208);
#8942=PLANE('',#10209);
#8943=PLANE('',#10210);
#8944=PLANE('',#10211);
#8945=PLANE('',#10212);
#8946=PLANE('',#10213);
#8947=PLANE('',#10214);
#8948=PLANE('',#10215);
#8949=PLANE('',#10216);
#8950=PLANE('',#10217);
#8951=PLANE('',#10218);
#8952=PLANE('',#10219);
#8953=PLANE('',#10220);
#8954=PLANE('',#10221);
#8955=PLANE('',#10222);
#8956=PLANE('',#10223);
#8957=PLANE('',#10224);
#8958=PLANE('',#10225);
#8959=PLANE('',#10226);
#8960=PLANE('',#10227);
#8961=PLANE('',#10228);
#8962=PLANE('',#10229);
#8963=PLANE('',#10230);
#8964=PLANE('',#10231);
#8965=PLANE('',#10232);
#8966=PLANE('',#10233);
#8967=PLANE('',#10234);
#8968=PLANE('',#10235);
#8969=PLANE('',#10236);
#8970=PLANE('',#10237);
#8971=PLANE('',#10238);
#8972=PLANE('',#10239);
#8973=PLANE('',#10240);
#8974=PLANE('',#10241);
#8975=PLANE('',#10242);
#8976=PLANE('',#10243);
#8977=PLANE('',#10244);
#8978=PLANE('',#10245);
#8979=PLANE('',#10246);
#8980=PLANE('',#10247);
#8981=PLANE('',#10248);
#8982=PLANE('',#10249);
#8983=PLANE('',#10250);
#8984=PLANE('',#10252);
#8985=PLANE('',#10253);
#8986=PLANE('',#10255);
#8987=PLANE('',#10256);
#8988=PLANE('',#10257);
#8989=PLANE('',#10258);
#8990=PLANE('',#10259);
#8991=PLANE('',#10260);
#8992=PLANE('',#10261);
#8993=PLANE('',#10262);
#8994=PLANE('',#10264);
#8995=PLANE('',#10265);
#8996=PLANE('',#10266);
#8997=PLANE('',#10267);
#8998=PLANE('',#10268);
#8999=PLANE('',#10269);
#9000=PLANE('',#10270);
#9001=PLANE('',#10271);
#9002=PLANE('',#10272);
#9003=PLANE('',#10273);
#9004=PLANE('',#10274);
#9005=PLANE('',#10275);
#9006=PLANE('',#10276);
#9007=PLANE('',#10277);
#9008=PLANE('',#10278);
#9009=PLANE('',#10279);
#9010=PLANE('',#10280);
#9011=PLANE('',#10281);
#9012=PLANE('',#10282);
#9013=PLANE('',#10283);
#9014=PLANE('',#10284);
#9015=PLANE('',#10285);
#9016=PLANE('',#10286);
#9017=PLANE('',#10287);
#9018=PLANE('',#10288);
#9019=PLANE('',#10289);
#9020=PLANE('',#10290);
#9021=PLANE('',#10291);
#9022=PLANE('',#10292);
#9023=PLANE('',#10293);
#9024=PLANE('',#10294);
#9025=PLANE('',#10295);
#9026=PLANE('',#10296);
#9027=PLANE('',#10297);
#9028=PLANE('',#10298);
#9029=PLANE('',#10299);
#9030=PLANE('',#10300);
#9031=PLANE('',#10301);
#9032=PLANE('',#10302);
#9033=PLANE('',#10303);
#9034=PLANE('',#10304);
#9035=PLANE('',#10305);
#9036=PLANE('',#10306);
#9037=PLANE('',#10307);
#9038=PLANE('',#10308);
#9039=PLANE('',#10309);
#9040=PLANE('',#10310);
#9041=PLANE('',#10311);
#9042=PLANE('',#10312);
#9043=PLANE('',#10313);
#9044=PLANE('',#10314);
#9045=PLANE('',#10315);
#9046=PLANE('',#10316);
#9047=PLANE('',#10317);
#9048=PLANE('',#10318);
#9049=PLANE('',#10319);
#9050=PLANE('',#10321);
#9051=PLANE('',#10322);
#9052=PLANE('',#10324);
#9053=PLANE('',#10325);
#9054=PLANE('',#10326);
#9055=PLANE('',#10327);
#9056=PLANE('',#10328);
#9057=PLANE('',#10329);
#9058=PLANE('',#10330);
#9059=PLANE('',#10331);
#9060=PLANE('',#10333);
#9061=PLANE('',#10334);
#9062=PLANE('',#10335);
#9063=PLANE('',#10336);
#9064=PLANE('',#10337);
#9065=PLANE('',#10338);
#9066=PLANE('',#10339);
#9067=PLANE('',#10340);
#9068=PLANE('',#10341);
#9069=PLANE('',#10342);
#9070=PLANE('',#10343);
#9071=PLANE('',#10344);
#9072=PLANE('',#10345);
#9073=PLANE('',#10346);
#9074=PLANE('',#10347);
#9075=PLANE('',#10348);
#9076=PLANE('',#10349);
#9077=PLANE('',#10350);
#9078=PLANE('',#10351);
#9079=PLANE('',#10352);
#9080=PLANE('',#10353);
#9081=PLANE('',#10354);
#9082=PLANE('',#10355);
#9083=PLANE('',#10356);
#9084=PLANE('',#10357);
#9085=PLANE('',#10358);
#9086=PLANE('',#10359);
#9087=PLANE('',#10360);
#9088=PLANE('',#10361);
#9089=PLANE('',#10362);
#9090=PLANE('',#10363);
#9091=PLANE('',#10364);
#9092=PLANE('',#10365);
#9093=PLANE('',#10366);
#9094=PLANE('',#10367);
#9095=PLANE('',#10368);
#9096=PLANE('',#10369);
#9097=PLANE('',#10370);
#9098=PLANE('',#10371);
#9099=PLANE('',#10372);
#9100=PLANE('',#10373);
#9101=PLANE('',#10375);
#9102=PLANE('',#10376);
#9103=PLANE('',#10378);
#9104=PLANE('',#10379);
#9105=PLANE('',#10380);
#9106=PLANE('',#10381);
#9107=PLANE('',#10382);
#9108=PLANE('',#10383);
#9109=PLANE('',#10384);
#9110=PLANE('',#10385);
#9111=PLANE('',#10387);
#9112=PLANE('',#10388);
#9113=PLANE('',#10389);
#9114=PLANE('',#10390);
#9115=PLANE('',#10391);
#9116=PLANE('',#10392);
#9117=PLANE('',#10393);
#9118=PLANE('',#10394);
#9119=PLANE('',#10395);
#9120=PLANE('',#10396);
#9121=PLANE('',#10397);
#9122=PLANE('',#10398);
#9123=PLANE('',#10399);
#9124=PLANE('',#10400);
#9125=PLANE('',#10401);
#9126=PLANE('',#10402);
#9127=PLANE('',#10403);
#9128=PLANE('',#10404);
#9129=PLANE('',#10405);
#9130=PLANE('',#10406);
#9131=PLANE('',#10407);
#9132=PLANE('',#10408);
#9133=PLANE('',#10409);
#9134=PLANE('',#10410);
#9135=PLANE('',#10411);
#9136=PLANE('',#10412);
#9137=PLANE('',#10413);
#9138=PLANE('',#10414);
#9139=PLANE('',#10415);
#9140=PLANE('',#10416);
#9141=PLANE('',#10417);
#9142=PLANE('',#10418);
#9143=PLANE('',#10419);
#9144=PLANE('',#10420);
#9145=PLANE('',#10421);
#9146=PLANE('',#10422);
#9147=PLANE('',#10424);
#9148=PLANE('',#10425);
#9149=PLANE('',#10427);
#9150=PLANE('',#10428);
#9151=PLANE('',#10429);
#9152=PLANE('',#10430);
#9153=PLANE('',#10431);
#9154=PLANE('',#10432);
#9155=PLANE('',#10433);
#9156=PLANE('',#10434);
#9157=PLANE('',#10436);
#9158=PLANE('',#10437);
#9159=PLANE('',#10438);
#9160=PLANE('',#10439);
#9161=PLANE('',#10440);
#9162=PLANE('',#10441);
#9163=PLANE('',#10442);
#9164=PLANE('',#10443);
#9165=PLANE('',#10444);
#9166=PLANE('',#10445);
#9167=PLANE('',#10446);
#9168=PLANE('',#10447);
#9169=PLANE('',#10448);
#9170=PLANE('',#10449);
#9171=PLANE('',#10450);
#9172=PLANE('',#10451);
#9173=PLANE('',#10452);
#9174=PLANE('',#10453);
#9175=PLANE('',#10454);
#9176=PLANE('',#10455);
#9177=PLANE('',#10456);
#9178=PLANE('',#10457);
#9179=PLANE('',#10458);
#9180=PLANE('',#10459);
#9181=PLANE('',#10460);
#9182=PLANE('',#10461);
#9183=PLANE('',#10462);
#9184=PLANE('',#10463);
#9185=PLANE('',#10464);
#9186=PLANE('',#10465);
#9187=PLANE('',#10466);
#9188=PLANE('',#10467);
#9189=PLANE('',#10468);
#9190=PLANE('',#10469);
#9191=ADVANCED_FACE('',(#8225),#8810,.F.);
#9192=ADVANCED_FACE('',(#8226,#8227,#8228,#8229,#8230),#8811,.T.);
#9193=ADVANCED_FACE('',(#8231),#8812,.T.);
#9194=ADVANCED_FACE('',(#8232),#64,.T.);
#9195=ADVANCED_FACE('',(#8233),#65,.F.);
#9196=ADVANCED_FACE('',(#8234),#66,.T.);
#9197=ADVANCED_FACE('',(#8235),#8813,.T.);
#9198=ADVANCED_FACE('',(#8236),#67,.F.);
#9199=ADVANCED_FACE('',(#8237),#8814,.T.);
#9200=ADVANCED_FACE('',(#8238),#68,.F.);
#9201=ADVANCED_FACE('',(#8239),#8815,.F.);
#9202=ADVANCED_FACE('',(#8240,#8241),#8816,.T.);
#9203=ADVANCED_FACE('',(#8242),#8817,.T.);
#9204=ADVANCED_FACE('',(#8243,#8244,#8245,#8246,#8247,#8248),#8818,.T.);
#9205=ADVANCED_FACE('',(#8249),#8819,.F.);
#9206=ADVANCED_FACE('',(#8250),#8820,.T.);
#9207=ADVANCED_FACE('',(#8251),#8821,.T.);
#9208=ADVANCED_FACE('',(#8252),#8822,.T.);
#9209=ADVANCED_FACE('',(#8253),#8823,.T.);
#9210=ADVANCED_FACE('',(#8254,#8255,#8256,#8257,#8258,#8259,#8260,#8261,#8262,#8263,#8264,#8265,#8266,#8267,#8268,#8269,#8270),#8824,.T.);
#9211=ADVANCED_FACE('',(#8271),#8825,.T.);
#9212=ADVANCED_FACE('',(#8272),#8826,.F.);
#9213=ADVANCED_FACE('',(#8273),#8827,.T.);
#9214=ADVANCED_FACE('',(#8274,#8275,#8276,#8277),#8828,.T.);
#9215=ADVANCED_FACE('',(#8278),#8829,.F.);
#9216=ADVANCED_FACE('',(#8279),#8830,.T.);
#9217=ADVANCED_FACE('',(#8280),#8831,.T.);
#9218=ADVANCED_FACE('',(#8281),#8832,.T.);
#9219=ADVANCED_FACE('',(#8282),#8833,.F.);
#9220=ADVANCED_FACE('',(#8283),#8834,.F.);
#9221=ADVANCED_FACE('',(#8284),#8835,.T.);
#9222=ADVANCED_FACE('',(#8285),#8836,.T.);
#9223=ADVANCED_FACE('',(#8286),#8837,.T.);
#9224=ADVANCED_FACE('',(#8287),#8838,.T.);
#9225=ADVANCED_FACE('',(#8288),#8839,.T.);
#9226=ADVANCED_FACE('',(#8289),#8840,.T.);
#9227=ADVANCED_FACE('',(#8290),#8841,.F.);
#9228=ADVANCED_FACE('',(#8291),#8842,.T.);
#9229=ADVANCED_FACE('',(#8292),#8843,.F.);
#9230=ADVANCED_FACE('',(#8293,#8294,#8295,#8296,#8297,#8298),#8844,.T.);
#9231=ADVANCED_FACE('',(#8299),#8845,.T.);
#9232=ADVANCED_FACE('',(#8300),#8846,.T.);
#9233=ADVANCED_FACE('',(#8301),#8847,.F.);
#9234=ADVANCED_FACE('',(#8302,#8303,#8304,#8305,#8306,#8307),#8848,.F.);
#9235=ADVANCED_FACE('',(#8308),#69,.F.);
#9236=ADVANCED_FACE('',(#8309),#8849,.F.);
#9237=ADVANCED_FACE('',(#8310),#70,.F.);
#9238=ADVANCED_FACE('',(#8311),#71,.T.);
#9239=ADVANCED_FACE('',(#8312),#8850,.T.);
#9240=ADVANCED_FACE('',(#8313),#72,.F.);
#9241=ADVANCED_FACE('',(#8314),#8851,.T.);
#9242=ADVANCED_FACE('',(#8315),#73,.F.);
#9243=ADVANCED_FACE('',(#8316),#74,.T.);
#9244=ADVANCED_FACE('',(#8317),#8852,.F.);
#9245=ADVANCED_FACE('',(#8318,#8319),#75,.F.);
#9246=ADVANCED_FACE('',(#8320),#8853,.T.);
#9247=ADVANCED_FACE('',(#8321,#8322),#76,.F.);
#9248=ADVANCED_FACE('',(#8323),#8854,.T.);
#9249=ADVANCED_FACE('',(#8324),#8855,.T.);
#9250=ADVANCED_FACE('',(#8325),#8856,.F.);
#9251=ADVANCED_FACE('',(#8326),#8857,.F.);
#9252=ADVANCED_FACE('',(#8327),#8858,.T.);
#9253=ADVANCED_FACE('',(#8328),#8859,.F.);
#9254=ADVANCED_FACE('',(#8329),#77,.F.);
#9255=ADVANCED_FACE('',(#8330),#78,.F.);
#9256=ADVANCED_FACE('',(#8331),#79,.F.);
#9257=ADVANCED_FACE('',(#8332),#80,.F.);
#9258=ADVANCED_FACE('',(#8333),#31,.F.);
#9259=ADVANCED_FACE('',(#8334),#81,.F.);
#9260=ADVANCED_FACE('',(#8335),#32,.F.);
#9261=ADVANCED_FACE('',(#8336),#82,.F.);
#9262=ADVANCED_FACE('',(#8337),#33,.F.);
#9263=ADVANCED_FACE('',(#8338),#83,.F.);
#9264=ADVANCED_FACE('',(#8339),#34,.F.);
#9265=ADVANCED_FACE('',(#8340),#84,.F.);
#9266=ADVANCED_FACE('',(#8341,#8342),#29,.F.);
#9267=ADVANCED_FACE('',(#8343,#8344),#30,.F.);
#9268=ADVANCED_FACE('',(#8345,#8346),#85,.F.);
#9269=ADVANCED_FACE('',(#8347),#8860,.T.);
#9270=ADVANCED_FACE('',(#8348,#8349),#86,.F.);
#9271=ADVANCED_FACE('',(#8350),#8861,.T.);
#9272=ADVANCED_FACE('',(#8351,#8352),#87,.F.);
#9273=ADVANCED_FACE('',(#8353),#8862,.T.);
#9274=ADVANCED_FACE('',(#8354,#8355),#88,.F.);
#9275=ADVANCED_FACE('',(#8356),#8863,.T.);
#9276=ADVANCED_FACE('',(#8357),#8864,.F.);
#9277=ADVANCED_FACE('',(#8358),#8865,.F.);
#9278=ADVANCED_FACE('',(#8359),#8866,.F.);
#9279=ADVANCED_FACE('',(#8360),#8867,.T.);
#9280=ADVANCED_FACE('',(#8361),#8868,.T.);
#9281=ADVANCED_FACE('',(#8362),#8869,.T.);
#9282=ADVANCED_FACE('',(#8363,#8364,#8365,#8366,#8367),#8870,.T.);
#9283=ADVANCED_FACE('',(#8368),#8871,.T.);
#9284=ADVANCED_FACE('',(#8369),#89,.F.);
#9285=ADVANCED_FACE('',(#8370),#90,.F.);
#9286=ADVANCED_FACE('',(#8371),#91,.T.);
#9287=ADVANCED_FACE('',(#8372),#92,.F.);
#9288=ADVANCED_FACE('',(#8373),#93,.F.);
#9289=ADVANCED_FACE('',(#8374),#94,.F.);
#9290=ADVANCED_FACE('',(#8375),#8872,.F.);
#9291=ADVANCED_FACE('',(#8376),#8873,.F.);
#9292=ADVANCED_FACE('',(#8377),#8874,.T.);
#9293=ADVANCED_FACE('',(#8378),#95,.F.);
#9294=ADVANCED_FACE('',(#8379),#96,.F.);
#9295=ADVANCED_FACE('',(#8380),#97,.F.);
#9296=ADVANCED_FACE('',(#8381),#15,.F.);
#9297=ADVANCED_FACE('',(#8382),#98,.F.);
#9298=ADVANCED_FACE('',(#8383),#16,.F.);
#9299=ADVANCED_FACE('',(#8384),#99,.F.);
#9300=ADVANCED_FACE('',(#8385,#8386),#100,.F.);
#9301=ADVANCED_FACE('',(#8387,#8388),#101,.F.);
#9302=ADVANCED_FACE('',(#8389,#8390),#102,.F.);
#9303=ADVANCED_FACE('',(#8391,#8392),#103,.F.);
#9304=ADVANCED_FACE('',(#8393,#8394),#104,.F.);
#9305=ADVANCED_FACE('',(#8395),#8875,.T.);
#9306=ADVANCED_FACE('',(#8396,#8397),#105,.F.);
#9307=ADVANCED_FACE('',(#8398),#8876,.T.);
#9308=ADVANCED_FACE('',(#8399,#8400),#106,.F.);
#9309=ADVANCED_FACE('',(#8401),#8877,.T.);
#9310=ADVANCED_FACE('',(#8402),#8878,.F.);
#9311=ADVANCED_FACE('',(#8403),#8879,.T.);
#9312=ADVANCED_FACE('',(#8404),#107,.F.);
#9313=ADVANCED_FACE('',(#8405),#8880,.F.);
#9314=ADVANCED_FACE('',(#8406),#108,.T.);
#9315=ADVANCED_FACE('',(#8407),#8881,.T.);
#9316=ADVANCED_FACE('',(#8408),#8882,.F.);
#9317=ADVANCED_FACE('',(#8409),#109,.F.);
#9318=ADVANCED_FACE('',(#8410),#8883,.T.);
#9319=ADVANCED_FACE('',(#8411),#110,.T.);
#9320=ADVANCED_FACE('',(#8412),#8884,.T.);
#9321=ADVANCED_FACE('',(#8413),#8885,.F.);
#9322=ADVANCED_FACE('',(#8414),#8886,.F.);
#9323=ADVANCED_FACE('',(#8415),#8887,.F.);
#9324=ADVANCED_FACE('',(#8416),#8888,.T.);
#9325=ADVANCED_FACE('',(#8417),#8889,.F.);
#9326=ADVANCED_FACE('',(#8418),#8890,.F.);
#9327=ADVANCED_FACE('',(#8419),#8891,.F.);
#9328=ADVANCED_FACE('',(#8420),#8892,.T.);
#9329=ADVANCED_FACE('',(#8421),#8893,.F.);
#9330=ADVANCED_FACE('',(#8422),#8894,.F.);
#9331=ADVANCED_FACE('',(#8423),#8895,.F.);
#9332=ADVANCED_FACE('',(#8424),#8896,.T.);
#9333=ADVANCED_FACE('',(#8425),#8897,.T.);
#9334=ADVANCED_FACE('',(#8426),#8898,.T.);
#9335=ADVANCED_FACE('',(#8427),#8899,.F.);
#9336=ADVANCED_FACE('',(#8428),#8900,.T.);
#9337=ADVANCED_FACE('',(#8429),#111,.F.);
#9338=ADVANCED_FACE('',(#8430),#112,.F.);
#9339=ADVANCED_FACE('',(#8431),#113,.F.);
#9340=ADVANCED_FACE('',(#8432),#114,.F.);
#9341=ADVANCED_FACE('',(#8433),#115,.F.);
#9342=ADVANCED_FACE('',(#8434),#116,.F.);
#9343=ADVANCED_FACE('',(#8435),#117,.F.);
#9344=ADVANCED_FACE('',(#8436),#118,.F.);
#9345=ADVANCED_FACE('',(#8437),#119,.F.);
#9346=ADVANCED_FACE('',(#8438),#17,.F.);
#9347=ADVANCED_FACE('',(#8439),#120,.F.);
#9348=ADVANCED_FACE('',(#8440),#18,.F.);
#9349=ADVANCED_FACE('',(#8441),#121,.F.);
#9350=ADVANCED_FACE('',(#8442),#122,.F.);
#9351=ADVANCED_FACE('',(#8443),#19,.F.);
#9352=ADVANCED_FACE('',(#8444),#123,.F.);
#9353=ADVANCED_FACE('',(#8445),#20,.F.);
#9354=ADVANCED_FACE('',(#8446),#124,.F.);
#9355=ADVANCED_FACE('',(#8447),#125,.F.);
#9356=ADVANCED_FACE('',(#8448),#21,.F.);
#9357=ADVANCED_FACE('',(#8449),#126,.F.);
#9358=ADVANCED_FACE('',(#8450),#22,.F.);
#9359=ADVANCED_FACE('',(#8451),#127,.F.);
#9360=ADVANCED_FACE('',(#8452),#128,.F.);
#9361=ADVANCED_FACE('',(#8453),#23,.F.);
#9362=ADVANCED_FACE('',(#8454),#129,.F.);
#9363=ADVANCED_FACE('',(#8455),#24,.F.);
#9364=ADVANCED_FACE('',(#8456),#130,.F.);
#9365=ADVANCED_FACE('',(#8457),#131,.F.);
#9366=ADVANCED_FACE('',(#8458),#132,.F.);
#9367=ADVANCED_FACE('',(#8459),#8901,.F.);
#9368=ADVANCED_FACE('',(#8460),#8902,.T.);
#9369=ADVANCED_FACE('',(#8461,#8462),#133,.F.);
#9370=ADVANCED_FACE('',(#8463),#8903,.T.);
#9371=ADVANCED_FACE('',(#8464,#8465),#134,.F.);
#9372=ADVANCED_FACE('',(#8466),#8904,.T.);
#9373=ADVANCED_FACE('',(#8467),#8905,.F.);
#9374=ADVANCED_FACE('',(#8468),#8906,.T.);
#9375=ADVANCED_FACE('',(#8469),#8907,.F.);
#9376=ADVANCED_FACE('',(#8470),#8908,.T.);
#9377=ADVANCED_FACE('',(#8471),#8909,.T.);
#9378=ADVANCED_FACE('',(#8472,#8473),#135,.F.);
#9379=ADVANCED_FACE('',(#8474),#8910,.T.);
#9380=ADVANCED_FACE('',(#8475),#8911,.F.);
#9381=ADVANCED_FACE('',(#8476),#8912,.F.);
#9382=ADVANCED_FACE('',(#8477),#8913,.F.);
#9383=ADVANCED_FACE('',(#8478),#8914,.F.);
#9384=ADVANCED_FACE('',(#8479),#136,.F.);
#9385=ADVANCED_FACE('',(#8480),#137,.F.);
#9386=ADVANCED_FACE('',(#8481),#138,.F.);
#9387=ADVANCED_FACE('',(#8482),#139,.F.);
#9388=ADVANCED_FACE('',(#8483),#140,.F.);
#9389=ADVANCED_FACE('',(#8484),#35,.F.);
#9390=ADVANCED_FACE('',(#8485),#36,.F.);
#9391=ADVANCED_FACE('',(#8486),#141,.F.);
#9392=ADVANCED_FACE('',(#8487),#142,.F.);
#9393=ADVANCED_FACE('',(#8488),#37,.F.);
#9394=ADVANCED_FACE('',(#8489),#38,.F.);
#9395=ADVANCED_FACE('',(#8490),#143,.F.);
#9396=ADVANCED_FACE('',(#8491),#14,.F.);
#9397=ADVANCED_FACE('',(#8492),#8915,.T.);
#9398=ADVANCED_FACE('',(#8493),#144,.F.);
#9399=ADVANCED_FACE('',(#8494),#25,.F.);
#9400=ADVANCED_FACE('',(#8495),#145,.F.);
#9401=ADVANCED_FACE('',(#8496),#146,.F.);
#9402=ADVANCED_FACE('',(#8497),#147,.F.);
#9403=ADVANCED_FACE('',(#8498),#148,.F.);
#9404=ADVANCED_FACE('',(#8499),#26,.F.);
#9405=ADVANCED_FACE('',(#8500),#27,.F.);
#9406=ADVANCED_FACE('',(#8501),#149,.F.);
#9407=ADVANCED_FACE('',(#8502),#150,.F.);
#9408=ADVANCED_FACE('',(#8503),#28,.F.);
#9409=ADVANCED_FACE('',(#8504),#151,.F.);
#9410=ADVANCED_FACE('',(#8505),#8916,.T.);
#9411=ADVANCED_FACE('',(#8506),#8917,.T.);
#9412=ADVANCED_FACE('',(#8507),#8918,.T.);
#9413=ADVANCED_FACE('',(#8508),#152,.F.);
#9414=ADVANCED_FACE('',(#8509),#153,.F.);
#9415=ADVANCED_FACE('',(#8510),#154,.F.);
#9416=ADVANCED_FACE('',(#8511),#12,.F.);
#9417=ADVANCED_FACE('',(#8512),#155,.F.);
#9418=ADVANCED_FACE('',(#8513),#156,.F.);
#9419=ADVANCED_FACE('',(#8514),#13,.F.);
#9420=ADVANCED_FACE('',(#8515),#157,.F.);
#9421=ADVANCED_FACE('',(#8516,#8517),#158,.F.);
#9422=ADVANCED_FACE('',(#8518),#8919,.T.);
#9423=ADVANCED_FACE('',(#8519,#8520),#159,.F.);
#9424=ADVANCED_FACE('',(#8521),#8920,.T.);
#9425=ADVANCED_FACE('',(#8522,#8523),#160,.F.);
#9426=ADVANCED_FACE('',(#8524),#8921,.T.);
#9427=ADVANCED_FACE('',(#8525,#8526),#161,.F.);
#9428=ADVANCED_FACE('',(#8527),#8922,.T.);
#9429=ADVANCED_FACE('',(#8528),#8923,.F.);
#9430=ADVANCED_FACE('',(#8529),#8924,.T.);
#9431=ADVANCED_FACE('',(#8530),#8925,.F.);
#9432=ADVANCED_FACE('',(#8531),#8926,.F.);
#9433=ADVANCED_FACE('',(#8532),#162,.T.);
#9434=ADVANCED_FACE('',(#8533),#8927,.F.);
#9435=ADVANCED_FACE('',(#8534),#8928,.F.);
#9436=ADVANCED_FACE('',(#8535),#8929,.F.);
#9437=ADVANCED_FACE('',(#8536),#8930,.F.);
#9438=ADVANCED_FACE('',(#8537),#8931,.F.);
#9439=ADVANCED_FACE('',(#8538),#8932,.F.);
#9440=ADVANCED_FACE('',(#8539),#8933,.F.);
#9441=ADVANCED_FACE('',(#8540),#8934,.F.);
#9442=ADVANCED_FACE('',(#8541),#8935,.F.);
#9443=ADVANCED_FACE('',(#8542),#8936,.F.);
#9444=ADVANCED_FACE('',(#8543),#8937,.F.);
#9445=ADVANCED_FACE('',(#8544),#8938,.T.);
#9446=ADVANCED_FACE('',(#8545),#8939,.F.);
#9447=ADVANCED_FACE('',(#8546),#8940,.F.);
#9448=ADVANCED_FACE('',(#8547),#8941,.F.);
#9449=ADVANCED_FACE('',(#8548),#8942,.F.);
#9450=ADVANCED_FACE('',(#8549),#8943,.F.);
#9451=ADVANCED_FACE('',(#8550),#8944,.F.);
#9452=ADVANCED_FACE('',(#8551),#8945,.F.);
#9453=ADVANCED_FACE('',(#8552),#8946,.F.);
#9454=ADVANCED_FACE('',(#8553),#8947,.F.);
#9455=ADVANCED_FACE('',(#8554),#8948,.F.);
#9456=ADVANCED_FACE('',(#8555),#8949,.T.);
#9457=ADVANCED_FACE('',(#8556),#8950,.F.);
#9458=ADVANCED_FACE('',(#8557),#8951,.F.);
#9459=ADVANCED_FACE('',(#8558),#8952,.F.);
#9460=ADVANCED_FACE('',(#8559),#8953,.F.);
#9461=ADVANCED_FACE('',(#8560),#8954,.F.);
#9462=ADVANCED_FACE('',(#8561),#8955,.F.);
#9463=ADVANCED_FACE('',(#8562),#8956,.F.);
#9464=ADVANCED_FACE('',(#8563),#8957,.F.);
#9465=ADVANCED_FACE('',(#8564),#8958,.F.);
#9466=ADVANCED_FACE('',(#8565),#8959,.F.);
#9467=ADVANCED_FACE('',(#8566),#8960,.T.);
#9468=ADVANCED_FACE('',(#8567),#8961,.F.);
#9469=ADVANCED_FACE('',(#8568),#8962,.F.);
#9470=ADVANCED_FACE('',(#8569),#8963,.F.);
#9471=ADVANCED_FACE('',(#8570),#8964,.F.);
#9472=ADVANCED_FACE('',(#8571),#8965,.F.);
#9473=ADVANCED_FACE('',(#8572),#8966,.F.);
#9474=ADVANCED_FACE('',(#8573),#8967,.F.);
#9475=ADVANCED_FACE('',(#8574),#8968,.F.);
#9476=ADVANCED_FACE('',(#8575),#8969,.F.);
#9477=ADVANCED_FACE('',(#8576),#8970,.F.);
#9478=ADVANCED_FACE('',(#8577),#8971,.T.);
#9479=ADVANCED_FACE('',(#8578),#8972,.F.);
#9480=ADVANCED_FACE('',(#8579),#8973,.F.);
#9481=ADVANCED_FACE('',(#8580),#8974,.F.);
#9482=ADVANCED_FACE('',(#8581),#8975,.F.);
#9483=ADVANCED_FACE('',(#8582),#8976,.F.);
#9484=ADVANCED_FACE('',(#8583),#8977,.F.);
#9485=ADVANCED_FACE('',(#8584),#8978,.F.);
#9486=ADVANCED_FACE('',(#8585),#8979,.F.);
#9487=ADVANCED_FACE('',(#8586),#8980,.F.);
#9488=ADVANCED_FACE('',(#8587),#8981,.F.);
#9489=ADVANCED_FACE('',(#8588),#8982,.T.);
#9490=ADVANCED_FACE('',(#8589),#8983,.F.);
#9491=ADVANCED_FACE('',(#8590),#8984,.F.);
#9492=ADVANCED_FACE('',(#8591),#8985,.F.);
#9493=ADVANCED_FACE('',(#8592),#8986,.F.);
#9494=ADVANCED_FACE('',(#8593),#8987,.F.);
#9495=ADVANCED_FACE('',(#8594),#8988,.F.);
#9496=ADVANCED_FACE('',(#8595),#8989,.F.);
#9497=ADVANCED_FACE('',(#8596),#8990,.F.);
#9498=ADVANCED_FACE('',(#8597),#8991,.F.);
#9499=ADVANCED_FACE('',(#8598),#8992,.F.);
#9500=ADVANCED_FACE('',(#8599),#8993,.T.);
#9501=ADVANCED_FACE('',(#8600),#163,.F.);
#9502=ADVANCED_FACE('',(#8601),#8994,.T.);
#9503=ADVANCED_FACE('',(#8602),#8995,.F.);
#9504=ADVANCED_FACE('',(#8603),#8996,.F.);
#9505=ADVANCED_FACE('',(#8604),#8997,.F.);
#9506=ADVANCED_FACE('',(#8605),#8998,.F.);
#9507=ADVANCED_FACE('',(#8606),#8999,.F.);
#9508=ADVANCED_FACE('',(#8607),#9000,.F.);
#9509=ADVANCED_FACE('',(#8608),#9001,.F.);
#9510=ADVANCED_FACE('',(#8609),#9002,.F.);
#9511=ADVANCED_FACE('',(#8610),#9003,.F.);
#9512=ADVANCED_FACE('',(#8611),#9004,.T.);
#9513=ADVANCED_FACE('',(#8612),#9005,.F.);
#9514=ADVANCED_FACE('',(#8613),#9006,.F.);
#9515=ADVANCED_FACE('',(#8614),#9007,.T.);
#9516=ADVANCED_FACE('',(#8615),#9008,.F.);
#9517=ADVANCED_FACE('',(#8616),#9009,.F.);
#9518=ADVANCED_FACE('',(#8617),#9010,.F.);
#9519=ADVANCED_FACE('',(#8618),#9011,.F.);
#9520=ADVANCED_FACE('',(#8619),#9012,.F.);
#9521=ADVANCED_FACE('',(#8620),#9013,.F.);
#9522=ADVANCED_FACE('',(#8621),#9014,.F.);
#9523=ADVANCED_FACE('',(#8622),#9015,.F.);
#9524=ADVANCED_FACE('',(#8623),#9016,.F.);
#9525=ADVANCED_FACE('',(#8624),#9017,.F.);
#9526=ADVANCED_FACE('',(#8625),#9018,.F.);
#9527=ADVANCED_FACE('',(#8626),#9019,.F.);
#9528=ADVANCED_FACE('',(#8627),#9020,.F.);
#9529=ADVANCED_FACE('',(#8628),#9021,.F.);
#9530=ADVANCED_FACE('',(#8629),#9022,.F.);
#9531=ADVANCED_FACE('',(#8630),#9023,.F.);
#9532=ADVANCED_FACE('',(#8631),#9024,.F.);
#9533=ADVANCED_FACE('',(#8632),#9025,.F.);
#9534=ADVANCED_FACE('',(#8633),#9026,.T.);
#9535=ADVANCED_FACE('',(#8634),#9027,.F.);
#9536=ADVANCED_FACE('',(#8635),#9028,.F.);
#9537=ADVANCED_FACE('',(#8636),#9029,.F.);
#9538=ADVANCED_FACE('',(#8637),#9030,.F.);
#9539=ADVANCED_FACE('',(#8638),#9031,.F.);
#9540=ADVANCED_FACE('',(#8639),#9032,.F.);
#9541=ADVANCED_FACE('',(#8640),#9033,.F.);
#9542=ADVANCED_FACE('',(#8641),#9034,.F.);
#9543=ADVANCED_FACE('',(#8642),#9035,.F.);
#9544=ADVANCED_FACE('',(#8643),#9036,.F.);
#9545=ADVANCED_FACE('',(#8644),#9037,.T.);
#9546=ADVANCED_FACE('',(#8645),#9038,.F.);
#9547=ADVANCED_FACE('',(#8646),#9039,.F.);
#9548=ADVANCED_FACE('',(#8647),#9040,.F.);
#9549=ADVANCED_FACE('',(#8648),#9041,.F.);
#9550=ADVANCED_FACE('',(#8649),#9042,.F.);
#9551=ADVANCED_FACE('',(#8650),#9043,.F.);
#9552=ADVANCED_FACE('',(#8651),#9044,.F.);
#9553=ADVANCED_FACE('',(#8652),#9045,.F.);
#9554=ADVANCED_FACE('',(#8653),#9046,.F.);
#9555=ADVANCED_FACE('',(#8654),#9047,.F.);
#9556=ADVANCED_FACE('',(#8655),#9048,.T.);
#9557=ADVANCED_FACE('',(#8656),#9049,.F.);
#9558=ADVANCED_FACE('',(#8657),#9050,.F.);
#9559=ADVANCED_FACE('',(#8658),#9051,.F.);
#9560=ADVANCED_FACE('',(#8659),#9052,.F.);
#9561=ADVANCED_FACE('',(#8660),#9053,.F.);
#9562=ADVANCED_FACE('',(#8661),#9054,.F.);
#9563=ADVANCED_FACE('',(#8662),#9055,.F.);
#9564=ADVANCED_FACE('',(#8663),#9056,.F.);
#9565=ADVANCED_FACE('',(#8664),#9057,.F.);
#9566=ADVANCED_FACE('',(#8665),#9058,.F.);
#9567=ADVANCED_FACE('',(#8666),#9059,.T.);
#9568=ADVANCED_FACE('',(#8667),#164,.F.);
#9569=ADVANCED_FACE('',(#8668),#9060,.T.);
#9570=ADVANCED_FACE('',(#8669),#9061,.F.);
#9571=ADVANCED_FACE('',(#8670),#9062,.F.);
#9572=ADVANCED_FACE('',(#8671),#9063,.F.);
#9573=ADVANCED_FACE('',(#8672),#9064,.T.);
#9574=ADVANCED_FACE('',(#8673),#9065,.F.);
#9575=ADVANCED_FACE('',(#8674),#9066,.F.);
#9576=ADVANCED_FACE('',(#8675),#9067,.T.);
#9577=ADVANCED_FACE('',(#8676),#9068,.F.);
#9578=ADVANCED_FACE('',(#8677),#9069,.F.);
#9579=ADVANCED_FACE('',(#8678),#9070,.F.);
#9580=ADVANCED_FACE('',(#8679),#9071,.F.);
#9581=ADVANCED_FACE('',(#8680),#9072,.F.);
#9582=ADVANCED_FACE('',(#8681),#9073,.F.);
#9583=ADVANCED_FACE('',(#8682),#9074,.F.);
#9584=ADVANCED_FACE('',(#8683),#9075,.F.);
#9585=ADVANCED_FACE('',(#8684),#9076,.F.);
#9586=ADVANCED_FACE('',(#8685),#9077,.T.);
#9587=ADVANCED_FACE('',(#8686),#9078,.F.);
#9588=ADVANCED_FACE('',(#8687),#9079,.F.);
#9589=ADVANCED_FACE('',(#8688),#9080,.F.);
#9590=ADVANCED_FACE('',(#8689),#9081,.F.);
#9591=ADVANCED_FACE('',(#8690),#9082,.F.);
#9592=ADVANCED_FACE('',(#8691),#9083,.F.);
#9593=ADVANCED_FACE('',(#8692),#9084,.F.);
#9594=ADVANCED_FACE('',(#8693),#9085,.F.);
#9595=ADVANCED_FACE('',(#8694),#9086,.F.);
#9596=ADVANCED_FACE('',(#8695),#9087,.F.);
#9597=ADVANCED_FACE('',(#8696),#9088,.T.);
#9598=ADVANCED_FACE('',(#8697),#9089,.F.);
#9599=ADVANCED_FACE('',(#8698),#9090,.F.);
#9600=ADVANCED_FACE('',(#8699),#9091,.F.);
#9601=ADVANCED_FACE('',(#8700),#9092,.F.);
#9602=ADVANCED_FACE('',(#8701),#9093,.F.);
#9603=ADVANCED_FACE('',(#8702),#9094,.F.);
#9604=ADVANCED_FACE('',(#8703),#9095,.F.);
#9605=ADVANCED_FACE('',(#8704),#9096,.F.);
#9606=ADVANCED_FACE('',(#8705),#9097,.F.);
#9607=ADVANCED_FACE('',(#8706),#9098,.F.);
#9608=ADVANCED_FACE('',(#8707),#9099,.T.);
#9609=ADVANCED_FACE('',(#8708),#9100,.F.);
#9610=ADVANCED_FACE('',(#8709),#9101,.F.);
#9611=ADVANCED_FACE('',(#8710),#9102,.F.);
#9612=ADVANCED_FACE('',(#8711),#9103,.F.);
#9613=ADVANCED_FACE('',(#8712),#9104,.F.);
#9614=ADVANCED_FACE('',(#8713),#9105,.F.);
#9615=ADVANCED_FACE('',(#8714),#9106,.F.);
#9616=ADVANCED_FACE('',(#8715),#9107,.F.);
#9617=ADVANCED_FACE('',(#8716),#9108,.F.);
#9618=ADVANCED_FACE('',(#8717),#9109,.F.);
#9619=ADVANCED_FACE('',(#8718),#9110,.T.);
#9620=ADVANCED_FACE('',(#8719),#165,.F.);
#9621=ADVANCED_FACE('',(#8720),#9111,.F.);
#9622=ADVANCED_FACE('',(#8721),#9112,.T.);
#9623=ADVANCED_FACE('',(#8722),#9113,.F.);
#9624=ADVANCED_FACE('',(#8723),#9114,.F.);
#9625=ADVANCED_FACE('',(#8724),#9115,.F.);
#9626=ADVANCED_FACE('',(#8725),#9116,.F.);
#9627=ADVANCED_FACE('',(#8726),#9117,.F.);
#9628=ADVANCED_FACE('',(#8727),#9118,.F.);
#9629=ADVANCED_FACE('',(#8728),#9119,.F.);
#9630=ADVANCED_FACE('',(#8729),#9120,.F.);
#9631=ADVANCED_FACE('',(#8730),#9121,.F.);
#9632=ADVANCED_FACE('',(#8731),#9122,.T.);
#9633=ADVANCED_FACE('',(#8732),#9123,.F.);
#9634=ADVANCED_FACE('',(#8733),#9124,.F.);
#9635=ADVANCED_FACE('',(#8734),#9125,.T.);
#9636=ADVANCED_FACE('',(#8735),#9126,.F.);
#9637=ADVANCED_FACE('',(#8736),#9127,.T.);
#9638=ADVANCED_FACE('',(#8737),#9128,.F.);
#9639=ADVANCED_FACE('',(#8738),#9129,.F.);
#9640=ADVANCED_FACE('',(#8739),#9130,.F.);
#9641=ADVANCED_FACE('',(#8740),#9131,.F.);
#9642=ADVANCED_FACE('',(#8741),#9132,.F.);
#9643=ADVANCED_FACE('',(#8742),#9133,.F.);
#9644=ADVANCED_FACE('',(#8743),#9134,.F.);
#9645=ADVANCED_FACE('',(#8744),#9135,.F.);
#9646=ADVANCED_FACE('',(#8745),#9136,.F.);
#9647=ADVANCED_FACE('',(#8746),#9137,.T.);
#9648=ADVANCED_FACE('',(#8747),#9138,.F.);
#9649=ADVANCED_FACE('',(#8748),#9139,.F.);
#9650=ADVANCED_FACE('',(#8749),#9140,.F.);
#9651=ADVANCED_FACE('',(#8750),#9141,.F.);
#9652=ADVANCED_FACE('',(#8751),#9142,.F.);
#9653=ADVANCED_FACE('',(#8752),#9143,.F.);
#9654=ADVANCED_FACE('',(#8753),#9144,.F.);
#9655=ADVANCED_FACE('',(#8754),#9145,.F.);
#9656=ADVANCED_FACE('',(#8755),#9146,.F.);
#9657=ADVANCED_FACE('',(#8756),#9147,.F.);
#9658=ADVANCED_FACE('',(#8757),#9148,.F.);
#9659=ADVANCED_FACE('',(#8758),#9149,.F.);
#9660=ADVANCED_FACE('',(#8759),#9150,.F.);
#9661=ADVANCED_FACE('',(#8760),#9151,.F.);
#9662=ADVANCED_FACE('',(#8761),#9152,.F.);
#9663=ADVANCED_FACE('',(#8762),#9153,.F.);
#9664=ADVANCED_FACE('',(#8763),#9154,.F.);
#9665=ADVANCED_FACE('',(#8764),#9155,.F.);
#9666=ADVANCED_FACE('',(#8765),#9156,.T.);
#9667=ADVANCED_FACE('',(#8766),#166,.F.);
#9668=ADVANCED_FACE('',(#8767),#9157,.F.);
#9669=ADVANCED_FACE('',(#8768),#9158,.F.);
#9670=ADVANCED_FACE('',(#8769),#9159,.F.);
#9671=ADVANCED_FACE('',(#8770),#9160,.F.);
#9672=ADVANCED_FACE('',(#8771),#9161,.F.);
#9673=ADVANCED_FACE('',(#8772),#9162,.F.);
#9674=ADVANCED_FACE('',(#8773),#9163,.F.);
#9675=ADVANCED_FACE('',(#8774),#9164,.F.);
#9676=ADVANCED_FACE('',(#8775),#9165,.F.);
#9677=ADVANCED_FACE('',(#8776),#9166,.F.);
#9678=ADVANCED_FACE('',(#8777),#9167,.F.);
#9679=ADVANCED_FACE('',(#8778),#9168,.T.);
#9680=ADVANCED_FACE('',(#8779),#9169,.F.);
#9681=ADVANCED_FACE('',(#8780),#9170,.F.);
#9682=ADVANCED_FACE('',(#8781),#9171,.F.);
#9683=ADVANCED_FACE('',(#8782),#9172,.F.);
#9684=ADVANCED_FACE('',(#8783),#9173,.F.);
#9685=ADVANCED_FACE('',(#8784),#9174,.F.);
#9686=ADVANCED_FACE('',(#8785),#9175,.F.);
#9687=ADVANCED_FACE('',(#8786),#9176,.F.);
#9688=ADVANCED_FACE('',(#8787),#9177,.F.);
#9689=ADVANCED_FACE('',(#8788),#9178,.F.);
#9690=ADVANCED_FACE('',(#8789),#9179,.F.);
#9691=ADVANCED_FACE('',(#8790),#9180,.F.);
#9692=ADVANCED_FACE('',(#8791),#9181,.F.);
#9693=ADVANCED_FACE('',(#8792),#9182,.F.);
#9694=ADVANCED_FACE('',(#8793),#9183,.F.);
#9695=ADVANCED_FACE('',(#8794),#9184,.F.);
#9696=ADVANCED_FACE('',(#8795),#9185,.F.);
#9697=ADVANCED_FACE('',(#8796),#9186,.T.);
#9698=ADVANCED_FACE('',(#8797),#9187,.F.);
#9699=ADVANCED_FACE('',(#8798),#9188,.F.);
#9700=ADVANCED_FACE('',(#8799),#9189,.F.);
#9701=ADVANCED_FACE('',(#8800),#9190,.T.);
#9702=ADVANCED_FACE('',(#8801),#167,.T.);
#9703=ADVANCED_FACE('',(#8802),#168,.T.);
#9704=ADVANCED_FACE('',(#8803),#169,.T.);
#9705=ADVANCED_FACE('',(#8804),#170,.T.);
#9706=ADVANCED_FACE('',(#8805),#171,.F.);
#9707=ADVANCED_FACE('',(#8806),#172,.F.);
#9708=ADVANCED_FACE('',(#8807),#173,.F.);
#9709=ADVANCED_FACE('',(#8808),#174,.T.);
#9710=ADVANCED_FACE('',(#8809),#175,.T.);
#9711=CLOSED_SHELL('',(#9191,#9192,#9193,#9194,#9195,#9196,#9197,#9198,#9199,#9200,#9201,#9202,#9203,#9204,#9205,#9206,#9207,#9208,#9209,#9210,#9211,#9212,#9213,#9214,#9215,#9216,#9217,#9218,#9219,#9220,#9221,#9222,#9223,#9224,#9225,#9226,#9227,#9228,#9229,#9230,#9231,#9232,#9233,#9234,#9235,#9236,#9237,#9238,#9239,#9240,#9241,#9242,#9243,#9244,#9245,#9246,#9247,#9248,#9249,#9250,#9251,#9252,#9253,#9254,#9255,#9256,#9257,#9258,#9259,#9260,#9261,#9262,#9263,#9264,#9265,#9266,#9267,#9268,#9269,#9270,#9271,#9272,#9273,#9274,#9275,#9276,#9277,#9278,#9279,#9280,#9281,#9282,#9283,#9284,#9285,#9286,#9287,#9288,#9289,#9290,#9291,#9292,#9293,#9294,#9295,#9296,#9297,#9298,#9299,#9300,#9301,#9302,#9303,#9304,#9305,#9306,#9307,#9308,#9309,#9310,#9311,#9312,#9313,#9314,#9315,#9316,#9317,#9318,#9319,#9320,#9321,#9322,#9323,#9324,#9325,#9326,#9327,#9328,#9329,#9330,#9331,#9332,#9333,#9334,#9335,#9336,#9337,#9338,#9339,#9340,#9341,#9342,#9343,#9344,#9345,#9346,#9347,#9348,#9349,#9350,#9351,#9352,#9353,#9354,#9355,#9356,#9357,#9358,#9359,#9360,#9361,#9362,#9363,#9364,#9365,#9366,#9367,#9368,#9369,#9370,#9371,#9372,#9373,#9374,#9375,#9376,#9377,#9378,#9379,#9380,#9381,#9382,#9383,#9384,#9385,#9386,#9387,#9388,#9389,#9390,#9391,#9392,#9393,#9394,#9395,#9396,#9397,#9398,#9399,#9400,#9401,#9402,#9403,#9404,#9405,#9406,#9407,#9408,#9409,#9410,#9411,#9412,#9413,#9414,#9415,#9416,#9417,#9418,#9419,#9420,#9421,#9422,#9423,#9424,#9425,#9426,#9427,#9428,#9429,#9430,#9431,#9432,#9433,#9434,#9435,#9436,#9437,#9438,#9439,#9440,#9441,#9442,#9443,#9444,#9445,#9446,#9447,#9448,#9449,#9450,#9451,#9452,#9453,#9454,#9455,#9456,#9457,#9458,#9459,#9460,#9461,#9462,#9463,#9464,#9465,#9466,#9467,#9468,#9469,#9470,#9471,#9472,#9473,#9474,#9475,#9476,#9477,#9478,#9479,#9480,#9481,#9482,#9483,#9484,#9485,#9486,#9487,#9488,#9489,#9490,#9491,#9492,#9493,#9494,#9495,#9496,#9497,#9498,#9499,#9500,#9501,#9502,#9503,#9504,#9505,#9506,#9507,#9508,#9509,#9510,#9511,#9512,#9513,#9514,#9515,#9516,#9517,#9518,#9519,#9520,#9521,#9522,#9523,#9524,#9525,#9526,#9527,#9528,#9529,#9530,#9531,#9532,#9533,#9534,#9535,#9536,#9537,#9538,#9539,#9540,#9541,#9542,#9543,#9544,#9545,#9546,#9547,#9548,#9549,#9550,#9551,#9552,#9553,#9554,#9555,#9556,#9557,#9558,#9559,#9560,#9561,#9562,#9563,#9564,#9565,#9566,#9567,#9568,#9569,#9570,#9571,#9572,#9573,#9574,#9575,#9576,#9577,#9578,#9579,#9580,#9581,#9582,#9583,#9584,#9585,#9586,#9587,#9588,#9589,#9590,#9591,#9592,#9593,#9594,#9595,#9596,#9597,#9598,#9599,#9600,#9601,#9602,#9603,#9604,#9605,#9606,#9607,#9608,#9609,#9610,#9611,#9612,#9613,#9614,#9615,#9616,#9617,#9618,#9619,#9620,#9621,#9622,#9623,#9624,#9625,#9626,#9627,#9628,#9629,#9630,#9631,#9632,#9633,#9634,#9635,#9636,#9637,#9638,#9639,#9640,#9641,#9642,#9643,#9644,#9645,#9646,#9647,#9648,#9649,#9650,#9651,#9652,#9653,#9654,#9655,#9656,#9657,#9658,#9659,#9660,#9661,#9662,#9663,#9664,#9665,#9666,#9667,#9668,#9669,#9670,#9671,#9672,#9673,#9674,#9675,#9676,#9677,#9678,#9679,#9680,#9681,#9682,#9683,#9684,#9685,#9686,#9687,#9688,#9689,#9690,#9691,#9692,#9693,#9694,#9695,#9696,#9697,#9698,#9699,#9700,#9701,#9702,#9703,#9704,#9705,#9706,#9707,#9708,#9709,#9710));
#9712=STYLED_ITEM('',(#9713),#9720);
#9713=PRESENTATION_STYLE_ASSIGNMENT((#9714));
#9714=SURFACE_STYLE_USAGE(.BOTH.,#9715);
#9715=SURFACE_SIDE_STYLE('',(#9716));
#9716=SURFACE_STYLE_FILL_AREA(#9717);
#9717=FILL_AREA_STYLE('',(#9718));
#9718=FILL_AREA_STYLE_COLOUR('',#9719);
#9719=COLOUR_RGB('',0.501960784313726,0.501960784313726,0.501960784313726);
#9720=MANIFOLD_SOLID_BREP('left-base',#9711);
#9721=SHAPE_DEFINITION_REPRESENTATION(#15968,#9722);
#9722=SHAPE_REPRESENTATION('left-base',(#9723),#15963);
#9723=AXIS2_PLACEMENT_3D('',#13115,#10479,#10480);
#9724=AXIS2_PLACEMENT_3D('',#13116,#10481,#10482);
#9725=AXIS2_PLACEMENT_3D('',#13125,#10487,#10488);
#9726=AXIS2_PLACEMENT_3D('',#13161,#10506,#10507);
#9727=AXIS2_PLACEMENT_3D('',#13165,#10509,#10510);
#9728=AXIS2_PLACEMENT_3D('',#13178,#10517,#10518);
#9729=AXIS2_PLACEMENT_3D('',#13180,#10519,#10520);
#9730=AXIS2_PLACEMENT_3D('',#13185,#10522,#10523);
#9731=AXIS2_PLACEMENT_3D('',#13189,#10525,#10526);
#9732=AXIS2_PLACEMENT_3D('',#13193,#10528,#10529);
#9733=AXIS2_PLACEMENT_3D('',#13197,#10531,#10532);
#9734=AXIS2_PLACEMENT_3D('',#13201,#10534,#10535);
#9735=AXIS2_PLACEMENT_3D('',#13205,#10537,#10538);
#9736=AXIS2_PLACEMENT_3D('',#13209,#10540,#10541);
#9737=AXIS2_PLACEMENT_3D('',#13213,#10543,#10544);
#9738=AXIS2_PLACEMENT_3D('',#13217,#10546,#10547);
#9739=AXIS2_PLACEMENT_3D('',#13221,#10549,#10550);
#9740=AXIS2_PLACEMENT_3D('',#13225,#10552,#10553);
#9741=AXIS2_PLACEMENT_3D('',#13229,#10555,#10556);
#9742=AXIS2_PLACEMENT_3D('',#13230,#10557,#10558);
#9743=AXIS2_PLACEMENT_3D('',#13246,#10566,#10567);
#9744=AXIS2_PLACEMENT_3D('',#13250,#10569,#10570);
#9745=AXIS2_PLACEMENT_3D('',#13266,#10578,#10579);
#9746=AXIS2_PLACEMENT_3D('',#13271,#10582,#10583);
#9747=AXIS2_PLACEMENT_3D('',#13284,#10590,#10591);
#9748=AXIS2_PLACEMENT_3D('',#13285,#10592,#10593);
#9749=AXIS2_PLACEMENT_3D('',#13287,#10594,#10595);
#9750=AXIS2_PLACEMENT_3D('',#13290,#10597,#10598);
#9751=AXIS2_PLACEMENT_3D('',#13294,#10600,#10601);
#9752=AXIS2_PLACEMENT_3D('',#13303,#10603,#10604);
#9753=AXIS2_PLACEMENT_3D('',#13304,#10605,#10606);
#9754=AXIS2_PLACEMENT_3D('',#13309,#10608,#10609);
#9755=AXIS2_PLACEMENT_3D('',#13312,#10611,#10612);
#9756=AXIS2_PLACEMENT_3D('',#13321,#10617,#10618);
#9757=AXIS2_PLACEMENT_3D('',#13325,#10620,#10621);
#9758=AXIS2_PLACEMENT_3D('',#13334,#10623,#10624);
#9759=AXIS2_PLACEMENT_3D('',#13342,#10628,#10629);
#9760=AXIS2_PLACEMENT_3D('',#13345,#10631,#10632);
#9761=AXIS2_PLACEMENT_3D('',#13346,#10633,#10634);
#9762=AXIS2_PLACEMENT_3D('',#13351,#10636,#10637);
#9763=AXIS2_PLACEMENT_3D('',#13360,#10639,#10640);
#9764=AXIS2_PLACEMENT_3D('',#13374,#10648,#10649);
#9765=AXIS2_PLACEMENT_3D('',#13436,#10681,#10682);
#9766=AXIS2_PLACEMENT_3D('',#13438,#10683,#10684);
#9767=AXIS2_PLACEMENT_3D('',#13444,#10688,#10689);
#9768=AXIS2_PLACEMENT_3D('',#13451,#10694,#10695);
#9769=AXIS2_PLACEMENT_3D('',#13453,#10696,#10697);
#9770=AXIS2_PLACEMENT_3D('',#13455,#10698,#10699);
#9771=AXIS2_PLACEMENT_3D('',#13457,#10700,#10701);
#9772=AXIS2_PLACEMENT_3D('',#13466,#10705,#10706);
#9773=AXIS2_PLACEMENT_3D('',#13470,#10708,#10709);
#9774=AXIS2_PLACEMENT_3D('',#13471,#10710,#10711);
#9775=AXIS2_PLACEMENT_3D('',#13498,#10727,#10728);
#9776=AXIS2_PLACEMENT_3D('',#13515,#10737,#10738);
#9777=AXIS2_PLACEMENT_3D('',#13524,#10743,#10744);
#9778=AXIS2_PLACEMENT_3D('',#13535,#10750,#10751);
#9779=AXIS2_PLACEMENT_3D('',#13539,#10753,#10754);
#9780=AXIS2_PLACEMENT_3D('',#13547,#10758,#10759);
#9781=AXIS2_PLACEMENT_3D('',#13551,#10761,#10762);
#9782=AXIS2_PLACEMENT_3D('',#13559,#10766,#10767);
#9783=AXIS2_PLACEMENT_3D('',#13563,#10769,#10770);
#9784=AXIS2_PLACEMENT_3D('',#13571,#10774,#10775);
#9785=AXIS2_PLACEMENT_3D('',#13572,#10776,#10777);
#9786=AXIS2_PLACEMENT_3D('',#13578,#10781,#10782);
#9787=AXIS2_PLACEMENT_3D('',#13583,#10785,#10786);
#9788=AXIS2_PLACEMENT_3D('',#13604,#10797,#10798);
#9789=AXIS2_PLACEMENT_3D('',#13617,#10805,#10806);
#9790=AXIS2_PLACEMENT_3D('',#13627,#10811,#10812);
#9791=AXIS2_PLACEMENT_3D('',#13647,#10822,#10823);
#9792=AXIS2_PLACEMENT_3D('',#13651,#10825,#10826);
#9793=AXIS2_PLACEMENT_3D('',#13675,#10838,#10839);
#9794=AXIS2_PLACEMENT_3D('',#13777,#10890,#10891);
#9795=AXIS2_PLACEMENT_3D('',#13996,#11001,#11002);
#9796=AXIS2_PLACEMENT_3D('',#14000,#11004,#11005);
#9797=AXIS2_PLACEMENT_3D('',#14004,#11007,#11008);
#9798=AXIS2_PLACEMENT_3D('',#14008,#11010,#11011);
#9799=AXIS2_PLACEMENT_3D('',#14012,#11013,#11014);
#9800=AXIS2_PLACEMENT_3D('',#14016,#11016,#11017);
#9801=AXIS2_PLACEMENT_3D('',#14019,#11019,#11020);
#9802=AXIS2_PLACEMENT_3D('',#14036,#11024,#11025);
#9803=AXIS2_PLACEMENT_3D('',#14040,#11027,#11028);
#9804=AXIS2_PLACEMENT_3D('',#14046,#11032,#11033);
#9805=AXIS2_PLACEMENT_3D('',#14047,#11034,#11035);
#9806=AXIS2_PLACEMENT_3D('',#14048,#11036,#11037);
#9807=AXIS2_PLACEMENT_3D('',#14053,#11039,#11040);
#9808=AXIS2_PLACEMENT_3D('',#14055,#11041,#11042);
#9809=AXIS2_PLACEMENT_3D('',#14059,#11044,#11045);
#9810=AXIS2_PLACEMENT_3D('',#14063,#11047,#11048);
#9811=AXIS2_PLACEMENT_3D('',#14065,#11049,#11050);
#9812=AXIS2_PLACEMENT_3D('',#14068,#11052,#11053);
#9813=AXIS2_PLACEMENT_3D('',#14073,#11055,#11056);
#9814=AXIS2_PLACEMENT_3D('',#14077,#11058,#11059);
#9815=AXIS2_PLACEMENT_3D('',#14081,#11061,#11062);
#9816=AXIS2_PLACEMENT_3D('',#14085,#11064,#11065);
#9817=AXIS2_PLACEMENT_3D('',#14086,#11066,#11067);
#9818=AXIS2_PLACEMENT_3D('',#14088,#11068,#11069);
#9819=AXIS2_PLACEMENT_3D('',#14091,#11072,#11073);
#9820=AXIS2_PLACEMENT_3D('',#14097,#11077,#11078);
#9821=AXIS2_PLACEMENT_3D('',#14105,#11083,#11084);
#9822=AXIS2_PLACEMENT_3D('',#14108,#11087,#11088);
#9823=AXIS2_PLACEMENT_3D('',#14110,#11090,#11091);
#9824=AXIS2_PLACEMENT_3D('',#14111,#11092,#11093);
#9825=AXIS2_PLACEMENT_3D('',#14117,#11097,#11098);
#9826=AXIS2_PLACEMENT_3D('',#14121,#11101,#11102);
#9827=AXIS2_PLACEMENT_3D('',#14125,#11105,#11106);
#9828=AXIS2_PLACEMENT_3D('',#14131,#11110,#11111);
#9829=AXIS2_PLACEMENT_3D('',#14135,#11114,#11115);
#9830=AXIS2_PLACEMENT_3D('',#14137,#11117,#11118);
#9831=AXIS2_PLACEMENT_3D('',#14139,#11120,#11121);
#9832=AXIS2_PLACEMENT_3D('',#14146,#11126,#11127);
#9833=AXIS2_PLACEMENT_3D('',#14149,#11130,#11131);
#9834=AXIS2_PLACEMENT_3D('',#14153,#11133,#11134);
#9835=AXIS2_PLACEMENT_3D('',#14157,#11136,#11137);
#9836=AXIS2_PLACEMENT_3D('',#14161,#11139,#11140);
#9837=AXIS2_PLACEMENT_3D('',#14165,#11142,#11143);
#9838=AXIS2_PLACEMENT_3D('',#14166,#11144,#11145);
#9839=AXIS2_PLACEMENT_3D('',#14171,#11147,#11148);
#9840=AXIS2_PLACEMENT_3D('',#14175,#11150,#11151);
#9841=AXIS2_PLACEMENT_3D('',#14179,#11153,#11154);
#9842=AXIS2_PLACEMENT_3D('',#14183,#11156,#11157);
#9843=AXIS2_PLACEMENT_3D('',#14184,#11158,#11159);
#9844=AXIS2_PLACEMENT_3D('',#14186,#11160,#11161);
#9845=AXIS2_PLACEMENT_3D('',#14191,#11163,#11164);
#9846=AXIS2_PLACEMENT_3D('',#14196,#11167,#11168);
#9847=AXIS2_PLACEMENT_3D('',#14200,#11170,#11171);
#9848=AXIS2_PLACEMENT_3D('',#14205,#11174,#11175);
#9849=AXIS2_PLACEMENT_3D('',#14209,#11177,#11178);
#9850=AXIS2_PLACEMENT_3D('',#14214,#11181,#11182);
#9851=AXIS2_PLACEMENT_3D('',#14218,#11184,#11185);
#9852=AXIS2_PLACEMENT_3D('',#14223,#11188,#11189);
#9853=AXIS2_PLACEMENT_3D('',#14227,#11191,#11192);
#9854=AXIS2_PLACEMENT_3D('',#14232,#11195,#11196);
#9855=AXIS2_PLACEMENT_3D('',#14236,#11198,#11199);
#9856=AXIS2_PLACEMENT_3D('',#14237,#11200,#11201);
#9857=AXIS2_PLACEMENT_3D('',#14242,#11204,#11205);
#9858=AXIS2_PLACEMENT_3D('',#14243,#11206,#11207);
#9859=AXIS2_PLACEMENT_3D('',#14248,#11210,#11211);
#9860=AXIS2_PLACEMENT_3D('',#14249,#11212,#11213);
#9861=AXIS2_PLACEMENT_3D('',#14251,#11215,#11216);
#9862=AXIS2_PLACEMENT_3D('',#14252,#11217,#11218);
#9863=AXIS2_PLACEMENT_3D('',#14254,#11220,#11221);
#9864=AXIS2_PLACEMENT_3D('',#14255,#11222,#11223);
#9865=AXIS2_PLACEMENT_3D('',#14257,#11224,#11225);
#9866=AXIS2_PLACEMENT_3D('',#14259,#11226,#11227);
#9867=AXIS2_PLACEMENT_3D('',#14261,#11228,#11229);
#9868=AXIS2_PLACEMENT_3D('',#14266,#11231,#11232);
#9869=AXIS2_PLACEMENT_3D('',#14268,#11233,#11234);
#9870=AXIS2_PLACEMENT_3D('',#14272,#11236,#11237);
#9871=AXIS2_PLACEMENT_3D('',#14276,#11239,#11240);
#9872=AXIS2_PLACEMENT_3D('',#14278,#11241,#11242);
#9873=AXIS2_PLACEMENT_3D('',#14282,#11244,#11245);
#9874=AXIS2_PLACEMENT_3D('',#14283,#11246,#11247);
#9875=AXIS2_PLACEMENT_3D('',#14286,#11250,#11251);
#9876=AXIS2_PLACEMENT_3D('',#14288,#11253,#11254);
#9877=AXIS2_PLACEMENT_3D('',#14290,#11256,#11257);
#9878=AXIS2_PLACEMENT_3D('',#14292,#11259,#11260);
#9879=AXIS2_PLACEMENT_3D('',#14294,#11262,#11263);
#9880=AXIS2_PLACEMENT_3D('',#14296,#11265,#11266);
#9881=AXIS2_PLACEMENT_3D('',#14298,#11268,#11269);
#9882=AXIS2_PLACEMENT_3D('',#14300,#11271,#11272);
#9883=AXIS2_PLACEMENT_3D('',#14302,#11274,#11275);
#9884=AXIS2_PLACEMENT_3D('',#14303,#11276,#11277);
#9885=AXIS2_PLACEMENT_3D('',#14304,#11278,#11279);
#9886=AXIS2_PLACEMENT_3D('',#14306,#11280,#11281);
#9887=AXIS2_PLACEMENT_3D('',#14307,#11282,#11283);
#9888=AXIS2_PLACEMENT_3D('',#14309,#11284,#11285);
#9889=AXIS2_PLACEMENT_3D('',#14310,#11286,#11287);
#9890=AXIS2_PLACEMENT_3D('',#14312,#11288,#11289);
#9891=AXIS2_PLACEMENT_3D('',#14313,#11290,#11291);
#9892=AXIS2_PLACEMENT_3D('',#14315,#11292,#11293);
#9893=AXIS2_PLACEMENT_3D('',#14321,#11297,#11298);
#9894=AXIS2_PLACEMENT_3D('',#14327,#11302,#11303);
#9895=AXIS2_PLACEMENT_3D('',#14334,#11308,#11309);
#9896=AXIS2_PLACEMENT_3D('',#14340,#11313,#11314);
#9897=AXIS2_PLACEMENT_3D('',#14341,#11315,#11316);
#9898=AXIS2_PLACEMENT_3D('',#14343,#11318,#11319);
#9899=AXIS2_PLACEMENT_3D('',#14344,#11320,#11321);
#9900=AXIS2_PLACEMENT_3D('',#14345,#11322,#11323);
#9901=AXIS2_PLACEMENT_3D('',#14346,#11324,#11325);
#9902=AXIS2_PLACEMENT_3D('',#14347,#11326,#11327);
#9903=AXIS2_PLACEMENT_3D('',#14348,#11328,#11329);
#9904=AXIS2_PLACEMENT_3D('',#14349,#11330,#11331);
#9905=AXIS2_PLACEMENT_3D('',#14350,#11332,#11333);
#9906=AXIS2_PLACEMENT_3D('',#14351,#11334,#11335);
#9907=AXIS2_PLACEMENT_3D('',#14352,#11336,#11337);
#9908=AXIS2_PLACEMENT_3D('',#14353,#11338,#11339);
#9909=AXIS2_PLACEMENT_3D('',#14354,#11340,#11341);
#9910=AXIS2_PLACEMENT_3D('',#14355,#11342,#11343);
#9911=AXIS2_PLACEMENT_3D('',#14356,#11344,#11345);
#9912=AXIS2_PLACEMENT_3D('',#14357,#11346,#11347);
#9913=AXIS2_PLACEMENT_3D('',#14358,#11348,#11349);
#9914=AXIS2_PLACEMENT_3D('',#14359,#11350,#11351);
#9915=AXIS2_PLACEMENT_3D('',#14360,#11352,#11353);
#9916=AXIS2_PLACEMENT_3D('',#14361,#11354,#11355);
#9917=AXIS2_PLACEMENT_3D('',#14362,#11356,#11357);
#9918=AXIS2_PLACEMENT_3D('',#14363,#11358,#11359);
#9919=AXIS2_PLACEMENT_3D('',#14364,#11360,#11361);
#9920=AXIS2_PLACEMENT_3D('',#14365,#11362,#11363);
#9921=AXIS2_PLACEMENT_3D('',#14366,#11364,#11365);
#9922=AXIS2_PLACEMENT_3D('',#14367,#11366,#11367);
#9923=AXIS2_PLACEMENT_3D('',#14368,#11368,#11369);
#9924=AXIS2_PLACEMENT_3D('',#14369,#11370,#11371);
#9925=AXIS2_PLACEMENT_3D('',#14371,#11372,#11373);
#9926=AXIS2_PLACEMENT_3D('',#14376,#11376,#11377);
#9927=AXIS2_PLACEMENT_3D('',#14377,#11378,#11379);
#9928=AXIS2_PLACEMENT_3D('',#14378,#11380,#11381);
#9929=AXIS2_PLACEMENT_3D('',#14380,#11382,#11383);
#9930=AXIS2_PLACEMENT_3D('',#14385,#11386,#11387);
#9931=AXIS2_PLACEMENT_3D('',#14386,#11388,#11389);
#9932=AXIS2_PLACEMENT_3D('',#14387,#11390,#11391);
#9933=AXIS2_PLACEMENT_3D('',#14389,#11392,#11393);
#9934=AXIS2_PLACEMENT_3D('',#14394,#11396,#11397);
#9935=AXIS2_PLACEMENT_3D('',#14395,#11398,#11399);
#9936=AXIS2_PLACEMENT_3D('',#14396,#11400,#11401);
#9937=AXIS2_PLACEMENT_3D('',#14398,#11402,#11403);
#9938=AXIS2_PLACEMENT_3D('',#14399,#11404,#11405);
#9939=AXIS2_PLACEMENT_3D('',#14405,#11409,#11410);
#9940=AXIS2_PLACEMENT_3D('',#14411,#11414,#11415);
#9941=AXIS2_PLACEMENT_3D('',#14417,#11419,#11420);
#9942=AXIS2_PLACEMENT_3D('',#14423,#11424,#11425);
#9943=AXIS2_PLACEMENT_3D('',#14429,#11429,#11430);
#9944=AXIS2_PLACEMENT_3D('',#14435,#11434,#11435);
#9945=AXIS2_PLACEMENT_3D('',#14436,#11436,#11437);
#9946=AXIS2_PLACEMENT_3D('',#14441,#11439,#11440);
#9947=AXIS2_PLACEMENT_3D('',#14442,#11441,#11442);
#9948=AXIS2_PLACEMENT_3D('',#14446,#11444,#11445);
#9949=AXIS2_PLACEMENT_3D('',#14447,#11446,#11447);
#9950=AXIS2_PLACEMENT_3D('',#14448,#11448,#11449);
#9951=AXIS2_PLACEMENT_3D('',#14449,#11450,#11451);
#9952=AXIS2_PLACEMENT_3D('',#14453,#11453,#11454);
#9953=AXIS2_PLACEMENT_3D('',#14454,#11455,#11456);
#9954=AXIS2_PLACEMENT_3D('',#14455,#11457,#11458);
#9955=AXIS2_PLACEMENT_3D('',#14456,#11459,#11460);
#9956=AXIS2_PLACEMENT_3D('',#14460,#11462,#11463);
#9957=AXIS2_PLACEMENT_3D('',#14464,#11465,#11466);
#9958=AXIS2_PLACEMENT_3D('',#14468,#11468,#11469);
#9959=AXIS2_PLACEMENT_3D('',#14476,#11473,#11474);
#9960=AXIS2_PLACEMENT_3D('',#14492,#11482,#11483);
#9961=AXIS2_PLACEMENT_3D('',#14496,#11485,#11486);
#9962=AXIS2_PLACEMENT_3D('',#14509,#11493,#11494);
#9963=AXIS2_PLACEMENT_3D('',#14511,#11495,#11496);
#9964=AXIS2_PLACEMENT_3D('',#14513,#11497,#11498);
#9965=AXIS2_PLACEMENT_3D('',#14515,#11499,#11500);
#9966=AXIS2_PLACEMENT_3D('',#14518,#11503,#11504);
#9967=AXIS2_PLACEMENT_3D('',#14519,#11505,#11506);
#9968=AXIS2_PLACEMENT_3D('',#14520,#11507,#11508);
#9969=AXIS2_PLACEMENT_3D('',#14521,#11509,#11510);
#9970=AXIS2_PLACEMENT_3D('',#14522,#11511,#11512);
#9971=AXIS2_PLACEMENT_3D('',#14523,#11513,#11514);
#9972=AXIS2_PLACEMENT_3D('',#14524,#11515,#11516);
#9973=AXIS2_PLACEMENT_3D('',#14528,#11519,#11520);
#9974=AXIS2_PLACEMENT_3D('',#14534,#11524,#11525);
#9975=AXIS2_PLACEMENT_3D('',#14540,#11529,#11530);
#9976=AXIS2_PLACEMENT_3D('',#14541,#11531,#11532);
#9977=AXIS2_PLACEMENT_3D('',#14542,#11533,#11534);
#9978=AXIS2_PLACEMENT_3D('',#14543,#11535,#11536);
#9979=AXIS2_PLACEMENT_3D('',#14544,#11537,#11538);
#9980=AXIS2_PLACEMENT_3D('',#14545,#11539,#11540);
#9981=AXIS2_PLACEMENT_3D('',#14546,#11541,#11542);
#9982=AXIS2_PLACEMENT_3D('',#14547,#11543,#11544);
#9983=AXIS2_PLACEMENT_3D('',#14548,#11545,#11546);
#9984=AXIS2_PLACEMENT_3D('',#14549,#11547,#11548);
#9985=AXIS2_PLACEMENT_3D('',#14550,#11549,#11550);
#9986=AXIS2_PLACEMENT_3D('',#14551,#11551,#11552);
#9987=AXIS2_PLACEMENT_3D('',#14552,#11553,#11554);
#9988=AXIS2_PLACEMENT_3D('',#14553,#11555,#11556);
#9989=AXIS2_PLACEMENT_3D('',#14554,#11557,#11558);
#9990=AXIS2_PLACEMENT_3D('',#14555,#11559,#11560);
#9991=AXIS2_PLACEMENT_3D('',#14556,#11561,#11562);
#9992=AXIS2_PLACEMENT_3D('',#14557,#11563,#11564);
#9993=AXIS2_PLACEMENT_3D('',#14558,#11565,#11566);
#9994=AXIS2_PLACEMENT_3D('',#14560,#11567,#11568);
#9995=AXIS2_PLACEMENT_3D('',#14561,#11569,#11570);
#9996=AXIS2_PLACEMENT_3D('',#14564,#11573,#11574);
#9997=AXIS2_PLACEMENT_3D('',#14566,#11575,#11576);
#9998=AXIS2_PLACEMENT_3D('',#14567,#11577,#11578);
#9999=AXIS2_PLACEMENT_3D('',#14568,#11579,#11580);
#10000=AXIS2_PLACEMENT_3D('',#14570,#11581,#11582);
#10001=AXIS2_PLACEMENT_3D('',#14571,#11583,#11584);
#10002=AXIS2_PLACEMENT_3D('',#14581,#11591,#11592);
#10003=AXIS2_PLACEMENT_3D('',#14585,#11595,#11596);
#10004=AXIS2_PLACEMENT_3D('',#14589,#11598,#11599);
#10005=AXIS2_PLACEMENT_3D('',#14593,#11602,#11603);
#10006=AXIS2_PLACEMENT_3D('',#14596,#11605,#11606);
#10007=AXIS2_PLACEMENT_3D('',#14599,#11608,#11609);
#10008=AXIS2_PLACEMENT_3D('',#14600,#11610,#11611);
#10009=AXIS2_PLACEMENT_3D('',#14605,#11615,#11616);
#10010=AXIS2_PLACEMENT_3D('',#14607,#11618,#11619);
#10011=AXIS2_PLACEMENT_3D('',#14616,#11625,#11626);
#10012=AXIS2_PLACEMENT_3D('',#14621,#11630,#11631);
#10013=AXIS2_PLACEMENT_3D('',#14623,#11633,#11634);
#10014=AXIS2_PLACEMENT_3D('',#14625,#11636,#11637);
#10015=AXIS2_PLACEMENT_3D('',#14627,#11639,#11640);
#10016=AXIS2_PLACEMENT_3D('',#14628,#11641,#11642);
#10017=AXIS2_PLACEMENT_3D('',#14632,#11645,#11646);
#10018=AXIS2_PLACEMENT_3D('',#14638,#11650,#11651);
#10019=AXIS2_PLACEMENT_3D('',#14642,#11654,#11655);
#10020=AXIS2_PLACEMENT_3D('',#14648,#11659,#11660);
#10021=AXIS2_PLACEMENT_3D('',#14652,#11663,#11664);
#10022=AXIS2_PLACEMENT_3D('',#14658,#11668,#11669);
#10023=AXIS2_PLACEMENT_3D('',#14662,#11672,#11673);
#10024=AXIS2_PLACEMENT_3D('',#14668,#11677,#11678);
#10025=AXIS2_PLACEMENT_3D('',#14672,#11681,#11682);
#10026=AXIS2_PLACEMENT_3D('',#14678,#11686,#11687);
#10027=AXIS2_PLACEMENT_3D('',#14682,#11690,#11691);
#10028=AXIS2_PLACEMENT_3D('',#14688,#11695,#11696);
#10029=AXIS2_PLACEMENT_3D('',#14692,#11699,#11700);
#10030=AXIS2_PLACEMENT_3D('',#14698,#11704,#11705);
#10031=AXIS2_PLACEMENT_3D('',#14702,#11708,#11709);
#10032=AXIS2_PLACEMENT_3D('',#14708,#11713,#11714);
#10033=AXIS2_PLACEMENT_3D('',#14709,#11715,#11716);
#10034=AXIS2_PLACEMENT_3D('',#14710,#11717,#11718);
#10035=AXIS2_PLACEMENT_3D('',#14711,#11719,#11720);
#10036=AXIS2_PLACEMENT_3D('',#14712,#11721,#11722);
#10037=AXIS2_PLACEMENT_3D('',#14713,#11723,#11724);
#10038=AXIS2_PLACEMENT_3D('',#14714,#11725,#11726);
#10039=AXIS2_PLACEMENT_3D('',#14715,#11727,#11728);
#10040=AXIS2_PLACEMENT_3D('',#14716,#11729,#11730);
#10041=AXIS2_PLACEMENT_3D('',#14717,#11731,#11732);
#10042=AXIS2_PLACEMENT_3D('',#14718,#11733,#11734);
#10043=AXIS2_PLACEMENT_3D('',#14719,#11735,#11736);
#10044=AXIS2_PLACEMENT_3D('',#14720,#11737,#11738);
#10045=AXIS2_PLACEMENT_3D('',#14721,#11739,#11740);
#10046=AXIS2_PLACEMENT_3D('',#14722,#11741,#11742);
#10047=AXIS2_PLACEMENT_3D('',#14723,#11743,#11744);
#10048=AXIS2_PLACEMENT_3D('',#14724,#11745,#11746);
#10049=AXIS2_PLACEMENT_3D('',#14725,#11747,#11748);
#10050=AXIS2_PLACEMENT_3D('',#14726,#11749,#11750);
#10051=AXIS2_PLACEMENT_3D('',#14727,#11751,#11752);
#10052=AXIS2_PLACEMENT_3D('',#14728,#11753,#11754);
#10053=AXIS2_PLACEMENT_3D('',#14729,#11755,#11756);
#10054=AXIS2_PLACEMENT_3D('',#14730,#11757,#11758);
#10055=AXIS2_PLACEMENT_3D('',#14731,#11759,#11760);
#10056=AXIS2_PLACEMENT_3D('',#14732,#11761,#11762);
#10057=AXIS2_PLACEMENT_3D('',#14733,#11763,#11764);
#10058=AXIS2_PLACEMENT_3D('',#14734,#11765,#11766);
#10059=AXIS2_PLACEMENT_3D('',#14735,#11767,#11768);
#10060=AXIS2_PLACEMENT_3D('',#14736,#11769,#11770);
#10061=AXIS2_PLACEMENT_3D('',#14737,#11771,#11772);
#10062=AXIS2_PLACEMENT_3D('',#14738,#11773,#11774);
#10063=AXIS2_PLACEMENT_3D('',#14739,#11775,#11776);
#10064=AXIS2_PLACEMENT_3D('',#14740,#11777,#11778);
#10065=AXIS2_PLACEMENT_3D('',#14741,#11779,#11780);
#10066=AXIS2_PLACEMENT_3D('',#14742,#11781,#11782);
#10067=AXIS2_PLACEMENT_3D('',#14743,#11783,#11784);
#10068=AXIS2_PLACEMENT_3D('',#14744,#11785,#11786);
#10069=AXIS2_PLACEMENT_3D('',#14745,#11787,#11788);
#10070=AXIS2_PLACEMENT_3D('',#14746,#11789,#11790);
#10071=AXIS2_PLACEMENT_3D('',#14747,#11791,#11792);
#10072=AXIS2_PLACEMENT_3D('',#14748,#11793,#11794);
#10073=AXIS2_PLACEMENT_3D('',#14749,#11795,#11796);
#10074=AXIS2_PLACEMENT_3D('',#14750,#11797,#11798);
#10075=AXIS2_PLACEMENT_3D('',#14751,#11799,#11800);
#10076=AXIS2_PLACEMENT_3D('',#14752,#11801,#11802);
#10077=AXIS2_PLACEMENT_3D('',#14753,#11803,#11804);
#10078=AXIS2_PLACEMENT_3D('',#14754,#11805,#11806);
#10079=AXIS2_PLACEMENT_3D('',#14755,#11807,#11808);
#10080=AXIS2_PLACEMENT_3D('',#14756,#11809,#11810);
#10081=AXIS2_PLACEMENT_3D('',#14757,#11811,#11812);
#10082=AXIS2_PLACEMENT_3D('',#14758,#11813,#11814);
#10083=AXIS2_PLACEMENT_3D('',#14759,#11815,#11816);
#10084=AXIS2_PLACEMENT_3D('',#14760,#11817,#11818);
#10085=AXIS2_PLACEMENT_3D('',#14761,#11819,#11820);
#10086=AXIS2_PLACEMENT_3D('',#14762,#11821,#11822);
#10087=AXIS2_PLACEMENT_3D('',#14763,#11823,#11824);
#10088=AXIS2_PLACEMENT_3D('',#14764,#11825,#11826);
#10089=AXIS2_PLACEMENT_3D('',#14775,#11833,#11834);
#10090=AXIS2_PLACEMENT_3D('',#14776,#11835,#11836);
#10091=AXIS2_PLACEMENT_3D('',#14778,#11837,#11838);
#10092=AXIS2_PLACEMENT_3D('',#14779,#11839,#11840);
#10093=AXIS2_PLACEMENT_3D('',#14780,#11841,#11842);
#10094=AXIS2_PLACEMENT_3D('',#14782,#11843,#11844);
#10095=AXIS2_PLACEMENT_3D('',#14783,#11845,#11846);
#10096=AXIS2_PLACEMENT_3D('',#14792,#11851,#11852);
#10097=AXIS2_PLACEMENT_3D('',#14798,#11856,#11857);
#10098=AXIS2_PLACEMENT_3D('',#14804,#11861,#11862);
#10099=AXIS2_PLACEMENT_3D('',#14810,#11866,#11867);
#10100=AXIS2_PLACEMENT_3D('',#14816,#11871,#11872);
#10101=AXIS2_PLACEMENT_3D('',#14817,#11873,#11874);
#10102=AXIS2_PLACEMENT_3D('',#14819,#11875,#11876);
#10103=AXIS2_PLACEMENT_3D('',#14820,#11877,#11878);
#10104=AXIS2_PLACEMENT_3D('',#14821,#11879,#11880);
#10105=AXIS2_PLACEMENT_3D('',#14826,#11882,#11883);
#10106=AXIS2_PLACEMENT_3D('',#14830,#11885,#11886);
#10107=AXIS2_PLACEMENT_3D('',#14834,#11888,#11889);
#10108=AXIS2_PLACEMENT_3D('',#14837,#11891,#11892);
#10109=AXIS2_PLACEMENT_3D('',#14843,#11896,#11897);
#10110=AXIS2_PLACEMENT_3D('',#14849,#11901,#11902);
#10111=AXIS2_PLACEMENT_3D('',#14855,#11906,#11907);
#10112=AXIS2_PLACEMENT_3D('',#14861,#11911,#11912);
#10113=AXIS2_PLACEMENT_3D('',#14862,#11913,#11914);
#10114=AXIS2_PLACEMENT_3D('',#14863,#11915,#11916);
#10115=AXIS2_PLACEMENT_3D('',#14864,#11917,#11918);
#10116=AXIS2_PLACEMENT_3D('',#14865,#11919,#11920);
#10117=AXIS2_PLACEMENT_3D('',#14866,#11921,#11922);
#10118=AXIS2_PLACEMENT_3D('',#14867,#11923,#11924);
#10119=AXIS2_PLACEMENT_3D('',#14868,#11925,#11926);
#10120=AXIS2_PLACEMENT_3D('',#14869,#11927,#11928);
#10121=AXIS2_PLACEMENT_3D('',#14870,#11929,#11930);
#10122=AXIS2_PLACEMENT_3D('',#14871,#11931,#11932);
#10123=AXIS2_PLACEMENT_3D('',#14872,#11933,#11934);
#10124=AXIS2_PLACEMENT_3D('',#14873,#11935,#11936);
#10125=AXIS2_PLACEMENT_3D('',#14874,#11937,#11938);
#10126=AXIS2_PLACEMENT_3D('',#14875,#11939,#11940);
#10127=AXIS2_PLACEMENT_3D('',#14876,#11941,#11942);
#10128=AXIS2_PLACEMENT_3D('',#14877,#11943,#11944);
#10129=AXIS2_PLACEMENT_3D('',#14878,#11945,#11946);
#10130=AXIS2_PLACEMENT_3D('',#14879,#11947,#11948);
#10131=AXIS2_PLACEMENT_3D('',#14880,#11949,#11950);
#10132=AXIS2_PLACEMENT_3D('',#14881,#11951,#11952);
#10133=AXIS2_PLACEMENT_3D('',#14882,#11953,#11954);
#10134=AXIS2_PLACEMENT_3D('',#14883,#11955,#11956);
#10135=AXIS2_PLACEMENT_3D('',#14884,#11957,#11958);
#10136=AXIS2_PLACEMENT_3D('',#14885,#11959,#11960);
#10137=AXIS2_PLACEMENT_3D('',#14887,#11962,#11963);
#10138=AXIS2_PLACEMENT_3D('',#14888,#11964,#11965);
#10139=AXIS2_PLACEMENT_3D('',#14889,#11966,#11967);
#10140=AXIS2_PLACEMENT_3D('',#14890,#11968,#11969);
#10141=AXIS2_PLACEMENT_3D('',#14891,#11970,#11971);
#10142=AXIS2_PLACEMENT_3D('',#14892,#11972,#11973);
#10143=AXIS2_PLACEMENT_3D('',#14893,#11974,#11975);
#10144=AXIS2_PLACEMENT_3D('',#14894,#11976,#11977);
#10145=AXIS2_PLACEMENT_3D('',#14895,#11978,#11979);
#10146=AXIS2_PLACEMENT_3D('',#14896,#11980,#11981);
#10147=AXIS2_PLACEMENT_3D('',#14897,#11982,#11983);
#10148=AXIS2_PLACEMENT_3D('',#14898,#11984,#11985);
#10149=AXIS2_PLACEMENT_3D('',#14899,#11986,#11987);
#10150=AXIS2_PLACEMENT_3D('',#14900,#11988,#11989);
#10151=AXIS2_PLACEMENT_3D('',#14901,#11990,#11991);
#10152=AXIS2_PLACEMENT_3D('',#14902,#11992,#11993);
#10153=AXIS2_PLACEMENT_3D('',#14903,#11994,#11995);
#10154=AXIS2_PLACEMENT_3D('',#14904,#11996,#11997);
#10155=AXIS2_PLACEMENT_3D('',#14905,#11998,#11999);
#10156=AXIS2_PLACEMENT_3D('',#14906,#12000,#12001);
#10157=AXIS2_PLACEMENT_3D('',#14907,#12002,#12003);
#10158=AXIS2_PLACEMENT_3D('',#14908,#12004,#12005);
#10159=AXIS2_PLACEMENT_3D('',#14909,#12006,#12007);
#10160=AXIS2_PLACEMENT_3D('',#14910,#12008,#12009);
#10161=AXIS2_PLACEMENT_3D('',#14911,#12010,#12011);
#10162=AXIS2_PLACEMENT_3D('',#14912,#12012,#12013);
#10163=AXIS2_PLACEMENT_3D('',#14915,#12016,#12017);
#10164=AXIS2_PLACEMENT_3D('',#14918,#12020,#12021);
#10165=AXIS2_PLACEMENT_3D('',#14919,#12022,#12023);
#10166=AXIS2_PLACEMENT_3D('',#14920,#12024,#12025);
#10167=AXIS2_PLACEMENT_3D('',#14921,#12026,#12027);
#10168=AXIS2_PLACEMENT_3D('',#14922,#12028,#12029);
#10169=AXIS2_PLACEMENT_3D('',#14923,#12030,#12031);
#10170=AXIS2_PLACEMENT_3D('',#14924,#12032,#12033);
#10171=AXIS2_PLACEMENT_3D('',#14946,#12034,#12035);
#10172=AXIS2_PLACEMENT_3D('',#14947,#12036,#12037);
#10173=AXIS2_PLACEMENT_3D('',#14948,#12038,#12039);
#10174=AXIS2_PLACEMENT_3D('',#14949,#12040,#12041);
#10175=AXIS2_PLACEMENT_3D('',#14971,#12042,#12043);
#10176=AXIS2_PLACEMENT_3D('',#14972,#12044,#12045);
#10177=AXIS2_PLACEMENT_3D('',#14973,#12046,#12047);
#10178=AXIS2_PLACEMENT_3D('',#14974,#12048,#12049);
#10179=AXIS2_PLACEMENT_3D('',#14976,#12050,#12051);
#10180=AXIS2_PLACEMENT_3D('',#14977,#12052,#12053);
#10181=AXIS2_PLACEMENT_3D('',#14978,#12054,#12055);
#10182=AXIS2_PLACEMENT_3D('',#14980,#12056,#12057);
#10183=AXIS2_PLACEMENT_3D('',#14981,#12058,#12059);
#10184=AXIS2_PLACEMENT_3D('',#14982,#12060,#12061);
#10185=AXIS2_PLACEMENT_3D('',#14984,#12062,#12063);
#10186=AXIS2_PLACEMENT_3D('',#14985,#12064,#12065);
#10187=AXIS2_PLACEMENT_3D('',#14986,#12066,#12067);
#10188=AXIS2_PLACEMENT_3D('',#14988,#12068,#12069);
#10189=AXIS2_PLACEMENT_3D('',#14989,#12070,#12071);
#10190=AXIS2_PLACEMENT_3D('',#15008,#12083,#12084);
#10191=AXIS2_PLACEMENT_3D('',#15010,#12086,#12087);
#10192=AXIS2_PLACEMENT_3D('',#15022,#12095,#12096);
#10193=AXIS2_PLACEMENT_3D('',#15025,#12099,#12100);
#10194=AXIS2_PLACEMENT_3D('',#15026,#12101,#12102);
#10195=AXIS2_PLACEMENT_3D('',#15027,#12103,#12104);
#10196=AXIS2_PLACEMENT_3D('',#15033,#12108,#12109);
#10197=AXIS2_PLACEMENT_3D('',#15037,#12112,#12113);
#10198=AXIS2_PLACEMENT_3D('',#15041,#12116,#12117);
#10199=AXIS2_PLACEMENT_3D('',#15045,#12120,#12121);
#10200=AXIS2_PLACEMENT_3D('',#15049,#12124,#12125);
#10201=AXIS2_PLACEMENT_3D('',#15053,#12128,#12129);
#10202=AXIS2_PLACEMENT_3D('',#15057,#12132,#12133);
#10203=AXIS2_PLACEMENT_3D('',#15061,#12136,#12137);
#10204=AXIS2_PLACEMENT_3D('',#15065,#12140,#12141);
#10205=AXIS2_PLACEMENT_3D('',#15067,#12143,#12144);
#10206=AXIS2_PLACEMENT_3D('',#15068,#12145,#12146);
#10207=AXIS2_PLACEMENT_3D('',#15074,#12150,#12151);
#10208=AXIS2_PLACEMENT_3D('',#15078,#12154,#12155);
#10209=AXIS2_PLACEMENT_3D('',#15082,#12158,#12159);
#10210=AXIS2_PLACEMENT_3D('',#15086,#12162,#12163);
#10211=AXIS2_PLACEMENT_3D('',#15090,#12166,#12167);
#10212=AXIS2_PLACEMENT_3D('',#15094,#12170,#12171);
#10213=AXIS2_PLACEMENT_3D('',#15098,#12174,#12175);
#10214=AXIS2_PLACEMENT_3D('',#15102,#12178,#12179);
#10215=AXIS2_PLACEMENT_3D('',#15106,#12182,#12183);
#10216=AXIS2_PLACEMENT_3D('',#15108,#12185,#12186);
#10217=AXIS2_PLACEMENT_3D('',#15109,#12187,#12188);
#10218=AXIS2_PLACEMENT_3D('',#15115,#12192,#12193);
#10219=AXIS2_PLACEMENT_3D('',#15119,#12196,#12197);
#10220=AXIS2_PLACEMENT_3D('',#15123,#12200,#12201);
#10221=AXIS2_PLACEMENT_3D('',#15127,#12204,#12205);
#10222=AXIS2_PLACEMENT_3D('',#15131,#12208,#12209);
#10223=AXIS2_PLACEMENT_3D('',#15135,#12212,#12213);
#10224=AXIS2_PLACEMENT_3D('',#15139,#12216,#12217);
#10225=AXIS2_PLACEMENT_3D('',#15143,#12220,#12221);
#10226=AXIS2_PLACEMENT_3D('',#15147,#12224,#12225);
#10227=AXIS2_PLACEMENT_3D('',#15149,#12227,#12228);
#10228=AXIS2_PLACEMENT_3D('',#15150,#12229,#12230);
#10229=AXIS2_PLACEMENT_3D('',#15156,#12234,#12235);
#10230=AXIS2_PLACEMENT_3D('',#15160,#12238,#12239);
#10231=AXIS2_PLACEMENT_3D('',#15164,#12242,#12243);
#10232=AXIS2_PLACEMENT_3D('',#15168,#12246,#12247);
#10233=AXIS2_PLACEMENT_3D('',#15172,#12250,#12251);
#10234=AXIS2_PLACEMENT_3D('',#15176,#12254,#12255);
#10235=AXIS2_PLACEMENT_3D('',#15180,#12258,#12259);
#10236=AXIS2_PLACEMENT_3D('',#15184,#12262,#12263);
#10237=AXIS2_PLACEMENT_3D('',#15188,#12266,#12267);
#10238=AXIS2_PLACEMENT_3D('',#15190,#12269,#12270);
#10239=AXIS2_PLACEMENT_3D('',#15191,#12271,#12272);
#10240=AXIS2_PLACEMENT_3D('',#15197,#12276,#12277);
#10241=AXIS2_PLACEMENT_3D('',#15201,#12280,#12281);
#10242=AXIS2_PLACEMENT_3D('',#15205,#12284,#12285);
#10243=AXIS2_PLACEMENT_3D('',#15209,#12288,#12289);
#10244=AXIS2_PLACEMENT_3D('',#15213,#12292,#12293);
#10245=AXIS2_PLACEMENT_3D('',#15217,#12296,#12297);
#10246=AXIS2_PLACEMENT_3D('',#15221,#12300,#12301);
#10247=AXIS2_PLACEMENT_3D('',#15225,#12304,#12305);
#10248=AXIS2_PLACEMENT_3D('',#15229,#12308,#12309);
#10249=AXIS2_PLACEMENT_3D('',#15231,#12311,#12312);
#10250=AXIS2_PLACEMENT_3D('',#15232,#12313,#12314);
#10251=AXIS2_PLACEMENT_3D('',#15235,#12316,#12317);
#10252=AXIS2_PLACEMENT_3D('',#15240,#12320,#12321);
#10253=AXIS2_PLACEMENT_3D('',#15244,#12324,#12325);
#10254=AXIS2_PLACEMENT_3D('',#15248,#12327,#12328);
#10255=AXIS2_PLACEMENT_3D('',#15250,#12330,#12331);
#10256=AXIS2_PLACEMENT_3D('',#15254,#12334,#12335);
#10257=AXIS2_PLACEMENT_3D('',#15258,#12338,#12339);
#10258=AXIS2_PLACEMENT_3D('',#15262,#12342,#12343);
#10259=AXIS2_PLACEMENT_3D('',#15266,#12346,#12347);
#10260=AXIS2_PLACEMENT_3D('',#15270,#12350,#12351);
#10261=AXIS2_PLACEMENT_3D('',#15274,#12354,#12355);
#10262=AXIS2_PLACEMENT_3D('',#15276,#12357,#12358);
#10263=AXIS2_PLACEMENT_3D('',#15278,#12360,#12361);
#10264=AXIS2_PLACEMENT_3D('',#15279,#12362,#12363);
#10265=AXIS2_PLACEMENT_3D('',#15292,#12371,#12372);
#10266=AXIS2_PLACEMENT_3D('',#15294,#12374,#12375);
#10267=AXIS2_PLACEMENT_3D('',#15296,#12377,#12378);
#10268=AXIS2_PLACEMENT_3D('',#15298,#12380,#12381);
#10269=AXIS2_PLACEMENT_3D('',#15300,#12383,#12384);
#10270=AXIS2_PLACEMENT_3D('',#15302,#12386,#12387);
#10271=AXIS2_PLACEMENT_3D('',#15303,#12388,#12389);
#10272=AXIS2_PLACEMENT_3D('',#15304,#12390,#12391);
#10273=AXIS2_PLACEMENT_3D('',#15308,#12394,#12395);
#10274=AXIS2_PLACEMENT_3D('',#15310,#12397,#12398);
#10275=AXIS2_PLACEMENT_3D('',#15311,#12399,#12400);
#10276=AXIS2_PLACEMENT_3D('',#15315,#12403,#12404);
#10277=AXIS2_PLACEMENT_3D('',#15319,#12407,#12408);
#10278=AXIS2_PLACEMENT_3D('',#15335,#12417,#12418);
#10279=AXIS2_PLACEMENT_3D('',#15337,#12420,#12421);
#10280=AXIS2_PLACEMENT_3D('',#15339,#12423,#12424);
#10281=AXIS2_PLACEMENT_3D('',#15341,#12426,#12427);
#10282=AXIS2_PLACEMENT_3D('',#15343,#12429,#12430);
#10283=AXIS2_PLACEMENT_3D('',#15345,#12432,#12433);
#10284=AXIS2_PLACEMENT_3D('',#15347,#12435,#12436);
#10285=AXIS2_PLACEMENT_3D('',#15349,#12438,#12439);
#10286=AXIS2_PLACEMENT_3D('',#15350,#12440,#12441);
#10287=AXIS2_PLACEMENT_3D('',#15356,#12445,#12446);
#10288=AXIS2_PLACEMENT_3D('',#15360,#12449,#12450);
#10289=AXIS2_PLACEMENT_3D('',#15364,#12453,#12454);
#10290=AXIS2_PLACEMENT_3D('',#15368,#12457,#12458);
#10291=AXIS2_PLACEMENT_3D('',#15372,#12461,#12462);
#10292=AXIS2_PLACEMENT_3D('',#15376,#12465,#12466);
#10293=AXIS2_PLACEMENT_3D('',#15380,#12469,#12470);
#10294=AXIS2_PLACEMENT_3D('',#15384,#12473,#12474);
#10295=AXIS2_PLACEMENT_3D('',#15388,#12477,#12478);
#10296=AXIS2_PLACEMENT_3D('',#15390,#12480,#12481);
#10297=AXIS2_PLACEMENT_3D('',#15391,#12482,#12483);
#10298=AXIS2_PLACEMENT_3D('',#15397,#12487,#12488);
#10299=AXIS2_PLACEMENT_3D('',#15401,#12491,#12492);
#10300=AXIS2_PLACEMENT_3D('',#15405,#12495,#12496);
#10301=AXIS2_PLACEMENT_3D('',#15409,#12499,#12500);
#10302=AXIS2_PLACEMENT_3D('',#15413,#12503,#12504);
#10303=AXIS2_PLACEMENT_3D('',#15417,#12507,#12508);
#10304=AXIS2_PLACEMENT_3D('',#15421,#12511,#12512);
#10305=AXIS2_PLACEMENT_3D('',#15425,#12515,#12516);
#10306=AXIS2_PLACEMENT_3D('',#15429,#12519,#12520);
#10307=AXIS2_PLACEMENT_3D('',#15431,#12522,#12523);
#10308=AXIS2_PLACEMENT_3D('',#15432,#12524,#12525);
#10309=AXIS2_PLACEMENT_3D('',#15438,#12529,#12530);
#10310=AXIS2_PLACEMENT_3D('',#15442,#12533,#12534);
#10311=AXIS2_PLACEMENT_3D('',#15446,#12537,#12538);
#10312=AXIS2_PLACEMENT_3D('',#15450,#12541,#12542);
#10313=AXIS2_PLACEMENT_3D('',#15454,#12545,#12546);
#10314=AXIS2_PLACEMENT_3D('',#15458,#12549,#12550);
#10315=AXIS2_PLACEMENT_3D('',#15462,#12553,#12554);
#10316=AXIS2_PLACEMENT_3D('',#15466,#12557,#12558);
#10317=AXIS2_PLACEMENT_3D('',#15470,#12561,#12562);
#10318=AXIS2_PLACEMENT_3D('',#15472,#12564,#12565);
#10319=AXIS2_PLACEMENT_3D('',#15473,#12566,#12567);
#10320=AXIS2_PLACEMENT_3D('',#15476,#12569,#12570);
#10321=AXIS2_PLACEMENT_3D('',#15481,#12573,#12574);
#10322=AXIS2_PLACEMENT_3D('',#15485,#12577,#12578);
#10323=AXIS2_PLACEMENT_3D('',#15489,#12580,#12581);
#10324=AXIS2_PLACEMENT_3D('',#15491,#12583,#12584);
#10325=AXIS2_PLACEMENT_3D('',#15495,#12587,#12588);
#10326=AXIS2_PLACEMENT_3D('',#15499,#12591,#12592);
#10327=AXIS2_PLACEMENT_3D('',#15503,#12595,#12596);
#10328=AXIS2_PLACEMENT_3D('',#15507,#12599,#12600);
#10329=AXIS2_PLACEMENT_3D('',#15511,#12603,#12604);
#10330=AXIS2_PLACEMENT_3D('',#15515,#12607,#12608);
#10331=AXIS2_PLACEMENT_3D('',#15517,#12610,#12611);
#10332=AXIS2_PLACEMENT_3D('',#15519,#12613,#12614);
#10333=AXIS2_PLACEMENT_3D('',#15520,#12615,#12616);
#10334=AXIS2_PLACEMENT_3D('',#15524,#12619,#12620);
#10335=AXIS2_PLACEMENT_3D('',#15526,#12622,#12623);
#10336=AXIS2_PLACEMENT_3D('',#15527,#12624,#12625);
#10337=AXIS2_PLACEMENT_3D('',#15529,#12627,#12628);
#10338=AXIS2_PLACEMENT_3D('',#15530,#12629,#12630);
#10339=AXIS2_PLACEMENT_3D('',#15532,#12632,#12633);
#10340=AXIS2_PLACEMENT_3D('',#15536,#12636,#12637);
#10341=AXIS2_PLACEMENT_3D('',#15548,#12644,#12645);
#10342=AXIS2_PLACEMENT_3D('',#15550,#12647,#12648);
#10343=AXIS2_PLACEMENT_3D('',#15552,#12650,#12651);
#10344=AXIS2_PLACEMENT_3D('',#15554,#12653,#12654);
#10345=AXIS2_PLACEMENT_3D('',#15556,#12656,#12657);
#10346=AXIS2_PLACEMENT_3D('',#15558,#12659,#12660);
#10347=AXIS2_PLACEMENT_3D('',#15559,#12661,#12662);
#10348=AXIS2_PLACEMENT_3D('',#15563,#12665,#12666);
#10349=AXIS2_PLACEMENT_3D('',#15567,#12669,#12670);
#10350=AXIS2_PLACEMENT_3D('',#15569,#12672,#12673);
#10351=AXIS2_PLACEMENT_3D('',#15570,#12674,#12675);
#10352=AXIS2_PLACEMENT_3D('',#15576,#12679,#12680);
#10353=AXIS2_PLACEMENT_3D('',#15580,#12683,#12684);
#10354=AXIS2_PLACEMENT_3D('',#15584,#12687,#12688);
#10355=AXIS2_PLACEMENT_3D('',#15588,#12691,#12692);
#10356=AXIS2_PLACEMENT_3D('',#15592,#12695,#12696);
#10357=AXIS2_PLACEMENT_3D('',#15596,#12699,#12700);
#10358=AXIS2_PLACEMENT_3D('',#15600,#12703,#12704);
#10359=AXIS2_PLACEMENT_3D('',#15604,#12707,#12708);
#10360=AXIS2_PLACEMENT_3D('',#15608,#12711,#12712);
#10361=AXIS2_PLACEMENT_3D('',#15610,#12714,#12715);
#10362=AXIS2_PLACEMENT_3D('',#15611,#12716,#12717);
#10363=AXIS2_PLACEMENT_3D('',#15617,#12721,#12722);
#10364=AXIS2_PLACEMENT_3D('',#15621,#12725,#12726);
#10365=AXIS2_PLACEMENT_3D('',#15625,#12729,#12730);
#10366=AXIS2_PLACEMENT_3D('',#15629,#12733,#12734);
#10367=AXIS2_PLACEMENT_3D('',#15633,#12737,#12738);
#10368=AXIS2_PLACEMENT_3D('',#15637,#12741,#12742);
#10369=AXIS2_PLACEMENT_3D('',#15641,#12745,#12746);
#10370=AXIS2_PLACEMENT_3D('',#15645,#12749,#12750);
#10371=AXIS2_PLACEMENT_3D('',#15649,#12753,#12754);
#10372=AXIS2_PLACEMENT_3D('',#15651,#12756,#12757);
#10373=AXIS2_PLACEMENT_3D('',#15652,#12758,#12759);
#10374=AXIS2_PLACEMENT_3D('',#15655,#12761,#12762);
#10375=AXIS2_PLACEMENT_3D('',#15660,#12765,#12766);
#10376=AXIS2_PLACEMENT_3D('',#15664,#12769,#12770);
#10377=AXIS2_PLACEMENT_3D('',#15668,#12772,#12773);
#10378=AXIS2_PLACEMENT_3D('',#15670,#12775,#12776);
#10379=AXIS2_PLACEMENT_3D('',#15674,#12779,#12780);
#10380=AXIS2_PLACEMENT_3D('',#15678,#12783,#12784);
#10381=AXIS2_PLACEMENT_3D('',#15682,#12787,#12788);
#10382=AXIS2_PLACEMENT_3D('',#15686,#12791,#12792);
#10383=AXIS2_PLACEMENT_3D('',#15690,#12795,#12796);
#10384=AXIS2_PLACEMENT_3D('',#15694,#12799,#12800);
#10385=AXIS2_PLACEMENT_3D('',#15696,#12802,#12803);
#10386=AXIS2_PLACEMENT_3D('',#15698,#12805,#12806);
#10387=AXIS2_PLACEMENT_3D('',#15699,#12807,#12808);
#10388=AXIS2_PLACEMENT_3D('',#15703,#12811,#12812);
#10389=AXIS2_PLACEMENT_3D('',#15713,#12818,#12819);
#10390=AXIS2_PLACEMENT_3D('',#15715,#12821,#12822);
#10391=AXIS2_PLACEMENT_3D('',#15717,#12824,#12825);
#10392=AXIS2_PLACEMENT_3D('',#15719,#12827,#12828);
#10393=AXIS2_PLACEMENT_3D('',#15721,#12830,#12831);
#10394=AXIS2_PLACEMENT_3D('',#15722,#12832,#12833);
#10395=AXIS2_PLACEMENT_3D('',#15726,#12836,#12837);
#10396=AXIS2_PLACEMENT_3D('',#15730,#12840,#12841);
#10397=AXIS2_PLACEMENT_3D('',#15734,#12844,#12845);
#10398=AXIS2_PLACEMENT_3D('',#15736,#12847,#12848);
#10399=AXIS2_PLACEMENT_3D('',#15737,#12849,#12850);
#10400=AXIS2_PLACEMENT_3D('',#15741,#12853,#12854);
#10401=AXIS2_PLACEMENT_3D('',#15743,#12856,#12857);
#10402=AXIS2_PLACEMENT_3D('',#15744,#12858,#12859);
#10403=AXIS2_PLACEMENT_3D('',#15748,#12862,#12863);
#10404=AXIS2_PLACEMENT_3D('',#15762,#12871,#12872);
#10405=AXIS2_PLACEMENT_3D('',#15764,#12874,#12875);
#10406=AXIS2_PLACEMENT_3D('',#15766,#12877,#12878);
#10407=AXIS2_PLACEMENT_3D('',#15768,#12880,#12881);
#10408=AXIS2_PLACEMENT_3D('',#15770,#12883,#12884);
#10409=AXIS2_PLACEMENT_3D('',#15772,#12886,#12887);
#10410=AXIS2_PLACEMENT_3D('',#15774,#12889,#12890);
#10411=AXIS2_PLACEMENT_3D('',#15775,#12891,#12892);
#10412=AXIS2_PLACEMENT_3D('',#15779,#12895,#12896);
#10413=AXIS2_PLACEMENT_3D('',#15783,#12899,#12900);
#10414=AXIS2_PLACEMENT_3D('',#15799,#12909,#12910);
#10415=AXIS2_PLACEMENT_3D('',#15801,#12912,#12913);
#10416=AXIS2_PLACEMENT_3D('',#15803,#12915,#12916);
#10417=AXIS2_PLACEMENT_3D('',#15805,#12918,#12919);
#10418=AXIS2_PLACEMENT_3D('',#15807,#12921,#12922);
#10419=AXIS2_PLACEMENT_3D('',#15809,#12924,#12925);
#10420=AXIS2_PLACEMENT_3D('',#15811,#12927,#12928);
#10421=AXIS2_PLACEMENT_3D('',#15813,#12930,#12931);
#10422=AXIS2_PLACEMENT_3D('',#15814,#12932,#12933);
#10423=AXIS2_PLACEMENT_3D('',#15817,#12935,#12936);
#10424=AXIS2_PLACEMENT_3D('',#15822,#12939,#12940);
#10425=AXIS2_PLACEMENT_3D('',#15826,#12943,#12944);
#10426=AXIS2_PLACEMENT_3D('',#15830,#12946,#12947);
#10427=AXIS2_PLACEMENT_3D('',#15832,#12949,#12950);
#10428=AXIS2_PLACEMENT_3D('',#15836,#12953,#12954);
#10429=AXIS2_PLACEMENT_3D('',#15840,#12957,#12958);
#10430=AXIS2_PLACEMENT_3D('',#15844,#12961,#12962);
#10431=AXIS2_PLACEMENT_3D('',#15848,#12965,#12966);
#10432=AXIS2_PLACEMENT_3D('',#15852,#12969,#12970);
#10433=AXIS2_PLACEMENT_3D('',#15856,#12973,#12974);
#10434=AXIS2_PLACEMENT_3D('',#15858,#12976,#12977);
#10435=AXIS2_PLACEMENT_3D('',#15860,#12979,#12980);
#10436=AXIS2_PLACEMENT_3D('',#15861,#12981,#12982);
#10437=AXIS2_PLACEMENT_3D('',#15862,#12983,#12984);
#10438=AXIS2_PLACEMENT_3D('',#15868,#12988,#12989);
#10439=AXIS2_PLACEMENT_3D('',#15872,#12992,#12993);
#10440=AXIS2_PLACEMENT_3D('',#15876,#12996,#12997);
#10441=AXIS2_PLACEMENT_3D('',#15880,#13000,#13001);
#10442=AXIS2_PLACEMENT_3D('',#15884,#13004,#13005);
#10443=AXIS2_PLACEMENT_3D('',#15888,#13008,#13009);
#10444=AXIS2_PLACEMENT_3D('',#15892,#13012,#13013);
#10445=AXIS2_PLACEMENT_3D('',#15896,#13016,#13017);
#10446=AXIS2_PLACEMENT_3D('',#15900,#13020,#13021);
#10447=AXIS2_PLACEMENT_3D('',#15902,#13023,#13024);
#10448=AXIS2_PLACEMENT_3D('',#15903,#13025,#13026);
#10449=AXIS2_PLACEMENT_3D('',#15905,#13028,#13029);
#10450=AXIS2_PLACEMENT_3D('',#15907,#13031,#13032);
#10451=AXIS2_PLACEMENT_3D('',#15909,#13034,#13035);
#10452=AXIS2_PLACEMENT_3D('',#15911,#13037,#13038);
#10453=AXIS2_PLACEMENT_3D('',#15913,#13040,#13041);
#10454=AXIS2_PLACEMENT_3D('',#15915,#13043,#13044);
#10455=AXIS2_PLACEMENT_3D('',#15917,#13046,#13047);
#10456=AXIS2_PLACEMENT_3D('',#15919,#13049,#13050);
#10457=AXIS2_PLACEMENT_3D('',#15921,#13052,#13053);
#10458=AXIS2_PLACEMENT_3D('',#15923,#13055,#13056);
#10459=AXIS2_PLACEMENT_3D('',#15926,#13059,#13060);
#10460=AXIS2_PLACEMENT_3D('',#15928,#13062,#13063);
#10461=AXIS2_PLACEMENT_3D('',#15930,#13065,#13066);
#10462=AXIS2_PLACEMENT_3D('',#15932,#13068,#13069);
#10463=AXIS2_PLACEMENT_3D('',#15934,#13071,#13072);
#10464=AXIS2_PLACEMENT_3D('',#15936,#13074,#13075);
#10465=AXIS2_PLACEMENT_3D('',#15938,#13077,#13078);
#10466=AXIS2_PLACEMENT_3D('',#15941,#13081,#13082);
#10467=AXIS2_PLACEMENT_3D('',#15944,#13085,#13086);
#10468=AXIS2_PLACEMENT_3D('',#15947,#13089,#13090);
#10469=AXIS2_PLACEMENT_3D('',#15950,#13093,#13094);
#10470=AXIS2_PLACEMENT_3D('',#15953,#13097,#13098);
#10471=AXIS2_PLACEMENT_3D('',#15954,#13099,#13100);
#10472=AXIS2_PLACEMENT_3D('',#15955,#13101,#13102);
#10473=AXIS2_PLACEMENT_3D('',#15956,#13103,#13104);
#10474=AXIS2_PLACEMENT_3D('',#15957,#13105,#13106);
#10475=AXIS2_PLACEMENT_3D('',#15958,#13107,#13108);
#10476=AXIS2_PLACEMENT_3D('',#15959,#13109,#13110);
#10477=AXIS2_PLACEMENT_3D('',#15960,#13111,#13112);
#10478=AXIS2_PLACEMENT_3D('',#15961,#13113,#13114);
#10479=DIRECTION('',(0.,0.,1.));
#10480=DIRECTION('',(1.,0.,0.));
#10481=DIRECTION('',(0.5,0.866025403784439,2.30392961653169E-16));
#10482=DIRECTION('',(-0.866025403784439,0.5,0.));
#10483=DIRECTION('',(-0.840300748138485,0.485147863137998,0.241921895599668));
#10484=DIRECTION('',(0.209510507320999,-0.120960947799834,0.970295726275996));
#10485=DIRECTION('',(-0.840300748138485,0.485147863137998,0.241921895599668));
#10486=DIRECTION('',(0.209510507320999,-0.120960947799834,0.970295726275996));
#10487=DIRECTION('',(0.209510507320999,-0.120960947799834,0.970295726275996));
#10488=DIRECTION('',(-0.977806395623437,-0.025917798915003,0.20790122745502));
#10489=DIRECTION('',(-0.840300748138485,0.485147863137999,0.241921895599668));
#10490=DIRECTION('',(-0.5,-0.866025403784439,-2.99697852084105E-16));
#10491=DIRECTION('',(-0.840300748138485,0.485147863137998,0.241921895599668));
#10492=DIRECTION('',(0.5,0.866025403784439,1.1118003728288E-16));
#10493=DIRECTION('',(-0.840300748138485,0.485147863137998,0.241921895599668));
#10494=DIRECTION('',(0.5,0.866025403784438,-2.96242280401925E-16));
#10495=DIRECTION('',(0.840300748138485,-0.485147863137998,-0.241921895599668));
#10496=DIRECTION('',(0.5,0.866025403784439,9.52971748138974E-17));
#10497=DIRECTION('',(0.840300748138485,-0.485147863137998,-0.241921895599668));
#10498=DIRECTION('',(-0.5,-0.866025403784439,-9.00230564090347E-17));
#10499=DIRECTION('',(0.977473050203865,2.0352349100388E-16,-0.211060266571312));
#10500=DIRECTION('',(0.5,0.866025403784439,2.94297337353728E-17));
#10501=DIRECTION('',(0.840300748138485,-0.485147863137999,-0.241921895599668));
#10502=DIRECTION('',(-0.5,-0.866025403784438,0.));
#10503=DIRECTION('',(0.,0.992318858435517,0.123706439578676));
#10504=DIRECTION('',(-0.840300748138486,0.485147863137996,0.241921895599668));
#10505=DIRECTION('',(-0.5,-0.86602540378444,-8.42814019183071E-16));
#10506=DIRECTION('',(-0.209510507320999,0.120960947799834,-0.970295726275996));
#10507=DIRECTION('',(-0.977473050203865,0.,0.211060266571312));
#10508=DIRECTION('',(-0.840300748138485,0.485147863137998,0.241921895599668));
#10509=DIRECTION('',(-0.209510507320999,0.120960947799834,-0.970295726275996));
#10510=DIRECTION('',(-0.977473050203865,0.,0.211060266571312));
#10511=DIRECTION('',(0.5,0.866025403784439,1.48121140200962E-16));
#10512=DIRECTION('',(-0.840300748138485,0.485147863137998,0.241921895599668));
#10513=DIRECTION('',(0.,-0.992318858435517,-0.123706439578676));
#10514=DIRECTION('',(-0.5,-0.86602540378444,-7.22702634636377E-16));
#10515=DIRECTION('',(-0.977473050203865,1.72319117947284E-16,0.211060266571312));
#10516=DIRECTION('',(-0.329762564094581,-0.942925650552871,-0.0463451060114533));
#10517=DIRECTION('',(-0.209510507320999,0.120960947799834,-0.970295726275996));
#10518=DIRECTION('',(-0.977473050203865,0.,0.211060266571312));
#10519=DIRECTION('',(-0.209510507320999,0.120960947799834,-0.970295726275996));
#10520=DIRECTION('',(-0.977473050203865,0.,0.211060266571312));
#10521=DIRECTION('',(-0.5,-0.866025403784439,-2.99697852084105E-16));
#10522=DIRECTION('',(0.209510507320999,-0.120960947799834,0.970295726275996));
#10523=DIRECTION('',(0.977473050203865,0.,-0.211060266571312));
#10524=DIRECTION('',(-0.840300748138485,0.485147863137998,0.241921895599668));
#10525=DIRECTION('',(0.209510507320999,-0.120960947799834,0.970295726275996));
#10526=DIRECTION('',(0.977473050203865,0.,-0.211060266571312));
#10527=DIRECTION('',(-0.5,-0.866025403784439,-2.69382509707477E-16));
#10528=DIRECTION('',(0.209510507320999,-0.120960947799834,0.970295726275996));
#10529=DIRECTION('',(0.977473050203865,0.,-0.211060266571312));
#10530=DIRECTION('',(-0.840300748138485,0.485147863137998,0.241921895599668));
#10531=DIRECTION('',(0.209510507320999,-0.120960947799834,0.970295726275996));
#10532=DIRECTION('',(0.977473050203865,0.,-0.211060266571312));
#10533=DIRECTION('',(0.240628966651578,-0.955423779598836,-0.171064612896029));
#10534=DIRECTION('',(-0.209510507320999,0.120960947799834,-0.970295726275996));
#10535=DIRECTION('',(-0.977473050203865,0.,0.211060266571312));
#10536=DIRECTION('',(-0.947735747838126,-0.269321091792753,0.171064612896029));
#10537=DIRECTION('',(-0.209510507320999,0.120960947799834,-0.970295726275996));
#10538=DIRECTION('',(-0.977473050203865,0.,0.211060266571312));
#10539=DIRECTION('',(-0.240628966651578,0.955423779598836,0.171064612896029));
#10540=DIRECTION('',(-0.209510507320999,0.120960947799834,-0.970295726275996));
#10541=DIRECTION('',(-0.977473050203865,0.,0.211060266571312));
#10542=DIRECTION('',(0.499999999999983,0.866025403784449,5.16916335425669E-15));
#10543=DIRECTION('',(-0.209510507320999,0.120960947799834,-0.970295726275996));
#10544=DIRECTION('',(-0.977473050203865,0.,0.211060266571312));
#10545=DIRECTION('',(0.240628966651576,-0.955423779598837,-0.171064612896029));
#10546=DIRECTION('',(-0.209510507320999,0.120960947799834,-0.970295726275996));
#10547=DIRECTION('',(-0.977473050203865,0.,0.211060266571312));
#10548=DIRECTION('',(-0.947735747838126,-0.269321091792752,0.171064612896029));
#10549=DIRECTION('',(-0.209510507320999,0.120960947799834,-0.970295726275996));
#10550=DIRECTION('',(-0.977473050203865,0.,0.211060266571312));
#10551=DIRECTION('',(-0.240628966651577,0.955423779598837,0.171064612896029));
#10552=DIRECTION('',(0.209510507320999,-0.120960947799834,0.970295726275996));
#10553=DIRECTION('',(0.977473050203865,0.,-0.211060266571312));
#10554=DIRECTION('',(0.5,0.866025403784439,2.57609064495616E-16));
#10555=DIRECTION('',(0.209510507320999,-0.120960947799834,0.970295726275996));
#10556=DIRECTION('',(0.977473050203865,0.,-0.211060266571312));
#10557=DIRECTION('',(0.209510507320999,-0.120960947799834,0.970295726275996));
#10558=DIRECTION('',(0.977473050203865,0.,-0.211060266571312));
#10559=DIRECTION('',(0.5,0.866025403784438,-2.96242280401925E-16));
#10560=DIRECTION('',(0.840300748138485,-0.485147863137998,-0.241921895599668));
#10561=DIRECTION('',(0.5,0.866025403784439,9.52971748138974E-17));
#10562=DIRECTION('',(0.840300748138485,-0.485147863137998,-0.241921895599668));
#10563=DIRECTION('',(-0.5,-0.866025403784439,-9.00230564090347E-17));
#10564=DIRECTION('',(-0.840300748138485,0.485147863137999,0.241921895599668));
#10565=DIRECTION('',(-0.5,-0.866025403784439,-2.99697852084105E-16));
#10566=DIRECTION('',(0.209510507320999,-0.120960947799834,0.970295726275996));
#10567=DIRECTION('',(0.977473050203865,0.,-0.211060266571312));
#10568=DIRECTION('',(-0.840300748138485,0.485147863137998,0.241921895599668));
#10569=DIRECTION('',(0.209510507320999,-0.120960947799834,0.970295726275996));
#10570=DIRECTION('',(0.977473050203865,0.,-0.211060266571312));
#10571=DIRECTION('',(0.5,0.866025403784439,1.1118003728288E-16));
#10572=DIRECTION('',(-0.840300748138485,0.485147863137998,0.241921895599668));
#10573=DIRECTION('',(0.5,0.866025403784438,-2.96242280401925E-16));
#10574=DIRECTION('',(0.840300748138485,-0.485147863137998,-0.241921895599668));
#10575=DIRECTION('',(0.5,0.866025403784439,9.52971748138974E-17));
#10576=DIRECTION('',(0.840300748138485,-0.485147863137998,-0.241921895599668));
#10577=DIRECTION('',(-0.5,-0.866025403784439,-9.00230564090347E-17));
#10578=DIRECTION('',(-0.209510507320999,0.120960947799834,-0.970295726275996));
#10579=DIRECTION('',(-0.977473050203865,0.,0.211060266571312));
#10580=DIRECTION('',(-0.5,-0.866025403784439,-9.00230564090347E-17));
#10581=DIRECTION('',(-0.840300748138485,0.485147863137999,0.241921895599668));
#10582=DIRECTION('',(-1.,0.,0.));
#10583=DIRECTION('',(0.,0.,-1.));
#10584=DIRECTION('',(0.,0.,-1.));
#10585=DIRECTION('',(0.,1.,0.));
#10586=DIRECTION('',(0.,-4.55522349924369E-17,-1.));
#10587=DIRECTION('',(0.,1.,0.));
#10588=DIRECTION('',(0.,0.,-1.));
#10589=DIRECTION('',(0.,-1.,0.));
#10590=DIRECTION('',(0.,0.,-1.));
#10591=DIRECTION('',(1.,0.,0.));
#10592=DIRECTION('',(-0.139173100960065,0.,0.99026806874157));
#10593=DIRECTION('',(-0.99026806874157,0.,-0.139173100960065));
#10594=DIRECTION('',(0.,0.,-1.));
#10595=DIRECTION('',(-1.,0.,0.));
#10596=DIRECTION('',(0.,0.,-1.));
#10597=DIRECTION('',(0.,0.,-1.));
#10598=DIRECTION('',(1.,0.,0.));
#10599=DIRECTION('',(0.,0.,-1.));
#10600=DIRECTION('',(-0.139173100960065,0.,0.99026806874157));
#10601=DIRECTION('',(-0.99026806874157,0.,-0.139173100960065));
#10602=DIRECTION('',(0.,0.,-1.));
#10603=DIRECTION('',(0.,0.,-1.));
#10604=DIRECTION('',(1.,0.,0.));
#10605=DIRECTION('',(-0.139173100960065,0.,0.99026806874157));
#10606=DIRECTION('',(-0.99026806874157,0.,-0.139173100960065));
#10607=DIRECTION('',(0.,0.,-1.));
#10608=DIRECTION('',(0.,0.,-1.));
#10609=DIRECTION('',(-1.,0.,0.));
#10610=DIRECTION('',(0.,0.,-1.));
#10611=DIRECTION('',(-0.139173100960065,0.,0.99026806874157));
#10612=DIRECTION('',(-0.99026806874157,0.,-0.139173100960065));
#10613=DIRECTION('',(0.,-1.,0.));
#10614=DIRECTION('',(-0.99026806874157,1.52697001453886E-16,-0.139173100960065));
#10615=DIRECTION('',(7.84220644741725E-32,1.,1.1021502400285E-32));
#10616=DIRECTION('',(0.859681241989298,-0.496337196479793,0.120820319327164));
#10617=DIRECTION('',(0.,0.,-1.));
#10618=DIRECTION('',(1.,0.,0.));
#10619=DIRECTION('',(0.,0.,-1.));
#10620=DIRECTION('',(-0.139173100960065,0.,0.99026806874157));
#10621=DIRECTION('',(-0.99026806874157,0.,-0.139173100960065));
#10622=DIRECTION('',(0.,0.,-1.));
#10623=DIRECTION('',(-1.,7.84220644741725E-32,-2.28253088944317E-16));
#10624=DIRECTION('',(2.28253088944317E-16,0.,-1.));
#10625=DIRECTION('',(2.28253088944317E-16,3.95345947036096E-16,-1.));
#10626=DIRECTION('',(7.84220644741725E-32,1.,1.1021502400285E-32));
#10627=DIRECTION('',(-2.28253088944317E-16,3.51960881649714E-32,1.));
#10628=DIRECTION('',(1.,-7.84220644741725E-32,2.28253088944317E-16));
#10629=DIRECTION('',(2.28253088944317E-16,0.,-1.));
#10630=DIRECTION('',(1.18168691384325E-32,-1.,-3.95345947036096E-16));
#10631=DIRECTION('',(2.28253088944317E-16,3.95345947036096E-16,-1.));
#10632=DIRECTION('',(0.,1.,3.95345947036096E-16));
#10633=DIRECTION('',(-0.139173100960065,0.,0.99026806874157));
#10634=DIRECTION('',(-0.99026806874157,2.84067786309898E-15,-0.139173100960065));
#10635=DIRECTION('',(2.28253088944317E-16,3.95345947036096E-16,-1.));
#10636=DIRECTION('',(-2.28253088944317E-16,-3.95345947036096E-16,1.));
#10637=DIRECTION('',(0.,1.,3.95345947036096E-16));
#10638=DIRECTION('',(2.28253088944317E-16,3.95345947036096E-16,-1.));
#10639=DIRECTION('',(-0.840300748138485,0.485147863137998,0.241921895599668));
#10640=DIRECTION('',(0.5,0.866025403784439,0.));
#10641=DIRECTION('',(0.5,0.866025403784439,4.45024600907167E-16));
#10642=DIRECTION('',(0.209510507320999,-0.120960947799834,0.970295726275997));
#10643=DIRECTION('',(0.209510507320999,-0.120960947799834,0.970295726275996));
#10644=DIRECTION('',(0.5,0.866025403784439,1.41537687769413E-16));
#10645=DIRECTION('',(0.209510507320999,-0.120960947799834,0.970295726275996));
#10646=DIRECTION('',(0.5,0.866025403784439,1.48121140200962E-16));
#10647=DIRECTION('',(-0.209510507320999,0.120960947799834,-0.970295726275997));
#10648=DIRECTION('',(-0.139173100960065,0.,0.99026806874157));
#10649=DIRECTION('',(-0.99026806874157,0.,-0.139173100960065));
#10650=DIRECTION('',(-0.99026806874157,-3.27306316222039E-16,-0.139173100960065));
#10651=DIRECTION('',(0.,-1.,0.));
#10652=DIRECTION('',(-0.99026806874157,0.,-0.139173100960065));
#10653=DIRECTION('',(0.,1.,0.));
#10654=DIRECTION('',(-0.99026806874157,0.,-0.139173100960065));
#10655=DIRECTION('',(0.,1.,0.));
#10656=DIRECTION('',(0.99026806874157,-4.90811790387491E-16,0.139173100960065));
#10657=DIRECTION('',(0.,-1.,0.));
#10658=DIRECTION('',(-0.99026806874157,0.,-0.139173100960065));
#10659=DIRECTION('',(0.,1.,0.));
#10660=DIRECTION('',(-0.99026806874157,0.,-0.139173100960065));
#10661=DIRECTION('',(0.,1.,0.));
#10662=DIRECTION('',(0.99026806874157,0.,0.139173100960065));
#10663=DIRECTION('',(0.,1.,0.));
#10664=DIRECTION('',(0.99026806874157,-1.25704599708465E-16,0.139173100960065));
#10665=DIRECTION('',(0.,1.,0.));
#10666=DIRECTION('',(-0.99026806874157,0.,-0.139173100960065));
#10667=DIRECTION('',(0.,1.,0.));
#10668=DIRECTION('',(-0.99026806874157,0.,-0.139173100960065));
#10669=DIRECTION('',(0.,1.,0.));
#10670=DIRECTION('',(0.99026806874157,0.,0.139173100960065));
#10671=DIRECTION('',(0.,1.,0.));
#10672=DIRECTION('',(0.99026806874157,-1.25704599708465E-16,0.139173100960065));
#10673=DIRECTION('',(0.859681241989298,-0.496337196479793,0.120820319327164));
#10674=DIRECTION('',(-0.99026806874157,0.,-0.139173100960065));
#10675=DIRECTION('',(0.,1.,0.));
#10676=DIRECTION('',(0.859681241989298,-0.496337196479793,0.120820319327164));
#10677=DIRECTION('',(0.,1.,0.));
#10678=DIRECTION('',(-0.99026806874157,0.,-0.139173100960065));
#10679=DIRECTION('',(0.,1.,0.));
#10680=DIRECTION('',(-0.99026806874157,0.,-0.139173100960065));
#10681=DIRECTION('',(0.139173100960065,0.,-0.99026806874157));
#10682=DIRECTION('',(-0.99026806874157,0.,-0.139173100960065));
#10683=DIRECTION('',(0.209510507320999,-0.120960947799834,0.970295726275996));
#10684=DIRECTION('',(-0.977806395623437,-0.025917798915003,0.20790122745502));
#10685=DIRECTION('',(0.840300748138485,-0.485147863137999,-0.241921895599668));
#10686=DIRECTION('',(-0.840300748138486,0.485147863137996,0.241921895599668));
#10687=DIRECTION('',(0.,-0.992318858435517,-0.123706439578676));
#10688=DIRECTION('',(1.,0.,0.));
#10689=DIRECTION('',(0.,0.,1.));
#10690=DIRECTION('',(0.,5.27127929381461E-16,-1.));
#10691=DIRECTION('',(0.,0.,-1.));
#10692=DIRECTION('',(0.,1.,0.));
#10693=DIRECTION('',(0.,0.,-1.));
#10694=DIRECTION('',(-1.,0.,0.));
#10695=DIRECTION('',(0.,0.,1.));
#10696=DIRECTION('',(-1.,0.,0.));
#10697=DIRECTION('',(0.,0.,1.));
#10698=DIRECTION('',(-1.,0.,0.));
#10699=DIRECTION('',(0.,0.,1.));
#10700=DIRECTION('',(-1.,0.,0.));
#10701=DIRECTION('',(0.,0.,1.));
#10702=DIRECTION('',(0.,0.,-1.));
#10703=DIRECTION('',(0.,-1.,0.));
#10704=DIRECTION('',(0.,0.,-1.));
#10705=DIRECTION('',(-1.,0.,0.));
#10706=DIRECTION('',(0.,0.,1.));
#10707=DIRECTION('',(0.,-1.,0.));
#10708=DIRECTION('',(-1.,0.,0.));
#10709=DIRECTION('',(0.,0.,1.));
#10710=DIRECTION('',(-1.54197642309049E-16,-1.,0.));
#10711=DIRECTION('',(-1.,1.54197642309049E-16,0.));
#10712=DIRECTION('',(-0.99026806874157,1.52697001453886E-16,-0.139173100960065));
#10713=DIRECTION('',(-0.139173100960065,2.14601640408814E-17,0.99026806874157));
#10714=DIRECTION('',(-2.28253088944317E-16,3.51960881649714E-32,1.));
#10715=DIRECTION('',(0.139173100960065,-2.14601640408814E-17,-0.99026806874157));
#10716=DIRECTION('',(-0.99026806874157,1.52697001453886E-16,-0.139173100960065));
#10717=DIRECTION('',(-1.,1.54197642309049E-16,0.));
#10718=DIRECTION('',(0.,0.,-1.));
#10719=DIRECTION('',(1.,-1.54197642309049E-16,0.));
#10720=DIRECTION('',(0.,0.,1.));
#10721=DIRECTION('',(1.,-1.54197642309049E-16,0.));
#10722=DIRECTION('',(0.,0.,-1.));
#10723=DIRECTION('',(-0.99026806874157,1.52697001453886E-16,-0.139173100960065));
#10724=DIRECTION('',(0.139173100960065,-2.14601640408814E-17,-0.99026806874157));
#10725=DIRECTION('',(-0.99026806874157,1.52697001453886E-16,-0.139173100960065));
#10726=DIRECTION('',(-1.,1.54197642309049E-16,-2.28253088944317E-16));
#10727=DIRECTION('',(-1.,0.,0.));
#10728=DIRECTION('',(0.,0.,-1.));
#10729=DIRECTION('',(0.,0.,-1.));
#10730=DIRECTION('',(0.,-1.,0.));
#10731=DIRECTION('',(0.,0.,-1.));
#10732=DIRECTION('',(0.,-1.,0.));
#10733=DIRECTION('',(0.,0.,1.));
#10734=DIRECTION('',(0.,-1.,0.));
#10735=DIRECTION('',(0.,0.,-1.));
#10736=DIRECTION('',(0.,-1.,0.));
#10737=DIRECTION('',(1.,0.,0.));
#10738=DIRECTION('',(0.,0.,1.));
#10739=DIRECTION('',(0.,0.,-1.));
#10740=DIRECTION('',(0.,1.,0.));
#10741=DIRECTION('',(0.,0.,-1.));
#10742=DIRECTION('',(0.,1.,0.));
#10743=DIRECTION('',(0.,1.,0.));
#10744=DIRECTION('',(0.,0.,1.));
#10745=DIRECTION('',(-1.,0.,0.));
#10746=DIRECTION('',(-1.,0.,0.));
#10747=DIRECTION('',(0.,0.,-1.));
#10748=DIRECTION('',(-1.,0.,0.));
#10749=DIRECTION('',(0.,0.,1.));
#10750=DIRECTION('',(0.,-1.,0.));
#10751=DIRECTION('',(0.,0.,1.));
#10752=DIRECTION('',(-1.,0.,0.));
#10753=DIRECTION('',(0.,-1.,0.));
#10754=DIRECTION('',(0.,0.,1.));
#10755=DIRECTION('',(0.,0.,1.));
#10756=DIRECTION('',(-1.,0.,0.));
#10757=DIRECTION('',(0.,0.,1.));
#10758=DIRECTION('',(0.,-1.,0.));
#10759=DIRECTION('',(0.,0.,1.));
#10760=DIRECTION('',(-1.,0.,0.));
#10761=DIRECTION('',(0.,-1.,0.));
#10762=DIRECTION('',(0.,0.,1.));
#10763=DIRECTION('',(0.,0.,1.));
#10764=DIRECTION('',(-1.,0.,0.));
#10765=DIRECTION('',(0.,0.,1.));
#10766=DIRECTION('',(0.,-1.,0.));
#10767=DIRECTION('',(0.,0.,1.));
#10768=DIRECTION('',(-1.,0.,0.));
#10769=DIRECTION('',(0.,-1.,0.));
#10770=DIRECTION('',(0.,0.,1.));
#10771=DIRECTION('',(0.,0.,1.));
#10772=DIRECTION('',(-1.,0.,0.));
#10773=DIRECTION('',(0.,0.,1.));
#10774=DIRECTION('',(0.,-1.,0.));
#10775=DIRECTION('',(0.,0.,1.));
#10776=DIRECTION('',(0.,1.,0.));
#10777=DIRECTION('',(0.,0.,1.));
#10778=DIRECTION('',(0.,0.,-1.));
#10779=DIRECTION('',(-1.,0.,0.));
#10780=DIRECTION('',(-1.,0.,0.));
#10781=DIRECTION('',(0.,-1.,0.));
#10782=DIRECTION('',(0.,0.,1.));
#10783=DIRECTION('',(0.,0.,1.));
#10784=DIRECTION('',(-1.,0.,0.));
#10785=DIRECTION('',(-0.139173100960065,0.,0.99026806874157));
#10786=DIRECTION('',(-0.99026806874157,0.,-0.139173100960065));
#10787=DIRECTION('',(0.498770070223378,0.863895102921586,0.0700975619937639));
#10788=DIRECTION('',(-0.99026806874157,-2.16840434497101E-16,-0.139173100960065));
#10789=DIRECTION('',(-0.99026806874157,1.74574756921757E-16,-0.139173100960065));
#10790=DIRECTION('',(-0.498770070223375,-0.863895102921587,-0.0700975619937635));
#10791=DIRECTION('',(0.,1.,0.));
#10792=DIRECTION('',(-0.859681241989298,0.496337196479793,-0.120820319327164));
#10793=DIRECTION('',(0.,1.,0.));
#10794=DIRECTION('',(0.99026806874157,0.,0.139173100960065));
#10795=DIRECTION('',(0.,1.,0.));
#10796=DIRECTION('',(0.99026806874157,-1.25704599708465E-16,0.139173100960065));
#10797=DIRECTION('',(0.139173100960065,0.,-0.99026806874157));
#10798=DIRECTION('',(-0.99026806874157,0.,-0.139173100960065));
#10799=DIRECTION('',(0.,-1.,0.));
#10800=DIRECTION('',(-0.99026806874157,-3.27306316222039E-16,-0.139173100960065));
#10801=DIRECTION('',(0.,-1.,0.));
#10802=DIRECTION('',(-0.859681241989298,0.496337196479793,-0.120820319327164));
#10803=DIRECTION('',(0.99026806874157,1.25704599708465E-16,0.139173100960065));
#10804=DIRECTION('',(0.,-1.,0.));
#10805=DIRECTION('',(0.139173100960065,0.,-0.99026806874157));
#10806=DIRECTION('',(-0.99026806874157,0.,-0.139173100960065));
#10807=DIRECTION('',(0.99026806874157,3.77113799125394E-16,0.139173100960065));
#10808=DIRECTION('',(0.,-1.,0.));
#10809=DIRECTION('',(-0.99026806874157,0.,-0.139173100960065));
#10810=DIRECTION('',(0.,1.,0.));
#10811=DIRECTION('',(0.139173100960065,0.,-0.99026806874157));
#10812=DIRECTION('',(-0.99026806874157,0.,-0.139173100960065));
#10813=DIRECTION('',(0.703640787534027,-0.703640787534027,0.0988902636106802));
#10814=DIRECTION('',(0.99026806874157,3.77113799125394E-16,0.139173100960065));
#10815=DIRECTION('',(0.,-1.,0.));
#10816=DIRECTION('',(0.703640787534027,-0.703640787534027,0.0988902636106802));
#10817=DIRECTION('',(0.99026806874157,0.,0.139173100960065));
#10818=DIRECTION('',(0.,1.,0.));
#10819=DIRECTION('',(0.99026806874157,6.28522998542323E-17,0.139173100960065));
#10820=DIRECTION('',(0.,-1.,0.));
#10821=DIRECTION('',(-0.99026806874157,0.,-0.139173100960065));
#10822=DIRECTION('',(0.139173100960065,0.,-0.99026806874157));
#10823=DIRECTION('',(-0.99026806874157,0.,-0.139173100960065));
#10824=DIRECTION('',(0.,-1.,0.));
#10825=DIRECTION('',(0.139173100960065,0.,-0.99026806874157));
#10826=DIRECTION('',(-0.99026806874157,0.,-0.139173100960065));
#10827=DIRECTION('',(0.99026806874157,0.,0.139173100960065));
#10828=DIRECTION('',(0.,-1.,0.));
#10829=DIRECTION('',(-0.99026806874157,0.,-0.139173100960065));
#10830=DIRECTION('',(0.,1.,0.));
#10831=DIRECTION('',(0.99026806874157,-1.81909293102329E-16,0.139173100960065));
#10832=DIRECTION('',(0.,1.,0.));
#10833=DIRECTION('',(0.99026806874157,-1.09264345737746E-16,0.139173100960065));
#10834=DIRECTION('',(0.859681241989297,-0.496337196479794,0.120820319327164));
#10835=DIRECTION('',(0.,1.,0.));
#10836=DIRECTION('',(-0.859681241989296,0.496337196479795,-0.120820319327164));
#10837=DIRECTION('',(0.99026806874157,3.92826874088952E-16,0.139173100960065));
#10838=DIRECTION('',(0.139173100960065,0.,-0.99026806874157));
#10839=DIRECTION('',(-0.99026806874157,0.,-0.139173100960065));
#10840=DIRECTION('',(0.,-1.,0.));
#10841=DIRECTION('',(-0.99026806874157,0.,-0.139173100960065));
#10842=DIRECTION('',(0.,-1.,0.));
#10843=DIRECTION('',(-0.99026806874157,0.,-0.139173100960065));
#10844=DIRECTION('',(0.,1.,0.));
#10845=DIRECTION('',(-0.99026806874157,0.,-0.139173100960065));
#10846=DIRECTION('',(0.,1.,0.));
#10847=DIRECTION('',(0.99026806874157,0.,0.139173100960065));
#10848=DIRECTION('',(0.,1.,0.));
#10849=DIRECTION('',(-0.99026806874157,-6.54612632444078E-16,-0.139173100960065));
#10850=DIRECTION('',(0.,-1.,0.));
#10851=DIRECTION('',(-0.99026806874157,0.,-0.139173100960065));
#10852=DIRECTION('',(-2.93482112873022E-16,1.,-4.1246221113396E-17));
#10853=DIRECTION('',(-0.99026806874157,0.,-0.139173100960065));
#10854=DIRECTION('',(0.,1.,0.));
#10855=DIRECTION('',(0.99026806874157,0.,0.139173100960065));
#10856=DIRECTION('',(0.,1.,0.));
#10857=DIRECTION('',(0.99026806874157,3.84970336607173E-16,0.139173100960065));
#10858=DIRECTION('',(0.,-1.,0.));
#10859=DIRECTION('',(-0.99026806874157,-6.54612632444078E-16,-0.139173100960065));
#10860=DIRECTION('',(0.,-1.,0.));
#10861=DIRECTION('',(-0.99026806874157,0.,-0.139173100960065));
#10862=DIRECTION('',(-2.93482112873022E-16,1.,-4.1246221113396E-17));
#10863=DIRECTION('',(-0.99026806874157,0.,-0.139173100960065));
#10864=DIRECTION('',(0.,1.,0.));
#10865=DIRECTION('',(0.99026806874157,0.,0.139173100960065));
#10866=DIRECTION('',(0.,1.,0.));
#10867=DIRECTION('',(0.99026806874157,3.84970336607173E-16,0.139173100960065));
#10868=DIRECTION('',(0.,-1.,0.));
#10869=DIRECTION('',(-0.99026806874157,0.,-0.139173100960065));
#10870=DIRECTION('',(0.,-1.,0.));
#10871=DIRECTION('',(-0.99026806874157,0.,-0.139173100960065));
#10872=DIRECTION('',(0.,1.,0.));
#10873=DIRECTION('',(-0.99026806874157,0.,-0.139173100960065));
#10874=DIRECTION('',(0.,1.,0.));
#10875=DIRECTION('',(0.99026806874157,0.,0.139173100960065));
#10876=DIRECTION('',(0.,1.,0.));
#10877=DIRECTION('',(0.99026806874157,3.92826874088952E-16,0.139173100960065));
#10878=DIRECTION('',(0.,-1.,0.));
#10879=DIRECTION('',(-0.99026806874157,0.,-0.139173100960065));
#10880=DIRECTION('',(0.,-1.,0.));
#10881=DIRECTION('',(-0.99026806874157,0.,-0.139173100960065));
#10882=DIRECTION('',(0.,1.,0.));
#10883=DIRECTION('',(-0.99026806874157,0.,-0.139173100960065));
#10884=DIRECTION('',(0.,1.,0.));
#10885=DIRECTION('',(0.99026806874157,0.,0.139173100960065));
#10886=DIRECTION('',(0.,1.,0.));
#10887=DIRECTION('',(0.99026806874157,6.28522998542323E-17,0.139173100960065));
#10888=DIRECTION('',(0.,-1.,0.));
#10889=DIRECTION('',(0.99026806874157,3.92826874088952E-16,0.139173100960065));
#10890=DIRECTION('',(0.139173100960065,0.,-0.99026806874157));
#10891=DIRECTION('',(-0.99026806874157,0.,-0.139173100960065));
#10892=DIRECTION('',(0.,-1.,0.));
#10893=DIRECTION('',(-0.99026806874157,0.,-0.139173100960065));
#10894=DIRECTION('',(0.,-1.,0.));
#10895=DIRECTION('',(-0.99026806874157,0.,-0.139173100960065));
#10896=DIRECTION('',(0.,1.,0.));
#10897=DIRECTION('',(-0.99026806874157,0.,-0.139173100960065));
#10898=DIRECTION('',(0.,1.,0.));
#10899=DIRECTION('',(0.99026806874157,0.,0.139173100960065));
#10900=DIRECTION('',(0.,1.,0.));
#10901=DIRECTION('',(-0.99026806874157,-6.54612632444078E-16,-0.139173100960065));
#10902=DIRECTION('',(0.,-1.,0.));
#10903=DIRECTION('',(-0.99026806874157,0.,-0.139173100960065));
#10904=DIRECTION('',(-2.93482112873022E-16,1.,-4.1246221113396E-17));
#10905=DIRECTION('',(-0.99026806874157,0.,-0.139173100960065));
#10906=DIRECTION('',(0.,1.,0.));
#10907=DIRECTION('',(0.99026806874157,0.,0.139173100960065));
#10908=DIRECTION('',(0.,1.,0.));
#10909=DIRECTION('',(0.99026806874157,3.84970336607173E-16,0.139173100960065));
#10910=DIRECTION('',(0.,-1.,0.));
#10911=DIRECTION('',(-0.99026806874157,0.,-0.139173100960065));
#10912=DIRECTION('',(0.,-1.,0.));
#10913=DIRECTION('',(-0.99026806874157,0.,-0.139173100960065));
#10914=DIRECTION('',(0.,1.,0.));
#10915=DIRECTION('',(-0.99026806874157,0.,-0.139173100960065));
#10916=DIRECTION('',(0.,1.,0.));
#10917=DIRECTION('',(0.99026806874157,0.,0.139173100960065));
#10918=DIRECTION('',(0.,1.,0.));
#10919=DIRECTION('',(0.99026806874157,6.28522998542323E-17,0.139173100960065));
#10920=DIRECTION('',(0.,-1.,0.));
#10921=DIRECTION('',(-0.99026806874157,0.,-0.139173100960065));
#10922=DIRECTION('',(0.,-1.,0.));
#10923=DIRECTION('',(-0.99026806874157,0.,-0.139173100960065));
#10924=DIRECTION('',(0.,1.,0.));
#10925=DIRECTION('',(-0.99026806874157,0.,-0.139173100960065));
#10926=DIRECTION('',(0.,1.,0.));
#10927=DIRECTION('',(0.99026806874157,0.,0.139173100960065));
#10928=DIRECTION('',(0.,1.,0.));
#10929=DIRECTION('',(0.99026806874157,3.77113799125394E-16,0.139173100960065));
#10930=DIRECTION('',(0.,-1.,0.));
#10931=DIRECTION('',(-0.99026806874157,-3.27306316222039E-16,-0.139173100960065));
#10932=DIRECTION('',(0.,-1.,0.));
#10933=DIRECTION('',(-0.99026806874157,0.,-0.139173100960065));
#10934=DIRECTION('',(0.,1.,0.));
#10935=DIRECTION('',(-0.99026806874157,0.,-0.139173100960065));
#10936=DIRECTION('',(0.,1.,0.));
#10937=DIRECTION('',(0.99026806874157,0.,0.139173100960065));
#10938=DIRECTION('',(0.,1.,0.));
#10939=DIRECTION('',(0.99026806874157,1.25704599708465E-16,0.139173100960065));
#10940=DIRECTION('',(0.,-1.,0.));
#10941=DIRECTION('',(-0.99026806874157,-6.54612632444078E-16,-0.139173100960065));
#10942=DIRECTION('',(0.,-1.,0.));
#10943=DIRECTION('',(-0.99026806874157,0.,-0.139173100960065));
#10944=DIRECTION('',(-2.93482112873022E-16,1.,-4.1246221113396E-17));
#10945=DIRECTION('',(-0.99026806874157,0.,-0.139173100960065));
#10946=DIRECTION('',(0.,1.,0.));
#10947=DIRECTION('',(0.99026806874157,0.,0.139173100960065));
#10948=DIRECTION('',(0.,1.,0.));
#10949=DIRECTION('',(0.99026806874157,3.84970336607173E-16,0.139173100960065));
#10950=DIRECTION('',(0.,-1.,0.));
#10951=DIRECTION('',(-0.99026806874157,0.,-0.139173100960065));
#10952=DIRECTION('',(0.,-1.,0.));
#10953=DIRECTION('',(-0.99026806874157,0.,-0.139173100960065));
#10954=DIRECTION('',(0.,1.,0.));
#10955=DIRECTION('',(-0.99026806874157,0.,-0.139173100960065));
#10956=DIRECTION('',(0.,1.,0.));
#10957=DIRECTION('',(0.99026806874157,0.,0.139173100960065));
#10958=DIRECTION('',(0.,1.,0.));
#10959=DIRECTION('',(0.99026806874157,3.92826874088952E-16,0.139173100960065));
#10960=DIRECTION('',(0.,-1.,0.));
#10961=DIRECTION('',(-0.99026806874157,0.,-0.139173100960065));
#10962=DIRECTION('',(0.,-1.,0.));
#10963=DIRECTION('',(-0.99026806874157,0.,-0.139173100960065));
#10964=DIRECTION('',(0.,1.,0.));
#10965=DIRECTION('',(-0.99026806874157,0.,-0.139173100960065));
#10966=DIRECTION('',(0.,1.,0.));
#10967=DIRECTION('',(0.99026806874157,0.,0.139173100960065));
#10968=DIRECTION('',(0.,1.,0.));
#10969=DIRECTION('',(0.99026806874157,6.28522998542323E-17,0.139173100960065));
#10970=DIRECTION('',(0.,-1.,0.));
#10971=DIRECTION('',(-0.99026806874157,0.,-0.139173100960065));
#10972=DIRECTION('',(0.,-1.,0.));
#10973=DIRECTION('',(-0.99026806874157,0.,-0.139173100960065));
#10974=DIRECTION('',(0.,1.,0.));
#10975=DIRECTION('',(-0.99026806874157,0.,-0.139173100960065));
#10976=DIRECTION('',(0.,1.,0.));
#10977=DIRECTION('',(0.99026806874157,0.,0.139173100960065));
#10978=DIRECTION('',(0.,1.,0.));
#10979=DIRECTION('',(0.99026806874157,3.77113799125394E-16,0.139173100960065));
#10980=DIRECTION('',(0.,-1.,0.));
#10981=DIRECTION('',(-0.99026806874157,-3.27306316222039E-16,-0.139173100960065));
#10982=DIRECTION('',(0.,-1.,0.));
#10983=DIRECTION('',(-0.99026806874157,0.,-0.139173100960065));
#10984=DIRECTION('',(0.,1.,0.));
#10985=DIRECTION('',(-0.99026806874157,0.,-0.139173100960065));
#10986=DIRECTION('',(0.,1.,0.));
#10987=DIRECTION('',(0.99026806874157,0.,0.139173100960065));
#10988=DIRECTION('',(0.,1.,0.));
#10989=DIRECTION('',(0.99026806874157,1.25704599708465E-16,0.139173100960065));
#10990=DIRECTION('',(0.,-1.,0.));
#10991=DIRECTION('',(-0.99026806874157,-3.27306316222039E-16,-0.139173100960065));
#10992=DIRECTION('',(0.,-1.,0.));
#10993=DIRECTION('',(-0.99026806874157,0.,-0.139173100960065));
#10994=DIRECTION('',(0.,1.,0.));
#10995=DIRECTION('',(-0.99026806874157,0.,-0.139173100960065));
#10996=DIRECTION('',(0.,1.,0.));
#10997=DIRECTION('',(0.99026806874157,0.,0.139173100960065));
#10998=DIRECTION('',(0.,1.,0.));
#10999=DIRECTION('',(0.99026806874157,-1.25704599708465E-16,0.139173100960065));
#11000=DIRECTION('',(0.,-1.,0.));
#11001=DIRECTION('',(0.,0.,-1.));
#11002=DIRECTION('',(-1.,0.,0.));
#11003=DIRECTION('',(-1.,1.33440267382831E-16,0.));
#11004=DIRECTION('',(0.,0.,1.));
#11005=DIRECTION('',(1.,0.,0.));
#11006=DIRECTION('',(0.,1.,0.));
#11007=DIRECTION('',(0.,0.,1.));
#11008=DIRECTION('',(1.,0.,0.));
#11009=DIRECTION('',(-1.,-1.66800334228539E-16,0.));
#11010=DIRECTION('',(0.,0.,1.));
#11011=DIRECTION('',(1.,0.,0.));
#11012=DIRECTION('',(0.,1.,0.));
#11013=DIRECTION('',(0.,0.,1.));
#11014=DIRECTION('',(1.,0.,0.));
#11015=DIRECTION('',(0.,1.,0.));
#11016=DIRECTION('',(0.,0.,1.));
#11017=DIRECTION('',(1.,0.,0.));
#11018=DIRECTION('',(-1.,1.54197642309049E-16,0.));
#11019=DIRECTION('',(-1.,0.,0.));
#11020=DIRECTION('',(0.,0.,-1.));
#11021=DIRECTION('',(0.,0.,-1.));
#11022=DIRECTION('',(0.,0.,-1.));
#11023=DIRECTION('',(0.,1.,0.));
#11024=DIRECTION('',(0.5,0.86602540378444,0.));
#11025=DIRECTION('',(0.86602540378444,-0.5,0.));
#11026=DIRECTION('',(0.840300748138485,-0.485147863137999,-0.241921895599668));
#11027=DIRECTION('',(-0.5,-0.86602540378444,0.));
#11028=DIRECTION('',(0.86602540378444,-0.5,0.));
#11029=DIRECTION('',(0.209510507320999,-0.120960947799834,0.970295726275996));
#11030=DIRECTION('',(0.,0.,-1.));
#11031=DIRECTION('',(-0.86602540378444,0.5,0.));
#11032=DIRECTION('',(-0.5,-0.86602540378444,0.));
#11033=DIRECTION('',(0.86602540378444,-0.5,0.));
#11034=DIRECTION('',(0.,0.,-1.));
#11035=DIRECTION('',(-1.,0.,0.));
#11036=DIRECTION('',(0.,0.,1.));
#11037=DIRECTION('',(1.,0.,0.));
#11038=DIRECTION('',(0.,1.,0.));
#11039=DIRECTION('',(0.,0.,1.));
#11040=DIRECTION('',(1.,0.,0.));
#11041=DIRECTION('',(0.,0.,1.));
#11042=DIRECTION('',(1.,0.,0.));
#11043=DIRECTION('',(-1.,1.13134139737618E-16,0.));
#11044=DIRECTION('',(0.,0.,1.));
#11045=DIRECTION('',(1.,0.,0.));
#11046=DIRECTION('',(0.,1.,0.));
#11047=DIRECTION('',(0.,0.,1.));
#11048=DIRECTION('',(1.,0.,0.));
#11049=DIRECTION('',(0.,0.,1.));
#11050=DIRECTION('',(1.,0.,0.));
#11051=DIRECTION('',(-1.,0.,0.));
#11052=DIRECTION('',(0.,0.,1.));
#11053=DIRECTION('',(1.,0.,0.));
#11054=DIRECTION('',(0.,1.,0.));
#11055=DIRECTION('',(0.,0.,1.));
#11056=DIRECTION('',(1.,0.,0.));
#11057=DIRECTION('',(-1.,1.33440267382831E-16,0.));
#11058=DIRECTION('',(0.,0.,1.));
#11059=DIRECTION('',(1.,0.,0.));
#11060=DIRECTION('',(0.,1.,0.));
#11061=DIRECTION('',(0.,0.,1.));
#11062=DIRECTION('',(1.,0.,0.));
#11063=DIRECTION('',(-1.,-1.66800334228539E-16,0.));
#11064=DIRECTION('',(0.,0.,1.));
#11065=DIRECTION('',(1.,0.,0.));
#11066=DIRECTION('',(0.,0.,1.));
#11067=DIRECTION('',(1.,0.,0.));
#11068=DIRECTION('',(0.866025403784438,-0.5,0.));
#11069=DIRECTION('',(-0.5,-0.866025403784439,0.));
#11070=DIRECTION('',(-1.74234817769856E-17,-3.01783556824895E-17,-1.));
#11071=DIRECTION('',(0.,0.,-1.));
#11072=DIRECTION('',(1.,0.,0.));
#11073=DIRECTION('',(0.,0.,1.));
#11074=DIRECTION('',(0.,1.,0.));
#11075=DIRECTION('',(0.,0.,1.));
#11076=DIRECTION('',(0.,1.,0.));
#11077=DIRECTION('',(-0.5,-0.866025403784439,0.));
#11078=DIRECTION('',(-0.866025403784439,0.5,0.));
#11079=DIRECTION('',(0.,0.,-1.));
#11080=DIRECTION('',(0.866025403784439,-0.5,0.));
#11081=DIRECTION('',(0.,0.,1.));
#11082=DIRECTION('',(0.866025403784439,-0.5,0.));
#11083=DIRECTION('',(1.,0.,0.));
#11084=DIRECTION('',(0.,0.,1.));
#11085=DIRECTION('',(0.,-5.27127929381461E-16,1.));
#11086=DIRECTION('',(0.,0.,-1.));
#11087=DIRECTION('',(-0.86602540378444,0.5,0.));
#11088=DIRECTION('',(0.5,0.86602540378444,0.));
#11089=DIRECTION('',(0.,0.,-1.));
#11090=DIRECTION('',(1.76290403005325E-16,1.,0.));
#11091=DIRECTION('',(1.,-1.76290403005325E-16,0.));
#11092=DIRECTION('',(-0.5,-0.866025403784438,0.));
#11093=DIRECTION('',(-0.866025403784438,0.5,0.));
#11094=DIRECTION('',(0.,0.,-1.));
#11095=DIRECTION('',(0.866025403784438,-0.5,0.));
#11096=DIRECTION('',(0.,0.,-1.));
#11097=DIRECTION('',(-1.10338149019183E-16,-1.,0.));
#11098=DIRECTION('',(-1.,1.10338149019183E-16,0.));
#11099=DIRECTION('',(0.,0.,-1.));
#11100=DIRECTION('',(1.,-1.10338149019183E-16,0.));
#11101=DIRECTION('',(1.,0.,0.));
#11102=DIRECTION('',(0.,0.,1.));
#11103=DIRECTION('',(0.,0.,-1.));
#11104=DIRECTION('',(0.,1.,0.));
#11105=DIRECTION('',(-1.83697019872103E-16,-1.,0.));
#11106=DIRECTION('',(-1.,1.83697019872103E-16,0.));
#11107=DIRECTION('',(1.,-1.83697019872103E-16,0.));
#11108=DIRECTION('',(0.,0.,1.));
#11109=DIRECTION('',(1.,-1.83697019872103E-16,0.));
#11110=DIRECTION('',(1.,0.,0.));
#11111=DIRECTION('',(0.,0.,1.));
#11112=DIRECTION('',(0.,0.,-1.));
#11113=DIRECTION('',(0.,1.,0.));
#11114=DIRECTION('',(0.,1.,0.));
#11115=DIRECTION('',(0.,0.,1.));
#11116=DIRECTION('',(-1.,0.,0.));
#11117=DIRECTION('',(1.,0.,0.));
#11118=DIRECTION('',(0.,0.,1.));
#11119=DIRECTION('',(0.,1.,0.));
#11120=DIRECTION('',(-1.,1.08420217248551E-16,0.));
#11121=DIRECTION('',(1.08420217248551E-16,1.,0.));
#11122=DIRECTION('',(0.,0.,-1.));
#11123=DIRECTION('',(-1.08420217248551E-16,-1.,0.));
#11124=DIRECTION('',(-1.21884165795756E-16,-1.,0.));
#11125=DIRECTION('',(-1.21884165795756E-16,-1.,0.));
#11126=DIRECTION('',(0.,1.,0.));
#11127=DIRECTION('',(0.,0.,1.));
#11128=DIRECTION('',(-1.,0.,0.));
#11129=DIRECTION('',(-1.,0.,0.));
#11130=DIRECTION('',(0.,0.,1.));
#11131=DIRECTION('',(-1.,0.,0.));
#11132=DIRECTION('',(1.,0.,0.));
#11133=DIRECTION('',(0.,0.,-1.));
#11134=DIRECTION('',(-1.,0.,0.));
#11135=DIRECTION('',(0.,-1.,0.));
#11136=DIRECTION('',(0.,0.,-1.));
#11137=DIRECTION('',(-1.,0.,0.));
#11138=DIRECTION('',(-1.,0.,0.));
#11139=DIRECTION('',(0.,0.,-1.));
#11140=DIRECTION('',(-1.,0.,0.));
#11141=DIRECTION('',(0.,1.,0.));
#11142=DIRECTION('',(0.,0.,-1.));
#11143=DIRECTION('',(-1.,0.,0.));
#11144=DIRECTION('',(0.,0.,-1.));
#11145=DIRECTION('',(-1.,0.,0.));
#11146=DIRECTION('',(1.,0.,0.));
#11147=DIRECTION('',(0.,0.,-1.));
#11148=DIRECTION('',(-1.,0.,0.));
#11149=DIRECTION('',(0.,-1.,0.));
#11150=DIRECTION('',(0.,0.,-1.));
#11151=DIRECTION('',(-1.,0.,0.));
#11152=DIRECTION('',(1.,0.,0.));
#11153=DIRECTION('',(0.,0.,-1.));
#11154=DIRECTION('',(-1.,0.,0.));
#11155=DIRECTION('',(0.,-1.,0.));
#11156=DIRECTION('',(0.,0.,-1.));
#11157=DIRECTION('',(-1.,0.,0.));
#11158=DIRECTION('',(0.,0.,-1.));
#11159=DIRECTION('',(-1.,0.,0.));
#11160=DIRECTION('',(0.,0.,-1.));
#11161=DIRECTION('',(-1.,0.,0.));
#11162=DIRECTION('',(1.,0.,0.));
#11163=DIRECTION('',(0.,0.,-1.));
#11164=DIRECTION('',(-1.,0.,0.));
#11165=DIRECTION('',(4.95635278850516E-16,1.,0.));
#11166=DIRECTION('',(0.,-1.,0.));
#11167=DIRECTION('',(0.,0.,-1.));
#11168=DIRECTION('',(-1.,0.,0.));
#11169=DIRECTION('',(-1.,0.,0.));
#11170=DIRECTION('',(0.,0.,-1.));
#11171=DIRECTION('',(-1.,0.,0.));
#11172=DIRECTION('',(0.,1.,0.));
#11173=DIRECTION('',(0.,-1.,0.));
#11174=DIRECTION('',(0.,0.,-1.));
#11175=DIRECTION('',(-1.,0.,0.));
#11176=DIRECTION('',(-1.,0.,0.));
#11177=DIRECTION('',(0.,0.,-1.));
#11178=DIRECTION('',(-1.,0.,0.));
#11179=DIRECTION('',(0.,1.,0.));
#11180=DIRECTION('',(0.,-1.,0.));
#11181=DIRECTION('',(0.,0.,-1.));
#11182=DIRECTION('',(-1.,0.,0.));
#11183=DIRECTION('',(-1.,0.,0.));
#11184=DIRECTION('',(0.,0.,-1.));
#11185=DIRECTION('',(-1.,0.,0.));
#11186=DIRECTION('',(0.,1.,0.));
#11187=DIRECTION('',(-1.,0.,0.));
#11188=DIRECTION('',(0.,0.,-1.));
#11189=DIRECTION('',(-1.,0.,0.));
#11190=DIRECTION('',(0.,1.,0.));
#11191=DIRECTION('',(0.,0.,-1.));
#11192=DIRECTION('',(-1.,0.,0.));
#11193=DIRECTION('',(1.,0.,0.));
#11194=DIRECTION('',(-0.707106781186548,0.707106781186548,0.));
#11195=DIRECTION('',(0.,0.,-1.));
#11196=DIRECTION('',(-1.,0.,0.));
#11197=DIRECTION('',(0.,-1.,0.));
#11198=DIRECTION('',(0.,0.,-1.));
#11199=DIRECTION('',(-1.,0.,0.));
#11200=DIRECTION('',(0.,0.,1.));
#11201=DIRECTION('',(1.,0.,0.));
#11202=DIRECTION('',(-1.,1.33440267382831E-16,0.));
#11203=DIRECTION('',(0.,-1.,0.));
#11204=DIRECTION('',(0.,0.,-1.));
#11205=DIRECTION('',(-1.,0.,0.));
#11206=DIRECTION('',(0.,0.,-1.));
#11207=DIRECTION('',(-1.,0.,0.));
#11208=DIRECTION('',(-1.,4.95635278850516E-16,0.));
#11209=DIRECTION('',(0.,1.,0.));
#11210=DIRECTION('',(0.,0.,-1.));
#11211=DIRECTION('',(-1.,0.,0.));
#11212=DIRECTION('',(0.,0.,1.));
#11213=DIRECTION('',(-1.,0.,0.));
#11214=DIRECTION('',(0.5,0.866025403784439,0.));
#11215=DIRECTION('',(0.,0.,1.));
#11216=DIRECTION('',(-1.,0.,0.));
#11217=DIRECTION('',(-0.866025403784439,0.5,0.));
#11218=DIRECTION('',(0.5,0.866025403784439,0.));
#11219=DIRECTION('',(0.5,0.866025403784439,0.));
#11220=DIRECTION('',(0.,0.,1.));
#11221=DIRECTION('',(-1.,0.,0.));
#11222=DIRECTION('',(0.,0.,-1.));
#11223=DIRECTION('',(0.866025403784438,-0.5,0.));
#11224=DIRECTION('',(0.,0.,-1.));
#11225=DIRECTION('',(0.866025403784439,-0.5,0.));
#11226=DIRECTION('',(0.,0.,-1.));
#11227=DIRECTION('',(0.866025403784438,-0.5,0.));
#11228=DIRECTION('',(0.,0.,-1.));
#11229=DIRECTION('',(0.866025403784438,-0.5,0.));
#11230=DIRECTION('',(-1.,0.,0.));
#11231=DIRECTION('',(0.,0.,1.));
#11232=DIRECTION('',(1.,0.,0.));
#11233=DIRECTION('',(0.,0.,1.));
#11234=DIRECTION('',(1.,0.,0.));
#11235=DIRECTION('',(0.,1.,0.));
#11236=DIRECTION('',(0.,0.,1.));
#11237=DIRECTION('',(1.,0.,0.));
#11238=DIRECTION('',(-1.,1.13134139737618E-16,0.));
#11239=DIRECTION('',(0.,0.,1.));
#11240=DIRECTION('',(1.,0.,0.));
#11241=DIRECTION('',(0.,0.,1.));
#11242=DIRECTION('',(1.,0.,0.));
#11243=DIRECTION('',(0.,1.,0.));
#11244=DIRECTION('',(0.,0.,1.));
#11245=DIRECTION('',(1.,0.,0.));
#11246=DIRECTION('',(0.,0.,-1.));
#11247=DIRECTION('',(1.,0.,0.));
#11248=DIRECTION('',(0.,0.,-1.));
#11249=DIRECTION('',(0.,0.,-1.));
#11250=DIRECTION('',(0.,1.,0.));
#11251=DIRECTION('',(0.,0.,1.));
#11252=DIRECTION('',(0.,0.,-1.));
#11253=DIRECTION('',(0.,0.,-1.));
#11254=DIRECTION('',(1.,0.,0.));
#11255=DIRECTION('',(0.,0.,-1.));
#11256=DIRECTION('',(0.,0.,-1.));
#11257=DIRECTION('',(1.,0.,0.));
#11258=DIRECTION('',(0.,0.,-1.));
#11259=DIRECTION('',(1.,0.,0.));
#11260=DIRECTION('',(0.,0.,1.));
#11261=DIRECTION('',(0.,0.,-1.));
#11262=DIRECTION('',(0.,0.,-1.));
#11263=DIRECTION('',(1.,0.,0.));
#11264=DIRECTION('',(0.,0.,-1.));
#11265=DIRECTION('',(1.13134139737618E-16,1.,0.));
#11266=DIRECTION('',(1.,-1.13134139737618E-16,0.));
#11267=DIRECTION('',(0.,0.,-1.));
#11268=DIRECTION('',(0.,0.,-1.));
#11269=DIRECTION('',(1.,0.,0.));
#11270=DIRECTION('',(0.,0.,-1.));
#11271=DIRECTION('',(0.,0.,-1.));
#11272=DIRECTION('',(1.,0.,0.));
#11273=DIRECTION('',(0.,0.,-1.));
#11274=DIRECTION('',(1.,0.,0.));
#11275=DIRECTION('',(0.,0.,1.));
#11276=DIRECTION('',(0.,0.,-1.));
#11277=DIRECTION('',(1.,0.,0.));
#11278=DIRECTION('',(0.,0.,1.));
#11279=DIRECTION('',(1.,0.,0.));
#11280=DIRECTION('',(0.,0.,-1.));
#11281=DIRECTION('',(-1.,0.,0.));
#11282=DIRECTION('',(0.,0.,1.));
#11283=DIRECTION('',(1.,0.,0.));
#11284=DIRECTION('',(0.,0.,-1.));
#11285=DIRECTION('',(1.,0.,0.));
#11286=DIRECTION('',(0.,0.,1.));
#11287=DIRECTION('',(1.,0.,0.));
#11288=DIRECTION('',(0.,0.,-1.));
#11289=DIRECTION('',(-1.,0.,0.));
#11290=DIRECTION('',(0.,0.,1.));
#11291=DIRECTION('',(1.,0.,0.));
#11292=DIRECTION('',(-1.66800334228539E-16,1.,0.));
#11293=DIRECTION('',(1.,1.66800334228539E-16,0.));
#11294=DIRECTION('',(0.,0.,-1.));
#11295=DIRECTION('',(0.,0.,-1.));
#11296=DIRECTION('',(-1.,-1.66800334228539E-16,0.));
#11297=DIRECTION('',(1.,0.,0.));
#11298=DIRECTION('',(0.,0.,1.));
#11299=DIRECTION('',(0.,0.,-1.));
#11300=DIRECTION('',(0.,0.,-1.));
#11301=DIRECTION('',(0.,1.,0.));
#11302=DIRECTION('',(1.33440267382831E-16,1.,0.));
#11303=DIRECTION('',(1.,-1.33440267382831E-16,0.));
#11304=DIRECTION('',(0.,0.,1.));
#11305=DIRECTION('',(0.,0.,-1.));
#11306=DIRECTION('',(0.,0.,-1.));
#11307=DIRECTION('',(-1.,1.33440267382831E-16,0.));
#11308=DIRECTION('',(1.,0.,0.));
#11309=DIRECTION('',(0.,0.,1.));
#11310=DIRECTION('',(0.,0.,-1.));
#11311=DIRECTION('',(0.,0.,-1.));
#11312=DIRECTION('',(0.,1.,0.));
#11313=DIRECTION('',(1.,0.,0.));
#11314=DIRECTION('',(0.,0.,1.));
#11315=DIRECTION('',(-1.,0.,0.));
#11316=DIRECTION('',(0.,0.,1.));
#11317=DIRECTION('',(0.,-0.838443616300637,-0.544988350595414));
#11318=DIRECTION('',(0.,0.,1.));
#11319=DIRECTION('',(-1.,0.,0.));
#11320=DIRECTION('',(0.,0.,1.));
#11321=DIRECTION('',(1.,0.,0.));
#11322=DIRECTION('',(0.,0.,1.));
#11323=DIRECTION('',(-1.,0.,0.));
#11324=DIRECTION('',(0.,0.,1.));
#11325=DIRECTION('',(1.,0.,0.));
#11326=DIRECTION('',(0.,0.,-1.));
#11327=DIRECTION('',(1.,0.,0.));
#11328=DIRECTION('',(0.,0.,1.));
#11329=DIRECTION('',(1.,0.,0.));
#11330=DIRECTION('',(0.,0.,-1.));
#11331=DIRECTION('',(1.,0.,0.));
#11332=DIRECTION('',(0.,0.,1.));
#11333=DIRECTION('',(1.,0.,0.));
#11334=DIRECTION('',(0.,0.,-1.));
#11335=DIRECTION('',(1.,0.,0.));
#11336=DIRECTION('',(0.,-1.,0.));
#11337=DIRECTION('',(0.,0.,1.));
#11338=DIRECTION('',(0.,-1.,0.));
#11339=DIRECTION('',(0.,0.,-1.));
#11340=DIRECTION('',(0.,-1.,0.));
#11341=DIRECTION('',(0.,0.,1.));
#11342=DIRECTION('',(0.,0.,-1.));
#11343=DIRECTION('',(1.,0.,0.));
#11344=DIRECTION('',(1.,0.,0.));
#11345=DIRECTION('',(0.,0.,-1.));
#11346=DIRECTION('',(1.,1.66800334228539E-16,0.));
#11347=DIRECTION('',(1.66800334228539E-16,-1.,0.));
#11348=DIRECTION('',(1.,0.,0.));
#11349=DIRECTION('',(0.,0.,-1.));
#11350=DIRECTION('',(0.,0.,-1.));
#11351=DIRECTION('',(1.,0.,0.));
#11352=DIRECTION('',(0.,1.,0.));
#11353=DIRECTION('',(0.,0.,-1.));
#11354=DIRECTION('',(0.,1.,0.));
#11355=DIRECTION('',(0.,0.,1.));
#11356=DIRECTION('',(0.,1.,0.));
#11357=DIRECTION('',(0.,0.,-1.));
#11358=DIRECTION('',(0.,0.,-1.));
#11359=DIRECTION('',(1.,0.,0.));
#11360=DIRECTION('',(-1.,0.,0.));
#11361=DIRECTION('',(0.,0.,1.));
#11362=DIRECTION('',(-1.,1.33440267382831E-16,0.));
#11363=DIRECTION('',(1.33440267382831E-16,1.,0.));
#11364=DIRECTION('',(0.,0.,-1.));
#11365=DIRECTION('',(1.,0.,0.));
#11366=DIRECTION('',(0.,0.,-1.));
#11367=DIRECTION('',(1.,0.,0.));
#11368=DIRECTION('',(-0.139173100960065,0.,0.99026806874157));
#11369=DIRECTION('',(-0.99026806874157,0.,-0.139173100960065));
#11370=DIRECTION('',(0.139173100960065,0.,-0.99026806874157));
#11371=DIRECTION('',(-0.99026806874157,0.,-0.139173100960065));
#11372=DIRECTION('',(-0.139173100960065,0.,0.99026806874157));
#11373=DIRECTION('',(0.99026806874157,0.,0.139173100960065));
#11374=DIRECTION('',(-0.139173100960065,0.,0.99026806874157));
#11375=DIRECTION('',(-0.139173100960065,0.,0.99026806874157));
#11376=DIRECTION('',(-0.139173100960065,0.,0.99026806874157));
#11377=DIRECTION('',(-0.99026806874157,0.,-0.139173100960065));
#11378=DIRECTION('',(-0.139173100960065,0.,0.99026806874157));
#11379=DIRECTION('',(-0.99026806874157,0.,-0.139173100960065));
#11380=DIRECTION('',(0.139173100960065,0.,-0.99026806874157));
#11381=DIRECTION('',(-0.99026806874157,0.,-0.139173100960065));
#11382=DIRECTION('',(-0.139173100960065,0.,0.99026806874157));
#11383=DIRECTION('',(0.99026806874157,0.,0.139173100960065));
#11384=DIRECTION('',(-0.139173100960065,0.,0.99026806874157));
#11385=DIRECTION('',(-0.139173100960065,0.,0.99026806874157));
#11386=DIRECTION('',(-0.139173100960065,0.,0.99026806874157));
#11387=DIRECTION('',(-0.99026806874157,0.,-0.139173100960065));
#11388=DIRECTION('',(-0.139173100960065,0.,0.99026806874157));
#11389=DIRECTION('',(-0.99026806874157,0.,-0.139173100960065));
#11390=DIRECTION('',(0.139173100960065,0.,-0.99026806874157));
#11391=DIRECTION('',(-0.99026806874157,0.,-0.139173100960065));
#11392=DIRECTION('',(-0.139173100960065,0.,0.99026806874157));
#11393=DIRECTION('',(0.99026806874157,0.,0.139173100960065));
#11394=DIRECTION('',(-0.139173100960065,0.,0.99026806874157));
#11395=DIRECTION('',(-0.139173100960065,0.,0.99026806874157));
#11396=DIRECTION('',(-0.139173100960065,0.,0.99026806874157));
#11397=DIRECTION('',(-0.99026806874157,0.,-0.139173100960065));
#11398=DIRECTION('',(-0.139173100960065,0.,0.99026806874157));
#11399=DIRECTION('',(-0.99026806874157,0.,-0.139173100960065));
#11400=DIRECTION('',(0.139173100960065,0.,-0.99026806874157));
#11401=DIRECTION('',(-0.99026806874157,0.,-0.139173100960065));
#11402=DIRECTION('',(-0.139173100960065,0.,0.99026806874157));
#11403=DIRECTION('',(-0.99026806874157,0.,-0.139173100960065));
#11404=DIRECTION('',(0.947735747838126,0.269321091792751,-0.171064612896029));
#11405=DIRECTION('',(0.273350326851634,-0.961914548600916,0.));
#11406=DIRECTION('',(0.209510507320999,-0.120960947799834,0.970295726275997));
#11407=DIRECTION('',(0.240628966651576,-0.955423779598837,-0.171064612896029));
#11408=DIRECTION('',(0.209510507320999,-0.120960947799834,0.970295726275997));
#11409=DIRECTION('',(0.240628966651577,-0.955423779598836,-0.171064612896029));
#11410=DIRECTION('',(-0.969717598784052,-0.24422894711416,0.));
#11411=DIRECTION('',(0.209510507320999,-0.120960947799834,0.970295726275997));
#11412=DIRECTION('',(-0.947735747838126,-0.269321091792752,0.171064612896029));
#11413=DIRECTION('',(0.209510507320999,-0.120960947799834,0.970295726275997));
#11414=DIRECTION('',(-0.947735747838126,-0.269321091792751,0.171064612896029));
#11415=DIRECTION('',(-0.273350326851635,0.961914548600916,0.));
#11416=DIRECTION('',(-0.240628966651577,0.955423779598837,0.171064612896029));
#11417=DIRECTION('',(0.209510507320999,-0.120960947799834,0.970295726275997));
#11418=DIRECTION('',(0.209510507320999,-0.120960947799834,0.970295726275996));
#11419=DIRECTION('',(0.947735747838126,0.269321091792753,-0.171064612896029));
#11420=DIRECTION('',(0.273350326851636,-0.961914548600916,0.));
#11421=DIRECTION('',(0.209510507320999,-0.120960947799834,0.970295726275996));
#11422=DIRECTION('',(0.240628966651578,-0.955423779598836,-0.171064612896029));
#11423=DIRECTION('',(0.209510507320999,-0.120960947799834,0.970295726275996));
#11424=DIRECTION('',(0.240628966651578,-0.955423779598836,-0.171064612896029));
#11425=DIRECTION('',(-0.969717598784052,-0.244228947114161,0.));
#11426=DIRECTION('',(-0.947735747838126,-0.269321091792753,0.171064612896029));
#11427=DIRECTION('',(0.209510507320999,-0.120960947799834,0.970295726275997));
#11428=DIRECTION('',(0.209510507320999,-0.120960947799834,0.970295726275997));
#11429=DIRECTION('',(-0.947735747838126,-0.269321091792752,0.171064612896029));
#11430=DIRECTION('',(-0.273350326851636,0.961914548600916,0.));
#11431=DIRECTION('',(0.209510507320999,-0.120960947799834,0.970295726275997));
#11432=DIRECTION('',(-0.240628966651578,0.955423779598836,0.171064612896029));
#11433=DIRECTION('',(-0.209510507320999,0.120960947799834,-0.970295726275996));
#11434=DIRECTION('',(0.209510507320999,-0.120960947799834,0.970295726275996));
#11435=DIRECTION('',(-0.977806395623437,-0.025917798915003,0.20790122745502));
#11436=DIRECTION('',(-0.209510507320999,0.120960947799834,-0.970295726275996));
#11437=DIRECTION('',(-0.977473050203865,0.,0.211060266571312));
#11438=DIRECTION('',(0.5,0.866025403784438,-2.96242280401925E-16));
#11439=DIRECTION('',(0.209510507320999,-0.120960947799834,0.970295726275996));
#11440=DIRECTION('',(0.977473050203865,0.,-0.211060266571312));
#11441=DIRECTION('',(0.209510507320999,-0.120960947799834,0.970295726275996));
#11442=DIRECTION('',(0.977473050203865,0.,-0.211060266571312));
#11443=DIRECTION('',(-0.5,-0.866025403784439,-2.42699992148665E-16));
#11444=DIRECTION('',(0.209510507320999,-0.120960947799834,0.970295726275996));
#11445=DIRECTION('',(0.977473050203865,0.,-0.211060266571312));
#11446=DIRECTION('',(-0.209510507320999,0.120960947799834,-0.970295726275996));
#11447=DIRECTION('',(-0.977473050203865,0.,0.211060266571312));
#11448=DIRECTION('',(-0.209510507320999,0.120960947799834,-0.970295726275996));
#11449=DIRECTION('',(-0.977473050203865,0.,0.211060266571312));
#11450=DIRECTION('',(-0.209510507320999,0.120960947799834,-0.970295726275996));
#11451=DIRECTION('',(-0.977473050203865,0.,0.211060266571312));
#11452=DIRECTION('',(-0.499999999999983,-0.866025403784449,-5.17626248082201E-15));
#11453=DIRECTION('',(-0.209510507320999,0.120960947799834,-0.970295726275996));
#11454=DIRECTION('',(-0.977473050203865,0.,0.211060266571312));
#11455=DIRECTION('',(-0.209510507320999,0.120960947799834,-0.970295726275996));
#11456=DIRECTION('',(-0.977473050203865,0.,0.211060266571312));
#11457=DIRECTION('',(-0.209510507320999,0.120960947799834,-0.970295726275996));
#11458=DIRECTION('',(-0.977473050203865,0.,0.211060266571312));
#11459=DIRECTION('',(0.209510507320999,-0.120960947799834,0.970295726275996));
#11460=DIRECTION('',(0.977473050203865,0.,-0.211060266571312));
#11461=DIRECTION('',(0.840300748138485,-0.485147863137998,-0.241921895599668));
#11462=DIRECTION('',(0.209510507320999,-0.120960947799834,0.970295726275996));
#11463=DIRECTION('',(0.977473050203865,0.,-0.211060266571312));
#11464=DIRECTION('',(0.5,0.866025403784439,2.56930228767478E-16));
#11465=DIRECTION('',(0.209510507320999,-0.120960947799834,0.970295726275996));
#11466=DIRECTION('',(0.977473050203865,0.,-0.211060266571312));
#11467=DIRECTION('',(0.840300748138485,-0.485147863137998,-0.241921895599668));
#11468=DIRECTION('',(0.209510507320999,-0.120960947799834,0.970295726275996));
#11469=DIRECTION('',(0.977473050203865,0.,-0.211060266571312));
#11470=DIRECTION('',(-0.5,-0.866025403784439,-2.99697852084105E-16));
#11471=DIRECTION('',(-0.840300748138485,0.485147863137999,0.241921895599668));
#11472=DIRECTION('',(-0.5,-0.866025403784439,-9.00230564090347E-17));
#11473=DIRECTION('',(0.209510507320999,-0.120960947799834,0.970295726275996));
#11474=DIRECTION('',(0.977473050203865,0.,-0.211060266571312));
#11475=DIRECTION('',(-0.5,-0.866025403784439,-9.00230564090347E-17));
#11476=DIRECTION('',(0.840300748138485,-0.485147863137998,-0.241921895599668));
#11477=DIRECTION('',(0.5,0.866025403784439,9.52971748138974E-17));
#11478=DIRECTION('',(0.840300748138485,-0.485147863137998,-0.241921895599668));
#11479=DIRECTION('',(0.5,0.866025403784438,-2.96242280401925E-16));
#11480=DIRECTION('',(-0.840300748138485,0.485147863137998,0.241921895599668));
#11481=DIRECTION('',(0.5,0.866025403784439,1.1118003728288E-16));
#11482=DIRECTION('',(0.209510507320999,-0.120960947799834,0.970295726275996));
#11483=DIRECTION('',(0.977473050203865,0.,-0.211060266571312));
#11484=DIRECTION('',(0.840300748138485,-0.485147863137998,-0.241921895599668));
#11485=DIRECTION('',(0.209510507320999,-0.120960947799834,0.970295726275996));
#11486=DIRECTION('',(0.977473050203865,0.,-0.211060266571312));
#11487=DIRECTION('',(-0.5,-0.866025403784439,-2.99697852084105E-16));
#11488=DIRECTION('',(-0.840300748138485,0.485147863137999,0.241921895599668));
#11489=DIRECTION('',(-0.5,-0.866025403784439,-9.00230564090347E-17));
#11490=DIRECTION('',(0.840300748138485,-0.485147863137998,-0.241921895599668));
#11491=DIRECTION('',(0.5,0.866025403784439,9.52971748138974E-17));
#11492=DIRECTION('',(0.840300748138485,-0.485147863137998,-0.241921895599668));
#11493=DIRECTION('',(-0.209510507320999,0.120960947799834,-0.970295726275996));
#11494=DIRECTION('',(-0.977473050203865,0.,0.211060266571312));
#11495=DIRECTION('',(-0.209510507320999,0.120960947799834,-0.970295726275996));
#11496=DIRECTION('',(-0.977473050203865,0.,0.211060266571312));
#11497=DIRECTION('',(-0.209510507320999,0.120960947799834,-0.970295726275996));
#11498=DIRECTION('',(-0.977473050203865,0.,0.211060266571312));
#11499=DIRECTION('',(-0.840300748138495,0.48514786313798,0.241921895599668));
#11500=DIRECTION('',(-0.209510507320999,0.120960947799834,-0.970295726275996));
#11501=DIRECTION('',(-0.209510507320999,0.120960947799834,-0.970295726275996));
#11502=DIRECTION('',(0.209510507320999,-0.120960947799834,0.970295726275997));
#11503=DIRECTION('',(-0.209510507320999,0.120960947799834,-0.970295726275997));
#11504=DIRECTION('',(0.977473050203865,0.,-0.211060266571312));
#11505=DIRECTION('',(-0.209510507320999,0.120960947799834,-0.970295726275997));
#11506=DIRECTION('',(0.977473050203865,0.,-0.211060266571312));
#11507=DIRECTION('',(-0.209510507320999,0.120960947799834,-0.970295726275996));
#11508=DIRECTION('',(0.977473050203865,0.,-0.211060266571312));
#11509=DIRECTION('',(0.209510507320999,-0.120960947799834,0.970295726275996));
#11510=DIRECTION('',(-0.977473050203865,0.,0.211060266571312));
#11511=DIRECTION('',(-0.209510507320999,0.120960947799834,-0.970295726275996));
#11512=DIRECTION('',(0.977473050203865,0.,-0.211060266571312));
#11513=DIRECTION('',(-0.209510507320999,0.120960947799834,-0.970295726275997));
#11514=DIRECTION('',(0.977473050203865,0.,-0.211060266571312));
#11515=DIRECTION('',(0.840300748138486,-0.485147863137996,-0.241921895599668));
#11516=DIRECTION('',(-0.5,-0.86602540378444,0.));
#11517=DIRECTION('',(0.209510507320999,-0.120960947799834,0.970295726275997));
#11518=DIRECTION('',(-0.5,-0.86602540378444,-8.3000566803387E-16));
#11519=DIRECTION('',(-0.5,-0.866025403784439,-1.0842021724855E-16));
#11520=DIRECTION('',(-0.866025403784439,0.5,0.));
#11521=DIRECTION('',(0.209510507320999,-0.120960947799834,0.970295726275997));
#11522=DIRECTION('',(0.209510507320999,-0.120960947799834,0.970295726275996));
#11523=DIRECTION('',(-0.840300748138485,0.485147863137998,0.241921895599668));
#11524=DIRECTION('',(0.209510507320999,-0.120960947799834,0.970295726275996));
#11525=DIRECTION('',(-0.977806395623437,-0.025917798915003,0.20790122745502));
#11526=DIRECTION('',(0.5,0.866025403784439,1.34408700498428E-16));
#11527=DIRECTION('',(-0.840300748138485,0.485147863137998,0.241921895599668));
#11528=DIRECTION('',(-0.5,-0.86602540378444,-8.48333577054475E-16));
#11529=DIRECTION('',(-0.209510507320999,0.120960947799834,-0.970295726275996));
#11530=DIRECTION('',(0.977473050203865,0.,-0.211060266571312));
#11531=DIRECTION('',(0.209510507320999,-0.120960947799834,0.970295726275996));
#11532=DIRECTION('',(0.977473050203865,0.,-0.211060266571312));
#11533=DIRECTION('',(-0.209510507320999,0.120960947799834,-0.970295726275997));
#11534=DIRECTION('',(0.977473050203865,0.,-0.211060266571312));
#11535=DIRECTION('',(0.209510507320999,-0.120960947799834,0.970295726275997));
#11536=DIRECTION('',(0.977473050203865,0.,-0.211060266571312));
#11537=DIRECTION('',(0.5,0.866025403784439,1.34408700498428E-16));
#11538=DIRECTION('',(0.866025403784439,-0.5,0.));
#11539=DIRECTION('',(-0.499999999999993,-0.866025403784443,2.97917369417099E-14));
#11540=DIRECTION('',(0.866025403784443,-0.499999999999993,0.));
#11541=DIRECTION('',(0.209510507320999,-0.120960947799834,0.970295726275996));
#11542=DIRECTION('',(-0.977473050203865,0.,0.211060266571312));
#11543=DIRECTION('',(0.840300748138485,-0.485147863138003,-0.241921895599659));
#11544=DIRECTION('',(0.5,0.866025403784437,0.));
#11545=DIRECTION('',(-0.840300748138485,0.485147863137998,0.241921895599668));
#11546=DIRECTION('',(0.5,0.866025403784439,0.));
#11547=DIRECTION('',(0.840300748138488,-0.485147863138,-0.241921895599653));
#11548=DIRECTION('',(0.5,0.866025403784439,0.));
#11549=DIRECTION('',(0.209510507320999,-0.120960947799834,0.970295726275996));
#11550=DIRECTION('',(-0.977473050203865,0.,0.211060266571312));
#11551=DIRECTION('',(0.500000000000013,0.866025403784431,-1.89126575254128E-14));
#11552=DIRECTION('',(-0.866025403784431,0.500000000000013,0.));
#11553=DIRECTION('',(-0.5,-0.86602540378444,-8.48346362740095E-16));
#11554=DIRECTION('',(-0.86602540378444,0.5,0.));
#11555=DIRECTION('',(0.209510507320999,-0.120960947799834,0.970295726275996));
#11556=DIRECTION('',(-0.977473050203865,0.,0.211060266571312));
#11557=DIRECTION('',(0.209510507320999,-0.120960947799834,0.970295726275996));
#11558=DIRECTION('',(-0.977473050203865,0.,0.211060266571312));
#11559=DIRECTION('',(0.209510507320999,-0.120960947799834,0.970295726275996));
#11560=DIRECTION('',(-0.977473050203865,0.,0.211060266571312));
#11561=DIRECTION('',(0.209510507320999,-0.120960947799834,0.970295726275996));
#11562=DIRECTION('',(-0.977473050203865,0.,0.211060266571312));
#11563=DIRECTION('',(0.209510507320999,-0.120960947799834,0.970295726275996));
#11564=DIRECTION('',(-0.977473050203865,0.,0.211060266571312));
#11565=DIRECTION('',(-0.209510507320999,0.120960947799834,-0.970295726275996));
#11566=DIRECTION('',(-0.977473050203865,0.,0.211060266571312));
#11567=DIRECTION('',(0.209510507320999,-0.120960947799834,0.970295726275996));
#11568=DIRECTION('',(-0.977806395623437,-0.025917798915003,0.20790122745502));
#11569=DIRECTION('',(0.209510507320999,-0.120960947799834,0.970295726275996));
#11570=DIRECTION('',(-0.977473050203865,0.,0.211060266571312));
#11571=DIRECTION('',(0.209510507320999,-0.120960947799834,0.970295726275996));
#11572=DIRECTION('',(0.209510507320999,-0.120960947799834,0.970295726275996));
#11573=DIRECTION('',(-0.209510507320999,0.120960947799834,-0.970295726275996));
#11574=DIRECTION('',(-0.977473050203865,0.,0.211060266571312));
#11575=DIRECTION('',(0.209510507320999,-0.120960947799834,0.970295726275996));
#11576=DIRECTION('',(-0.977806395623437,-0.025917798915003,0.20790122745502));
#11577=DIRECTION('',(0.209510507320999,-0.120960947799834,0.970295726275996));
#11578=DIRECTION('',(-0.977473050203865,0.,0.211060266571312));
#11579=DIRECTION('',(-0.209510507320999,0.120960947799834,-0.970295726275996));
#11580=DIRECTION('',(-0.977473050203865,0.,0.211060266571312));
#11581=DIRECTION('',(0.209510507320999,-0.120960947799834,0.970295726275996));
#11582=DIRECTION('',(-0.977806395623437,-0.025917798915003,0.20790122745502));
#11583=DIRECTION('',(4.95635278850516E-16,1.,0.));
#11584=DIRECTION('',(1.,-4.95635278850516E-16,0.));
#11585=DIRECTION('',(0.139173100960065,-6.89790987028331E-17,-0.99026806874157));
#11586=DIRECTION('',(0.99026806874157,-4.90811790387491E-16,0.139173100960065));
#11587=DIRECTION('',(0.,0.,-1.));
#11588=DIRECTION('',(1.,-4.95635278850516E-16,0.));
#11589=DIRECTION('',(0.99026806874157,-4.90811790387491E-16,0.139173100960065));
#11590=DIRECTION('',(-0.139173100960065,6.89790987028331E-17,0.99026806874157));
#11591=DIRECTION('',(-1.,0.,0.));
#11592=DIRECTION('',(0.,0.,-1.));
#11593=DIRECTION('',(0.,-1.74946989463708E-17,1.));
#11594=DIRECTION('',(0.,1.,0.));
#11595=DIRECTION('',(1.,0.,0.));
#11596=DIRECTION('',(0.,0.,-1.));
#11597=DIRECTION('',(0.,-1.,0.));
#11598=DIRECTION('',(1.,0.,0.));
#11599=DIRECTION('',(0.,0.,-1.));
#11600=DIRECTION('',(0.,1.,0.));
#11601=DIRECTION('',(0.,0.,-1.));
#11602=DIRECTION('',(0.,0.,-1.));
#11603=DIRECTION('',(1.,0.,0.));
#11604=DIRECTION('',(0.,0.,-1.));
#11605=DIRECTION('',(0.,0.,1.));
#11606=DIRECTION('',(1.,0.,0.));
#11607=DIRECTION('',(0.,0.,-1.));
#11608=DIRECTION('',(-0.139173100960065,0.,0.99026806874157));
#11609=DIRECTION('',(-0.99026806874157,0.,-0.139173100960065));
#11610=DIRECTION('',(-1.,0.,0.));
#11611=DIRECTION('',(0.,0.,-1.));
#11612=DIRECTION('',(0.,0.,-1.));
#11613=DIRECTION('',(0.,1.,0.));
#11614=DIRECTION('',(0.,0.,-1.));
#11615=DIRECTION('',(0.,0.,-1.));
#11616=DIRECTION('',(1.,0.,0.));
#11617=DIRECTION('',(0.,0.,-1.));
#11618=DIRECTION('',(0.707106781186548,0.707106781186548,0.));
#11619=DIRECTION('',(0.707106781186548,-0.707106781186548,0.));
#11620=DIRECTION('',(0.,0.,-1.));
#11621=DIRECTION('',(-0.137844537491629,0.137844537491629,0.980814848463989));
#11622=DIRECTION('',(0.703640787534027,-0.703640787534027,0.0988902636106802));
#11623=DIRECTION('',(5.24840968391123E-17,-5.24840968391123E-17,-1.));
#11624=DIRECTION('',(0.703640787534027,-0.703640787534027,0.0988902636106802));
#11625=DIRECTION('',(0.,-1.,0.));
#11626=DIRECTION('',(0.,0.,-1.));
#11627=DIRECTION('',(0.139173100960065,0.,-0.99026806874157));
#11628=DIRECTION('',(-0.99026806874157,0.,-0.139173100960065));
#11629=DIRECTION('',(0.,0.,-1.));
#11630=DIRECTION('',(0.,0.,-1.));
#11631=DIRECTION('',(1.,0.,0.));
#11632=DIRECTION('',(0.,0.,-1.));
#11633=DIRECTION('',(1.,0.,0.));
#11634=DIRECTION('',(0.,0.,1.));
#11635=DIRECTION('',(0.,0.,-1.));
#11636=DIRECTION('',(0.,0.,-1.));
#11637=DIRECTION('',(1.,0.,0.));
#11638=DIRECTION('',(0.,0.,-1.));
#11639=DIRECTION('',(0.,1.,0.));
#11640=DIRECTION('',(0.,0.,1.));
#11641=DIRECTION('',(1.,0.,0.));
#11642=DIRECTION('',(0.,0.,1.));
#11643=DIRECTION('',(0.,0.,1.));
#11644=DIRECTION('',(0.,-1.,0.));
#11645=DIRECTION('',(0.,-1.,0.));
#11646=DIRECTION('',(0.,0.,-1.));
#11647=DIRECTION('',(0.,0.,1.));
#11648=DIRECTION('',(0.,0.,1.));
#11649=DIRECTION('',(-1.,0.,0.));
#11650=DIRECTION('',(-1.,0.,0.));
#11651=DIRECTION('',(0.,0.,-1.));
#11652=DIRECTION('',(0.,0.,1.));
#11653=DIRECTION('',(0.,1.,0.));
#11654=DIRECTION('',(0.,0.,1.));
#11655=DIRECTION('',(-1.,0.,0.));
#11656=DIRECTION('',(-1.,0.,0.));
#11657=DIRECTION('',(0.,-1.,0.));
#11658=DIRECTION('',(0.,1.,0.));
#11659=DIRECTION('',(1.,0.,0.));
#11660=DIRECTION('',(0.,0.,1.));
#11661=DIRECTION('',(0.,0.,1.));
#11662=DIRECTION('',(0.,-1.,0.));
#11663=DIRECTION('',(0.,-1.,0.));
#11664=DIRECTION('',(0.,0.,-1.));
#11665=DIRECTION('',(0.,0.,1.));
#11666=DIRECTION('',(0.,0.,1.));
#11667=DIRECTION('',(-1.,0.,0.));
#11668=DIRECTION('',(-1.,0.,0.));
#11669=DIRECTION('',(0.,0.,-1.));
#11670=DIRECTION('',(0.,0.,1.));
#11671=DIRECTION('',(0.,1.,0.));
#11672=DIRECTION('',(0.,0.,1.));
#11673=DIRECTION('',(-1.,0.,0.));
#11674=DIRECTION('',(-1.,0.,0.));
#11675=DIRECTION('',(0.,-1.,0.));
#11676=DIRECTION('',(0.,1.,0.));
#11677=DIRECTION('',(1.,0.,0.));
#11678=DIRECTION('',(0.,0.,1.));
#11679=DIRECTION('',(0.,0.,1.));
#11680=DIRECTION('',(0.,-1.,0.));
#11681=DIRECTION('',(0.,-1.,0.));
#11682=DIRECTION('',(0.,0.,-1.));
#11683=DIRECTION('',(0.,0.,1.));
#11684=DIRECTION('',(0.,0.,1.));
#11685=DIRECTION('',(-1.,0.,0.));
#11686=DIRECTION('',(-1.,0.,0.));
#11687=DIRECTION('',(0.,0.,-1.));
#11688=DIRECTION('',(0.,0.,1.));
#11689=DIRECTION('',(0.,1.,0.));
#11690=DIRECTION('',(0.,0.,1.));
#11691=DIRECTION('',(-1.,0.,0.));
#11692=DIRECTION('',(-1.,0.,0.));
#11693=DIRECTION('',(0.,-1.,0.));
#11694=DIRECTION('',(0.,1.,0.));
#11695=DIRECTION('',(-1.,0.,0.));
#11696=DIRECTION('',(0.,0.,-1.));
#11697=DIRECTION('',(0.,0.,1.));
#11698=DIRECTION('',(0.,1.,0.));
#11699=DIRECTION('',(0.,1.,0.));
#11700=DIRECTION('',(0.,0.,1.));
#11701=DIRECTION('',(0.,0.,1.));
#11702=DIRECTION('',(0.,0.,1.));
#11703=DIRECTION('',(1.,0.,0.));
#11704=DIRECTION('',(-1.,4.95635278850517E-16,0.));
#11705=DIRECTION('',(4.95635278850517E-16,1.,0.));
#11706=DIRECTION('',(0.,0.,1.));
#11707=DIRECTION('',(4.95635278850517E-16,1.,0.));
#11708=DIRECTION('',(0.,0.,1.));
#11709=DIRECTION('',(-1.,0.,0.));
#11710=DIRECTION('',(1.,0.,0.));
#11711=DIRECTION('',(0.,1.,0.));
#11712=DIRECTION('',(4.95635278850517E-16,1.,0.));
#11713=DIRECTION('',(0.,0.,-1.));
#11714=DIRECTION('',(1.,0.,0.));
#11715=DIRECTION('',(0.,0.,1.));
#11716=DIRECTION('',(1.,0.,0.));
#11717=DIRECTION('',(0.,0.,-1.));
#11718=DIRECTION('',(1.,0.,0.));
#11719=DIRECTION('',(0.,0.,1.));
#11720=DIRECTION('',(1.,0.,0.));
#11721=DIRECTION('',(0.,0.,-1.));
#11722=DIRECTION('',(1.,0.,0.));
#11723=DIRECTION('',(0.,0.,1.));
#11724=DIRECTION('',(1.,0.,0.));
#11725=DIRECTION('',(0.,0.,-1.));
#11726=DIRECTION('',(1.,0.,0.));
#11727=DIRECTION('',(0.,0.,1.));
#11728=DIRECTION('',(1.,0.,0.));
#11729=DIRECTION('',(0.,0.,-1.));
#11730=DIRECTION('',(1.,0.,0.));
#11731=DIRECTION('',(0.,0.,1.));
#11732=DIRECTION('',(1.,0.,0.));
#11733=DIRECTION('',(0.,0.,-1.));
#11734=DIRECTION('',(1.,0.,0.));
#11735=DIRECTION('',(0.,0.,1.));
#11736=DIRECTION('',(1.,0.,0.));
#11737=DIRECTION('',(0.,0.,1.));
#11738=DIRECTION('',(-1.,0.,0.));
#11739=DIRECTION('',(0.,0.,-1.));
#11740=DIRECTION('',(-1.,0.,0.));
#11741=DIRECTION('',(0.,0.,-1.));
#11742=DIRECTION('',(1.,0.,0.));
#11743=DIRECTION('',(0.,0.,1.));
#11744=DIRECTION('',(1.,0.,0.));
#11745=DIRECTION('',(0.,-1.,0.));
#11746=DIRECTION('',(0.,0.,-1.));
#11747=DIRECTION('',(0.,-1.,0.));
#11748=DIRECTION('',(0.,0.,1.));
#11749=DIRECTION('',(0.,0.,1.));
#11750=DIRECTION('',(-1.,0.,0.));
#11751=DIRECTION('',(-1.,0.,0.));
#11752=DIRECTION('',(0.,0.,1.));
#11753=DIRECTION('',(-1.,0.,0.));
#11754=DIRECTION('',(0.,0.,-1.));
#11755=DIRECTION('',(-1.,0.,0.));
#11756=DIRECTION('',(0.,0.,1.));
#11757=DIRECTION('',(0.,0.,1.));
#11758=DIRECTION('',(-1.,0.,0.));
#11759=DIRECTION('',(0.,1.,0.));
#11760=DIRECTION('',(0.,0.,-1.));
#11761=DIRECTION('',(4.95635278850517E-16,1.,0.));
#11762=DIRECTION('',(1.,-4.95635278850517E-16,0.));
#11763=DIRECTION('',(0.,-1.,0.));
#11764=DIRECTION('',(0.,0.,-1.));
#11765=DIRECTION('',(0.,-1.,0.));
#11766=DIRECTION('',(0.,0.,1.));
#11767=DIRECTION('',(0.,0.,1.));
#11768=DIRECTION('',(-1.,0.,0.));
#11769=DIRECTION('',(-1.,0.,0.));
#11770=DIRECTION('',(0.,0.,1.));
#11771=DIRECTION('',(-1.,0.,0.));
#11772=DIRECTION('',(0.,0.,-1.));
#11773=DIRECTION('',(-1.,0.,0.));
#11774=DIRECTION('',(0.,0.,1.));
#11775=DIRECTION('',(0.,0.,1.));
#11776=DIRECTION('',(-1.,0.,0.));
#11777=DIRECTION('',(0.,1.,0.));
#11778=DIRECTION('',(0.,0.,-1.));
#11779=DIRECTION('',(0.,1.,0.));
#11780=DIRECTION('',(0.,0.,1.));
#11781=DIRECTION('',(0.,-1.,0.));
#11782=DIRECTION('',(0.,0.,-1.));
#11783=DIRECTION('',(0.,-1.,0.));
#11784=DIRECTION('',(0.,0.,1.));
#11785=DIRECTION('',(0.,0.,1.));
#11786=DIRECTION('',(-1.,0.,0.));
#11787=DIRECTION('',(-1.,0.,0.));
#11788=DIRECTION('',(0.,0.,1.));
#11789=DIRECTION('',(-1.,0.,0.));
#11790=DIRECTION('',(0.,0.,-1.));
#11791=DIRECTION('',(-1.,0.,0.));
#11792=DIRECTION('',(0.,0.,1.));
#11793=DIRECTION('',(0.,0.,1.));
#11794=DIRECTION('',(-1.,0.,0.));
#11795=DIRECTION('',(0.,1.,0.));
#11796=DIRECTION('',(0.,0.,-1.));
#11797=DIRECTION('',(0.,1.,0.));
#11798=DIRECTION('',(0.,0.,1.));
#11799=DIRECTION('',(0.,-1.,0.));
#11800=DIRECTION('',(0.,0.,-1.));
#11801=DIRECTION('',(0.,-1.,0.));
#11802=DIRECTION('',(0.,0.,1.));
#11803=DIRECTION('',(0.,0.,1.));
#11804=DIRECTION('',(-1.,0.,0.));
#11805=DIRECTION('',(-1.,0.,0.));
#11806=DIRECTION('',(0.,0.,1.));
#11807=DIRECTION('',(-1.,0.,0.));
#11808=DIRECTION('',(0.,0.,-1.));
#11809=DIRECTION('',(-1.,0.,0.));
#11810=DIRECTION('',(0.,0.,1.));
#11811=DIRECTION('',(0.,0.,1.));
#11812=DIRECTION('',(-1.,0.,0.));
#11813=DIRECTION('',(0.,1.,0.));
#11814=DIRECTION('',(0.,0.,-1.));
#11815=DIRECTION('',(0.,1.,0.));
#11816=DIRECTION('',(0.,0.,1.));
#11817=DIRECTION('',(0.,0.,-1.));
#11818=DIRECTION('',(1.,0.,0.));
#11819=DIRECTION('',(0.,0.,-1.));
#11820=DIRECTION('',(-1.,0.,0.));
#11821=DIRECTION('',(0.,0.,-1.));
#11822=DIRECTION('',(1.,0.,0.));
#11823=DIRECTION('',(0.,0.,-1.));
#11824=DIRECTION('',(-1.,0.,0.));
#11825=DIRECTION('',(0.,0.,1.));
#11826=DIRECTION('',(-1.,0.,0.));
#11827=DIRECTION('',(0.,-1.,0.));
#11828=DIRECTION('',(1.,0.,0.));
#11829=DIRECTION('',(-1.,0.,0.));
#11830=DIRECTION('',(0.,-1.,0.));
#11831=DIRECTION('',(-1.,1.54197642309049E-16,0.));
#11832=DIRECTION('',(1.,-4.95635278850516E-16,0.));
#11833=DIRECTION('',(0.,0.,1.));
#11834=DIRECTION('',(-1.,0.,0.));
#11835=DIRECTION('',(0.,0.,-1.));
#11836=DIRECTION('',(-1.,0.,0.));
#11837=DIRECTION('',(0.,0.,1.));
#11838=DIRECTION('',(-1.,0.,0.));
#11839=DIRECTION('',(0.,0.,1.));
#11840=DIRECTION('',(-1.,0.,0.));
#11841=DIRECTION('',(0.,0.,-1.));
#11842=DIRECTION('',(-1.,0.,0.));
#11843=DIRECTION('',(0.,0.,1.));
#11844=DIRECTION('',(-1.,0.,0.));
#11845=DIRECTION('',(0.,0.,1.));
#11846=DIRECTION('',(-1.,0.,0.));
#11847=DIRECTION('',(-1.,0.,0.));
#11848=DIRECTION('',(0.,1.,0.));
#11849=DIRECTION('',(-1.,0.,0.));
#11850=DIRECTION('',(0.,1.,0.));
#11851=DIRECTION('',(0.,1.,0.));
#11852=DIRECTION('',(0.,0.,1.));
#11853=DIRECTION('',(0.,0.,1.));
#11854=DIRECTION('',(-1.,0.,0.));
#11855=DIRECTION('',(0.,0.,1.));
#11856=DIRECTION('',(1.,0.,0.));
#11857=DIRECTION('',(0.,0.,1.));
#11858=DIRECTION('',(0.,0.,1.));
#11859=DIRECTION('',(0.,1.,0.));
#11860=DIRECTION('',(0.,0.,1.));
#11861=DIRECTION('',(1.,0.,0.));
#11862=DIRECTION('',(0.,0.,1.));
#11863=DIRECTION('',(0.,0.,1.));
#11864=DIRECTION('',(0.,1.,0.));
#11865=DIRECTION('',(0.,0.,1.));
#11866=DIRECTION('',(0.,1.,0.));
#11867=DIRECTION('',(0.,0.,1.));
#11868=DIRECTION('',(-1.,0.,0.));
#11869=DIRECTION('',(0.,0.,1.));
#11870=DIRECTION('',(0.,0.,1.));
#11871=DIRECTION('',(0.,0.,1.));
#11872=DIRECTION('',(-1.,0.,0.));
#11873=DIRECTION('',(0.,0.,-1.));
#11874=DIRECTION('',(-1.,0.,0.));
#11875=DIRECTION('',(0.,0.,1.));
#11876=DIRECTION('',(-1.,0.,0.));
#11877=DIRECTION('',(0.,0.,1.));
#11878=DIRECTION('',(-1.,0.,0.));
#11879=DIRECTION('',(0.,0.,-1.));
#11880=DIRECTION('',(-1.,0.,0.));
#11881=DIRECTION('',(0.,-1.,0.));
#11882=DIRECTION('',(0.,0.,-1.));
#11883=DIRECTION('',(-1.,0.,0.));
#11884=DIRECTION('',(1.,0.,0.));
#11885=DIRECTION('',(0.,0.,-1.));
#11886=DIRECTION('',(-1.,0.,0.));
#11887=DIRECTION('',(0.,1.,0.));
#11888=DIRECTION('',(0.,0.,-1.));
#11889=DIRECTION('',(-1.,0.,0.));
#11890=DIRECTION('',(-1.,0.,0.));
#11891=DIRECTION('',(0.,1.,0.));
#11892=DIRECTION('',(0.,0.,1.));
#11893=DIRECTION('',(0.,0.,1.));
#11894=DIRECTION('',(0.,0.,1.));
#11895=DIRECTION('',(-1.,0.,0.));
#11896=DIRECTION('',(1.,0.,0.));
#11897=DIRECTION('',(0.,0.,1.));
#11898=DIRECTION('',(0.,0.,1.));
#11899=DIRECTION('',(0.,0.,1.));
#11900=DIRECTION('',(0.,1.,0.));
#11901=DIRECTION('',(0.,-1.,0.));
#11902=DIRECTION('',(0.,0.,-1.));
#11903=DIRECTION('',(0.,0.,1.));
#11904=DIRECTION('',(0.,0.,1.));
#11905=DIRECTION('',(1.,0.,0.));
#11906=DIRECTION('',(-1.,0.,0.));
#11907=DIRECTION('',(0.,0.,-1.));
#11908=DIRECTION('',(0.,0.,1.));
#11909=DIRECTION('',(0.,0.,1.));
#11910=DIRECTION('',(0.,-1.,0.));
#11911=DIRECTION('',(0.,0.,-1.));
#11912=DIRECTION('',(1.,0.,0.));
#11913=DIRECTION('',(0.,0.,-1.));
#11914=DIRECTION('',(-1.,0.,0.));
#11915=DIRECTION('',(0.,0.,-1.));
#11916=DIRECTION('',(1.,0.,0.));
#11917=DIRECTION('',(0.,0.,-1.));
#11918=DIRECTION('',(-1.,0.,0.));
#11919=DIRECTION('',(0.,0.,-1.));
#11920=DIRECTION('',(1.,0.,0.));
#11921=DIRECTION('',(0.,0.,-1.));
#11922=DIRECTION('',(-1.,0.,0.));
#11923=DIRECTION('',(0.,0.,-1.));
#11924=DIRECTION('',(1.,0.,0.));
#11925=DIRECTION('',(0.,0.,-1.));
#11926=DIRECTION('',(-1.,0.,0.));
#11927=DIRECTION('',(1.,0.,0.));
#11928=DIRECTION('',(0.,0.,1.));
#11929=DIRECTION('',(-1.,0.,0.));
#11930=DIRECTION('',(0.,0.,1.));
#11931=DIRECTION('',(1.,0.,0.));
#11932=DIRECTION('',(0.,0.,-1.));
#11933=DIRECTION('',(0.,0.,1.));
#11934=DIRECTION('',(-1.,0.,0.));
#11935=DIRECTION('',(0.,1.,0.));
#11936=DIRECTION('',(0.,0.,-1.));
#11937=DIRECTION('',(0.,0.,1.));
#11938=DIRECTION('',(-1.,0.,0.));
#11939=DIRECTION('',(0.,1.,0.));
#11940=DIRECTION('',(0.,0.,-1.));
#11941=DIRECTION('',(0.,1.,0.));
#11942=DIRECTION('',(0.,0.,1.));
#11943=DIRECTION('',(0.,1.,0.));
#11944=DIRECTION('',(0.,0.,-1.));
#11945=DIRECTION('',(0.,-1.,0.));
#11946=DIRECTION('',(0.,0.,-1.));
#11947=DIRECTION('',(0.,1.,0.));
#11948=DIRECTION('',(0.,0.,-1.));
#11949=DIRECTION('',(0.,0.,1.));
#11950=DIRECTION('',(-1.,0.,0.));
#11951=DIRECTION('',(-1.,0.,0.));
#11952=DIRECTION('',(0.,0.,1.));
#11953=DIRECTION('',(0.,0.,1.));
#11954=DIRECTION('',(-1.,0.,0.));
#11955=DIRECTION('',(1.,0.,0.));
#11956=DIRECTION('',(0.,0.,-1.));
#11957=DIRECTION('',(-1.,0.,0.));
#11958=DIRECTION('',(0.,0.,-1.));
#11959=DIRECTION('',(0.,0.,-1.));
#11960=DIRECTION('',(1.,0.,0.));
#11961=DIRECTION('',(0.,-0.838443616300638,-0.544988350595413));
#11962=DIRECTION('',(8.40359187477106E-17,0.544988350595414,-0.838443616300637));
#11963=DIRECTION('',(-1.,1.54197642309049E-16,0.));
#11964=DIRECTION('',(0.,0.,1.));
#11965=DIRECTION('',(-1.,0.,0.));
#11966=DIRECTION('',(0.,-4.48859699408999E-14,-1.));
#11967=DIRECTION('',(0.,-1.,4.48859699408999E-14));
#11968=DIRECTION('',(0.,1.,-4.48859699408999E-14));
#11969=DIRECTION('',(0.,4.48859699408999E-14,1.));
#11970=DIRECTION('',(0.,1.,0.));
#11971=DIRECTION('',(0.,0.,-1.));
#11972=DIRECTION('',(-1.,0.,0.));
#11973=DIRECTION('',(0.,0.,1.));
#11974=DIRECTION('',(0.,0.,-1.));
#11975=DIRECTION('',(1.,0.,0.));
#11976=DIRECTION('',(0.,0.,-1.));
#11977=DIRECTION('',(-1.,0.,0.));
#11978=DIRECTION('',(-1.,0.,0.));
#11979=DIRECTION('',(0.,0.,-1.));
#11980=DIRECTION('',(1.,0.,0.));
#11981=DIRECTION('',(0.,0.,-1.));
#11982=DIRECTION('',(0.,-1.,0.));
#11983=DIRECTION('',(0.,0.,-1.));
#11984=DIRECTION('',(0.,-1.,0.));
#11985=DIRECTION('',(0.,0.,1.));
#11986=DIRECTION('',(0.,0.,-1.));
#11987=DIRECTION('',(1.,0.,0.));
#11988=DIRECTION('',(0.,0.,-1.));
#11989=DIRECTION('',(-1.,0.,0.));
#11990=DIRECTION('',(0.,1.,-4.48859699408999E-14));
#11991=DIRECTION('',(0.,4.48859699408999E-14,1.));
#11992=DIRECTION('',(0.,1.,0.));
#11993=DIRECTION('',(0.,0.,-1.));
#11994=DIRECTION('',(-1.,0.,0.));
#11995=DIRECTION('',(0.,0.,-1.));
#11996=DIRECTION('',(-1.,0.,0.));
#11997=DIRECTION('',(0.,0.,1.));
#11998=DIRECTION('',(0.,1.,0.));
#11999=DIRECTION('',(0.,0.,1.));
#12000=DIRECTION('',(0.,-1.,0.));
#12001=DIRECTION('',(0.,0.,1.));
#12002=DIRECTION('',(1.,0.,0.));
#12003=DIRECTION('',(0.,0.,1.));
#12004=DIRECTION('',(1.,0.,0.));
#12005=DIRECTION('',(0.,0.,-1.));
#12006=DIRECTION('',(0.,0.,-1.));
#12007=DIRECTION('',(1.,0.,0.));
#12008=DIRECTION('',(0.,-4.48859699408999E-14,-1.));
#12009=DIRECTION('',(0.,-1.,4.48859699408999E-14));
#12010=DIRECTION('',(0.,0.,1.));
#12011=DIRECTION('',(-1.,0.,0.));
#12012=DIRECTION('',(0.,-1.,0.));
#12013=DIRECTION('',(0.,0.,-1.));
#12014=DIRECTION('',(1.,0.,0.));
#12015=DIRECTION('',(1.,0.,0.));
#12016=DIRECTION('',(0.,1.,0.));
#12017=DIRECTION('',(0.,0.,1.));
#12018=DIRECTION('',(-1.,0.,0.));
#12019=DIRECTION('',(-1.,0.,0.));
#12020=DIRECTION('',(0.,0.,1.));
#12021=DIRECTION('',(-1.,0.,0.));
#12022=DIRECTION('',(-1.,0.,0.));
#12023=DIRECTION('',(0.,0.,-1.));
#12024=DIRECTION('',(0.707106781186548,0.707106781186548,0.));
#12025=DIRECTION('',(-0.707106781186548,0.707106781186548,0.));
#12026=DIRECTION('',(1.,0.,0.));
#12027=DIRECTION('',(0.,0.,1.));
#12028=DIRECTION('',(-0.707106781186548,0.707106781186548,0.));
#12029=DIRECTION('',(0.707106781186548,0.707106781186548,0.));
#12030=DIRECTION('',(0.,-1.,0.));
#12031=DIRECTION('',(0.,0.,-1.));
#12032=DIRECTION('',(-0.447213595499948,0.894427190999921,0.));
#12033=DIRECTION('',(-0.894427190999921,-0.447213595499948,0.));
#12034=DIRECTION('',(-0.894427190999921,0.447213595499948,0.));
#12035=DIRECTION('',(-0.447213595499948,-0.894427190999921,0.));
#12036=DIRECTION('',(-1.,4.95635278850516E-16,0.));
#12037=DIRECTION('',(4.95635278850516E-16,1.,0.));
#12038=DIRECTION('',(1.,-1.54197642309049E-16,0.));
#12039=DIRECTION('',(-1.54197642309049E-16,-1.,0.));
#12040=DIRECTION('',(-0.894427190999918,-0.447213595499955,0.));
#12041=DIRECTION('',(0.447213595499955,-0.894427190999918,0.));
#12042=DIRECTION('',(-0.447213595499955,-0.894427190999918,0.));
#12043=DIRECTION('',(0.894427190999918,-0.447213595499955,0.));
#12044=DIRECTION('',(0.,-1.,0.));
#12045=DIRECTION('',(0.,0.,-1.));
#12046=DIRECTION('',(1.,0.,0.));
#12047=DIRECTION('',(0.,0.,1.));
#12048=DIRECTION('',(-1.,0.,0.));
#12049=DIRECTION('',(0.,0.,1.));
#12050=DIRECTION('',(1.,0.,0.));
#12051=DIRECTION('',(0.,-1.,0.));
#12052=DIRECTION('',(1.,0.,0.));
#12053=DIRECTION('',(0.,0.,1.));
#12054=DIRECTION('',(-1.,0.,0.));
#12055=DIRECTION('',(0.,0.,1.));
#12056=DIRECTION('',(1.,0.,0.));
#12057=DIRECTION('',(0.,-1.,0.));
#12058=DIRECTION('',(1.,0.,0.));
#12059=DIRECTION('',(0.,0.,1.));
#12060=DIRECTION('',(-1.,0.,0.));
#12061=DIRECTION('',(0.,0.,1.));
#12062=DIRECTION('',(1.,0.,0.));
#12063=DIRECTION('',(0.,-1.,0.));
#12064=DIRECTION('',(1.,0.,0.));
#12065=DIRECTION('',(0.,0.,1.));
#12066=DIRECTION('',(-1.,0.,0.));
#12067=DIRECTION('',(0.,0.,1.));
#12068=DIRECTION('',(1.,0.,0.));
#12069=DIRECTION('',(0.,-1.,0.));
#12070=DIRECTION('',(0.5,0.866025403784439,4.56506177888634E-16));
#12071=DIRECTION('',(0.866025403784439,-0.5,0.));
#12072=DIRECTION('',(2.28253088944317E-16,3.95345947036096E-16,-1.));
#12073=DIRECTION('',(0.138725987359917,-0.0800934861458444,-0.98708669016861));
#12074=DIRECTION('',(0.859681241989298,-0.496337196479793,0.120820319327164));
#12075=DIRECTION('',(-0.866025403784439,0.5,8.87468518373639E-31));
#12076=DIRECTION('',(0.840300748138485,-0.485147863137998,-0.241921895599669));
#12077=DIRECTION('',(0.138725987359917,-0.0800934861458444,-0.98708669016861));
#12078=DIRECTION('',(0.859681241989298,-0.496337196479793,0.120820319327164));
#12079=DIRECTION('',(-9.13012355777268E-16,0.,1.));
#12080=DIRECTION('',(8.82710648339033E-16,1.74946989463706E-17,-1.));
#12081=DIRECTION('',(0.859681241989298,-0.496337196479793,0.120820319327164));
#12082=DIRECTION('',(-0.138725987359917,0.0800934861458444,0.98708669016861));
#12083=DIRECTION('',(-1.,7.84220644741725E-32,-2.28253088944317E-16));
#12084=DIRECTION('',(2.28253088944317E-16,0.,-1.));
#12085=DIRECTION('',(7.84220644741727E-32,1.,-5.58001983126391E-31));
#12086=DIRECTION('',(-0.5,-0.866025403784439,-4.56506177888635E-16));
#12087=DIRECTION('',(-0.866025403784439,0.5,0.));
#12088=DIRECTION('',(-0.859681241989298,0.496337196479793,-0.120820319327164));
#12089=DIRECTION('',(-9.43314063215505E-16,1.74946989463706E-17,1.));
#12090=DIRECTION('',(0.138725987359917,-0.0800934861458443,-0.98708669016861));
#12091=DIRECTION('',(-0.859681241989298,0.496337196479793,-0.120820319327164));
#12092=DIRECTION('',(-0.138725987359917,0.0800934861458443,0.98708669016861));
#12093=DIRECTION('',(-0.840300748138485,0.485147863137998,0.241921895599669));
#12094=DIRECTION('',(0.866025403784439,-0.5,-6.40949485492072E-31));
#12095=DIRECTION('',(2.28253088944317E-16,3.95345947036096E-16,-1.));
#12096=DIRECTION('',(-1.,9.0238933612605E-32,-2.28253088944317E-16));
#12097=DIRECTION('',(-1.,1.54197642309049E-16,-2.28253088944317E-16));
#12098=DIRECTION('',(-0.5,-0.866025403784439,-4.56506177888634E-16));
#12099=DIRECTION('',(-1.,1.54197642309049E-16,-2.28253088944317E-16));
#12100=DIRECTION('',(2.28253088944317E-16,0.,-1.));
#12101=DIRECTION('',(-0.209510507321,0.120960947799835,-0.970295726275996));
#12102=DIRECTION('',(0.5,0.866025403784439,4.56506177888634E-16));
#12103=DIRECTION('',(-3.24120993652116E-16,1.,-4.55522349924369E-17));
#12104=DIRECTION('',(-1.,-3.24120993652116E-16,0.));
#12105=DIRECTION('',(-0.139173100960065,0.,0.99026806874157));
#12106=DIRECTION('',(-0.99026806874157,-3.27306316222039E-16,-0.139173100960065));
#12107=DIRECTION('',(-0.139173100960065,0.,0.99026806874157));
#12108=DIRECTION('',(-0.99026806874157,0.,-0.139173100960065));
#12109=DIRECTION('',(-0.139173100960065,0.,0.99026806874157));
#12110=DIRECTION('',(-0.139173100960065,0.,0.99026806874157));
#12111=DIRECTION('',(0.,-1.,0.));
#12112=DIRECTION('',(-1.24481251185233E-16,-1.,-1.74946989463708E-17));
#12113=DIRECTION('',(1.,-1.24481251185233E-16,0.));
#12114=DIRECTION('',(-0.139173100960065,0.,0.99026806874157));
#12115=DIRECTION('',(0.99026806874157,-1.25704599708465E-16,0.139173100960065));
#12116=DIRECTION('',(0.99026806874157,0.,0.139173100960065));
#12117=DIRECTION('',(0.139173100960065,0.,-0.99026806874157));
#12118=DIRECTION('',(-0.139173100960065,0.,0.99026806874157));
#12119=DIRECTION('',(0.,1.,0.));
#12120=DIRECTION('',(0.,-1.,0.));
#12121=DIRECTION('',(0.,0.,-1.));
#12122=DIRECTION('',(-0.139173100960065,0.,0.99026806874157));
#12123=DIRECTION('',(0.99026806874157,0.,0.139173100960065));
#12124=DIRECTION('',(0.99026806874157,0.,0.139173100960065));
#12125=DIRECTION('',(0.139173100960065,0.,-0.99026806874157));
#12126=DIRECTION('',(-0.139173100960065,0.,0.99026806874157));
#12127=DIRECTION('',(0.,1.,0.));
#12128=DIRECTION('',(0.,1.,0.));
#12129=DIRECTION('',(0.,0.,1.));
#12130=DIRECTION('',(-0.139173100960065,0.,0.99026806874157));
#12131=DIRECTION('',(-0.99026806874157,0.,-0.139173100960065));
#12132=DIRECTION('',(0.99026806874157,0.,0.139173100960065));
#12133=DIRECTION('',(0.139173100960065,0.,-0.99026806874157));
#12134=DIRECTION('',(-0.139173100960065,0.,0.99026806874157));
#12135=DIRECTION('',(0.,1.,0.));
#12136=DIRECTION('',(0.,1.,0.));
#12137=DIRECTION('',(0.,0.,1.));
#12138=DIRECTION('',(-0.139173100960065,0.,0.99026806874157));
#12139=DIRECTION('',(-0.99026806874157,0.,-0.139173100960065));
#12140=DIRECTION('',(-0.99026806874157,0.,-0.139173100960065));
#12141=DIRECTION('',(-0.139173100960065,0.,0.99026806874157));
#12142=DIRECTION('',(0.,-1.,0.));
#12143=DIRECTION('',(-0.139173100960065,0.,0.99026806874157));
#12144=DIRECTION('',(0.99026806874157,0.,0.139173100960065));
#12145=DIRECTION('',(-3.24120993652117E-16,1.,-4.55522349924369E-17));
#12146=DIRECTION('',(-1.,-3.24120993652117E-16,0.));
#12147=DIRECTION('',(-0.139173100960065,0.,0.99026806874157));
#12148=DIRECTION('',(-0.99026806874157,-3.27306316222039E-16,-0.139173100960065));
#12149=DIRECTION('',(-0.139173100960065,0.,0.99026806874157));
#12150=DIRECTION('',(-0.99026806874157,0.,-0.139173100960065));
#12151=DIRECTION('',(-0.139173100960065,0.,0.99026806874157));
#12152=DIRECTION('',(-0.139173100960065,0.,0.99026806874157));
#12153=DIRECTION('',(0.,-1.,0.));
#12154=DIRECTION('',(1.24481251185233E-16,-1.,1.74946989463708E-17));
#12155=DIRECTION('',(1.,1.24481251185233E-16,0.));
#12156=DIRECTION('',(-0.139173100960065,0.,0.99026806874157));
#12157=DIRECTION('',(0.99026806874157,1.25704599708465E-16,0.139173100960065));
#12158=DIRECTION('',(0.99026806874157,0.,0.139173100960065));
#12159=DIRECTION('',(0.139173100960065,0.,-0.99026806874157));
#12160=DIRECTION('',(-0.139173100960065,0.,0.99026806874157));
#12161=DIRECTION('',(0.,1.,0.));
#12162=DIRECTION('',(0.,-1.,0.));
#12163=DIRECTION('',(0.,0.,-1.));
#12164=DIRECTION('',(-0.139173100960065,0.,0.99026806874157));
#12165=DIRECTION('',(0.99026806874157,0.,0.139173100960065));
#12166=DIRECTION('',(0.99026806874157,0.,0.139173100960065));
#12167=DIRECTION('',(0.139173100960065,0.,-0.99026806874157));
#12168=DIRECTION('',(-0.139173100960065,0.,0.99026806874157));
#12169=DIRECTION('',(0.,1.,0.));
#12170=DIRECTION('',(0.,1.,0.));
#12171=DIRECTION('',(0.,0.,1.));
#12172=DIRECTION('',(-0.139173100960065,0.,0.99026806874157));
#12173=DIRECTION('',(-0.99026806874157,0.,-0.139173100960065));
#12174=DIRECTION('',(0.99026806874157,0.,0.139173100960065));
#12175=DIRECTION('',(0.139173100960065,0.,-0.99026806874157));
#12176=DIRECTION('',(-0.139173100960065,0.,0.99026806874157));
#12177=DIRECTION('',(0.,1.,0.));
#12178=DIRECTION('',(0.,1.,0.));
#12179=DIRECTION('',(0.,0.,1.));
#12180=DIRECTION('',(-0.139173100960065,0.,0.99026806874157));
#12181=DIRECTION('',(-0.99026806874157,0.,-0.139173100960065));
#12182=DIRECTION('',(-0.99026806874157,0.,-0.139173100960065));
#12183=DIRECTION('',(-0.139173100960065,0.,0.99026806874157));
#12184=DIRECTION('',(0.,-1.,0.));
#12185=DIRECTION('',(-0.139173100960065,0.,0.99026806874157));
#12186=DIRECTION('',(0.99026806874157,0.,0.139173100960065));
#12187=DIRECTION('',(0.,1.,0.));
#12188=DIRECTION('',(0.,0.,1.));
#12189=DIRECTION('',(-0.139173100960065,0.,0.99026806874157));
#12190=DIRECTION('',(-0.99026806874157,0.,-0.139173100960065));
#12191=DIRECTION('',(-0.139173100960065,0.,0.99026806874157));
#12192=DIRECTION('',(-0.99026806874157,0.,-0.139173100960065));
#12193=DIRECTION('',(-0.139173100960065,0.,0.99026806874157));
#12194=DIRECTION('',(-0.139173100960065,0.,0.99026806874157));
#12195=DIRECTION('',(0.,-1.,0.));
#12196=DIRECTION('',(3.734437535557E-16,-1.,5.24840968391123E-17));
#12197=DIRECTION('',(1.,3.734437535557E-16,0.));
#12198=DIRECTION('',(-0.139173100960065,0.,0.99026806874157));
#12199=DIRECTION('',(0.99026806874157,3.77113799125394E-16,0.139173100960065));
#12200=DIRECTION('',(0.99026806874157,0.,0.139173100960065));
#12201=DIRECTION('',(0.139173100960065,0.,-0.99026806874157));
#12202=DIRECTION('',(-0.139173100960065,0.,0.99026806874157));
#12203=DIRECTION('',(0.,1.,0.));
#12204=DIRECTION('',(0.,-1.,0.));
#12205=DIRECTION('',(0.,0.,-1.));
#12206=DIRECTION('',(-0.139173100960065,0.,0.99026806874157));
#12207=DIRECTION('',(0.99026806874157,0.,0.139173100960065));
#12208=DIRECTION('',(0.99026806874157,0.,0.139173100960065));
#12209=DIRECTION('',(0.139173100960065,0.,-0.99026806874157));
#12210=DIRECTION('',(-0.139173100960065,0.,0.99026806874157));
#12211=DIRECTION('',(0.,1.,0.));
#12212=DIRECTION('',(0.,1.,0.));
#12213=DIRECTION('',(0.,0.,1.));
#12214=DIRECTION('',(-0.139173100960065,0.,0.99026806874157));
#12215=DIRECTION('',(-0.99026806874157,0.,-0.139173100960065));
#12216=DIRECTION('',(0.99026806874157,0.,0.139173100960065));
#12217=DIRECTION('',(0.139173100960065,0.,-0.99026806874157));
#12218=DIRECTION('',(-0.139173100960065,0.,0.99026806874157));
#12219=DIRECTION('',(0.,1.,0.));
#12220=DIRECTION('',(0.,1.,0.));
#12221=DIRECTION('',(0.,0.,1.));
#12222=DIRECTION('',(-0.139173100960065,0.,0.99026806874157));
#12223=DIRECTION('',(-0.99026806874157,0.,-0.139173100960065));
#12224=DIRECTION('',(-0.99026806874157,0.,-0.139173100960065));
#12225=DIRECTION('',(-0.139173100960065,0.,0.99026806874157));
#12226=DIRECTION('',(0.,-1.,0.));
#12227=DIRECTION('',(-0.139173100960065,0.,0.99026806874157));
#12228=DIRECTION('',(0.99026806874157,0.,0.139173100960065));
#12229=DIRECTION('',(0.,1.,0.));
#12230=DIRECTION('',(0.,0.,1.));
#12231=DIRECTION('',(-0.139173100960065,0.,0.99026806874157));
#12232=DIRECTION('',(-0.99026806874157,0.,-0.139173100960065));
#12233=DIRECTION('',(-0.139173100960065,0.,0.99026806874157));
#12234=DIRECTION('',(-0.99026806874157,0.,-0.139173100960065));
#12235=DIRECTION('',(-0.139173100960065,0.,0.99026806874157));
#12236=DIRECTION('',(-0.139173100960065,0.,0.99026806874157));
#12237=DIRECTION('',(0.,-1.,0.));
#12238=DIRECTION('',(6.22406255926167E-17,-1.,8.74734947318537E-18));
#12239=DIRECTION('',(1.,6.22406255926167E-17,0.));
#12240=DIRECTION('',(-0.139173100960065,0.,0.99026806874157));
#12241=DIRECTION('',(0.99026806874157,6.28522998542323E-17,0.139173100960065));
#12242=DIRECTION('',(0.99026806874157,0.,0.139173100960065));
#12243=DIRECTION('',(0.139173100960065,0.,-0.99026806874157));
#12244=DIRECTION('',(-0.139173100960065,0.,0.99026806874157));
#12245=DIRECTION('',(0.,1.,0.));
#12246=DIRECTION('',(0.,-1.,0.));
#12247=DIRECTION('',(0.,0.,-1.));
#12248=DIRECTION('',(-0.139173100960065,0.,0.99026806874157));
#12249=DIRECTION('',(0.99026806874157,0.,0.139173100960065));
#12250=DIRECTION('',(0.99026806874157,0.,0.139173100960065));
#12251=DIRECTION('',(0.139173100960065,0.,-0.99026806874157));
#12252=DIRECTION('',(-0.139173100960065,0.,0.99026806874157));
#12253=DIRECTION('',(0.,1.,0.));
#12254=DIRECTION('',(0.,1.,0.));
#12255=DIRECTION('',(0.,0.,1.));
#12256=DIRECTION('',(-0.139173100960065,0.,0.99026806874157));
#12257=DIRECTION('',(-0.99026806874157,0.,-0.139173100960065));
#12258=DIRECTION('',(0.99026806874157,0.,0.139173100960065));
#12259=DIRECTION('',(0.139173100960065,0.,-0.99026806874157));
#12260=DIRECTION('',(-0.139173100960065,0.,0.99026806874157));
#12261=DIRECTION('',(0.,1.,0.));
#12262=DIRECTION('',(0.,1.,0.));
#12263=DIRECTION('',(0.,0.,1.));
#12264=DIRECTION('',(-0.139173100960065,0.,0.99026806874157));
#12265=DIRECTION('',(-0.99026806874157,0.,-0.139173100960065));
#12266=DIRECTION('',(-0.99026806874157,0.,-0.139173100960065));
#12267=DIRECTION('',(-0.139173100960065,0.,0.99026806874157));
#12268=DIRECTION('',(0.,-1.,0.));
#12269=DIRECTION('',(-0.139173100960065,0.,0.99026806874157));
#12270=DIRECTION('',(0.99026806874157,0.,0.139173100960065));
#12271=DIRECTION('',(0.,1.,0.));
#12272=DIRECTION('',(0.,0.,1.));
#12273=DIRECTION('',(-0.139173100960065,0.,0.99026806874157));
#12274=DIRECTION('',(-0.99026806874157,0.,-0.139173100960065));
#12275=DIRECTION('',(-0.139173100960065,0.,0.99026806874157));
#12276=DIRECTION('',(-0.99026806874157,0.,-0.139173100960065));
#12277=DIRECTION('',(-0.139173100960065,0.,0.99026806874157));
#12278=DIRECTION('',(-0.139173100960065,0.,0.99026806874157));
#12279=DIRECTION('',(0.,-1.,0.));
#12280=DIRECTION('',(3.89003909953854E-16,-1.,5.46709342074086E-17));
#12281=DIRECTION('',(1.,3.89003909953854E-16,0.));
#12282=DIRECTION('',(-0.139173100960065,0.,0.99026806874157));
#12283=DIRECTION('',(0.99026806874157,3.92826874088952E-16,0.139173100960065));
#12284=DIRECTION('',(0.99026806874157,0.,0.139173100960065));
#12285=DIRECTION('',(0.139173100960065,0.,-0.99026806874157));
#12286=DIRECTION('',(-0.139173100960065,0.,0.99026806874157));
#12287=DIRECTION('',(0.,1.,0.));
#12288=DIRECTION('',(0.,-1.,0.));
#12289=DIRECTION('',(0.,0.,-1.));
#12290=DIRECTION('',(-0.139173100960065,0.,0.99026806874157));
#12291=DIRECTION('',(0.99026806874157,0.,0.139173100960065));
#12292=DIRECTION('',(0.99026806874157,0.,0.139173100960065));
#12293=DIRECTION('',(0.139173100960065,0.,-0.99026806874157));
#12294=DIRECTION('',(-0.139173100960065,0.,0.99026806874157));
#12295=DIRECTION('',(0.,1.,0.));
#12296=DIRECTION('',(0.,1.,0.));
#12297=DIRECTION('',(0.,0.,1.));
#12298=DIRECTION('',(-0.139173100960065,0.,0.99026806874157));
#12299=DIRECTION('',(-0.99026806874157,0.,-0.139173100960065));
#12300=DIRECTION('',(0.99026806874157,0.,0.139173100960065));
#12301=DIRECTION('',(0.139173100960065,0.,-0.99026806874157));
#12302=DIRECTION('',(-0.139173100960065,0.,0.99026806874157));
#12303=DIRECTION('',(0.,1.,0.));
#12304=DIRECTION('',(0.,1.,0.));
#12305=DIRECTION('',(0.,0.,1.));
#12306=DIRECTION('',(-0.139173100960065,0.,0.99026806874157));
#12307=DIRECTION('',(-0.99026806874157,0.,-0.139173100960065));
#12308=DIRECTION('',(-0.99026806874157,0.,-0.139173100960065));
#12309=DIRECTION('',(-0.139173100960065,0.,0.99026806874157));
#12310=DIRECTION('',(0.,-1.,0.));
#12311=DIRECTION('',(-0.139173100960065,0.,0.99026806874157));
#12312=DIRECTION('',(0.99026806874157,0.,0.139173100960065));
#12313=DIRECTION('',(-6.48241987304233E-16,1.,-9.11044699848739E-17));
#12314=DIRECTION('',(-1.,-6.48241987304233E-16,0.));
#12315=DIRECTION('',(-0.139173100960065,0.,0.99026806874157));
#12316=DIRECTION('',(-6.48241987304233E-16,1.,-9.11044699848739E-17));
#12317=DIRECTION('',(-1.,-6.48241987304233E-16,0.));
#12318=DIRECTION('',(-0.99026806874157,-6.54612632444078E-16,-0.139173100960065));
#12319=DIRECTION('',(-0.139173100960065,0.,0.99026806874157));
#12320=DIRECTION('',(-0.99026806874157,0.,-0.139173100960065));
#12321=DIRECTION('',(-0.139173100960065,0.,0.99026806874157));
#12322=DIRECTION('',(-0.139173100960065,0.,0.99026806874157));
#12323=DIRECTION('',(0.,-1.,0.));
#12324=DIRECTION('',(3.81223831754777E-16,-1.,5.35775155232604E-17));
#12325=DIRECTION('',(1.,3.81223831754777E-16,0.));
#12326=DIRECTION('',(0.99026806874157,3.84970336607173E-16,0.139173100960065));
#12327=DIRECTION('',(3.81223831754777E-16,-1.,5.35775155232604E-17));
#12328=DIRECTION('',(1.,3.81223831754777E-16,0.));
#12329=DIRECTION('',(-0.139173100960065,0.,0.99026806874157));
#12330=DIRECTION('',(0.99026806874157,0.,0.139173100960065));
#12331=DIRECTION('',(0.139173100960065,0.,-0.99026806874157));
#12332=DIRECTION('',(-0.139173100960065,0.,0.99026806874157));
#12333=DIRECTION('',(0.,1.,0.));
#12334=DIRECTION('',(0.,-1.,0.));
#12335=DIRECTION('',(0.,0.,-1.));
#12336=DIRECTION('',(-0.139173100960065,0.,0.99026806874157));
#12337=DIRECTION('',(0.99026806874157,0.,0.139173100960065));
#12338=DIRECTION('',(0.99026806874157,0.,0.139173100960065));
#12339=DIRECTION('',(0.139173100960065,0.,-0.99026806874157));
#12340=DIRECTION('',(-0.139173100960065,0.,0.99026806874157));
#12341=DIRECTION('',(0.,1.,0.));
#12342=DIRECTION('',(0.,1.,0.));
#12343=DIRECTION('',(0.,0.,1.));
#12344=DIRECTION('',(-0.139173100960065,0.,0.99026806874157));
#12345=DIRECTION('',(-0.99026806874157,0.,-0.139173100960065));
#12346=DIRECTION('',(0.99026806874157,2.96366329620199E-16,0.139173100960065));
#12347=DIRECTION('',(0.139173100960065,0.,-0.99026806874157));
#12348=DIRECTION('',(-0.139173100960065,0.,0.99026806874157));
#12349=DIRECTION('',(-2.93482112873022E-16,1.,-4.1246221113396E-17));
#12350=DIRECTION('',(0.,1.,0.));
#12351=DIRECTION('',(0.,0.,1.));
#12352=DIRECTION('',(-0.139173100960065,0.,0.99026806874157));
#12353=DIRECTION('',(-0.99026806874157,0.,-0.139173100960065));
#12354=DIRECTION('',(-0.99026806874157,0.,-0.139173100960065));
#12355=DIRECTION('',(-0.139173100960065,0.,0.99026806874157));
#12356=DIRECTION('',(0.,-1.,0.));
#12357=DIRECTION('',(-0.139173100960065,0.,0.99026806874157));
#12358=DIRECTION('',(0.99026806874157,0.,0.139173100960065));
#12359=DIRECTION('',(0.,-1.,0.));
#12360=DIRECTION('',(0.,-1.,0.));
#12361=DIRECTION('',(0.,0.,-1.));
#12362=DIRECTION('',(-0.139173100960065,0.,0.99026806874157));
#12363=DIRECTION('',(0.99026806874157,0.,0.139173100960065));
#12364=DIRECTION('',(0.99026806874157,-1.25704599708465E-16,0.139173100960065));
#12365=DIRECTION('',(0.,1.,0.));
#12366=DIRECTION('',(0.99026806874157,0.,0.139173100960065));
#12367=DIRECTION('',(0.,1.,0.));
#12368=DIRECTION('',(0.,-1.,0.));
#12369=DIRECTION('',(-0.99026806874157,-3.27306316222039E-16,-0.139173100960065));
#12370=DIRECTION('',(0.,-1.,0.));
#12371=DIRECTION('',(-0.99026806874157,0.,-0.139173100960065));
#12372=DIRECTION('',(-0.139173100960065,0.,0.99026806874157));
#12373=DIRECTION('',(-0.139173100960065,0.,0.99026806874157));
#12374=DIRECTION('',(0.99026806874157,0.,0.139173100960065));
#12375=DIRECTION('',(0.139173100960065,0.,-0.99026806874157));
#12376=DIRECTION('',(-0.139173100960065,0.,0.99026806874157));
#12377=DIRECTION('',(-1.24481251185233E-16,-1.,-1.74946989463708E-17));
#12378=DIRECTION('',(1.,-1.24481251185233E-16,0.));
#12379=DIRECTION('',(-0.139173100960065,0.,0.99026806874157));
#12380=DIRECTION('',(-0.99026806874157,0.,-0.139173100960065));
#12381=DIRECTION('',(-0.139173100960065,0.,0.99026806874157));
#12382=DIRECTION('',(-0.139173100960065,0.,0.99026806874157));
#12383=DIRECTION('',(0.,-1.,0.));
#12384=DIRECTION('',(0.,0.,-1.));
#12385=DIRECTION('',(-0.139173100960065,0.,0.99026806874157));
#12386=DIRECTION('',(0.99026806874157,0.,0.139173100960065));
#12387=DIRECTION('',(0.139173100960065,0.,-0.99026806874157));
#12388=DIRECTION('',(-3.24120993652116E-16,1.,-4.55522349924369E-17));
#12389=DIRECTION('',(-1.,-3.24120993652116E-16,0.));
#12390=DIRECTION('',(0.99026806874157,0.,0.139173100960065));
#12391=DIRECTION('',(0.139173100960065,0.,-0.99026806874157));
#12392=DIRECTION('',(-0.139173100960065,0.,0.99026806874157));
#12393=DIRECTION('',(0.,1.,0.));
#12394=DIRECTION('',(0.,1.,0.));
#12395=DIRECTION('',(0.,0.,1.));
#12396=DIRECTION('',(-0.99026806874157,0.,-0.139173100960065));
#12397=DIRECTION('',(-0.139173100960065,0.,0.99026806874157));
#12398=DIRECTION('',(0.99026806874157,0.,0.139173100960065));
#12399=DIRECTION('',(-0.99026806874157,0.,-0.139173100960065));
#12400=DIRECTION('',(-0.139173100960065,0.,0.99026806874157));
#12401=DIRECTION('',(0.,-1.,0.));
#12402=DIRECTION('',(-0.139173100960065,0.,0.99026806874157));
#12403=DIRECTION('',(3.89003909953854E-16,-1.,5.46709342074086E-17));
#12404=DIRECTION('',(1.,3.89003909953854E-16,0.));
#12405=DIRECTION('',(-0.139173100960065,0.,0.99026806874157));
#12406=DIRECTION('',(0.99026806874157,3.92826874088952E-16,0.139173100960065));
#12407=DIRECTION('',(-0.139173100960065,0.,0.99026806874157));
#12408=DIRECTION('',(0.99026806874157,0.,0.139173100960065));
#12409=DIRECTION('',(0.,1.,0.));
#12410=DIRECTION('',(0.99026806874157,0.,0.139173100960065));
#12411=DIRECTION('',(0.,1.,0.));
#12412=DIRECTION('',(-0.99026806874157,0.,-0.139173100960065));
#12413=DIRECTION('',(0.,1.,0.));
#12414=DIRECTION('',(-0.99026806874157,0.,-0.139173100960065));
#12415=DIRECTION('',(0.,-1.,0.));
#12416=DIRECTION('',(-0.99026806874157,0.,-0.139173100960065));
#12417=DIRECTION('',(0.,1.,0.));
#12418=DIRECTION('',(0.,0.,1.));
#12419=DIRECTION('',(-0.139173100960065,0.,0.99026806874157));
#12420=DIRECTION('',(0.99026806874157,0.,0.139173100960065));
#12421=DIRECTION('',(0.139173100960065,0.,-0.99026806874157));
#12422=DIRECTION('',(-0.139173100960065,0.,0.99026806874157));
#12423=DIRECTION('',(0.,-1.,0.));
#12424=DIRECTION('',(0.,0.,-1.));
#12425=DIRECTION('',(-0.139173100960065,0.,0.99026806874157));
#12426=DIRECTION('',(0.99026806874157,0.,0.139173100960065));
#12427=DIRECTION('',(0.139173100960065,0.,-0.99026806874157));
#12428=DIRECTION('',(-0.139173100960065,0.,0.99026806874157));
#12429=DIRECTION('',(0.,1.,0.));
#12430=DIRECTION('',(0.,0.,1.));
#12431=DIRECTION('',(-0.139173100960065,0.,0.99026806874157));
#12432=DIRECTION('',(0.99026806874157,0.,0.139173100960065));
#12433=DIRECTION('',(0.139173100960065,0.,-0.99026806874157));
#12434=DIRECTION('',(-0.139173100960065,0.,0.99026806874157));
#12435=DIRECTION('',(0.,1.,0.));
#12436=DIRECTION('',(0.,0.,1.));
#12437=DIRECTION('',(-0.139173100960065,0.,0.99026806874157));
#12438=DIRECTION('',(-0.99026806874157,0.,-0.139173100960065));
#12439=DIRECTION('',(-0.139173100960065,0.,0.99026806874157));
#12440=DIRECTION('',(-3.24120993652117E-16,1.,-4.55522349924369E-17));
#12441=DIRECTION('',(-1.,-3.24120993652117E-16,0.));
#12442=DIRECTION('',(-0.139173100960065,0.,0.99026806874157));
#12443=DIRECTION('',(-0.99026806874157,-3.27306316222039E-16,-0.139173100960065));
#12444=DIRECTION('',(-0.139173100960065,0.,0.99026806874157));
#12445=DIRECTION('',(-0.99026806874157,0.,-0.139173100960065));
#12446=DIRECTION('',(-0.139173100960065,0.,0.99026806874157));
#12447=DIRECTION('',(-0.139173100960065,0.,0.99026806874157));
#12448=DIRECTION('',(0.,-1.,0.));
#12449=DIRECTION('',(1.24481251185233E-16,-1.,1.74946989463708E-17));
#12450=DIRECTION('',(1.,1.24481251185233E-16,0.));
#12451=DIRECTION('',(-0.139173100960065,0.,0.99026806874157));
#12452=DIRECTION('',(0.99026806874157,1.25704599708465E-16,0.139173100960065));
#12453=DIRECTION('',(0.99026806874157,0.,0.139173100960065));
#12454=DIRECTION('',(0.139173100960065,0.,-0.99026806874157));
#12455=DIRECTION('',(-0.139173100960065,0.,0.99026806874157));
#12456=DIRECTION('',(0.,1.,0.));
#12457=DIRECTION('',(0.,-1.,0.));
#12458=DIRECTION('',(0.,0.,-1.));
#12459=DIRECTION('',(-0.139173100960065,0.,0.99026806874157));
#12460=DIRECTION('',(0.99026806874157,0.,0.139173100960065));
#12461=DIRECTION('',(0.99026806874157,0.,0.139173100960065));
#12462=DIRECTION('',(0.139173100960065,0.,-0.99026806874157));
#12463=DIRECTION('',(-0.139173100960065,0.,0.99026806874157));
#12464=DIRECTION('',(0.,1.,0.));
#12465=DIRECTION('',(0.,1.,0.));
#12466=DIRECTION('',(0.,0.,1.));
#12467=DIRECTION('',(-0.139173100960065,0.,0.99026806874157));
#12468=DIRECTION('',(-0.99026806874157,0.,-0.139173100960065));
#12469=DIRECTION('',(0.99026806874157,0.,0.139173100960065));
#12470=DIRECTION('',(0.139173100960065,0.,-0.99026806874157));
#12471=DIRECTION('',(-0.139173100960065,0.,0.99026806874157));
#12472=DIRECTION('',(0.,1.,0.));
#12473=DIRECTION('',(0.,1.,0.));
#12474=DIRECTION('',(0.,0.,1.));
#12475=DIRECTION('',(-0.139173100960065,0.,0.99026806874157));
#12476=DIRECTION('',(-0.99026806874157,0.,-0.139173100960065));
#12477=DIRECTION('',(-0.99026806874157,0.,-0.139173100960065));
#12478=DIRECTION('',(-0.139173100960065,0.,0.99026806874157));
#12479=DIRECTION('',(0.,-1.,0.));
#12480=DIRECTION('',(-0.139173100960065,0.,0.99026806874157));
#12481=DIRECTION('',(0.99026806874157,0.,0.139173100960065));
#12482=DIRECTION('',(0.,1.,0.));
#12483=DIRECTION('',(0.,0.,1.));
#12484=DIRECTION('',(-0.139173100960065,0.,0.99026806874157));
#12485=DIRECTION('',(-0.99026806874157,0.,-0.139173100960065));
#12486=DIRECTION('',(-0.139173100960065,0.,0.99026806874157));
#12487=DIRECTION('',(-0.99026806874157,0.,-0.139173100960065));
#12488=DIRECTION('',(-0.139173100960065,0.,0.99026806874157));
#12489=DIRECTION('',(-0.139173100960065,0.,0.99026806874157));
#12490=DIRECTION('',(0.,-1.,0.));
#12491=DIRECTION('',(3.734437535557E-16,-1.,5.24840968391123E-17));
#12492=DIRECTION('',(1.,3.734437535557E-16,0.));
#12493=DIRECTION('',(-0.139173100960065,0.,0.99026806874157));
#12494=DIRECTION('',(0.99026806874157,3.77113799125394E-16,0.139173100960065));
#12495=DIRECTION('',(0.99026806874157,0.,0.139173100960065));
#12496=DIRECTION('',(0.139173100960065,0.,-0.99026806874157));
#12497=DIRECTION('',(-0.139173100960065,0.,0.99026806874157));
#12498=DIRECTION('',(0.,1.,0.));
#12499=DIRECTION('',(0.,-1.,0.));
#12500=DIRECTION('',(0.,0.,-1.));
#12501=DIRECTION('',(-0.139173100960065,0.,0.99026806874157));
#12502=DIRECTION('',(0.99026806874157,0.,0.139173100960065));
#12503=DIRECTION('',(0.99026806874157,0.,0.139173100960065));
#12504=DIRECTION('',(0.139173100960065,0.,-0.99026806874157));
#12505=DIRECTION('',(-0.139173100960065,0.,0.99026806874157));
#12506=DIRECTION('',(0.,1.,0.));
#12507=DIRECTION('',(0.,1.,0.));
#12508=DIRECTION('',(0.,0.,1.));
#12509=DIRECTION('',(-0.139173100960065,0.,0.99026806874157));
#12510=DIRECTION('',(-0.99026806874157,0.,-0.139173100960065));
#12511=DIRECTION('',(0.99026806874157,0.,0.139173100960065));
#12512=DIRECTION('',(0.139173100960065,0.,-0.99026806874157));
#12513=DIRECTION('',(-0.139173100960065,0.,0.99026806874157));
#12514=DIRECTION('',(0.,1.,0.));
#12515=DIRECTION('',(0.,1.,0.));
#12516=DIRECTION('',(0.,0.,1.));
#12517=DIRECTION('',(-0.139173100960065,0.,0.99026806874157));
#12518=DIRECTION('',(-0.99026806874157,0.,-0.139173100960065));
#12519=DIRECTION('',(-0.99026806874157,0.,-0.139173100960065));
#12520=DIRECTION('',(-0.139173100960065,0.,0.99026806874157));
#12521=DIRECTION('',(0.,-1.,0.));
#12522=DIRECTION('',(-0.139173100960065,0.,0.99026806874157));
#12523=DIRECTION('',(0.99026806874157,0.,0.139173100960065));
#12524=DIRECTION('',(0.,1.,0.));
#12525=DIRECTION('',(0.,0.,1.));
#12526=DIRECTION('',(-0.139173100960065,0.,0.99026806874157));
#12527=DIRECTION('',(-0.99026806874157,0.,-0.139173100960065));
#12528=DIRECTION('',(-0.139173100960065,0.,0.99026806874157));
#12529=DIRECTION('',(-0.99026806874157,0.,-0.139173100960065));
#12530=DIRECTION('',(-0.139173100960065,0.,0.99026806874157));
#12531=DIRECTION('',(-0.139173100960065,0.,0.99026806874157));
#12532=DIRECTION('',(0.,-1.,0.));
#12533=DIRECTION('',(6.22406255926167E-17,-1.,8.74734947318537E-18));
#12534=DIRECTION('',(1.,6.22406255926167E-17,0.));
#12535=DIRECTION('',(-0.139173100960065,0.,0.99026806874157));
#12536=DIRECTION('',(0.99026806874157,6.28522998542323E-17,0.139173100960065));
#12537=DIRECTION('',(0.99026806874157,0.,0.139173100960065));
#12538=DIRECTION('',(0.139173100960065,0.,-0.99026806874157));
#12539=DIRECTION('',(-0.139173100960065,0.,0.99026806874157));
#12540=DIRECTION('',(0.,1.,0.));
#12541=DIRECTION('',(0.,-1.,0.));
#12542=DIRECTION('',(0.,0.,-1.));
#12543=DIRECTION('',(-0.139173100960065,0.,0.99026806874157));
#12544=DIRECTION('',(0.99026806874157,0.,0.139173100960065));
#12545=DIRECTION('',(0.99026806874157,0.,0.139173100960065));
#12546=DIRECTION('',(0.139173100960065,0.,-0.99026806874157));
#12547=DIRECTION('',(-0.139173100960065,0.,0.99026806874157));
#12548=DIRECTION('',(0.,1.,0.));
#12549=DIRECTION('',(0.,1.,0.));
#12550=DIRECTION('',(0.,0.,1.));
#12551=DIRECTION('',(-0.139173100960065,0.,0.99026806874157));
#12552=DIRECTION('',(-0.99026806874157,0.,-0.139173100960065));
#12553=DIRECTION('',(0.99026806874157,0.,0.139173100960065));
#12554=DIRECTION('',(0.139173100960065,0.,-0.99026806874157));
#12555=DIRECTION('',(-0.139173100960065,0.,0.99026806874157));
#12556=DIRECTION('',(0.,1.,0.));
#12557=DIRECTION('',(0.,1.,0.));
#12558=DIRECTION('',(0.,0.,1.));
#12559=DIRECTION('',(-0.139173100960065,0.,0.99026806874157));
#12560=DIRECTION('',(-0.99026806874157,0.,-0.139173100960065));
#12561=DIRECTION('',(-0.99026806874157,0.,-0.139173100960065));
#12562=DIRECTION('',(-0.139173100960065,0.,0.99026806874157));
#12563=DIRECTION('',(0.,-1.,0.));
#12564=DIRECTION('',(-0.139173100960065,0.,0.99026806874157));
#12565=DIRECTION('',(0.99026806874157,0.,0.139173100960065));
#12566=DIRECTION('',(-6.48241987304233E-16,1.,-9.11044699848739E-17));
#12567=DIRECTION('',(-1.,-6.48241987304233E-16,0.));
#12568=DIRECTION('',(-0.139173100960065,0.,0.99026806874157));
#12569=DIRECTION('',(-6.48241987304233E-16,1.,-9.11044699848739E-17));
#12570=DIRECTION('',(-1.,-6.48241987304233E-16,0.));
#12571=DIRECTION('',(-0.99026806874157,-6.54612632444078E-16,-0.139173100960065));
#12572=DIRECTION('',(-0.139173100960065,0.,0.99026806874157));
#12573=DIRECTION('',(-0.99026806874157,0.,-0.139173100960065));
#12574=DIRECTION('',(-0.139173100960065,0.,0.99026806874157));
#12575=DIRECTION('',(-0.139173100960065,0.,0.99026806874157));
#12576=DIRECTION('',(0.,-1.,0.));
#12577=DIRECTION('',(3.81223831754777E-16,-1.,5.35775155232604E-17));
#12578=DIRECTION('',(1.,3.81223831754777E-16,0.));
#12579=DIRECTION('',(0.99026806874157,3.84970336607173E-16,0.139173100960065));
#12580=DIRECTION('',(3.81223831754777E-16,-1.,5.35775155232604E-17));
#12581=DIRECTION('',(1.,3.81223831754777E-16,0.));
#12582=DIRECTION('',(-0.139173100960065,0.,0.99026806874157));
#12583=DIRECTION('',(0.99026806874157,0.,0.139173100960065));
#12584=DIRECTION('',(0.139173100960065,0.,-0.99026806874157));
#12585=DIRECTION('',(-0.139173100960065,0.,0.99026806874157));
#12586=DIRECTION('',(0.,1.,0.));
#12587=DIRECTION('',(0.,-1.,0.));
#12588=DIRECTION('',(0.,0.,-1.));
#12589=DIRECTION('',(-0.139173100960065,0.,0.99026806874157));
#12590=DIRECTION('',(0.99026806874157,0.,0.139173100960065));
#12591=DIRECTION('',(0.99026806874157,0.,0.139173100960065));
#12592=DIRECTION('',(0.139173100960065,0.,-0.99026806874157));
#12593=DIRECTION('',(-0.139173100960065,0.,0.99026806874157));
#12594=DIRECTION('',(0.,1.,0.));
#12595=DIRECTION('',(0.,1.,0.));
#12596=DIRECTION('',(0.,0.,1.));
#12597=DIRECTION('',(-0.139173100960065,0.,0.99026806874157));
#12598=DIRECTION('',(-0.99026806874157,0.,-0.139173100960065));
#12599=DIRECTION('',(0.99026806874157,2.96366329620199E-16,0.139173100960065));
#12600=DIRECTION('',(0.139173100960065,0.,-0.99026806874157));
#12601=DIRECTION('',(-0.139173100960065,0.,0.99026806874157));
#12602=DIRECTION('',(-2.93482112873022E-16,1.,-4.1246221113396E-17));
#12603=DIRECTION('',(0.,1.,0.));
#12604=DIRECTION('',(0.,0.,1.));
#12605=DIRECTION('',(-0.139173100960065,0.,0.99026806874157));
#12606=DIRECTION('',(-0.99026806874157,0.,-0.139173100960065));
#12607=DIRECTION('',(-0.99026806874157,0.,-0.139173100960065));
#12608=DIRECTION('',(-0.139173100960065,0.,0.99026806874157));
#12609=DIRECTION('',(0.,-1.,0.));
#12610=DIRECTION('',(-0.139173100960065,0.,0.99026806874157));
#12611=DIRECTION('',(0.99026806874157,0.,0.139173100960065));
#12612=DIRECTION('',(0.,-1.,0.));
#12613=DIRECTION('',(0.,-1.,0.));
#12614=DIRECTION('',(0.,0.,-1.));
#12615=DIRECTION('',(-0.139173100960065,0.,0.99026806874157));
#12616=DIRECTION('',(0.99026806874157,0.,0.139173100960065));
#12617=DIRECTION('',(0.,-1.,0.));
#12618=DIRECTION('',(0.99026806874157,1.25704599708465E-16,0.139173100960065));
#12619=DIRECTION('',(1.24481251185233E-16,-1.,1.74946989463708E-17));
#12620=DIRECTION('',(1.,1.24481251185233E-16,0.));
#12621=DIRECTION('',(-0.139173100960065,0.,0.99026806874157));
#12622=DIRECTION('',(-0.99026806874157,0.,-0.139173100960065));
#12623=DIRECTION('',(-0.139173100960065,0.,0.99026806874157));
#12624=DIRECTION('',(0.99026806874157,0.,0.139173100960065));
#12625=DIRECTION('',(0.139173100960065,0.,-0.99026806874157));
#12626=DIRECTION('',(0.,1.,0.));
#12627=DIRECTION('',(-0.139173100960065,0.,0.99026806874157));
#12628=DIRECTION('',(0.99026806874157,0.,0.139173100960065));
#12629=DIRECTION('',(-0.99026806874157,0.,-0.139173100960065));
#12630=DIRECTION('',(-0.139173100960065,0.,0.99026806874157));
#12631=DIRECTION('',(0.,-1.,0.));
#12632=DIRECTION('',(-1.24481251185233E-16,-1.,-1.74946989463708E-17));
#12633=DIRECTION('',(1.,-1.24481251185233E-16,0.));
#12634=DIRECTION('',(-0.139173100960065,0.,0.99026806874157));
#12635=DIRECTION('',(0.99026806874157,-1.25704599708465E-16,0.139173100960065));
#12636=DIRECTION('',(-0.139173100960065,0.,0.99026806874157));
#12637=DIRECTION('',(0.99026806874157,0.,0.139173100960065));
#12638=DIRECTION('',(0.,1.,0.));
#12639=DIRECTION('',(0.99026806874157,0.,0.139173100960065));
#12640=DIRECTION('',(0.,1.,0.));
#12641=DIRECTION('',(-0.99026806874157,0.,-0.139173100960065));
#12642=DIRECTION('',(0.,1.,0.));
#12643=DIRECTION('',(-0.99026806874157,0.,-0.139173100960065));
#12644=DIRECTION('',(0.99026806874157,0.,0.139173100960065));
#12645=DIRECTION('',(0.139173100960065,0.,-0.99026806874157));
#12646=DIRECTION('',(-0.139173100960065,0.,0.99026806874157));
#12647=DIRECTION('',(0.,-1.,0.));
#12648=DIRECTION('',(0.,0.,-1.));
#12649=DIRECTION('',(-0.139173100960065,0.,0.99026806874157));
#12650=DIRECTION('',(0.99026806874157,0.,0.139173100960065));
#12651=DIRECTION('',(0.139173100960065,0.,-0.99026806874157));
#12652=DIRECTION('',(-0.139173100960065,0.,0.99026806874157));
#12653=DIRECTION('',(0.,1.,0.));
#12654=DIRECTION('',(0.,0.,1.));
#12655=DIRECTION('',(-0.139173100960065,0.,0.99026806874157));
#12656=DIRECTION('',(0.99026806874157,0.,0.139173100960065));
#12657=DIRECTION('',(0.139173100960065,0.,-0.99026806874157));
#12658=DIRECTION('',(-0.139173100960065,0.,0.99026806874157));
#12659=DIRECTION('',(0.,1.,0.));
#12660=DIRECTION('',(0.,0.,1.));
#12661=DIRECTION('',(0.,1.,0.));
#12662=DIRECTION('',(0.,0.,1.));
#12663=DIRECTION('',(-0.139173100960065,0.,0.99026806874157));
#12664=DIRECTION('',(-0.99026806874157,0.,-0.139173100960065));
#12665=DIRECTION('',(-0.99026806874157,0.,-0.139173100960065));
#12666=DIRECTION('',(-0.139173100960065,0.,0.99026806874157));
#12667=DIRECTION('',(-0.139173100960065,0.,0.99026806874157));
#12668=DIRECTION('',(0.,-1.,0.));
#12669=DIRECTION('',(3.734437535557E-16,-1.,5.24840968391123E-17));
#12670=DIRECTION('',(1.,3.734437535557E-16,0.));
#12671=DIRECTION('',(0.99026806874157,3.77113799125394E-16,0.139173100960065));
#12672=DIRECTION('',(-0.139173100960065,0.,0.99026806874157));
#12673=DIRECTION('',(0.99026806874157,0.,0.139173100960065));
#12674=DIRECTION('',(0.,1.,0.));
#12675=DIRECTION('',(0.,0.,1.));
#12676=DIRECTION('',(-0.139173100960065,0.,0.99026806874157));
#12677=DIRECTION('',(-0.99026806874157,0.,-0.139173100960065));
#12678=DIRECTION('',(-0.139173100960065,0.,0.99026806874157));
#12679=DIRECTION('',(-0.99026806874157,0.,-0.139173100960065));
#12680=DIRECTION('',(-0.139173100960065,0.,0.99026806874157));
#12681=DIRECTION('',(-0.139173100960065,0.,0.99026806874157));
#12682=DIRECTION('',(0.,-1.,0.));
#12683=DIRECTION('',(6.22406255926167E-17,-1.,8.74734947318537E-18));
#12684=DIRECTION('',(1.,6.22406255926167E-17,0.));
#12685=DIRECTION('',(-0.139173100960065,0.,0.99026806874157));
#12686=DIRECTION('',(0.99026806874157,6.28522998542323E-17,0.139173100960065));
#12687=DIRECTION('',(0.99026806874157,0.,0.139173100960065));
#12688=DIRECTION('',(0.139173100960065,0.,-0.99026806874157));
#12689=DIRECTION('',(-0.139173100960065,0.,0.99026806874157));
#12690=DIRECTION('',(0.,1.,0.));
#12691=DIRECTION('',(0.,-1.,0.));
#12692=DIRECTION('',(0.,0.,-1.));
#12693=DIRECTION('',(-0.139173100960065,0.,0.99026806874157));
#12694=DIRECTION('',(0.99026806874157,0.,0.139173100960065));
#12695=DIRECTION('',(0.99026806874157,0.,0.139173100960065));
#12696=DIRECTION('',(0.139173100960065,0.,-0.99026806874157));
#12697=DIRECTION('',(-0.139173100960065,0.,0.99026806874157));
#12698=DIRECTION('',(0.,1.,0.));
#12699=DIRECTION('',(0.,1.,0.));
#12700=DIRECTION('',(0.,0.,1.));
#12701=DIRECTION('',(-0.139173100960065,0.,0.99026806874157));
#12702=DIRECTION('',(-0.99026806874157,0.,-0.139173100960065));
#12703=DIRECTION('',(0.99026806874157,0.,0.139173100960065));
#12704=DIRECTION('',(0.139173100960065,0.,-0.99026806874157));
#12705=DIRECTION('',(-0.139173100960065,0.,0.99026806874157));
#12706=DIRECTION('',(0.,1.,0.));
#12707=DIRECTION('',(0.,1.,0.));
#12708=DIRECTION('',(0.,0.,1.));
#12709=DIRECTION('',(-0.139173100960065,0.,0.99026806874157));
#12710=DIRECTION('',(-0.99026806874157,0.,-0.139173100960065));
#12711=DIRECTION('',(-0.99026806874157,0.,-0.139173100960065));
#12712=DIRECTION('',(-0.139173100960065,0.,0.99026806874157));
#12713=DIRECTION('',(0.,-1.,0.));
#12714=DIRECTION('',(-0.139173100960065,0.,0.99026806874157));
#12715=DIRECTION('',(0.99026806874157,0.,0.139173100960065));
#12716=DIRECTION('',(0.,1.,0.));
#12717=DIRECTION('',(0.,0.,1.));
#12718=DIRECTION('',(-0.139173100960065,0.,0.99026806874157));
#12719=DIRECTION('',(-0.99026806874157,0.,-0.139173100960065));
#12720=DIRECTION('',(-0.139173100960065,0.,0.99026806874157));
#12721=DIRECTION('',(-0.99026806874157,0.,-0.139173100960065));
#12722=DIRECTION('',(-0.139173100960065,0.,0.99026806874157));
#12723=DIRECTION('',(-0.139173100960065,0.,0.99026806874157));
#12724=DIRECTION('',(0.,-1.,0.));
#12725=DIRECTION('',(3.89003909953854E-16,-1.,5.46709342074086E-17));
#12726=DIRECTION('',(1.,3.89003909953854E-16,0.));
#12727=DIRECTION('',(-0.139173100960065,0.,0.99026806874157));
#12728=DIRECTION('',(0.99026806874157,3.92826874088952E-16,0.139173100960065));
#12729=DIRECTION('',(0.99026806874157,0.,0.139173100960065));
#12730=DIRECTION('',(0.139173100960065,0.,-0.99026806874157));
#12731=DIRECTION('',(-0.139173100960065,0.,0.99026806874157));
#12732=DIRECTION('',(0.,1.,0.));
#12733=DIRECTION('',(0.,-1.,0.));
#12734=DIRECTION('',(0.,0.,-1.));
#12735=DIRECTION('',(-0.139173100960065,0.,0.99026806874157));
#12736=DIRECTION('',(0.99026806874157,0.,0.139173100960065));
#12737=DIRECTION('',(0.99026806874157,0.,0.139173100960065));
#12738=DIRECTION('',(0.139173100960065,0.,-0.99026806874157));
#12739=DIRECTION('',(-0.139173100960065,0.,0.99026806874157));
#12740=DIRECTION('',(0.,1.,0.));
#12741=DIRECTION('',(0.,1.,0.));
#12742=DIRECTION('',(0.,0.,1.));
#12743=DIRECTION('',(-0.139173100960065,0.,0.99026806874157));
#12744=DIRECTION('',(-0.99026806874157,0.,-0.139173100960065));
#12745=DIRECTION('',(0.99026806874157,0.,0.139173100960065));
#12746=DIRECTION('',(0.139173100960065,0.,-0.99026806874157));
#12747=DIRECTION('',(-0.139173100960065,0.,0.99026806874157));
#12748=DIRECTION('',(0.,1.,0.));
#12749=DIRECTION('',(0.,1.,0.));
#12750=DIRECTION('',(0.,0.,1.));
#12751=DIRECTION('',(-0.139173100960065,0.,0.99026806874157));
#12752=DIRECTION('',(-0.99026806874157,0.,-0.139173100960065));
#12753=DIRECTION('',(-0.99026806874157,0.,-0.139173100960065));
#12754=DIRECTION('',(-0.139173100960065,0.,0.99026806874157));
#12755=DIRECTION('',(0.,-1.,0.));
#12756=DIRECTION('',(-0.139173100960065,0.,0.99026806874157));
#12757=DIRECTION('',(0.99026806874157,0.,0.139173100960065));
#12758=DIRECTION('',(-6.48241987304233E-16,1.,-9.11044699848739E-17));
#12759=DIRECTION('',(-1.,-6.48241987304233E-16,0.));
#12760=DIRECTION('',(-0.139173100960065,0.,0.99026806874157));
#12761=DIRECTION('',(-6.48241987304233E-16,1.,-9.11044699848739E-17));
#12762=DIRECTION('',(-1.,-6.48241987304233E-16,0.));
#12763=DIRECTION('',(-0.99026806874157,-6.54612632444078E-16,-0.139173100960065));
#12764=DIRECTION('',(-0.139173100960065,0.,0.99026806874157));
#12765=DIRECTION('',(-0.99026806874157,0.,-0.139173100960065));
#12766=DIRECTION('',(-0.139173100960065,0.,0.99026806874157));
#12767=DIRECTION('',(-0.139173100960065,0.,0.99026806874157));
#12768=DIRECTION('',(0.,-1.,0.));
#12769=DIRECTION('',(3.81223831754777E-16,-1.,5.35775155232604E-17));
#12770=DIRECTION('',(1.,3.81223831754777E-16,0.));
#12771=DIRECTION('',(0.99026806874157,3.84970336607173E-16,0.139173100960065));
#12772=DIRECTION('',(3.81223831754777E-16,-1.,5.35775155232604E-17));
#12773=DIRECTION('',(1.,3.81223831754777E-16,0.));
#12774=DIRECTION('',(-0.139173100960065,0.,0.99026806874157));
#12775=DIRECTION('',(0.99026806874157,0.,0.139173100960065));
#12776=DIRECTION('',(0.139173100960065,0.,-0.99026806874157));
#12777=DIRECTION('',(-0.139173100960065,0.,0.99026806874157));
#12778=DIRECTION('',(0.,1.,0.));
#12779=DIRECTION('',(0.,-1.,0.));
#12780=DIRECTION('',(0.,0.,-1.));
#12781=DIRECTION('',(-0.139173100960065,0.,0.99026806874157));
#12782=DIRECTION('',(0.99026806874157,0.,0.139173100960065));
#12783=DIRECTION('',(0.99026806874157,0.,0.139173100960065));
#12784=DIRECTION('',(0.139173100960065,0.,-0.99026806874157));
#12785=DIRECTION('',(-0.139173100960065,0.,0.99026806874157));
#12786=DIRECTION('',(0.,1.,0.));
#12787=DIRECTION('',(0.,1.,0.));
#12788=DIRECTION('',(0.,0.,1.));
#12789=DIRECTION('',(-0.139173100960065,0.,0.99026806874157));
#12790=DIRECTION('',(-0.99026806874157,0.,-0.139173100960065));
#12791=DIRECTION('',(0.99026806874157,2.96366329620199E-16,0.139173100960065));
#12792=DIRECTION('',(0.139173100960065,0.,-0.99026806874157));
#12793=DIRECTION('',(-0.139173100960065,0.,0.99026806874157));
#12794=DIRECTION('',(-2.93482112873022E-16,1.,-4.1246221113396E-17));
#12795=DIRECTION('',(0.,1.,0.));
#12796=DIRECTION('',(0.,0.,1.));
#12797=DIRECTION('',(-0.139173100960065,0.,0.99026806874157));
#12798=DIRECTION('',(-0.99026806874157,0.,-0.139173100960065));
#12799=DIRECTION('',(-0.99026806874157,0.,-0.139173100960065));
#12800=DIRECTION('',(-0.139173100960065,0.,0.99026806874157));
#12801=DIRECTION('',(0.,-1.,0.));
#12802=DIRECTION('',(-0.139173100960065,0.,0.99026806874157));
#12803=DIRECTION('',(0.99026806874157,0.,0.139173100960065));
#12804=DIRECTION('',(0.,-1.,0.));
#12805=DIRECTION('',(0.,-1.,0.));
#12806=DIRECTION('',(0.,0.,-1.));
#12807=DIRECTION('',(0.99026806874157,0.,0.139173100960065));
#12808=DIRECTION('',(0.139173100960065,0.,-0.99026806874157));
#12809=DIRECTION('',(-0.139173100960065,0.,0.99026806874157));
#12810=DIRECTION('',(0.,1.,0.));
#12811=DIRECTION('',(-0.139173100960065,0.,0.99026806874157));
#12812=DIRECTION('',(0.99026806874157,0.,0.139173100960065));
#12813=DIRECTION('',(-0.99026806874157,0.,-0.139173100960065));
#12814=DIRECTION('',(0.,1.,0.));
#12815=DIRECTION('',(-0.99026806874157,0.,-0.139173100960065));
#12816=DIRECTION('',(0.,-1.,0.));
#12817=DIRECTION('',(-0.99026806874157,-3.27306316222039E-16,-0.139173100960065));
#12818=DIRECTION('',(-3.24120993652117E-16,1.,-4.55522349924369E-17));
#12819=DIRECTION('',(-1.,-3.24120993652117E-16,0.));
#12820=DIRECTION('',(-0.139173100960065,0.,0.99026806874157));
#12821=DIRECTION('',(0.,1.,0.));
#12822=DIRECTION('',(0.,0.,1.));
#12823=DIRECTION('',(-0.139173100960065,0.,0.99026806874157));
#12824=DIRECTION('',(0.99026806874157,0.,0.139173100960065));
#12825=DIRECTION('',(0.139173100960065,0.,-0.99026806874157));
#12826=DIRECTION('',(-0.139173100960065,0.,0.99026806874157));
#12827=DIRECTION('',(0.,1.,0.));
#12828=DIRECTION('',(0.,0.,1.));
#12829=DIRECTION('',(-0.139173100960065,0.,0.99026806874157));
#12830=DIRECTION('',(-0.99026806874157,0.,-0.139173100960065));
#12831=DIRECTION('',(-0.139173100960065,0.,0.99026806874157));
#12832=DIRECTION('',(-0.99026806874157,0.,-0.139173100960065));
#12833=DIRECTION('',(-0.139173100960065,0.,0.99026806874157));
#12834=DIRECTION('',(-0.139173100960065,0.,0.99026806874157));
#12835=DIRECTION('',(0.,-1.,0.));
#12836=DIRECTION('',(6.22406255926167E-17,-1.,8.74734947318537E-18));
#12837=DIRECTION('',(1.,6.22406255926167E-17,0.));
#12838=DIRECTION('',(-0.139173100960065,0.,0.99026806874157));
#12839=DIRECTION('',(0.99026806874157,6.28522998542323E-17,0.139173100960065));
#12840=DIRECTION('',(0.99026806874157,0.,0.139173100960065));
#12841=DIRECTION('',(0.139173100960065,0.,-0.99026806874157));
#12842=DIRECTION('',(-0.139173100960065,0.,0.99026806874157));
#12843=DIRECTION('',(0.,1.,0.));
#12844=DIRECTION('',(0.,-1.,0.));
#12845=DIRECTION('',(0.,0.,-1.));
#12846=DIRECTION('',(0.99026806874157,0.,0.139173100960065));
#12847=DIRECTION('',(-0.139173100960065,0.,0.99026806874157));
#12848=DIRECTION('',(0.99026806874157,0.,0.139173100960065));
#12849=DIRECTION('',(-0.99026806874157,0.,-0.139173100960065));
#12850=DIRECTION('',(-0.139173100960065,0.,0.99026806874157));
#12851=DIRECTION('',(-0.139173100960065,0.,0.99026806874157));
#12852=DIRECTION('',(0.,-1.,0.));
#12853=DIRECTION('',(3.734437535557E-16,-1.,5.24840968391123E-17));
#12854=DIRECTION('',(1.,3.734437535557E-16,0.));
#12855=DIRECTION('',(0.99026806874157,3.77113799125394E-16,0.139173100960065));
#12856=DIRECTION('',(-0.139173100960065,0.,0.99026806874157));
#12857=DIRECTION('',(0.99026806874157,0.,0.139173100960065));
#12858=DIRECTION('',(-0.99026806874157,0.,-0.139173100960065));
#12859=DIRECTION('',(-0.139173100960065,0.,0.99026806874157));
#12860=DIRECTION('',(0.,-1.,0.));
#12861=DIRECTION('',(-0.139173100960065,0.,0.99026806874157));
#12862=DIRECTION('',(-0.139173100960065,0.,0.99026806874157));
#12863=DIRECTION('',(0.99026806874157,0.,0.139173100960065));
#12864=DIRECTION('',(0.99026806874157,-1.25704599708465E-16,0.139173100960065));
#12865=DIRECTION('',(0.,1.,0.));
#12866=DIRECTION('',(0.99026806874157,0.,0.139173100960065));
#12867=DIRECTION('',(0.,1.,0.));
#12868=DIRECTION('',(-0.99026806874157,0.,-0.139173100960065));
#12869=DIRECTION('',(0.,1.,0.));
#12870=DIRECTION('',(-0.99026806874157,0.,-0.139173100960065));
#12871=DIRECTION('',(-1.24481251185233E-16,-1.,-1.74946989463708E-17));
#12872=DIRECTION('',(1.,-1.24481251185233E-16,0.));
#12873=DIRECTION('',(-0.139173100960065,0.,0.99026806874157));
#12874=DIRECTION('',(0.99026806874157,0.,0.139173100960065));
#12875=DIRECTION('',(0.139173100960065,0.,-0.99026806874157));
#12876=DIRECTION('',(-0.139173100960065,0.,0.99026806874157));
#12877=DIRECTION('',(0.,-1.,0.));
#12878=DIRECTION('',(0.,0.,-1.));
#12879=DIRECTION('',(-0.139173100960065,0.,0.99026806874157));
#12880=DIRECTION('',(0.99026806874157,0.,0.139173100960065));
#12881=DIRECTION('',(0.139173100960065,0.,-0.99026806874157));
#12882=DIRECTION('',(-0.139173100960065,0.,0.99026806874157));
#12883=DIRECTION('',(0.,1.,0.));
#12884=DIRECTION('',(0.,0.,1.));
#12885=DIRECTION('',(-0.139173100960065,0.,0.99026806874157));
#12886=DIRECTION('',(0.99026806874157,0.,0.139173100960065));
#12887=DIRECTION('',(0.139173100960065,0.,-0.99026806874157));
#12888=DIRECTION('',(-0.139173100960065,0.,0.99026806874157));
#12889=DIRECTION('',(0.,1.,0.));
#12890=DIRECTION('',(0.,0.,1.));
#12891=DIRECTION('',(-0.99026806874157,0.,-0.139173100960065));
#12892=DIRECTION('',(-0.139173100960065,0.,0.99026806874157));
#12893=DIRECTION('',(0.,-1.,0.));
#12894=DIRECTION('',(-0.139173100960065,0.,0.99026806874157));
#12895=DIRECTION('',(3.89003909953854E-16,-1.,5.46709342074086E-17));
#12896=DIRECTION('',(1.,3.89003909953854E-16,0.));
#12897=DIRECTION('',(-0.139173100960065,0.,0.99026806874157));
#12898=DIRECTION('',(0.99026806874157,3.92826874088952E-16,0.139173100960065));
#12899=DIRECTION('',(-0.139173100960065,0.,0.99026806874157));
#12900=DIRECTION('',(0.99026806874157,0.,0.139173100960065));
#12901=DIRECTION('',(0.,1.,0.));
#12902=DIRECTION('',(0.99026806874157,0.,0.139173100960065));
#12903=DIRECTION('',(0.,1.,0.));
#12904=DIRECTION('',(-0.99026806874157,0.,-0.139173100960065));
#12905=DIRECTION('',(0.,1.,0.));
#12906=DIRECTION('',(-0.99026806874157,0.,-0.139173100960065));
#12907=DIRECTION('',(0.,-1.,0.));
#12908=DIRECTION('',(-0.99026806874157,0.,-0.139173100960065));
#12909=DIRECTION('',(0.,1.,0.));
#12910=DIRECTION('',(0.,0.,1.));
#12911=DIRECTION('',(-0.139173100960065,0.,0.99026806874157));
#12912=DIRECTION('',(0.99026806874157,0.,0.139173100960065));
#12913=DIRECTION('',(0.139173100960065,0.,-0.99026806874157));
#12914=DIRECTION('',(-0.139173100960065,0.,0.99026806874157));
#12915=DIRECTION('',(0.,-1.,0.));
#12916=DIRECTION('',(0.,0.,-1.));
#12917=DIRECTION('',(-0.139173100960065,0.,0.99026806874157));
#12918=DIRECTION('',(0.99026806874157,0.,0.139173100960065));
#12919=DIRECTION('',(0.139173100960065,0.,-0.99026806874157));
#12920=DIRECTION('',(-0.139173100960065,0.,0.99026806874157));
#12921=DIRECTION('',(0.,1.,0.));
#12922=DIRECTION('',(0.,0.,1.));
#12923=DIRECTION('',(-0.139173100960065,0.,0.99026806874157));
#12924=DIRECTION('',(0.99026806874157,0.,0.139173100960065));
#12925=DIRECTION('',(0.139173100960065,0.,-0.99026806874157));
#12926=DIRECTION('',(-0.139173100960065,0.,0.99026806874157));
#12927=DIRECTION('',(0.,1.,0.));
#12928=DIRECTION('',(0.,0.,1.));
#12929=DIRECTION('',(-0.139173100960065,0.,0.99026806874157));
#12930=DIRECTION('',(-0.99026806874157,0.,-0.139173100960065));
#12931=DIRECTION('',(-0.139173100960065,0.,0.99026806874157));
#12932=DIRECTION('',(-6.48241987304233E-16,1.,-9.11044699848739E-17));
#12933=DIRECTION('',(-1.,-6.48241987304233E-16,0.));
#12934=DIRECTION('',(-0.139173100960065,0.,0.99026806874157));
#12935=DIRECTION('',(-6.48241987304233E-16,1.,-9.11044699848739E-17));
#12936=DIRECTION('',(-1.,-6.48241987304233E-16,0.));
#12937=DIRECTION('',(-0.99026806874157,-6.54612632444078E-16,-0.139173100960065));
#12938=DIRECTION('',(-0.139173100960065,0.,0.99026806874157));
#12939=DIRECTION('',(-0.99026806874157,0.,-0.139173100960065));
#12940=DIRECTION('',(-0.139173100960065,0.,0.99026806874157));
#12941=DIRECTION('',(-0.139173100960065,0.,0.99026806874157));
#12942=DIRECTION('',(0.,-1.,0.));
#12943=DIRECTION('',(3.81223831754777E-16,-1.,5.35775155232604E-17));
#12944=DIRECTION('',(1.,3.81223831754777E-16,0.));
#12945=DIRECTION('',(0.99026806874157,3.84970336607173E-16,0.139173100960065));
#12946=DIRECTION('',(3.81223831754777E-16,-1.,5.35775155232604E-17));
#12947=DIRECTION('',(1.,3.81223831754777E-16,0.));
#12948=DIRECTION('',(-0.139173100960065,0.,0.99026806874157));
#12949=DIRECTION('',(0.99026806874157,0.,0.139173100960065));
#12950=DIRECTION('',(0.139173100960065,0.,-0.99026806874157));
#12951=DIRECTION('',(-0.139173100960065,0.,0.99026806874157));
#12952=DIRECTION('',(0.,1.,0.));
#12953=DIRECTION('',(0.,-1.,0.));
#12954=DIRECTION('',(0.,0.,-1.));
#12955=DIRECTION('',(-0.139173100960065,0.,0.99026806874157));
#12956=DIRECTION('',(0.99026806874157,0.,0.139173100960065));
#12957=DIRECTION('',(0.99026806874157,0.,0.139173100960065));
#12958=DIRECTION('',(0.139173100960065,0.,-0.99026806874157));
#12959=DIRECTION('',(-0.139173100960065,0.,0.99026806874157));
#12960=DIRECTION('',(0.,1.,0.));
#12961=DIRECTION('',(0.,1.,0.));
#12962=DIRECTION('',(0.,0.,1.));
#12963=DIRECTION('',(-0.139173100960065,0.,0.99026806874157));
#12964=DIRECTION('',(-0.99026806874157,0.,-0.139173100960065));
#12965=DIRECTION('',(0.99026806874157,2.96366329620199E-16,0.139173100960065));
#12966=DIRECTION('',(0.139173100960065,0.,-0.99026806874157));
#12967=DIRECTION('',(-0.139173100960065,0.,0.99026806874157));
#12968=DIRECTION('',(-2.93482112873022E-16,1.,-4.1246221113396E-17));
#12969=DIRECTION('',(0.,1.,0.));
#12970=DIRECTION('',(0.,0.,1.));
#12971=DIRECTION('',(-0.139173100960065,0.,0.99026806874157));
#12972=DIRECTION('',(-0.99026806874157,0.,-0.139173100960065));
#12973=DIRECTION('',(-0.99026806874157,0.,-0.139173100960065));
#12974=DIRECTION('',(-0.139173100960065,0.,0.99026806874157));
#12975=DIRECTION('',(0.,-1.,0.));
#12976=DIRECTION('',(-0.139173100960065,0.,0.99026806874157));
#12977=DIRECTION('',(0.99026806874157,0.,0.139173100960065));
#12978=DIRECTION('',(0.,-1.,0.));
#12979=DIRECTION('',(0.,-1.,0.));
#12980=DIRECTION('',(0.,0.,-1.));
#12981=DIRECTION('',(2.14730158294527E-16,-1.,3.01783556824895E-17));
#12982=DIRECTION('',(1.,2.14730158294527E-16,0.));
#12983=DIRECTION('',(0.5,0.866025403784439,5.42101086242752E-17));
#12984=DIRECTION('',(-0.866025403784439,0.5,0.));
#12985=DIRECTION('',(0.209510507320999,-0.120960947799834,0.970295726275996));
#12986=DIRECTION('',(-0.840300748138485,0.485147863137999,0.241921895599668));
#12987=DIRECTION('',(0.209510507320999,-0.120960947799834,0.970295726275996));
#12988=DIRECTION('',(-0.840300748138485,0.485147863137998,0.241921895599668));
#12989=DIRECTION('',(-0.5,-0.866025403784439,0.));
#12990=DIRECTION('',(0.209510507320999,-0.120960947799834,0.970295726275996));
#12991=DIRECTION('',(-0.5,-0.866025403784439,-9.00230564090347E-17));
#12992=DIRECTION('',(-0.5,-0.866025403784439,-1.21972744404619E-16));
#12993=DIRECTION('',(0.866025403784439,-0.5,0.));
#12994=DIRECTION('',(0.209510507320999,-0.120960947799834,0.970295726275996));
#12995=DIRECTION('',(0.840300748138485,-0.485147863137998,-0.241921895599668));
#12996=DIRECTION('',(0.840300748138485,-0.485147863137998,-0.241921895599668));
#12997=DIRECTION('',(0.5,0.866025403784439,0.));
#12998=DIRECTION('',(0.209510507320999,-0.120960947799834,0.970295726275996));
#12999=DIRECTION('',(0.5,0.866025403784439,9.52971748138974E-17));
#13000=DIRECTION('',(-0.5,-0.866025403784439,-1.21972744404619E-16));
#13001=DIRECTION('',(0.866025403784439,-0.5,0.));
#13002=DIRECTION('',(0.209510507320999,-0.120960947799834,0.970295726275996));
#13003=DIRECTION('',(0.840300748138485,-0.485147863137998,-0.241921895599668));
#13004=DIRECTION('',(0.840300748138484,-0.485147863138,-0.241921895599668));
#13005=DIRECTION('',(0.5,0.866025403784438,0.));
#13006=DIRECTION('',(0.209510507320999,-0.120960947799834,0.970295726275996));
#13007=DIRECTION('',(0.5,0.866025403784438,-2.96242280401925E-16));
#13008=DIRECTION('',(0.5,0.866025403784439,2.98155597433513E-16));
#13009=DIRECTION('',(-0.866025403784439,0.5,0.));
#13010=DIRECTION('',(0.209510507320999,-0.120960947799834,0.970295726275996));
#13011=DIRECTION('',(-0.840300748138485,0.485147863137998,0.241921895599668));
#13012=DIRECTION('',(0.840300748138485,-0.485147863137998,-0.241921895599668));
#13013=DIRECTION('',(0.5,0.866025403784439,0.));
#13014=DIRECTION('',(0.209510507320999,-0.120960947799834,0.970295726275996));
#13015=DIRECTION('',(0.5,0.866025403784439,1.1118003728288E-16));
#13016=DIRECTION('',(0.5,0.866025403784439,2.30392961653169E-16));
#13017=DIRECTION('',(-0.866025403784439,0.5,0.));
#13018=DIRECTION('',(0.209510507320999,-0.120960947799834,0.970295726275996));
#13019=DIRECTION('',(-0.840300748138485,0.485147863137998,0.241921895599668));
#13020=DIRECTION('',(-0.840300748138485,0.485147863137998,0.241921895599668));
#13021=DIRECTION('',(-0.5,-0.866025403784439,0.));
#13022=DIRECTION('',(-0.5,-0.866025403784439,-2.99697852084105E-16));
#13023=DIRECTION('',(0.209510507320999,-0.120960947799834,0.970295726275996));
#13024=DIRECTION('',(0.977806395623437,0.025917798915003,-0.20790122745502));
#13025=DIRECTION('',(-0.840300748138485,0.485147863137998,0.241921895599668));
#13026=DIRECTION('',(-0.5,-0.866025403784439,0.));
#13027=DIRECTION('',(0.209510507320999,-0.120960947799834,0.970295726275996));
#13028=DIRECTION('',(-0.840300748138485,0.485147863137998,0.241921895599668));
#13029=DIRECTION('',(-0.5,-0.866025403784439,0.));
#13030=DIRECTION('',(0.209510507320999,-0.120960947799834,0.970295726275996));
#13031=DIRECTION('',(0.5,0.866025403784439,5.42101086242752E-17));
#13032=DIRECTION('',(-0.866025403784439,0.5,0.));
#13033=DIRECTION('',(0.209510507320999,-0.120960947799834,0.970295726275996));
#13034=DIRECTION('',(-0.5,-0.866025403784439,-1.21972744404619E-16));
#13035=DIRECTION('',(0.866025403784439,-0.5,0.));
#13036=DIRECTION('',(0.209510507320999,-0.120960947799834,0.970295726275996));
#13037=DIRECTION('',(0.840300748138485,-0.485147863137998,-0.241921895599668));
#13038=DIRECTION('',(0.5,0.866025403784439,0.));
#13039=DIRECTION('',(0.209510507320999,-0.120960947799834,0.970295726275996));
#13040=DIRECTION('',(-0.5,-0.866025403784439,-1.21972744404619E-16));
#13041=DIRECTION('',(0.866025403784439,-0.5,0.));
#13042=DIRECTION('',(0.209510507320999,-0.120960947799834,0.970295726275996));
#13043=DIRECTION('',(0.840300748138484,-0.485147863138,-0.241921895599668));
#13044=DIRECTION('',(0.5,0.866025403784438,0.));
#13045=DIRECTION('',(0.209510507320999,-0.120960947799834,0.970295726275996));
#13046=DIRECTION('',(0.5,0.866025403784439,2.98155597433513E-16));
#13047=DIRECTION('',(-0.866025403784439,0.5,0.));
#13048=DIRECTION('',(0.209510507320999,-0.120960947799834,0.970295726275996));
#13049=DIRECTION('',(0.840300748138485,-0.485147863137998,-0.241921895599668));
#13050=DIRECTION('',(0.5,0.866025403784439,0.));
#13051=DIRECTION('',(0.209510507320999,-0.120960947799834,0.970295726275997));
#13052=DIRECTION('',(-0.840300748138485,0.485147863137998,0.241921895599668));
#13053=DIRECTION('',(-0.5,-0.866025403784439,0.));
#13054=DIRECTION('',(0.209510507320999,-0.120960947799834,0.970295726275996));
#13055=DIRECTION('',(0.5,0.866025403784439,5.42101086242752E-17));
#13056=DIRECTION('',(-0.866025403784439,0.5,0.));
#13057=DIRECTION('',(0.209510507320999,-0.120960947799834,0.970295726275996));
#13058=DIRECTION('',(0.209510507320999,-0.120960947799834,0.970295726275996));
#13059=DIRECTION('',(-0.840300748138485,0.485147863137998,0.241921895599668));
#13060=DIRECTION('',(-0.5,-0.866025403784439,0.));
#13061=DIRECTION('',(0.209510507320999,-0.120960947799834,0.970295726275996));
#13062=DIRECTION('',(-0.5,-0.866025403784439,-1.21972744404619E-16));
#13063=DIRECTION('',(0.866025403784439,-0.5,0.));
#13064=DIRECTION('',(0.209510507320999,-0.120960947799834,0.970295726275996));
#13065=DIRECTION('',(0.840300748138485,-0.485147863137998,-0.241921895599668));
#13066=DIRECTION('',(0.5,0.866025403784439,0.));
#13067=DIRECTION('',(0.209510507320999,-0.120960947799834,0.970295726275996));
#13068=DIRECTION('',(-0.5,-0.866025403784439,-1.21972744404619E-16));
#13069=DIRECTION('',(0.866025403784439,-0.5,0.));
#13070=DIRECTION('',(0.209510507320999,-0.120960947799834,0.970295726275996));
#13071=DIRECTION('',(0.840300748138484,-0.485147863138,-0.241921895599668));
#13072=DIRECTION('',(0.5,0.866025403784438,0.));
#13073=DIRECTION('',(0.209510507320999,-0.120960947799834,0.970295726275996));
#13074=DIRECTION('',(-0.840300748138485,0.485147863137998,0.241921895599668));
#13075=DIRECTION('',(-0.5,-0.866025403784439,0.));
#13076=DIRECTION('',(0.209510507320999,-0.120960947799834,0.970295726275996));
#13077=DIRECTION('',(0.5,0.866025403784439,2.16623810686414E-16));
#13078=DIRECTION('',(-0.866025403784439,0.5,0.));
#13079=DIRECTION('',(0.209510507320999,-0.120960947799834,0.970295726275997));
#13080=DIRECTION('',(0.209510507320999,-0.120960947799834,0.970295726275997));
#13081=DIRECTION('',(0.840300748138485,-0.485147863137998,-0.241921895599668));
#13082=DIRECTION('',(0.5,0.866025403784439,0.));
#13083=DIRECTION('',(0.209510507320999,-0.120960947799834,0.970295726275997));
#13084=DIRECTION('',(0.209510507320999,-0.120960947799834,0.970295726275997));
#13085=DIRECTION('',(-0.840300748138485,0.485147863137998,0.241921895599668));
#13086=DIRECTION('',(-0.5,-0.866025403784439,0.));
#13087=DIRECTION('',(0.209510507320999,-0.120960947799834,0.970295726275996));
#13088=DIRECTION('',(0.209510507320999,-0.120960947799834,0.970295726275997));
#13089=DIRECTION('',(0.5,0.866025403784439,2.30162798854315E-16));
#13090=DIRECTION('',(-0.866025403784439,0.5,0.));
#13091=DIRECTION('',(0.209510507320999,-0.120960947799834,0.970295726275997));
#13092=DIRECTION('',(0.209510507320999,-0.120960947799834,0.970295726275997));
#13093=DIRECTION('',(0.5,0.866025403784439,2.16623810686414E-16));
#13094=DIRECTION('',(-0.866025403784439,0.5,0.));
#13095=DIRECTION('',(0.209510507320999,-0.120960947799834,0.970295726275997));
#13096=DIRECTION('',(0.209510507320999,-0.120960947799834,0.970295726275997));
#13097=DIRECTION('',(-0.209510507320999,0.120960947799834,-0.970295726275997));
#13098=DIRECTION('',(-0.977473050203865,0.,0.211060266571312));
#13099=DIRECTION('',(-0.209510507320999,0.120960947799834,-0.970295726275997));
#13100=DIRECTION('',(-0.977473050203865,0.,0.211060266571312));
#13101=DIRECTION('',(-0.209510507320999,0.120960947799834,-0.970295726275997));
#13102=DIRECTION('',(-0.977473050203865,0.,0.211060266571312));
#13103=DIRECTION('',(0.209510507320999,-0.120960947799834,0.970295726275996));
#13104=DIRECTION('',(0.977473050203865,0.,-0.211060266571312));
#13105=DIRECTION('',(-0.209510507320999,0.120960947799834,-0.970295726275996));
#13106=DIRECTION('',(-0.977473050203865,0.,0.211060266571312));
#13107=DIRECTION('',(-0.209510507320999,0.120960947799834,-0.970295726275997));
#13108=DIRECTION('',(-0.977473050203865,0.,0.211060266571312));
#13109=DIRECTION('',(0.209510507320999,-0.120960947799834,0.970295726275996));
#13110=DIRECTION('',(0.977473050203865,0.,-0.211060266571312));
#13111=DIRECTION('',(0.209510507320999,-0.120960947799834,0.970295726275997));
#13112=DIRECTION('',(0.977473050203865,0.,-0.211060266571312));
#13113=DIRECTION('',(-0.209510507320999,0.120960947799834,-0.970295726275996));
#13114=DIRECTION('',(-0.977473050203865,0.,0.211060266571312));
#13115=CARTESIAN_POINT('',(0.,0.,0.));
#13116=CARTESIAN_POINT('',(0.132507821129904,-0.0255085809752237,0.000599588451244548));
#13117=CARTESIAN_POINT('',(0.132926842144546,-0.0257505028708233,0.00254017990379654));
#13118=CARTESIAN_POINT('',(0.138388797007446,-0.0289039639812203,0.000967687582398691));
#13119=CARTESIAN_POINT('',(0.131246240648269,-0.0247802071445473,0.00302402369499587));
#13120=CARTESIAN_POINT('',(0.130827219633627,-0.0245382852489477,0.00108343224244388));
#13121=CARTESIAN_POINT('',(0.130827219633627,-0.0245382852489477,0.00108343224244388));
#13122=CARTESIAN_POINT('',(0.132507821129904,-0.0255085809752237,0.000599588451244548));
#13123=CARTESIAN_POINT('',(0.137969775992804,-0.0286620420856206,-0.000972903870153302));
#13124=CARTESIAN_POINT('',(0.138388797007446,-0.0289039639812203,0.000967687582398696));
#13125=CARTESIAN_POINT('',(0.133,-0.046,0.));
#13126=CARTESIAN_POINT('',(0.0923233836653487,-0.0092362884181045,0.0133661847318817));
#13127=CARTESIAN_POINT('',(0.0946342107227295,-0.010570445041734,0.0127008995189826));
#13128=CARTESIAN_POINT('',(0.0900125566079679,-0.00790213179447501,0.0140314699447808));
#13129=CARTESIAN_POINT('',(0.0961342107227295,-0.00797236883038067,0.0127008995189826));
#13130=CARTESIAN_POINT('',(0.0976342107227295,-0.00537429261902734,0.0127008995189826));
#13131=CARTESIAN_POINT('',(0.100995413715283,-0.00731488407157936,0.0117332119365839));
#13132=CARTESIAN_POINT('',(0.104356616707837,-0.00925547552413136,0.0107655243541852));
#13133=CARTESIAN_POINT('',(0.102856616707837,-0.0118535517354847,0.0107655243541852));
#13134=CARTESIAN_POINT('',(0.101356616707837,-0.014451627946838,0.0107655243541852));
#13135=CARTESIAN_POINT('',(0.10282714301708,-0.0153006367073295,0.0103421610368858));
#13136=CARTESIAN_POINT('',(0.104297669326322,-0.016149645467821,0.0099187977195864));
#13137=CARTESIAN_POINT('',(0.103297669326322,-0.0178816962753898,0.0099187977195864));
#13138=CARTESIAN_POINT('',(0.102297669326322,-0.0196137470829588,0.0099187977195864));
#13139=CARTESIAN_POINT('',(0.101037218204114,-0.0188860252882517,0.0102816805629859));
#13140=CARTESIAN_POINT('',(0.0997767670819067,-0.0181583034935448,0.0106445634063854));
#13141=CARTESIAN_POINT('',(0.0980267670819067,-0.0211893924067903,0.0106445634063854));
#13142=CARTESIAN_POINT('',(0.0962767670819067,-0.0242204813200359,0.0106445634063854));
#13143=CARTESIAN_POINT('',(0.0903946618449373,-0.0208244462780699,0.0123380166755831));
#13144=CARTESIAN_POINT('',(0.0845125566079679,-0.0174284112361038,0.0140314699447808));
#13145=CARTESIAN_POINT('',(0.0872625566079679,-0.0126652715152894,0.0140314699447808));
#13146=CARTESIAN_POINT('',(0.134118772014641,-0.0025,0.00518131390336436));
#13147=CARTESIAN_POINT('',(0.0920110778561878,-0.0025,0.0142733918403804));
#13148=CARTESIAN_POINT('',(0.09577604028428,-0.0025,0.0134604446460426));
#13149=CARTESIAN_POINT('',(0.0882972558598294,-0.00893252838795976,0.0142733918403804));
#13150=CARTESIAN_POINT('',(0.0834222558598294,-0.017376276074858,0.0142733918403804));
#13151=CARTESIAN_POINT('',(0.0999052391221511,-0.0268927308984075,0.0095279544897745));
#13152=CARTESIAN_POINT('',(0.133,-0.046,0.));
#13153=CARTESIAN_POINT('',(0.146977330215287,-0.0217905539129545,0.));
#13154=CARTESIAN_POINT('',(0.156250112949699,-0.00572962308940619,0.));
#13155=CARTESIAN_POINT('',(0.156250112949699,0.00652979984328338,0.00152830871790869));
#13156=CARTESIAN_POINT('',(0.156250112949699,0.00870387279417787,0.00179933735134964));
#13157=CARTESIAN_POINT('',(0.126972907516019,0.025607075232433,0.0102282207625179));
#13158=CARTESIAN_POINT('',(0.136450676807707,0.0201350825805598,0.00749957876358971));
#13159=CARTESIAN_POINT('',(0.133825676807707,0.0155884492106915,0.00749957876358971));
#13160=CARTESIAN_POINT('',(0.131450676807707,0.0114748285427154,0.0074995787635897));
#13161=CARTESIAN_POINT('',(0.131030526433638,0.0117174024742844,0.00762053971138954));
#13162=CARTESIAN_POINT('',(0.130780526433638,0.0112843897723922,0.00762053971138954));
#13163=CARTESIAN_POINT('',(0.127419323441084,0.0132249812249442,0.00858822729378821));
#13164=CARTESIAN_POINT('',(0.12405812044853,0.0151655726774961,0.00955591487618687));
#13165=CARTESIAN_POINT('',(0.12430812044853,0.0155985853793884,0.00955591487618687));
#13166=CARTESIAN_POINT('',(0.123887970074461,0.0158411593109574,0.00967687582398671));
#13167=CARTESIAN_POINT('',(0.126262970074461,0.0199547799789335,0.00967687582398671));
#13168=CARTESIAN_POINT('',(0.124887970074461,0.0175732101185263,0.00967687582398673));
#13169=CARTESIAN_POINT('',(0.1585,-0.00183270440699365,9.90874049477951E-18));
#13170=CARTESIAN_POINT('',(0.114871095974022,0.023356455076853,0.0125607256548117));
#13171=CARTESIAN_POINT('',(0.114871095974022,0.0216033423867659,0.0123421756119225));
#13172=CARTESIAN_POINT('',(0.114871095974022,0.00122347524354622,0.00980153982540831));
#13173=CARTESIAN_POINT('',(0.113940558824228,-0.000388262378226862,0.00980153982540832));
#13174=CARTESIAN_POINT('',(0.113010021674435,-0.002,0.00980153982540831));
#13175=CARTESIAN_POINT('',(0.0964902712431706,-0.002,0.0133685567666804));
#13176=CARTESIAN_POINT('',(0.0959509016659282,-0.002,0.0134850198105766));
#13177=CARTESIAN_POINT('',(0.0860922251991682,-0.0301899764654417,0.0120994731908774));
#13178=CARTESIAN_POINT('',(0.123908872318876,0.0100555887026212,0.00895111013718772));
#13179=CARTESIAN_POINT('',(0.122931399268672,0.0100555887026212,0.00916217040375903));
#13180=CARTESIAN_POINT('',(0.140979097755585,-0.0263580229311128,0.000725765686799001));
#13181=CARTESIAN_POINT('',(0.140001624705381,-0.0263580229311128,0.000936825953370312));
#13182=CARTESIAN_POINT('',(0.112099924937361,-0.0171901782300026,0.0081043835025889));
#13183=CARTESIAN_POINT('',(0.113099924937361,-0.0154581274224337,0.0081043835025889));
#13184=CARTESIAN_POINT('',(0.110599924937361,-0.0197882544413559,0.00810438350258891));
#13185=CARTESIAN_POINT('',(0.112259624189222,-0.0149729795592958,0.00834630539818856));
#13186=CARTESIAN_POINT('',(0.112759624189222,-0.0141069541555113,0.00834630539818857));
#13187=CARTESIAN_POINT('',(0.116961127929915,-0.0165326934712013,0.00713669592019023));
#13188=CARTESIAN_POINT('',(0.110225859616984,-0.0126440844976664,0.00907577413860931));
#13189=CARTESIAN_POINT('',(0.110725859616984,-0.0117780590938819,0.0090757741386093));
#13190=CARTESIAN_POINT('',(0.109885558868845,-0.0112929112307439,0.00931769603420898));
#13191=CARTESIAN_POINT('',(0.113135558868845,-0.00566374610614509,0.00931769603420898));
#13192=CARTESIAN_POINT('',(0.116385558868845,-3.45809815462351E-05,0.00931769603420898));
#13193=CARTESIAN_POINT('',(0.117225859616984,-0.000519728844684234,0.0090757741386093));
#13194=CARTESIAN_POINT('',(0.117725859616984,0.000346296559100203,0.00907577413860931));
#13195=CARTESIAN_POINT('',(0.127395749384488,-0.00523661690120226,0.00629182081240226));
#13196=CARTESIAN_POINT('',(0.127270375805202,-0.00516423243145242,0.00632791576296144));
#13197=CARTESIAN_POINT('',(0.127770375805202,-0.00429820702766798,0.00632791576296143));
#13198=CARTESIAN_POINT('',(0.12871811155304,-0.00402888593587522,0.0061568511500654));
#13199=CARTESIAN_POINT('',(0.1288298755493,-0.00447264788696452,0.00607739743748045));
#13200=CARTESIAN_POINT('',(0.127327715371582,0.00149171947300044,0.00714529235007151));
#13201=CARTESIAN_POINT('',(0.12827545111942,0.00176104056479319,0.00697422773717548));
#13202=CARTESIAN_POINT('',(0.128034822152768,0.00271646434439202,0.00714529235007151));
#13203=CARTESIAN_POINT('',(0.13395119589286,0.00439773914991685,0.00607739743748044));
#13204=CARTESIAN_POINT('',(0.139867569632952,0.00607901395544169,0.00500950252488938));
#13205=CARTESIAN_POINT('',(0.140108198599603,0.00512359017584285,0.00483843791199335));
#13206=CARTESIAN_POINT('',(0.141055934347442,0.0053929112676356,0.00466737329909732));
#13207=CARTESIAN_POINT('',(0.14255809452516,-0.000571456092329362,0.00359947838650627));
#13208=CARTESIAN_POINT('',(0.14426313999356,-0.00734138495199707,0.00238735107248968));
#13209=CARTESIAN_POINT('',(0.143315404245722,-0.00761070604378981,0.0025584156853857));
#13210=CARTESIAN_POINT('',(0.14415570499386,-0.00809585390692777,0.00231649378978604));
#13211=CARTESIAN_POINT('',(0.124953802032717,-0.0413545254376365,0.00231649378978584));
#13212=CARTESIAN_POINT('',(0.144044792290386,-0.00828796034454955,0.00231649378978604));
#13213=CARTESIAN_POINT('',(0.144885093038525,-0.00877310820768753,0.00207457189418638));
#13214=CARTESIAN_POINT('',(0.143937357290687,-0.00904242929948028,0.00224563650708241));
#13215=CARTESIAN_POINT('',(0.145131951636879,-0.0137855982587643,0.00139639203646532));
#13216=CARTESIAN_POINT('',(0.146426217764558,-0.018924516705372,0.000476290283144607));
#13217=CARTESIAN_POINT('',(0.14547848201672,-0.0191938377971647,0.000647354896040636));
#13218=CARTESIAN_POINT('',(0.145719110983372,-0.0201492615767636,0.000476290283144607));
#13219=CARTESIAN_POINT('',(0.143586705550736,-0.0207552340332973,0.000861185662160674));
#13220=CARTESIAN_POINT('',(0.135294017757152,-0.0231117935864838,0.00235800102500094));
#13221=CARTESIAN_POINT('',(0.135053388790501,-0.022156369806885,0.00252906563789697));
#13222=CARTESIAN_POINT('',(0.134105653042662,-0.0224256908986777,0.002700130250793));
#13223=CARTESIAN_POINT('',(0.132811386914983,-0.0172867724520701,0.00362023200411372));
#13224=CARTESIAN_POINT('',(0.133890675537208,-0.0215721169352093,0.00285295908209984));
#13225=CARTESIAN_POINT('',(0.13294293978937,-0.0218414380270021,0.00302402369499587));
#13226=CARTESIAN_POINT('',(0.132102639041231,-0.0213562901638641,0.00326594559059555));
#13227=CARTESIAN_POINT('',(0.13415593990013,-0.017799868753026,0.00326594559059555));
#13228=CARTESIAN_POINT('',(0.13090593990013,-0.0234290338776248,0.00326594559059555));
#13229=CARTESIAN_POINT('',(0.131746240648269,-0.0239141817407628,0.00302402369499587));
#13230=CARTESIAN_POINT('',(0.137888797007446,-0.0297699893850048,0.000967687582398685));
#13231=CARTESIAN_POINT('',(0.138729097755585,-0.0302551372481428,0.000725765686799023));
#13232=CARTESIAN_POINT('',(0.135229097755585,-0.0363173150746338,0.000725765686799025));
#13233=CARTESIAN_POINT('',(0.134229097755585,-0.0380493658822027,0.000725765686799025));
#13234=CARTESIAN_POINT('',(0.132968646633377,-0.0373216440874957,0.00108864853019852));
#13235=CARTESIAN_POINT('',(0.131708195511169,-0.0365939222927887,0.00145153137359803));
#13236=CARTESIAN_POINT('',(0.129958195511169,-0.0396250112060342,0.00145153137359803));
#13237=CARTESIAN_POINT('',(0.128208195511169,-0.0426561001192797,0.00145153137359803));
#13238=CARTESIAN_POINT('',(0.1223260902742,-0.0392600650773137,0.00314498464279571));
#13239=CARTESIAN_POINT('',(0.11644398503723,-0.0358640300353478,0.00483843791199339));
#13240=CARTESIAN_POINT('',(0.11919398503723,-0.0311008903145333,0.00483843791199339));
#13241=CARTESIAN_POINT('',(0.12194398503723,-0.0263377505937189,0.00483843791199339));
#13242=CARTESIAN_POINT('',(0.124254812094611,-0.0276719072173485,0.00417315269909431));
#13243=CARTESIAN_POINT('',(0.126565639151992,-0.0290060638409779,0.00350786748619522));
#13244=CARTESIAN_POINT('',(0.128065639151992,-0.0264079876296246,0.00350786748619521));
#13245=CARTESIAN_POINT('',(0.129065639151992,-0.0246759368220557,0.00350786748619521));
#13246=CARTESIAN_POINT('',(0.128225338403853,-0.0241907889589177,0.00374978938179488));
#13247=CARTESIAN_POINT('',(0.128725338403853,-0.0233247635551333,0.00374978938179488));
#13248=CARTESIAN_POINT('',(0.116961127929915,-0.0165326934712013,0.00713669592019023));
#13249=CARTESIAN_POINT('',(0.121162631670607,-0.0189584327868913,0.00592708644219188));
#13250=CARTESIAN_POINT('',(0.120662631670607,-0.0198244581906758,0.00592708644219187));
#13251=CARTESIAN_POINT('',(0.119822330922469,-0.0193393103275378,0.00616900833779155));
#13252=CARTESIAN_POINT('',(0.118822330922469,-0.0210713611351067,0.00616900833779155));
#13253=CARTESIAN_POINT('',(0.117322330922469,-0.02366943734646,0.00616900833779155));
#13254=CARTESIAN_POINT('',(0.118792857231711,-0.0245184461069515,0.00574564502049213));
#13255=CARTESIAN_POINT('',(0.120263383540953,-0.025367454867443,0.00532228170319271));
#13256=CARTESIAN_POINT('',(0.119263383540953,-0.0270995056750119,0.00532228170319271));
#13257=CARTESIAN_POINT('',(0.118263383540953,-0.0288315564825807,0.00532228170319271));
#13258=CARTESIAN_POINT('',(0.117002932418746,-0.0281038346878737,0.00568516454659221));
#13259=CARTESIAN_POINT('',(0.115742481296538,-0.0273761128931667,0.00604804738999172));
#13260=CARTESIAN_POINT('',(0.113992481296538,-0.0304072018064122,0.00604804738999172));
#13261=CARTESIAN_POINT('',(0.112242481296538,-0.0334382907196578,0.00604804738999172));
#13262=CARTESIAN_POINT('',(0.106360376059568,-0.0300422556776918,0.0077415006591894));
#13263=CARTESIAN_POINT('',(0.100478270822599,-0.0266462206357258,0.00943495392838707));
#13264=CARTESIAN_POINT('',(0.103228270822599,-0.0218830809149114,0.00943495392838707));
#13265=CARTESIAN_POINT('',(0.104478270822599,-0.0197180174054503,0.00943495392838708));
#13266=CARTESIAN_POINT('',(0.104978270822599,-0.0188519920016659,0.00943495392838706));
#13267=CARTESIAN_POINT('',(0.105478270822599,-0.0179859665978814,0.00943495392838708));
#13268=CARTESIAN_POINT('',(0.103228270822599,-0.0218830809149114,0.00943495392838707));
#13269=CARTESIAN_POINT('',(0.105978270822599,-0.017119941194097,0.00943495392838707));
#13270=CARTESIAN_POINT('',(0.10828909787998,-0.0184540978177265,0.00876966871548799));
#13271=CARTESIAN_POINT('',(0.0765,0.0765,0.051));
#13272=CARTESIAN_POINT('',(0.0765,0.0675,0.051));
#13273=CARTESIAN_POINT('',(0.0765,0.0675,0.0087317187096957));
#13274=CARTESIAN_POINT('',(0.0765,0.0675,0.001));
#13275=CARTESIAN_POINT('',(0.0765,0.0765,0.0087317187096957));
#13276=CARTESIAN_POINT('',(0.0765,0.0695,0.00873171870969571));
#13277=CARTESIAN_POINT('',(0.0765,0.0695,0.051));
#13278=CARTESIAN_POINT('',(0.0765,0.0695,0.0107513738547329));
#13279=CARTESIAN_POINT('',(0.0765,5.55111512312578E-17,0.0107513738547329));
#13280=CARTESIAN_POINT('',(0.0765,0.08025,0.0107513738547329));
#13281=CARTESIAN_POINT('',(0.0765,0.08025,0.05));
#13282=CARTESIAN_POINT('',(0.0765,0.08025,0.001));
#13283=CARTESIAN_POINT('',(0.0765,0.0765,0.001));
#13284=CARTESIAN_POINT('',(0.077,0.0675,0.051));
#13285=CARTESIAN_POINT('',(0.077,0.0675,0.0088019891270469));
#13286=CARTESIAN_POINT('',(0.077,0.067,0.0088019891270469));
#13287=CARTESIAN_POINT('',(0.077,0.0675,0.001));
#13288=CARTESIAN_POINT('',(0.077,0.067,0.001));
#13289=CARTESIAN_POINT('',(0.077,0.067,0.051));
#13290=CARTESIAN_POINT('',(0.105,0.0655,0.051));
#13291=CARTESIAN_POINT('',(0.1065,0.0655,0.051));
#13292=CARTESIAN_POINT('',(0.1065,0.0655,0.0129479437507674));
#13293=CARTESIAN_POINT('',(0.1065,0.0655,0.0105980762113534));
#13294=CARTESIAN_POINT('',(0.105,0.0655,0.0127371324987139));
#13295=CARTESIAN_POINT('',(0.105,0.067,0.0127371324987139));
#13296=CARTESIAN_POINT('',(0.105,0.067,0.051));
#13297=CARTESIAN_POINT('',(0.105,0.067,0.008));
#13298=CARTESIAN_POINT('',(0.1065,0.0655,0.0105980762113534));
#13299=CARTESIAN_POINT('',(0.1065,0.0660180371022306,0.0102989873509303));
#13300=CARTESIAN_POINT('',(0.106019461984668,0.0667806278277282,0.00944344320094466));
#13301=CARTESIAN_POINT('',(0.105337940464635,0.067,0.00847792044781583));
#13302=CARTESIAN_POINT('',(0.105,0.067,0.008));
#13303=CARTESIAN_POINT('',(0.0535857864376269,0.0695,0.051));
#13304=CARTESIAN_POINT('',(0.0535857864376269,0.0695,0.00551133600909093));
#13305=CARTESIAN_POINT('',(0.0539393398282202,0.0698535533905931,0.00556102469771677));
#13306=CARTESIAN_POINT('',(0.0535857864376269,0.07,0.00551133600909094));
#13307=CARTESIAN_POINT('',(0.0539393398282202,0.0698535533905931,0.051));
#13308=CARTESIAN_POINT('',(0.0539393398282202,0.0698535533905931,0.001));
#13309=CARTESIAN_POINT('',(0.0535857864376269,0.0695,0.001));
#13310=CARTESIAN_POINT('',(0.0535857864376269,0.07,0.001));
#13311=CARTESIAN_POINT('',(0.0535857864376269,0.07,0.051));
#13312=CARTESIAN_POINT('',(0.,5.55111512312578E-17,0.));
#13313=CARTESIAN_POINT('',(0.0952637882129391,0.042,0.0133884523123583));
#13314=CARTESIAN_POINT('',(0.0952637882129391,0.046,0.0133884523123583));
#13315=CARTESIAN_POINT('',(0.0952637882129391,0.0410275924518841,0.0133884523123583));
#13316=CARTESIAN_POINT('',(6.95570437768893E-18,0.046,9.77560499183481E-19));
#13317=CARTESIAN_POINT('',(0.0902853002998791,0.046,0.0126887714655011));
#13318=CARTESIAN_POINT('',(0.0902853002998791,5.55111512312578E-17,0.0126887714655011));
#13319=CARTESIAN_POINT('',(0.0902853002998791,0.0439019237886465,0.0126887714655011));
#13320=CARTESIAN_POINT('',(0.0409744289362167,0.0723715686444321,0.00575858044414971));
#13321=CARTESIAN_POINT('',(0.105,0.0475,0.051));
#13322=CARTESIAN_POINT('',(0.105,0.046,0.051));
#13323=CARTESIAN_POINT('',(0.105,0.046,0.0127371324987139));
#13324=CARTESIAN_POINT('',(0.105,0.046,0.008));
#13325=CARTESIAN_POINT('',(0.105,0.0475,0.0127371324987139));
#13326=CARTESIAN_POINT('',(0.1065,0.0475,0.0129479437507674));
#13327=CARTESIAN_POINT('',(0.1065,0.0475,0.051));
#13328=CARTESIAN_POINT('',(0.1065,0.0475,0.0105980762113532));
#13329=CARTESIAN_POINT('',(0.1065,0.0475,0.0105980762113532));
#13330=CARTESIAN_POINT('',(0.1065,0.0469819628977695,0.0102989873509302));
#13331=CARTESIAN_POINT('',(0.106019461983482,0.0462193721722718,0.00944344320178363));
#13332=CARTESIAN_POINT('',(0.105337940467007,0.046,0.00847792044613812));
#13333=CARTESIAN_POINT('',(0.105,0.046,0.008));
#13334=CARTESIAN_POINT('',(0.0902853002998791,0.0489509618943232,0.0346768758239867));
#13335=CARTESIAN_POINT('',(0.0902853002998791,0.0439019237886465,0.0346768758239867));
#13336=CARTESIAN_POINT('',(0.0902853002998791,0.0439019237886465,0.0106691163204638));
#13337=CARTESIAN_POINT('',(0.0902853002998791,0.0439019237886465,0.00867687582398673));
#13338=CARTESIAN_POINT('',(0.0902853002998791,0.0489509618943232,0.0106691163204638));
#13339=CARTESIAN_POINT('',(0.0902853002998791,0.046,0.0106691163204638));
#13340=CARTESIAN_POINT('',(0.0902853002998791,0.046,0.051));
#13341=CARTESIAN_POINT('',(0.0902853002998791,0.046,0.00667687582398673));
#13342=CARTESIAN_POINT('',(0.0902853002998791,0.044,0.00667687582398673));
#13343=CARTESIAN_POINT('',(0.0902853002998791,0.044,0.00867687582398674));
#13344=CARTESIAN_POINT('',(0.0902853002998791,0.0489509618943232,0.00867687582398674));
#13345=CARTESIAN_POINT('',(0.0897853002998786,0.0493867513459482,0.0346768758239867));
#13346=CARTESIAN_POINT('',(0.0897853002998786,0.0493867513459482,0.0105988459031126));
#13347=CARTESIAN_POINT('',(0.0847853002998787,0.0407264973081038,0.00989614172960063));
#13348=CARTESIAN_POINT('',(0.0803762665917492,0.046,0.00927649245202913));
#13349=CARTESIAN_POINT('',(0.0847853002998787,0.0407264973081038,0.0346768758239867));
#13350=CARTESIAN_POINT('',(0.0847853002998787,0.0407264973081038,0.00867687582398673));
#13351=CARTESIAN_POINT('',(0.0897853002998786,0.0493867513459482,0.00867687582398674));
#13352=CARTESIAN_POINT('',(0.0813601646964048,0.044,0.00867687582398673));
#13353=CARTESIAN_POINT('',(0.0803762665917492,0.046,0.00667687582398673));
#13354=CARTESIAN_POINT('',(0.0803762665917492,0.046,0.00723894527781811));
#13355=CARTESIAN_POINT('',(0.0805448670567435,0.0454875651613554,0.00832529186381537));
#13356=CARTESIAN_POINT('',(0.0810582636418758,0.0444721876247643,0.00867687582398673));
#13357=CARTESIAN_POINT('',(0.0813601646964048,0.044,0.00867687582398673));
#13358=CARTESIAN_POINT('',(0.0803762665917492,0.046,0.00667687582398673));
#13359=CARTESIAN_POINT('',(0.0803762665917492,0.046,0.0346768758239867));
#13360=CARTESIAN_POINT('',(0.125634438552498,0.020317662822333,0.00676598864515872));
#13361=CARTESIAN_POINT('',(0.125837535182803,0.0202004049281549,0.00770658009771072));
#13362=CARTESIAN_POINT('',(0.124462535182803,0.0178188350677477,0.00770658009771071));
#13363=CARTESIAN_POINT('',(0.127212535182803,0.0225819747885621,0.00770658009771072));
#13364=CARTESIAN_POINT('',(0.124259438552498,0.0179360929619258,0.00676598864515872));
#13365=CARTESIAN_POINT('',(0.123887970074461,0.0158411593109574,0.00967687582398671));
#13366=CARTESIAN_POINT('',(0.123364193806158,0.016143561680457,0.00725113650829672));
#13367=CARTESIAN_POINT('',(0.125739193806158,0.020257182348433,0.00725113650829672));
#13368=CARTESIAN_POINT('',(0.128364193806158,0.0248038157183013,0.00725113650829672));
#13369=CARTESIAN_POINT('',(0.128259438552498,0.0248642961922013,0.00676598864515873));
#13370=CARTESIAN_POINT('',(0.128887970074461,0.0245014133488018,0.00967687582398672));
#13371=CARTESIAN_POINT('',(0.126262970074461,0.0199547799789335,0.00967687582398671));
#13372=CARTESIAN_POINT('',(0.127637970074461,0.0223363498393406,0.00967687582398673));
#13373=CARTESIAN_POINT('',(0.127009438552498,0.0226992326827402,0.00676598864515873));
#13374=CARTESIAN_POINT('',(0.,5.55111512312578E-17,0.));
#13375=CARTESIAN_POINT('',(0.0790729052890144,0.0695,0.0111129721116612));
#13376=CARTESIAN_POINT('',(0.0816971156711795,0.0695,0.0114817808292054));
#13377=CARTESIAN_POINT('',(0.0816971156711795,0.0725,0.0114817808292054));
#13378=CARTESIAN_POINT('',(0.0816971156711795,0.0755,0.0114817808292054));
#13379=CARTESIAN_POINT('',(0.0856581879461458,0.0755,0.0120384732330457));
#13380=CARTESIAN_POINT('',(0.0896192602211121,0.0755,0.0125951656368859));
#13381=CARTESIAN_POINT('',(0.0896192602211121,0.0725,0.0125951656368859));
#13382=CARTESIAN_POINT('',(0.0896192602211121,0.0695,0.0125951656368859));
#13383=CARTESIAN_POINT('',(0.0913522293414098,0.0695,0.012838718563566));
#13384=CARTESIAN_POINT('',(0.0930851984617076,0.0695,0.0130822714902461));
#13385=CARTESIAN_POINT('',(0.0930851984617076,0.0675,0.0130822714902461));
#13386=CARTESIAN_POINT('',(0.0930851984617076,0.067,0.0130822714902461));
#13387=CARTESIAN_POINT('',(3.2564361333435E-17,0.067,4.57662252335124E-18));
#13388=CARTESIAN_POINT('',(0.100512208977269,0.067,0.0141260697474466));
#13389=CARTESIAN_POINT('',(0.100512208977269,0.0695,0.0141260697474466));
#13390=CARTESIAN_POINT('',(0.100512208977269,0.0725,0.0141260697474466));
#13391=CARTESIAN_POINT('',(0.104473281252236,0.0725,0.0146827621512869));
#13392=CARTESIAN_POINT('',(0.108434353527202,0.0725,0.0152394545551272));
#13393=CARTESIAN_POINT('',(0.108434353527202,0.0695,0.0152394545551272));
#13394=CARTESIAN_POINT('',(0.108434353527202,0.0665,0.0152394545551272));
#13395=CARTESIAN_POINT('',(0.1101673226475,0.0665,0.0154830074818073));
#13396=CARTESIAN_POINT('',(0.111900291767797,0.0665,0.0157265604084874));
#13397=CARTESIAN_POINT('',(0.111900291767797,0.0645,0.0157265604084874));
#13398=CARTESIAN_POINT('',(0.111900291767797,0.0625,0.0157265604084874));
#13399=CARTESIAN_POINT('',(0.110414889664685,0.0625,0.0155178007570473));
#13400=CARTESIAN_POINT('',(0.108929487561573,0.0625,0.0153090411056072));
#13401=CARTESIAN_POINT('',(0.108929487561573,0.059,0.0153090411056072));
#13402=CARTESIAN_POINT('',(0.108929487561573,0.0555,0.0153090411056072));
#13403=CARTESIAN_POINT('',(0.102096637887256,0.0555,0.0143487467089827));
#13404=CARTESIAN_POINT('',(0.1065,0.0555,0.0149675988958047));
#13405=CARTESIAN_POINT('',(0.1065,5.55111512312578E-17,0.0149675988958047));
#13406=CARTESIAN_POINT('',(0.1065,0.0535,0.0149675988958047));
#13407=CARTESIAN_POINT('',(0.104473281252236,0.0535,0.0146827621512869));
#13408=CARTESIAN_POINT('',(0.108434353527202,0.0535,0.0152394545551272));
#13409=CARTESIAN_POINT('',(0.108434353527202,0.0505,0.0152394545551272));
#13410=CARTESIAN_POINT('',(0.108434353527202,0.0475,0.0152394545551272));
#13411=CARTESIAN_POINT('',(0.1101673226475,0.0475,0.0154830074818073));
#13412=CARTESIAN_POINT('',(0.111900291767797,0.0475,0.0157265604084874));
#13413=CARTESIAN_POINT('',(0.111900291767797,0.0455,0.0157265604084874));
#13414=CARTESIAN_POINT('',(0.111900291767797,0.0435,0.0157265604084874));
#13415=CARTESIAN_POINT('',(0.110414889664685,0.0435,0.0155178007570473));
#13416=CARTESIAN_POINT('',(0.108929487561573,0.0435,0.0153090411056072));
#13417=CARTESIAN_POINT('',(0.108929487561573,0.04,0.0153090411056072));
#13418=CARTESIAN_POINT('',(0.108929487561573,0.0365,0.0153090411056072));
#13419=CARTESIAN_POINT('',(0.102096637887256,0.0365,0.0143487467089827));
#13420=CARTESIAN_POINT('',(0.103105808375568,0.0365,0.0144905763717671));
#13421=CARTESIAN_POINT('',(0.0409744289362167,0.0723715686444321,0.00575858044414971));
#13422=CARTESIAN_POINT('',(0.106569909990705,0.0345,0.0149774241042525));
#13423=CARTESIAN_POINT('',(0.104473281252236,0.0345,0.0146827621512869));
#13424=CARTESIAN_POINT('',(0.108434353527202,0.0345,0.0152394545551272));
#13425=CARTESIAN_POINT('',(0.108434353527202,0.0315,0.0152394545551272));
#13426=CARTESIAN_POINT('',(0.108434353527202,0.0334235630223148,0.0152394545551272));
#13427=CARTESIAN_POINT('',(0.0409744289362167,0.0723715686444321,0.00575858044414971));
#13428=CARTESIAN_POINT('',(0.114871095974022,0.0297073080379389,0.0161440797113676));
#13429=CARTESIAN_POINT('',(0.114871095974022,0.0532970296919435,0.0161440797113676));
#13430=CARTESIAN_POINT('',(0.114871095974022,0.074,0.0161440797113676));
#13431=CARTESIAN_POINT('',(0.109826199987909,0.074,0.0154350658184925));
#13432=CARTESIAN_POINT('',(0.0950657345991908,0.074,0.0133606176921663));
#13433=CARTESIAN_POINT('',(0.0950657345991908,0.077125,0.0133606176921663));
#13434=CARTESIAN_POINT('',(0.0950657345991908,0.08025,0.0133606176921663));
#13435=CARTESIAN_POINT('',(0.0908899953765556,0.08025,0.0127737558163176));
#13436=CARTESIAN_POINT('',(0.0950657345991908,0.071,0.0133606176921663));
#13437=CARTESIAN_POINT('',(0.0940754665304492,0.071,0.0132214445912062));
#13438=CARTESIAN_POINT('',(0.133,-0.046,0.));
#13439=CARTESIAN_POINT('',(0.16125,0.00293043531382074,3.92047505570758E-18));
#13440=CARTESIAN_POINT('',(0.114871095974022,0.0297073080379389,0.0133524483973808));
#13441=CARTESIAN_POINT('',(0.126972907516019,0.025607075232433,0.0102282207625179));
#13442=CARTESIAN_POINT('',(0.114871095974022,0.0325940593838869,0.0137123223712759));
#13443=CARTESIAN_POINT('',(0.114871095974022,0.0216033423867659,0.0123421756119225));
#13444=CARTESIAN_POINT('',(0.114871095974022,0.0532970296919435,0.05));
#13445=CARTESIAN_POINT('',(0.114871095974022,0.0297073080379389,0.05));
#13446=CARTESIAN_POINT('',(0.114871095974022,0.0325940593838869,0.05));
#13447=CARTESIAN_POINT('',(0.114871095974022,0.0325940593838869,-0.002));
#13448=CARTESIAN_POINT('',(0.114871095974022,0.0532970296919435,-0.002));
#13449=CARTESIAN_POINT('',(0.114871095974022,0.074,-0.002));
#13450=CARTESIAN_POINT('',(0.114871095974022,0.074,0.05));
#13451=CARTESIAN_POINT('',(0.114871095974022,0.0475,0.01));
#13452=CARTESIAN_POINT('',(0.114871095974022,0.0475,0.01175));
#13453=CARTESIAN_POINT('',(0.114871095974022,0.0475,0.0036));
#13454=CARTESIAN_POINT('',(0.114871095974022,0.0475,0.00535));
#13455=CARTESIAN_POINT('',(0.114871095974022,0.0655,0.0036));
#13456=CARTESIAN_POINT('',(0.114871095974022,0.0655,0.00535));
#13457=CARTESIAN_POINT('',(0.114871095974022,0.0655,0.01));
#13458=CARTESIAN_POINT('',(0.114871095974022,0.0655,0.01175));
#13459=CARTESIAN_POINT('',(0.114871095974022,0.0625,0.011002));
#13460=CARTESIAN_POINT('',(0.114871095974022,0.0625,0.008));
#13461=CARTESIAN_POINT('',(0.114871095974022,0.0625,0.0026));
#13462=CARTESIAN_POINT('',(0.114871095974022,0.0595,0.0026));
#13463=CARTESIAN_POINT('',(0.114871095974022,0.0505,0.0026));
#13464=CARTESIAN_POINT('',(0.114871095974022,0.0505,0.011002));
#13465=CARTESIAN_POINT('',(0.114871095974022,0.0505,0.008));
#13466=CARTESIAN_POINT('',(0.114871095974022,0.0535,0.008));
#13467=CARTESIAN_POINT('',(0.114871095974022,0.0535,0.011));
#13468=CARTESIAN_POINT('',(0.114871095974022,0.0595,0.011));
#13469=CARTESIAN_POINT('',(0.114871095974022,0.0595,0.011));
#13470=CARTESIAN_POINT('',(0.114871095974022,0.0595,0.008));
#13471=CARTESIAN_POINT('',(0.0825,0.046,0.051));
#13472=CARTESIAN_POINT('',(0.0882091437327093,0.046,0.0103773315435409));
#13473=CARTESIAN_POINT('',(0.090392740457403,0.046,0.0106842160498828));
#13474=CARTESIAN_POINT('',(0.0846835967246937,0.046,0.0513068845063419));
#13475=CARTESIAN_POINT('',(0.0902853002998791,0.046,0.0114486924936965));
#13476=CARTESIAN_POINT('',(0.0902853002998791,0.046,0.051));
#13477=CARTESIAN_POINT('',(0.08983299068215,0.046,0.0520305846313342));
#13478=CARTESIAN_POINT('',(0.0955421344148593,0.046,0.0114079161748752));
#13479=CARTESIAN_POINT('',(0.0882091437327093,0.046,0.0103773315435409));
#13480=CARTESIAN_POINT('',(0.105,0.046,0.008));
#13481=CARTESIAN_POINT('',(0.110871095974022,0.046,0.008));
#13482=CARTESIAN_POINT('',(0.110871095974022,0.046,0.011));
#13483=CARTESIAN_POINT('',(0.110871095974022,0.046,0.001));
#13484=CARTESIAN_POINT('',(0.0825,0.046,0.001));
#13485=CARTESIAN_POINT('',(0.0673710959740223,0.046,0.001));
#13486=CARTESIAN_POINT('',(0.0673710959740223,0.046,0.001));
#13487=CARTESIAN_POINT('',(0.0673710959740223,0.046,0.0076));
#13488=CARTESIAN_POINT('',(0.0673710959740223,0.046,0.0076));
#13489=CARTESIAN_POINT('',(0.06,0.046,0.0076));
#13490=CARTESIAN_POINT('',(0.06,0.046,0.051));
#13491=CARTESIAN_POINT('',(0.06,0.046,0.00843245008214348));
#13492=CARTESIAN_POINT('',(6.95570437768893E-18,0.046,9.77560499183481E-19));
#13493=CARTESIAN_POINT('',(0.0764486949068492,0.046,0.010744163394117));
#13494=CARTESIAN_POINT('',(0.0710178973760601,0.046,0.049386295713093));
#13495=CARTESIAN_POINT('',(0.0767270411087694,0.046,0.00876362725663391));
#13496=CARTESIAN_POINT('',(0.0882091437327093,0.046,0.0103773315435409));
#13497=CARTESIAN_POINT('',(0.0825,0.046,0.00667687582398673));
#13498=CARTESIAN_POINT('',(0.112371095974022,0.0565,0.011));
#13499=CARTESIAN_POINT('',(0.112371095974022,0.0655,0.011));
#13500=CARTESIAN_POINT('',(0.112371095974022,0.0655,0.008));
#13501=CARTESIAN_POINT('',(0.112371095974022,0.0655,0.001));
#13502=CARTESIAN_POINT('',(0.112371095974022,0.0565,0.001));
#13503=CARTESIAN_POINT('',(0.112371095974022,0.0475,0.001));
#13504=CARTESIAN_POINT('',(0.112371095974022,0.0475,0.011));
#13505=CARTESIAN_POINT('',(0.112371095974022,0.0475,0.008));
#13506=CARTESIAN_POINT('',(0.112371095974022,0.0565,0.008));
#13507=CARTESIAN_POINT('',(0.112371095974022,0.0505,0.008));
#13508=CARTESIAN_POINT('',(0.112371095974022,0.0505,0.011));
#13509=CARTESIAN_POINT('',(0.112371095974022,0.0505,0.0026));
#13510=CARTESIAN_POINT('',(0.112371095974022,0.0565,0.0026));
#13511=CARTESIAN_POINT('',(0.112371095974022,0.0625,0.0026));
#13512=CARTESIAN_POINT('',(0.112371095974022,0.0625,0.011));
#13513=CARTESIAN_POINT('',(0.112371095974022,0.0625,0.008));
#13514=CARTESIAN_POINT('',(0.112371095974022,0.0565,0.008));
#13515=CARTESIAN_POINT('',(0.0762506412931009,0.083375,0.001));
#13516=CARTESIAN_POINT('',(0.0762506412931009,0.08025,0.05));
#13517=CARTESIAN_POINT('',(0.0762506412931009,0.08025,-0.001));
#13518=CARTESIAN_POINT('',(0.0762506412931009,0.08025,-0.002));
#13519=CARTESIAN_POINT('',(0.0762506412931009,0.083375,-0.002));
#13520=CARTESIAN_POINT('',(0.0762506412931009,0.0865,-0.002));
#13521=CARTESIAN_POINT('',(0.0762506412931009,0.0865,0.001));
#13522=CARTESIAN_POINT('',(0.0762506412931009,0.0865,-0.001));
#13523=CARTESIAN_POINT('',(0.0762506412931009,0.083375,-0.001));
#13524=CARTESIAN_POINT('',(-4.86596562920914E-06,0.0865,0.001));
#13525=CARTESIAN_POINT('',(0.0761253206465505,0.0865,-0.001));
#13526=CARTESIAN_POINT('',(0.057,0.0865,-0.001));
#13527=CARTESIAN_POINT('',(-4.86596562920914E-06,0.0865,-0.002));
#13528=CARTESIAN_POINT('',(-0.001,0.0865,-0.002));
#13529=CARTESIAN_POINT('',(-0.001,0.0865,0.001));
#13530=CARTESIAN_POINT('',(-0.001,0.0865,0.001));
#13531=CARTESIAN_POINT('',(-4.86596562920914E-06,0.0865,0.001));
#13532=CARTESIAN_POINT('',(0.003,0.0865,0.001));
#13533=CARTESIAN_POINT('',(0.003,0.0865,-0.001));
#13534=CARTESIAN_POINT('',(0.003,0.0865,0.));
#13535=CARTESIAN_POINT('',(0.004,0.0865,0.));
#13536=CARTESIAN_POINT('',(0.004,0.0865,-0.001));
#13537=CARTESIAN_POINT('',(0.01,0.0865,-0.001));
#13538=CARTESIAN_POINT('',(0.016,0.0865,-0.001));
#13539=CARTESIAN_POINT('',(0.016,0.0865,0.));
#13540=CARTESIAN_POINT('',(0.017,0.0865,0.));
#13541=CARTESIAN_POINT('',(0.017,0.0865,-0.001));
#13542=CARTESIAN_POINT('',(0.017,0.0865,0.001));
#13543=CARTESIAN_POINT('',(-4.86596562920914E-06,0.0865,0.001));
#13544=CARTESIAN_POINT('',(0.021,0.0865,0.001));
#13545=CARTESIAN_POINT('',(0.021,0.0865,-0.001));
#13546=CARTESIAN_POINT('',(0.021,0.0865,0.));
#13547=CARTESIAN_POINT('',(0.022,0.0865,0.));
#13548=CARTESIAN_POINT('',(0.022,0.0865,-0.001));
#13549=CARTESIAN_POINT('',(0.028,0.0865,-0.001));
#13550=CARTESIAN_POINT('',(0.034,0.0865,-0.001));
#13551=CARTESIAN_POINT('',(0.034,0.0865,0.));
#13552=CARTESIAN_POINT('',(0.035,0.0865,0.));
#13553=CARTESIAN_POINT('',(0.035,0.0865,-0.001));
#13554=CARTESIAN_POINT('',(0.035,0.0865,0.001));
#13555=CARTESIAN_POINT('',(-4.86596562920914E-06,0.0865,0.001));
#13556=CARTESIAN_POINT('',(0.039,0.0865,0.001));
#13557=CARTESIAN_POINT('',(0.039,0.0865,-0.001));
#13558=CARTESIAN_POINT('',(0.039,0.0865,0.));
#13559=CARTESIAN_POINT('',(0.04,0.0865,0.));
#13560=CARTESIAN_POINT('',(0.04,0.0865,-0.001));
#13561=CARTESIAN_POINT('',(0.046,0.0865,-0.001));
#13562=CARTESIAN_POINT('',(0.052,0.0865,-0.001));
#13563=CARTESIAN_POINT('',(0.052,0.0865,0.));
#13564=CARTESIAN_POINT('',(0.053,0.0865,0.));
#13565=CARTESIAN_POINT('',(0.053,0.0865,-0.001));
#13566=CARTESIAN_POINT('',(0.053,0.0865,0.001));
#13567=CARTESIAN_POINT('',(-4.86596562920914E-06,0.0865,0.001));
#13568=CARTESIAN_POINT('',(0.056,0.0865,0.001));
#13569=CARTESIAN_POINT('',(0.056,0.0865,-0.001));
#13570=CARTESIAN_POINT('',(0.056,0.0865,0.));
#13571=CARTESIAN_POINT('',(0.057,0.0865,0.));
#13572=CARTESIAN_POINT('',(0.0856581879461459,0.08025,0.05));
#13573=CARTESIAN_POINT('',(0.0950657345991908,0.08025,0.05));
#13574=CARTESIAN_POINT('',(0.0950657345991908,0.08025,-0.002));
#13575=CARTESIAN_POINT('',(0.0856581879461459,0.08025,-0.002));
#13576=CARTESIAN_POINT('',(0.0761253206465505,0.08025,-0.001));
#13577=CARTESIAN_POINT('',(0.075,0.08025,-0.001));
#13578=CARTESIAN_POINT('',(0.075,0.08025,0.));
#13579=CARTESIAN_POINT('',(0.076,0.08025,0.));
#13580=CARTESIAN_POINT('',(0.076,0.08025,-0.001));
#13581=CARTESIAN_POINT('',(0.076,0.08025,0.001));
#13582=CARTESIAN_POINT('',(0.0856581879461459,0.08025,0.001));
#13583=CARTESIAN_POINT('',(0.,5.55111512312578E-17,0.));
#13584=CARTESIAN_POINT('',(0.089611520737693,-0.00665615484489674,0.012594077923426));
#13585=CARTESIAN_POINT('',(0.0834222558598294,-0.017376276074858,0.0117242334712969));
#13586=CARTESIAN_POINT('',(0.0920110778561878,-0.0025,0.0129313136837754));
#13587=CARTESIAN_POINT('',(0.093991613993671,-0.0025,0.0132096598856955));
#13588=CARTESIAN_POINT('',(0.109268689565237,-0.002,0.0153567128383349));
#13589=CARTESIAN_POINT('',(0.113010021674435,-0.002,0.0158825227758604));
#13590=CARTESIAN_POINT('',(0.115128821019838,0.00166986811728183,0.0161803006044303));
#13591=CARTESIAN_POINT('',(0.114871095974022,0.00122347524354622,0.0161440797113676));
#13592=CARTESIAN_POINT('',(0.114871095974022,0.0532970296919435,0.0161440797113676));
#13593=CARTESIAN_POINT('',(0.114871095974022,0.023356455076853,0.0161440797113676));
#13594=CARTESIAN_POINT('',(0.038264572197513,0.0675852522009021,0.0053777349161684));
#13595=CARTESIAN_POINT('',(0.111900291767797,0.0250716496850265,0.0157265604084874));
#13596=CARTESIAN_POINT('',(0.111900291767797,0.0265,0.0157265604084874));
#13597=CARTESIAN_POINT('',(0.111900291767797,0.0245,0.0157265604084874));
#13598=CARTESIAN_POINT('',(0.110414889664685,0.0245,0.0155178007570473));
#13599=CARTESIAN_POINT('',(0.108929487561573,0.0245,0.0153090411056072));
#13600=CARTESIAN_POINT('',(0.108929487561573,0.021,0.0153090411056072));
#13601=CARTESIAN_POINT('',(0.108929487561573,0.0175,0.0153090411056072));
#13602=CARTESIAN_POINT('',(0.102096637887256,0.0175,0.0143487467089827));
#13603=CARTESIAN_POINT('',(0.0959233319032776,0.0175,0.0134811451331212));
#13604=CARTESIAN_POINT('',(0.0950657345991908,0.017,0.0133606176921663));
#13605=CARTESIAN_POINT('',(0.0952637882129391,0.0179797958971133,0.0133884523123583));
#13606=CARTESIAN_POINT('',(0.0952637882129391,0.023,0.0133884523123583));
#13607=CARTESIAN_POINT('',(0.0952637882129391,0.0285,0.0133884523123583));
#13608=CARTESIAN_POINT('',(0.0978879985951043,0.0285,0.0137572610299025));
#13609=CARTESIAN_POINT('',(0.100512208977269,0.0285,0.0141260697474466));
#13610=CARTESIAN_POINT('',(0.100512208977269,0.0315,0.0141260697474466));
#13611=CARTESIAN_POINT('',(0.100512208977269,0.0316465623496916,0.0141260697474466));
#13612=CARTESIAN_POINT('',(0.038264572197513,0.0675852522009021,0.0053777349161684));
#13613=CARTESIAN_POINT('',(0.086909655952861,0.0395,0.0122143555913127));
#13614=CARTESIAN_POINT('',(0.083281544581166,0.0395,0.0117044577907415));
#13615=CARTESIAN_POINT('',(0.0764486949068492,0.0395,0.010744163394117));
#13616=CARTESIAN_POINT('',(0.0764486949068492,0.045,0.010744163394117));
#13617=CARTESIAN_POINT('',(0.06,0.0475,0.00843245008214348));
#13618=CARTESIAN_POINT('',(0.05888196601125,0.0465,0.00827532065213892));
#13619=CARTESIAN_POINT('',(0.0644664512750762,0.0465,0.00906016887250026));
#13620=CARTESIAN_POINT('',(0.0576336016007594,0.0465,0.00809987447587581));
#13621=CARTESIAN_POINT('',(0.0576336016007594,0.052,0.00809987447587581));
#13622=CARTESIAN_POINT('',(0.0576336016007594,0.0575,0.00809987447587581));
#13623=CARTESIAN_POINT('',(0.0602578119829245,0.0575,0.00846868319341998));
#13624=CARTESIAN_POINT('',(0.0585,0.0575,0.0082216388300899));
#13625=CARTESIAN_POINT('',(0.0585,5.55111512312578E-17,0.0082216388300899));
#13626=CARTESIAN_POINT('',(0.0585,0.0650857864376268,0.0082216388300899));
#13627=CARTESIAN_POINT('',(0.058,0.0650857864376268,0.00815136841273871));
#13628=CARTESIAN_POINT('',(0.0583535533905933,0.0654393398282201,0.00820105710136455));
#13629=CARTESIAN_POINT('',(0.0612911436647536,0.0625017495540597,0.00861390849050866));
#13630=CARTESIAN_POINT('',(0.0582928932188134,0.0655,0.0081925318701894));
#13631=CARTESIAN_POINT('',(0.0644664512750762,0.0655,0.00906016887250026));
#13632=CARTESIAN_POINT('',(0.0576336016007594,0.0655,0.00809987447587581));
#13633=CARTESIAN_POINT('',(0.0576336016007594,0.071,0.00809987447587581));
#13634=CARTESIAN_POINT('',(0.0576336016007594,0.066159291618054,0.00809987447587581));
#13635=CARTESIAN_POINT('',(0.0612911436647536,0.0625017495540597,0.00861390849050866));
#13636=CARTESIAN_POINT('',(0.0552928932188134,0.0685,0.00777090936608223));
#13637=CARTESIAN_POINT('',(0.0539696097464155,0.0685,0.00758493400232356));
#13638=CARTESIAN_POINT('',(0.0524842076433032,0.0685,0.00737617435088346));
#13639=CARTESIAN_POINT('',(0.0524842076433032,0.065,0.00737617435088346));
#13640=CARTESIAN_POINT('',(0.0524842076433032,0.0615,0.00737617435088346));
#13641=CARTESIAN_POINT('',(0.0456513579689863,0.0615,0.00641587995425901));
#13642=CARTESIAN_POINT('',(0.0388185082946695,0.0615,0.00545558555763456));
#13643=CARTESIAN_POINT('',(0.0388185082946695,0.067,0.00545558555763456));
#13644=CARTESIAN_POINT('',(0.0388185082946695,0.07,0.00545558555763456));
#13645=CARTESIAN_POINT('',(0.,0.07,0.));
#13646=CARTESIAN_POINT('',(0.037,0.07,0.00520001088398849));
#13647=CARTESIAN_POINT('',(0.037,0.0715,0.00520001088398849));
#13648=CARTESIAN_POINT('',(0.0355,0.0715,0.0049891996319349));
#13649=CARTESIAN_POINT('',(0.0355,5.55111512312578E-17,0.0049891996319349));
#13650=CARTESIAN_POINT('',(0.0355,0.0755,0.00498919963193489));
#13651=CARTESIAN_POINT('',(0.035,0.0755,0.0049189292145837));
#13652=CARTESIAN_POINT('',(0.035,0.076,0.00491892921458371));
#13653=CARTESIAN_POINT('',(0.,0.076,0.));
#13654=CARTESIAN_POINT('',(0.00711536972238421,0.076,0.001));
#13655=CARTESIAN_POINT('',(0.00711536972238421,5.55111512312578E-17,0.001));
#13656=CARTESIAN_POINT('',(0.00711536972238421,0.0765,0.001));
#13657=CARTESIAN_POINT('',(0.0437874839861633,0.0765,0.00615392954893299));
#13658=CARTESIAN_POINT('',(0.,0.0765,0.));
#13659=CARTESIAN_POINT('',(0.,0.01825,0.));
#13660=CARTESIAN_POINT('',(0.,3.85283595860698E-18,0.));
#13661=CARTESIAN_POINT('',(0.0258223667907769,-8.90655866903104E-19,0.0036290969827671));
#13662=CARTESIAN_POINT('',(0.0396107227496628,-3.42353576548618E-18,0.00556692403840261));
#13663=CARTESIAN_POINT('',(0.0396107227496628,0.002,0.00556692403840261));
#13664=CARTESIAN_POINT('',(0.0396107227496628,0.004,0.00556692403840261));
#13665=CARTESIAN_POINT('',(0.0611517940512565,0.004,0.00859432417951233));
#13666=CARTESIAN_POINT('',(0.0710544888703943,0.004,0.009986057175197));
#13667=CARTESIAN_POINT('',(0.077770766221411,0.000122355463438329,0.0109299684002016));
#13668=CARTESIAN_POINT('',(0.0828002558598294,-0.00278142173318899,0.011636817072112));
#13669=CARTESIAN_POINT('',(0.0828002558598294,-0.00989929297030553,0.011636817072112));
#13670=CARTESIAN_POINT('',(0.0828002558598294,-0.0170171642074221,0.011636817072112));
#13671=CARTESIAN_POINT('',(0.087091383292065,-0.0194946477855503,0.0122398957032527));
#13672=CARTESIAN_POINT('',(0.0268362646628965,0.0575,0.00377159103601777));
#13673=CARTESIAN_POINT('',(0.0206629586789181,0.0575,0.00290398946015617));
#13674=CARTESIAN_POINT('',(0.0336691143372133,0.0575,0.00473188543264222));
#13675=CARTESIAN_POINT('',(0.0198053613748314,0.057,0.00278346201920131));
#13676=CARTESIAN_POINT('',(0.0200034149885797,0.0579797958971132,0.00281129663939332));
#13677=CARTESIAN_POINT('',(0.0200034149885797,0.063,0.00281129663939332));
#13678=CARTESIAN_POINT('',(0.0200034149885797,0.0685,0.00281129663939332));
#13679=CARTESIAN_POINT('',(0.0226276253707448,0.0685,0.00318010535693749));
#13680=CARTESIAN_POINT('',(0.02525183575291,0.0685,0.00354891407448166));
#13681=CARTESIAN_POINT('',(0.02525183575291,0.0715,0.00354891407448166));
#13682=CARTESIAN_POINT('',(0.02525183575291,0.0745,0.00354891407448166));
#13683=CARTESIAN_POINT('',(0.0292129080278763,0.0745,0.00410560647832192));
#13684=CARTESIAN_POINT('',(0.0331739803028426,0.0745,0.00466229888216218));
#13685=CARTESIAN_POINT('',(0.0331739803028426,0.0715,0.00466229888216218));
#13686=CARTESIAN_POINT('',(0.0331739803028426,0.0685,0.00466229888216218));
#13687=CARTESIAN_POINT('',(0.0349069494231403,0.0685,0.0049058518088423));
#13688=CARTESIAN_POINT('',(0.0366399185434381,0.0685,0.00514940473552241));
#13689=CARTESIAN_POINT('',(0.0366399185434381,0.0665,0.00514940473552241));
#13690=CARTESIAN_POINT('',(0.0366399185434381,0.0645,0.00514940473552241));
#13691=CARTESIAN_POINT('',(0.0351545164403257,0.0645,0.00494064508408232));
#13692=CARTESIAN_POINT('',(0.0336691143372133,0.0645,0.00473188543264222));
#13693=CARTESIAN_POINT('',(0.0336691143372133,0.061,0.00473188543264222));
#13694=CARTESIAN_POINT('',(0.00381253206465505,0.0685,0.000535816438696253));
#13695=CARTESIAN_POINT('',(0.00643674244682021,0.0685,0.000904625156240427));
#13696=CARTESIAN_POINT('',(0.00118832168248989,0.0685,0.00016700772115208));
#13697=CARTESIAN_POINT('',(0.00643674244682021,0.0715,0.000904625156240427));
#13698=CARTESIAN_POINT('',(0.00643674244682021,0.0745,0.000904625156240426));
#13699=CARTESIAN_POINT('',(0.0103978147217865,0.0745,0.00146131756008069));
#13700=CARTESIAN_POINT('',(0.0143588869967527,0.0745,0.00201800996392095));
#13701=CARTESIAN_POINT('',(0.0143588869967527,0.0715,0.00201800996392095));
#13702=CARTESIAN_POINT('',(0.0143588869967527,0.0685,0.00201800996392095));
#13703=CARTESIAN_POINT('',(0.0160918561170505,0.0685,0.00226156289060106));
#13704=CARTESIAN_POINT('',(0.0178248252373483,0.0685,0.00250511581728117));
#13705=CARTESIAN_POINT('',(0.0178248252373483,0.0665,0.00250511581728117));
#13706=CARTESIAN_POINT('',(0.0178248252373483,0.0645,0.00250511581728117));
#13707=CARTESIAN_POINT('',(0.0163394231342359,0.0645,0.00229635616584108));
#13708=CARTESIAN_POINT('',(0.0148540210311235,0.0645,0.00208759651440098));
#13709=CARTESIAN_POINT('',(0.0148540210311235,0.061,0.00208759651440098));
#13710=CARTESIAN_POINT('',(0.0148540210311235,0.0575,0.00208759651440098));
#13711=CARTESIAN_POINT('',(0.00802117135680671,0.0575,0.00112730211777653));
#13712=CARTESIAN_POINT('',(0.00118832168248989,0.0575,0.00016700772115208));
#13713=CARTESIAN_POINT('',(0.00118832168248989,0.063,0.00016700772115208));
#13714=CARTESIAN_POINT('',(0.00381253206465505,0.0495,0.000535816438696253));
#13715=CARTESIAN_POINT('',(0.00643674244682021,0.0495,0.000904625156240427));
#13716=CARTESIAN_POINT('',(0.00118832168248989,0.0495,0.00016700772115208));
#13717=CARTESIAN_POINT('',(0.00643674244682021,0.0525,0.000904625156240426));
#13718=CARTESIAN_POINT('',(0.00643674244682021,0.0555,0.000904625156240426));
#13719=CARTESIAN_POINT('',(0.0103978147217865,0.0555,0.00146131756008069));
#13720=CARTESIAN_POINT('',(0.0143588869967527,0.0555,0.00201800996392095));
#13721=CARTESIAN_POINT('',(0.0143588869967527,0.0525,0.00201800996392095));
#13722=CARTESIAN_POINT('',(0.0143588869967527,0.0495,0.00201800996392095));
#13723=CARTESIAN_POINT('',(0.0160918561170505,0.0495,0.00226156289060106));
#13724=CARTESIAN_POINT('',(0.0178248252373483,0.0495,0.00250511581728117));
#13725=CARTESIAN_POINT('',(0.0178248252373483,0.0475,0.00250511581728117));
#13726=CARTESIAN_POINT('',(0.0178248252373483,0.0455,0.00250511581728117));
#13727=CARTESIAN_POINT('',(0.0163394231342359,0.0455,0.00229635616584108));
#13728=CARTESIAN_POINT('',(0.0148540210311235,0.0455,0.00208759651440098));
#13729=CARTESIAN_POINT('',(0.0148540210311235,0.042,0.00208759651440098));
#13730=CARTESIAN_POINT('',(0.0148540210311235,0.0385,0.00208759651440098));
#13731=CARTESIAN_POINT('',(0.00802117135680671,0.0385,0.00112730211777653));
#13732=CARTESIAN_POINT('',(0.00118832168248989,0.0385,0.000167007721152079));
#13733=CARTESIAN_POINT('',(0.00118832168248989,0.044,0.000167007721152079));
#13734=CARTESIAN_POINT('',(0.0226276253707448,0.0495,0.00318010535693749));
#13735=CARTESIAN_POINT('',(0.02525183575291,0.0495,0.00354891407448166));
#13736=CARTESIAN_POINT('',(0.0200034149885797,0.0495,0.00281129663939332));
#13737=CARTESIAN_POINT('',(0.02525183575291,0.0525,0.00354891407448166));
#13738=CARTESIAN_POINT('',(0.02525183575291,0.0555,0.00354891407448166));
#13739=CARTESIAN_POINT('',(0.0292129080278763,0.0555,0.00410560647832192));
#13740=CARTESIAN_POINT('',(0.0331739803028426,0.0555,0.00466229888216218));
#13741=CARTESIAN_POINT('',(0.0331739803028426,0.0525,0.00466229888216218));
#13742=CARTESIAN_POINT('',(0.0331739803028426,0.0495,0.00466229888216218));
#13743=CARTESIAN_POINT('',(0.0349069494231403,0.0495,0.0049058518088423));
#13744=CARTESIAN_POINT('',(0.0366399185434381,0.0495,0.00514940473552241));
#13745=CARTESIAN_POINT('',(0.0366399185434381,0.0475,0.00514940473552241));
#13746=CARTESIAN_POINT('',(0.0366399185434381,0.0455,0.00514940473552241));
#13747=CARTESIAN_POINT('',(0.0351545164403257,0.0455,0.00494064508408232));
#13748=CARTESIAN_POINT('',(0.0336691143372133,0.0455,0.00473188543264222));
#13749=CARTESIAN_POINT('',(0.0336691143372133,0.042,0.00473188543264222));
#13750=CARTESIAN_POINT('',(0.0336691143372133,0.0385,0.00473188543264222));
#13751=CARTESIAN_POINT('',(0.0268362646628965,0.0385,0.00377159103601777));
#13752=CARTESIAN_POINT('',(0.0200034149885797,0.0385,0.00281129663939332));
#13753=CARTESIAN_POINT('',(0.0200034149885797,0.044,0.00281129663939332));
#13754=CARTESIAN_POINT('',(0.0414427186768346,0.0535,0.00582439427517873));
#13755=CARTESIAN_POINT('',(0.0440669290589998,0.0535,0.00619320299272291));
#13756=CARTESIAN_POINT('',(0.0388185082946695,0.0535,0.00545558555763456));
#13757=CARTESIAN_POINT('',(0.0440669290589998,0.0565,0.00619320299272291));
#13758=CARTESIAN_POINT('',(0.0440669290589998,0.0595,0.00619320299272291));
#13759=CARTESIAN_POINT('',(0.0480280013339661,0.0595,0.00674989539656317));
#13760=CARTESIAN_POINT('',(0.0519890736089324,0.0595,0.00730658780040343));
#13761=CARTESIAN_POINT('',(0.0519890736089324,0.0565,0.00730658780040343));
#13762=CARTESIAN_POINT('',(0.0519890736089324,0.0535,0.00730658780040343));
#13763=CARTESIAN_POINT('',(0.0537220427292301,0.0535,0.00755014072708354));
#13764=CARTESIAN_POINT('',(0.0554550118495279,0.0535,0.00779369365376365));
#13765=CARTESIAN_POINT('',(0.0554550118495279,0.0515,0.00779369365376365));
#13766=CARTESIAN_POINT('',(0.0554550118495279,0.0495,0.00779369365376365));
#13767=CARTESIAN_POINT('',(0.0539696097464155,0.0495,0.00758493400232356));
#13768=CARTESIAN_POINT('',(0.0524842076433032,0.0495,0.00737617435088346));
#13769=CARTESIAN_POINT('',(0.0524842076433032,0.046,0.00737617435088346));
#13770=CARTESIAN_POINT('',(0.0524842076433032,0.0425,0.00737617435088346));
#13771=CARTESIAN_POINT('',(0.0456513579689863,0.0425,0.00641587995425901));
#13772=CARTESIAN_POINT('',(0.0388185082946695,0.0425,0.00545558555763456));
#13773=CARTESIAN_POINT('',(0.0388185082946695,0.048,0.00545558555763456));
#13774=CARTESIAN_POINT('',(0.0268362646628965,0.0195,0.00377159103601777));
#13775=CARTESIAN_POINT('',(0.0206629586789181,0.0195,0.00290398946015618));
#13776=CARTESIAN_POINT('',(0.0336691143372133,0.0195,0.00473188543264222));
#13777=CARTESIAN_POINT('',(0.0198053613748314,0.019,0.00278346201920131));
#13778=CARTESIAN_POINT('',(0.0200034149885797,0.0199797958971133,0.00281129663939332));
#13779=CARTESIAN_POINT('',(0.0200034149885797,0.025,0.00281129663939332));
#13780=CARTESIAN_POINT('',(0.0200034149885797,0.0305,0.00281129663939332));
#13781=CARTESIAN_POINT('',(0.0226276253707448,0.0305,0.00318010535693749));
#13782=CARTESIAN_POINT('',(0.02525183575291,0.0305,0.00354891407448166));
#13783=CARTESIAN_POINT('',(0.02525183575291,0.0335,0.00354891407448166));
#13784=CARTESIAN_POINT('',(0.02525183575291,0.0365,0.00354891407448166));
#13785=CARTESIAN_POINT('',(0.0292129080278763,0.0365,0.00410560647832192));
#13786=CARTESIAN_POINT('',(0.0331739803028426,0.0365,0.00466229888216218));
#13787=CARTESIAN_POINT('',(0.0331739803028426,0.0335,0.00466229888216218));
#13788=CARTESIAN_POINT('',(0.0331739803028426,0.0305,0.00466229888216218));
#13789=CARTESIAN_POINT('',(0.0349069494231403,0.0305,0.0049058518088423));
#13790=CARTESIAN_POINT('',(0.0366399185434381,0.0305,0.00514940473552241));
#13791=CARTESIAN_POINT('',(0.0366399185434381,0.0285,0.00514940473552241));
#13792=CARTESIAN_POINT('',(0.0366399185434381,0.0265,0.00514940473552241));
#13793=CARTESIAN_POINT('',(0.0351545164403257,0.0265,0.00494064508408232));
#13794=CARTESIAN_POINT('',(0.0336691143372133,0.0265,0.00473188543264222));
#13795=CARTESIAN_POINT('',(0.0336691143372133,0.023,0.00473188543264222));
#13796=CARTESIAN_POINT('',(0.00381253206465505,0.0305,0.000535816438696253));
#13797=CARTESIAN_POINT('',(0.00643674244682021,0.0305,0.000904625156240426));
#13798=CARTESIAN_POINT('',(0.00118832168248989,0.0305,0.000167007721152079));
#13799=CARTESIAN_POINT('',(0.00643674244682021,0.0335,0.000904625156240426));
#13800=CARTESIAN_POINT('',(0.00643674244682021,0.0365,0.000904625156240426));
#13801=CARTESIAN_POINT('',(0.0103978147217865,0.0365,0.00146131756008069));
#13802=CARTESIAN_POINT('',(0.0143588869967527,0.0365,0.00201800996392095));
#13803=CARTESIAN_POINT('',(0.0143588869967527,0.0335,0.00201800996392095));
#13804=CARTESIAN_POINT('',(0.0143588869967527,0.0305,0.00201800996392095));
#13805=CARTESIAN_POINT('',(0.0160918561170505,0.0305,0.00226156289060106));
#13806=CARTESIAN_POINT('',(0.0178248252373483,0.0305,0.00250511581728117));
#13807=CARTESIAN_POINT('',(0.0178248252373483,0.0285,0.00250511581728117));
#13808=CARTESIAN_POINT('',(0.0178248252373483,0.0265,0.00250511581728117));
#13809=CARTESIAN_POINT('',(0.0163394231342359,0.0265,0.00229635616584108));
#13810=CARTESIAN_POINT('',(0.0148540210311235,0.0265,0.00208759651440098));
#13811=CARTESIAN_POINT('',(0.0148540210311235,0.023,0.00208759651440098));
#13812=CARTESIAN_POINT('',(0.0148540210311235,0.0195,0.00208759651440098));
#13813=CARTESIAN_POINT('',(0.00802117135680671,0.0195,0.00112730211777653));
#13814=CARTESIAN_POINT('',(0.00118832168248988,0.0195,0.000167007721152079));
#13815=CARTESIAN_POINT('',(0.00118832168248988,0.025,0.000167007721152079));
#13816=CARTESIAN_POINT('',(0.0414427186768346,0.0345,0.00582439427517873));
#13817=CARTESIAN_POINT('',(0.0440669290589998,0.0345,0.00619320299272291));
#13818=CARTESIAN_POINT('',(0.0388185082946695,0.0345,0.00545558555763456));
#13819=CARTESIAN_POINT('',(0.0440669290589998,0.0375,0.00619320299272291));
#13820=CARTESIAN_POINT('',(0.0440669290589998,0.0405,0.00619320299272291));
#13821=CARTESIAN_POINT('',(0.0480280013339661,0.0405,0.00674989539656317));
#13822=CARTESIAN_POINT('',(0.0519890736089324,0.0405,0.00730658780040343));
#13823=CARTESIAN_POINT('',(0.0519890736089324,0.0375,0.00730658780040343));
#13824=CARTESIAN_POINT('',(0.0519890736089324,0.0345,0.00730658780040343));
#13825=CARTESIAN_POINT('',(0.0537220427292301,0.0345,0.00755014072708354));
#13826=CARTESIAN_POINT('',(0.0554550118495279,0.0345,0.00779369365376365));
#13827=CARTESIAN_POINT('',(0.0554550118495279,0.0325,0.00779369365376365));
#13828=CARTESIAN_POINT('',(0.0554550118495279,0.0305,0.00779369365376365));
#13829=CARTESIAN_POINT('',(0.0539696097464155,0.0305,0.00758493400232356));
#13830=CARTESIAN_POINT('',(0.0524842076433032,0.0305,0.00737617435088346));
#13831=CARTESIAN_POINT('',(0.0524842076433032,0.027,0.00737617435088346));
#13832=CARTESIAN_POINT('',(0.0524842076433032,0.0235,0.00737617435088346));
#13833=CARTESIAN_POINT('',(0.0456513579689863,0.0235,0.00641587995425901));
#13834=CARTESIAN_POINT('',(0.0388185082946695,0.0235,0.00545558555763456));
#13835=CARTESIAN_POINT('',(0.0388185082946695,0.029,0.00545558555763456));
#13836=CARTESIAN_POINT('',(0.0602578119829245,0.0385,0.00846868319341998));
#13837=CARTESIAN_POINT('',(0.0628820223650897,0.0385,0.00883749191096415));
#13838=CARTESIAN_POINT('',(0.0576336016007594,0.0385,0.00809987447587581));
#13839=CARTESIAN_POINT('',(0.0628820223650897,0.0415,0.00883749191096415));
#13840=CARTESIAN_POINT('',(0.0628820223650897,0.0445,0.00883749191096415));
#13841=CARTESIAN_POINT('',(0.066843094640056,0.0445,0.00939418431480441));
#13842=CARTESIAN_POINT('',(0.0708041669150222,0.0445,0.00995087671864467));
#13843=CARTESIAN_POINT('',(0.0708041669150222,0.0415,0.00995087671864467));
#13844=CARTESIAN_POINT('',(0.0708041669150222,0.0385,0.00995087671864467));
#13845=CARTESIAN_POINT('',(0.07253713603532,0.0385,0.0101944296453248));
#13846=CARTESIAN_POINT('',(0.0742701051556177,0.0385,0.0104379825720049));
#13847=CARTESIAN_POINT('',(0.0742701051556177,0.0365,0.0104379825720049));
#13848=CARTESIAN_POINT('',(0.0742701051556177,0.0345,0.0104379825720049));
#13849=CARTESIAN_POINT('',(0.0727847030525054,0.0345,0.0102292229205648));
#13850=CARTESIAN_POINT('',(0.071299300949393,0.0345,0.0100204632691247));
#13851=CARTESIAN_POINT('',(0.071299300949393,0.031,0.0100204632691247));
#13852=CARTESIAN_POINT('',(0.071299300949393,0.0275,0.0100204632691247));
#13853=CARTESIAN_POINT('',(0.0644664512750762,0.0275,0.00906016887250026));
#13854=CARTESIAN_POINT('',(0.0576336016007594,0.0275,0.00809987447587581));
#13855=CARTESIAN_POINT('',(0.0576336016007594,0.033,0.00809987447587581));
#13856=CARTESIAN_POINT('',(0.0790729052890144,0.0315,0.0111129721116612));
#13857=CARTESIAN_POINT('',(0.0816971156711795,0.0315,0.0114817808292054));
#13858=CARTESIAN_POINT('',(0.0764486949068492,0.0315,0.010744163394117));
#13859=CARTESIAN_POINT('',(0.0816971156711795,0.0345,0.0114817808292054));
#13860=CARTESIAN_POINT('',(0.0816971156711795,0.0375,0.0114817808292054));
#13861=CARTESIAN_POINT('',(0.0856581879461458,0.0375,0.0120384732330457));
#13862=CARTESIAN_POINT('',(0.0896192602211121,0.0375,0.0125951656368859));
#13863=CARTESIAN_POINT('',(0.0896192602211121,0.0345,0.0125951656368859));
#13864=CARTESIAN_POINT('',(0.0896192602211121,0.0315,0.0125951656368859));
#13865=CARTESIAN_POINT('',(0.0913522293414098,0.0315,0.012838718563566));
#13866=CARTESIAN_POINT('',(0.0930851984617076,0.0315,0.0130822714902461));
#13867=CARTESIAN_POINT('',(0.0930851984617076,0.0295,0.0130822714902461));
#13868=CARTESIAN_POINT('',(0.0930851984617076,0.0275,0.0130822714902461));
#13869=CARTESIAN_POINT('',(0.0915997963585952,0.0275,0.012873511838806));
#13870=CARTESIAN_POINT('',(0.0901143942554829,0.0275,0.0126647521873659));
#13871=CARTESIAN_POINT('',(0.0901143942554829,0.024,0.0126647521873659));
#13872=CARTESIAN_POINT('',(0.0901143942554829,0.0205,0.0126647521873659));
#13873=CARTESIAN_POINT('',(0.083281544581166,0.0205,0.0117044577907415));
#13874=CARTESIAN_POINT('',(0.0764486949068492,0.0205,0.010744163394117));
#13875=CARTESIAN_POINT('',(0.0764486949068492,0.026,0.010744163394117));
#13876=CARTESIAN_POINT('',(0.00381253206465505,0.0115,0.000535816438696253));
#13877=CARTESIAN_POINT('',(0.00643674244682021,0.0115,0.000904625156240426));
#13878=CARTESIAN_POINT('',(0.00118832168248988,0.0115,0.000167007721152079));
#13879=CARTESIAN_POINT('',(0.00643674244682021,0.0145,0.000904625156240426));
#13880=CARTESIAN_POINT('',(0.00643674244682021,0.0175,0.000904625156240425));
#13881=CARTESIAN_POINT('',(0.0103978147217865,0.0175,0.00146131756008069));
#13882=CARTESIAN_POINT('',(0.0143588869967527,0.0175,0.00201800996392095));
#13883=CARTESIAN_POINT('',(0.0143588869967527,0.0145,0.00201800996392095));
#13884=CARTESIAN_POINT('',(0.0143588869967527,0.0115,0.00201800996392095));
#13885=CARTESIAN_POINT('',(0.0160918561170505,0.0115,0.00226156289060106));
#13886=CARTESIAN_POINT('',(0.0178248252373483,0.0115,0.00250511581728117));
#13887=CARTESIAN_POINT('',(0.0178248252373483,0.0095,0.00250511581728117));
#13888=CARTESIAN_POINT('',(0.0178248252373483,0.0075,0.00250511581728117));
#13889=CARTESIAN_POINT('',(0.0163394231342359,0.0075,0.00229635616584108));
#13890=CARTESIAN_POINT('',(0.0148540210311235,0.0075,0.00208759651440098));
#13891=CARTESIAN_POINT('',(0.0148540210311235,0.004,0.00208759651440098));
#13892=CARTESIAN_POINT('',(0.0148540210311235,0.0005,0.00208759651440098));
#13893=CARTESIAN_POINT('',(0.00802117135680671,0.0005,0.00112730211777653));
#13894=CARTESIAN_POINT('',(0.00118832168248988,0.0005,0.000167007721152079));
#13895=CARTESIAN_POINT('',(0.00118832168248988,0.006,0.000167007721152079));
#13896=CARTESIAN_POINT('',(0.0226276253707448,0.0115,0.00318010535693749));
#13897=CARTESIAN_POINT('',(0.02525183575291,0.0115,0.00354891407448166));
#13898=CARTESIAN_POINT('',(0.0200034149885797,0.0115,0.00281129663939332));
#13899=CARTESIAN_POINT('',(0.02525183575291,0.0145,0.00354891407448166));
#13900=CARTESIAN_POINT('',(0.02525183575291,0.0175,0.00354891407448166));
#13901=CARTESIAN_POINT('',(0.0292129080278763,0.0175,0.00410560647832192));
#13902=CARTESIAN_POINT('',(0.0331739803028426,0.0175,0.00466229888216218));
#13903=CARTESIAN_POINT('',(0.0331739803028426,0.0145,0.00466229888216218));
#13904=CARTESIAN_POINT('',(0.0331739803028426,0.0115,0.00466229888216218));
#13905=CARTESIAN_POINT('',(0.0349069494231403,0.0115,0.0049058518088423));
#13906=CARTESIAN_POINT('',(0.0366399185434381,0.0115,0.00514940473552241));
#13907=CARTESIAN_POINT('',(0.0366399185434381,0.0095,0.00514940473552241));
#13908=CARTESIAN_POINT('',(0.0366399185434381,0.0075,0.00514940473552241));
#13909=CARTESIAN_POINT('',(0.0351545164403257,0.0075,0.00494064508408232));
#13910=CARTESIAN_POINT('',(0.0336691143372133,0.0075,0.00473188543264222));
#13911=CARTESIAN_POINT('',(0.0336691143372133,0.004,0.00473188543264222));
#13912=CARTESIAN_POINT('',(0.0336691143372133,0.0005,0.00473188543264222));
#13913=CARTESIAN_POINT('',(0.0268362646628965,0.0005,0.00377159103601777));
#13914=CARTESIAN_POINT('',(0.0200034149885797,0.0005,0.00281129663939332));
#13915=CARTESIAN_POINT('',(0.0200034149885797,0.006,0.00281129663939332));
#13916=CARTESIAN_POINT('',(0.0414427186768346,0.0155,0.00582439427517873));
#13917=CARTESIAN_POINT('',(0.0440669290589998,0.0155,0.00619320299272291));
#13918=CARTESIAN_POINT('',(0.0388185082946695,0.0155,0.00545558555763456));
#13919=CARTESIAN_POINT('',(0.0440669290589998,0.0185,0.00619320299272291));
#13920=CARTESIAN_POINT('',(0.0440669290589998,0.0215,0.00619320299272291));
#13921=CARTESIAN_POINT('',(0.0480280013339661,0.0215,0.00674989539656317));
#13922=CARTESIAN_POINT('',(0.0519890736089324,0.0215,0.00730658780040343));
#13923=CARTESIAN_POINT('',(0.0519890736089324,0.0185,0.00730658780040343));
#13924=CARTESIAN_POINT('',(0.0519890736089324,0.0155,0.00730658780040343));
#13925=CARTESIAN_POINT('',(0.0537220427292301,0.0155,0.00755014072708354));
#13926=CARTESIAN_POINT('',(0.0554550118495279,0.0155,0.00779369365376365));
#13927=CARTESIAN_POINT('',(0.0554550118495279,0.0135,0.00779369365376365));
#13928=CARTESIAN_POINT('',(0.0554550118495279,0.0115,0.00779369365376365));
#13929=CARTESIAN_POINT('',(0.0539696097464155,0.0115,0.00758493400232356));
#13930=CARTESIAN_POINT('',(0.0524842076433032,0.0115,0.00737617435088346));
#13931=CARTESIAN_POINT('',(0.0524842076433032,0.008,0.00737617435088346));
#13932=CARTESIAN_POINT('',(0.0524842076433032,0.0045,0.00737617435088346));
#13933=CARTESIAN_POINT('',(0.0456513579689863,0.0045,0.00641587995425901));
#13934=CARTESIAN_POINT('',(0.0388185082946695,0.0045,0.00545558555763456));
#13935=CARTESIAN_POINT('',(0.0388185082946695,0.01,0.00545558555763456));
#13936=CARTESIAN_POINT('',(0.0602578119829245,0.0195,0.00846868319341998));
#13937=CARTESIAN_POINT('',(0.0628820223650897,0.0195,0.00883749191096415));
#13938=CARTESIAN_POINT('',(0.0576336016007594,0.0195,0.00809987447587581));
#13939=CARTESIAN_POINT('',(0.0628820223650897,0.0225,0.00883749191096415));
#13940=CARTESIAN_POINT('',(0.0628820223650897,0.0255,0.00883749191096415));
#13941=CARTESIAN_POINT('',(0.066843094640056,0.0255,0.00939418431480441));
#13942=CARTESIAN_POINT('',(0.0708041669150222,0.0255,0.00995087671864467));
#13943=CARTESIAN_POINT('',(0.0708041669150222,0.0225,0.00995087671864467));
#13944=CARTESIAN_POINT('',(0.0708041669150222,0.0195,0.00995087671864467));
#13945=CARTESIAN_POINT('',(0.07253713603532,0.0195,0.0101944296453248));
#13946=CARTESIAN_POINT('',(0.0742701051556177,0.0195,0.0104379825720049));
#13947=CARTESIAN_POINT('',(0.0742701051556177,0.0175,0.0104379825720049));
#13948=CARTESIAN_POINT('',(0.0742701051556177,0.0155,0.0104379825720049));
#13949=CARTESIAN_POINT('',(0.0727847030525054,0.0155,0.0102292229205648));
#13950=CARTESIAN_POINT('',(0.071299300949393,0.0155,0.0100204632691247));
#13951=CARTESIAN_POINT('',(0.071299300949393,0.012,0.0100204632691247));
#13952=CARTESIAN_POINT('',(0.071299300949393,0.0085,0.0100204632691247));
#13953=CARTESIAN_POINT('',(0.0644664512750762,0.0085,0.00906016887250026));
#13954=CARTESIAN_POINT('',(0.0576336016007594,0.0085,0.00809987447587581));
#13955=CARTESIAN_POINT('',(0.0576336016007594,0.014,0.00809987447587581));
#13956=CARTESIAN_POINT('',(0.0790729052890144,0.0125,0.0111129721116612));
#13957=CARTESIAN_POINT('',(0.0816971156711795,0.0125,0.0114817808292054));
#13958=CARTESIAN_POINT('',(0.0764486949068492,0.0125,0.010744163394117));
#13959=CARTESIAN_POINT('',(0.0816971156711795,0.0155,0.0114817808292054));
#13960=CARTESIAN_POINT('',(0.0816971156711795,0.0185,0.0114817808292054));
#13961=CARTESIAN_POINT('',(0.0856581879461458,0.0185,0.0120384732330457));
#13962=CARTESIAN_POINT('',(0.0896192602211121,0.0185,0.0125951656368859));
#13963=CARTESIAN_POINT('',(0.0896192602211121,0.0155,0.0125951656368859));
#13964=CARTESIAN_POINT('',(0.0896192602211121,0.0125,0.0125951656368859));
#13965=CARTESIAN_POINT('',(0.0913522293414098,0.0125,0.012838718563566));
#13966=CARTESIAN_POINT('',(0.0930851984617076,0.0125,0.0130822714902461));
#13967=CARTESIAN_POINT('',(0.0930851984617076,0.0105,0.0130822714902461));
#13968=CARTESIAN_POINT('',(0.0930851984617076,0.0085,0.0130822714902461));
#13969=CARTESIAN_POINT('',(0.0915997963585952,0.0085,0.012873511838806));
#13970=CARTESIAN_POINT('',(0.0901143942554829,0.0085,0.0126647521873659));
#13971=CARTESIAN_POINT('',(0.0901143942554829,0.005,0.0126647521873659));
#13972=CARTESIAN_POINT('',(0.0901143942554829,0.0015,0.0126647521873659));
#13973=CARTESIAN_POINT('',(0.083281544581166,0.0015,0.0117044577907415));
#13974=CARTESIAN_POINT('',(0.0764486949068492,0.0015,0.010744163394117));
#13975=CARTESIAN_POINT('',(0.0764486949068492,0.007,0.010744163394117));
#13976=CARTESIAN_POINT('',(0.0978879985951043,0.0095,0.0137572610299025));
#13977=CARTESIAN_POINT('',(0.100512208977269,0.0095,0.0141260697474466));
#13978=CARTESIAN_POINT('',(0.0952637882129391,0.0095,0.0133884523123583));
#13979=CARTESIAN_POINT('',(0.100512208977269,0.0125,0.0141260697474466));
#13980=CARTESIAN_POINT('',(0.100512208977269,0.0155,0.0141260697474466));
#13981=CARTESIAN_POINT('',(0.104473281252236,0.0155,0.0146827621512869));
#13982=CARTESIAN_POINT('',(0.108434353527202,0.0155,0.0152394545551272));
#13983=CARTESIAN_POINT('',(0.108434353527202,0.0125,0.0152394545551272));
#13984=CARTESIAN_POINT('',(0.108434353527202,0.0095,0.0152394545551272));
#13985=CARTESIAN_POINT('',(0.1101673226475,0.0095,0.0154830074818073));
#13986=CARTESIAN_POINT('',(0.111900291767797,0.0095,0.0157265604084874));
#13987=CARTESIAN_POINT('',(0.111900291767797,0.0075,0.0157265604084874));
#13988=CARTESIAN_POINT('',(0.111900291767797,0.0055,0.0157265604084874));
#13989=CARTESIAN_POINT('',(0.110414889664685,0.0055,0.0155178007570473));
#13990=CARTESIAN_POINT('',(0.108929487561573,0.0055,0.0153090411056072));
#13991=CARTESIAN_POINT('',(0.108929487561573,0.002,0.0153090411056072));
#13992=CARTESIAN_POINT('',(0.108929487561573,-0.0015,0.0153090411056072));
#13993=CARTESIAN_POINT('',(0.102096637887256,-0.0015,0.0143487467089827));
#13994=CARTESIAN_POINT('',(0.0952637882129391,-0.0015,0.0133884523123583));
#13995=CARTESIAN_POINT('',(0.0952637882129391,0.004,0.0133884523123583));
#13996=CARTESIAN_POINT('',(0.0838710959740222,0.026,0.005));
#13997=CARTESIAN_POINT('',(0.0838710959740222,0.042,0.005));
#13998=CARTESIAN_POINT('',(0.106871095974022,0.042,0.005));
#13999=CARTESIAN_POINT('',(0.0673710959740223,0.042,0.005));
#14000=CARTESIAN_POINT('',(0.106871095974022,0.04,0.005));
#14001=CARTESIAN_POINT('',(0.108871095974022,0.04,0.005));
#14002=CARTESIAN_POINT('',(0.108871095974022,0.026,0.005));
#14003=CARTESIAN_POINT('',(0.108871095974022,0.012,0.005));
#14004=CARTESIAN_POINT('',(0.106871095974022,0.012,0.005));
#14005=CARTESIAN_POINT('',(0.106871095974022,0.01,0.005));
#14006=CARTESIAN_POINT('',(0.106871095974022,0.01,0.005));
#14007=CARTESIAN_POINT('',(0.0608710959740223,0.01,0.005));
#14008=CARTESIAN_POINT('',(0.0608710959740223,0.012,0.005));
#14009=CARTESIAN_POINT('',(0.0588710959740223,0.012,0.005));
#14010=CARTESIAN_POINT('',(0.0588710959740223,0.012,0.005));
#14011=CARTESIAN_POINT('',(0.0588710959740223,0.04,0.005));
#14012=CARTESIAN_POINT('',(0.0608710959740223,0.04,0.005));
#14013=CARTESIAN_POINT('',(0.0593710959740223,0.0413228756555323,0.005));
#14014=CARTESIAN_POINT('',(0.0593710959740223,0.048,0.005));
#14015=CARTESIAN_POINT('',(0.0593710959740223,0.0420360746961447,0.005));
#14016=CARTESIAN_POINT('',(0.06,0.0475,0.005));
#14017=CARTESIAN_POINT('',(0.06,0.042,0.005));
#14018=CARTESIAN_POINT('',(0.06,0.042,0.005));
#14019=CARTESIAN_POINT('',(0.0593710959740223,0.048,0.001));
#14020=CARTESIAN_POINT('',(0.0593710959740223,0.0461382071647606,0.051));
#14021=CARTESIAN_POINT('',(0.0593710959740223,0.0461382071647606,0.001));
#14022=CARTESIAN_POINT('',(0.0593710959740223,0.0461382071647606,0.0076));
#14023=CARTESIAN_POINT('',(0.0593710959740223,0.0420360746961447,0.005));
#14024=CARTESIAN_POINT('',(0.0593710959740223,0.0433961217568659,0.00587823220130552));
#14025=CARTESIAN_POINT('',(0.0593710959740223,0.0447432617495665,0.00677682844215013));
#14026=CARTESIAN_POINT('',(0.0593710959740223,0.0461382071647606,0.0076));
#14027=CARTESIAN_POINT('',(0.0593710959740223,0.0425980762113533,0.004));
#14028=CARTESIAN_POINT('',(0.0593710959740223,0.0425980762113533,0.00430473481689286));
#14029=CARTESIAN_POINT('',(0.0593710959740223,0.0422478471158163,0.00487429954505643));
#14030=CARTESIAN_POINT('',(0.0593710959740223,0.0416252575663102,0.005));
#14031=CARTESIAN_POINT('',(0.0593710959740223,0.0413228756555323,0.005));
#14032=CARTESIAN_POINT('',(0.0593710959740223,0.0425980762113533,0.004));
#14033=CARTESIAN_POINT('',(0.0593710959740223,0.0425980762113533,0.001));
#14034=CARTESIAN_POINT('',(0.0593710959740223,0.0425980762113533,0.001));
#14035=CARTESIAN_POINT('',(0.0593710959740223,0.048,0.001));
#14036=CARTESIAN_POINT('',(0.135560604461861,0.0206489660890324,0.05));
#14037=CARTESIAN_POINT('',(0.132040791919121,0.0226811308080803,0.00567734011496022));
#14038=CARTESIAN_POINT('',(0.128679588926567,0.0246217222606323,0.00664502769735889));
#14039=CARTESIAN_POINT('',(0.135401994911675,0.0207405393555283,0.00470965253256156));
#14040=CARTESIAN_POINT('',(0.135506750165335,0.0206800588816284,0.00519480039569955));
#14041=CARTESIAN_POINT('',(0.135926900539404,0.0204374849500594,0.00507383944789972));
#14042=CARTESIAN_POINT('',(0.135822145285744,0.0204979654239593,0.00458869158476172));
#14043=CARTESIAN_POINT('',(0.156250112949699,0.00870387279417787,0.05));
#14044=CARTESIAN_POINT('',(0.156250112949699,0.00870387279417787,-0.002));
#14045=CARTESIAN_POINT('',(0.135560604461861,0.0206489660890324,-0.002));
#14046=CARTESIAN_POINT('',(0.128784344180227,0.0245612417867323,0.00713017556049689));
#14047=CARTESIAN_POINT('',(0.0776250564748496,0.02,0.0005));
#14048=CARTESIAN_POINT('',(0.106871095974022,0.04,0.0005));
#14049=CARTESIAN_POINT('',(0.110871095974022,0.04,0.0005));
#14050=CARTESIAN_POINT('',(0.106871095974022,0.044,0.0005));
#14051=CARTESIAN_POINT('',(0.110871095974022,0.028,0.0005));
#14052=CARTESIAN_POINT('',(0.110871095974022,0.016,0.0005));
#14053=CARTESIAN_POINT('',(0.112871095974022,0.016,0.0005));
#14054=CARTESIAN_POINT('',(0.112871095974022,0.014,0.0005));
#14055=CARTESIAN_POINT('',(0.112871095974022,0.011,0.0005));
#14056=CARTESIAN_POINT('',(0.112871095974022,0.008,0.0005));
#14057=CARTESIAN_POINT('',(0.0838710959740222,0.008,0.0005));
#14058=CARTESIAN_POINT('',(0.0608710959740223,0.008,0.0005));
#14059=CARTESIAN_POINT('',(0.0608710959740223,0.012,0.0005));
#14060=CARTESIAN_POINT('',(0.0568710959740223,0.012,0.0005));
#14061=CARTESIAN_POINT('',(0.0568710959740223,0.024,0.0005));
#14062=CARTESIAN_POINT('',(0.0568710959740223,0.036,0.0005));
#14063=CARTESIAN_POINT('',(0.0548710959740223,0.036,0.0005));
#14064=CARTESIAN_POINT('',(0.0548710959740222,0.038,0.0005));
#14065=CARTESIAN_POINT('',(0.0548710959740222,0.041,0.0005));
#14066=CARTESIAN_POINT('',(0.0548710959740222,0.044,0.0005));
#14067=CARTESIAN_POINT('',(0.0838710959740222,0.044,0.0005));
#14068=CARTESIAN_POINT('',(0.112871095974022,0.011,0.0005));
#14069=CARTESIAN_POINT('',(0.114371095974022,0.011,0.0005));
#14070=CARTESIAN_POINT('',(0.109871095974022,0.026,0.0005));
#14071=CARTESIAN_POINT('',(0.109871095974022,0.012,0.0005));
#14072=CARTESIAN_POINT('',(0.109871095974022,0.04,0.0005));
#14073=CARTESIAN_POINT('',(0.106871095974022,0.04,0.0005));
#14074=CARTESIAN_POINT('',(0.106871095974022,0.043,0.0005));
#14075=CARTESIAN_POINT('',(0.0838710959740222,0.043,0.0005));
#14076=CARTESIAN_POINT('',(0.0608710959740223,0.043,0.0005));
#14077=CARTESIAN_POINT('',(0.0608710959740223,0.04,0.0005));
#14078=CARTESIAN_POINT('',(0.0578710959740223,0.04,0.0005));
#14079=CARTESIAN_POINT('',(0.0578710959740223,0.026,0.0005));
#14080=CARTESIAN_POINT('',(0.0578710959740223,0.012,0.0005));
#14081=CARTESIAN_POINT('',(0.0608710959740223,0.012,0.0005));
#14082=CARTESIAN_POINT('',(0.0608710959740223,0.009,0.0005));
#14083=CARTESIAN_POINT('',(0.0838710959740222,0.009,0.0005));
#14084=CARTESIAN_POINT('',(0.106871095974022,0.009,0.0005));
#14085=CARTESIAN_POINT('',(0.106871095974022,0.012,0.0005));
#14086=CARTESIAN_POINT('',(0.0548710959740223,0.041,0.0005));
#14087=CARTESIAN_POINT('',(0.0563710959740223,0.041,0.0005));
#14088=CARTESIAN_POINT('',(0.0882972558598294,-0.00893252838795976,0.05));
#14089=CARTESIAN_POINT('',(0.0920110778561878,-0.0025,0.05));
#14090=CARTESIAN_POINT('',(0.0834222558598294,-0.017376276074858,0.05));
#14091=CARTESIAN_POINT('',(0.156250112949699,0.000487124852385854,0.05));
#14092=CARTESIAN_POINT('',(0.156250112949699,0.000487124852385854,0.));
#14093=CARTESIAN_POINT('',(0.156250112949699,-0.00772962308940616,0.));
#14094=CARTESIAN_POINT('',(0.156250112949699,-0.00772962308940616,-0.002));
#14095=CARTESIAN_POINT('',(0.156250112949699,-0.00772962308940616,-0.002));
#14096=CARTESIAN_POINT('',(0.156250112949699,0.000487124852385854,-0.002));
#14097=CARTESIAN_POINT('',(0.108644140631807,-0.031938138037429,0.05));
#14098=CARTESIAN_POINT('',(0.0828002558598294,-0.017017164207422,0.05));
#14099=CARTESIAN_POINT('',(0.0828002558598294,-0.017017164207422,-0.002));
#14100=CARTESIAN_POINT('',(0.108644140631807,-0.031938138037429,-0.002));
#14101=CARTESIAN_POINT('',(0.133866025403784,-0.0465,-0.002));
#14102=CARTESIAN_POINT('',(0.133866025403784,-0.0465,-0.002));
#14103=CARTESIAN_POINT('',(0.133866025403784,-0.0465,0.));
#14104=CARTESIAN_POINT('',(0.108644140631807,-0.031938138037429,0.));
#14105=CARTESIAN_POINT('',(0.114871095974022,0.0532970296919435,0.05));
#14106=CARTESIAN_POINT('',(0.114871095974022,0.023356455076853,0.05));
#14107=CARTESIAN_POINT('',(0.114871095974022,0.00122347524354622,0.05));
#14108=CARTESIAN_POINT('',(0.113940558824228,-0.000388262378226887,0.05));
#14109=CARTESIAN_POINT('',(0.113010021674435,-0.002,0.05));
#14110=CARTESIAN_POINT('',(0.104399893070702,-0.002,0.05));
#14111=CARTESIAN_POINT('',(0.0736525650817476,0.0025,0.05));
#14112=CARTESIAN_POINT('',(0.0710544888703943,0.004,0.05));
#14113=CARTESIAN_POINT('',(0.0710544888703943,0.004,-0.002));
#14114=CARTESIAN_POINT('',(0.0736525650817476,0.0025,-0.002));
#14115=CARTESIAN_POINT('',(0.0828002558598294,-0.00278142173318898,-0.002));
#14116=CARTESIAN_POINT('',(0.0828002558598294,-0.00278142173318898,0.05));
#14117=CARTESIAN_POINT('',(0.0553326058100285,0.004,0.05));
#14118=CARTESIAN_POINT('',(0.0396107227496628,0.004,0.05));
#14119=CARTESIAN_POINT('',(0.0396107227496628,0.004,-0.002));
#14120=CARTESIAN_POINT('',(0.0553326058100285,0.004,-0.002));
#14121=CARTESIAN_POINT('',(0.0396107227496628,0.002,0.05));
#14122=CARTESIAN_POINT('',(0.0396107227496628,-4.33680868994202E-18,0.05));
#14123=CARTESIAN_POINT('',(0.0396107227496628,-4.33680868994202E-18,-0.002));
#14124=CARTESIAN_POINT('',(0.0396107227496628,0.002,-0.002));
#14125=CARTESIAN_POINT('',(0.0193053613748314,3.06498606496449E-19,0.05));
#14126=CARTESIAN_POINT('',(0.0193053613748314,3.06498606496449E-19,0.));
#14127=CARTESIAN_POINT('',(-0.001,4.03653297847908E-18,0.));
#14128=CARTESIAN_POINT('',(-0.001,4.03653297847908E-18,-0.002));
#14129=CARTESIAN_POINT('',(-0.001,4.03653297847908E-18,-0.002));
#14130=CARTESIAN_POINT('',(0.0193053613748314,3.06498606496449E-19,-0.002));
#14131=CARTESIAN_POINT('',(0.0950657345991908,0.077125,0.05));
#14132=CARTESIAN_POINT('',(0.0950657345991908,0.074,0.05));
#14133=CARTESIAN_POINT('',(0.0950657345991908,0.074,-0.002));
#14134=CARTESIAN_POINT('',(0.0950657345991908,0.077125,-0.002));
#14135=CARTESIAN_POINT('',(0.104968415286607,0.074,0.05));
#14136=CARTESIAN_POINT('',(0.104968415286607,0.074,-0.002));
#14137=CARTESIAN_POINT('',(0.0828002558598294,-0.00989929297030553,0.05));
#14138=CARTESIAN_POINT('',(0.0828002558598294,-0.00989929297030553,-0.002));
#14139=CARTESIAN_POINT('',(-0.001,0.0815,0.001));
#14140=CARTESIAN_POINT('',(-0.001,0.0765,0.001));
#14141=CARTESIAN_POINT('',(-0.001,0.0765,0.001));
#14142=CARTESIAN_POINT('',(-0.001,0.0765,0.));
#14143=CARTESIAN_POINT('',(-0.001,0.0815,0.001));
#14144=CARTESIAN_POINT('',(-0.001,0.03825,-0.002));
#14145=CARTESIAN_POINT('',(-0.001,0.03825,0.));
#14146=CARTESIAN_POINT('',(0.0376253206465504,0.0765,0.001));
#14147=CARTESIAN_POINT('',(0.0376253206465504,0.0765,0.001));
#14148=CARTESIAN_POINT('',(0.0376253206465504,0.0765,0.));
#14149=CARTESIAN_POINT('',(0.0776250564748496,0.01825,0.001));
#14150=CARTESIAN_POINT('',(0.109371095974022,0.062,0.001));
#14151=CARTESIAN_POINT('',(0.107871095974022,0.062,0.001));
#14152=CARTESIAN_POINT('',(0.110871095974022,0.062,0.001));
#14153=CARTESIAN_POINT('',(0.110871095974022,0.061,0.001));
#14154=CARTESIAN_POINT('',(0.111871095974022,0.061,0.001));
#14155=CARTESIAN_POINT('',(0.111871095974022,0.0565,0.001));
#14156=CARTESIAN_POINT('',(0.111871095974022,0.052,0.001));
#14157=CARTESIAN_POINT('',(0.110871095974022,0.052,0.001));
#14158=CARTESIAN_POINT('',(0.110871095974022,0.051,0.001));
#14159=CARTESIAN_POINT('',(0.109371095974022,0.051,0.001));
#14160=CARTESIAN_POINT('',(0.107871095974022,0.051,0.001));
#14161=CARTESIAN_POINT('',(0.107871095974022,0.052,0.001));
#14162=CARTESIAN_POINT('',(0.106871095974022,0.052,0.001));
#14163=CARTESIAN_POINT('',(0.106871095974022,0.0565,0.001));
#14164=CARTESIAN_POINT('',(0.106871095974022,0.061,0.001));
#14165=CARTESIAN_POINT('',(0.107871095974022,0.061,0.001));
#14166=CARTESIAN_POINT('',(0.103,0.0635,0.001));
#14167=CARTESIAN_POINT('',(0.102,0.0635,0.001));
#14168=CARTESIAN_POINT('',(0.061,0.059,0.001));
#14169=CARTESIAN_POINT('',(0.06,0.059,0.001));
#14170=CARTESIAN_POINT('',(0.062,0.059,0.001));
#14171=CARTESIAN_POINT('',(0.062,0.058,0.001));
#14172=CARTESIAN_POINT('',(0.063,0.058,0.001));
#14173=CARTESIAN_POINT('',(0.063,0.056,0.001));
#14174=CARTESIAN_POINT('',(0.063,0.054,0.001));
#14175=CARTESIAN_POINT('',(0.062,0.054,0.001));
#14176=CARTESIAN_POINT('',(0.062,0.053,0.001));
#14177=CARTESIAN_POINT('',(0.061,0.053,0.001));
#14178=CARTESIAN_POINT('',(0.06,0.053,0.001));
#14179=CARTESIAN_POINT('',(0.06,0.054,0.001));
#14180=CARTESIAN_POINT('',(0.059,0.054,0.001));
#14181=CARTESIAN_POINT('',(0.059,0.056,0.001));
#14182=CARTESIAN_POINT('',(0.059,0.058,0.001));
#14183=CARTESIAN_POINT('',(0.06,0.058,0.001));
#14184=CARTESIAN_POINT('',(0.019,0.0825,0.001));
#14185=CARTESIAN_POINT('',(0.018,0.0825,0.001));
#14186=CARTESIAN_POINT('',(0.062,0.0495,0.001));
#14187=CARTESIAN_POINT('',(0.061,0.0495,0.001));
#14188=CARTESIAN_POINT('',(0.066,0.0725,0.001));
#14189=CARTESIAN_POINT('',(0.057,0.0725,0.001));
#14190=CARTESIAN_POINT('',(0.075,0.0725,0.001));
#14191=CARTESIAN_POINT('',(0.057,0.0735,0.001));
#14192=CARTESIAN_POINT('',(0.056,0.0735,0.001));
#14193=CARTESIAN_POINT('',(0.056,0.0795,0.001));
#14194=CARTESIAN_POINT('',(0.053,0.0825,0.001));
#14195=CARTESIAN_POINT('',(0.053,0.0795,0.001));
#14196=CARTESIAN_POINT('',(0.052,0.0795,0.001));
#14197=CARTESIAN_POINT('',(0.052,0.0785,0.001));
#14198=CARTESIAN_POINT('',(0.046,0.0785,0.001));
#14199=CARTESIAN_POINT('',(0.04,0.0785,0.001));
#14200=CARTESIAN_POINT('',(0.04,0.0795,0.001));
#14201=CARTESIAN_POINT('',(0.039,0.0795,0.001));
#14202=CARTESIAN_POINT('',(0.039,0.0825,0.001));
#14203=CARTESIAN_POINT('',(0.035,0.0825,0.001));
#14204=CARTESIAN_POINT('',(0.035,0.0795,0.001));
#14205=CARTESIAN_POINT('',(0.034,0.0795,0.001));
#14206=CARTESIAN_POINT('',(0.034,0.0785,0.001));
#14207=CARTESIAN_POINT('',(0.028,0.0785,0.001));
#14208=CARTESIAN_POINT('',(0.022,0.0785,0.001));
#14209=CARTESIAN_POINT('',(0.022,0.0795,0.001));
#14210=CARTESIAN_POINT('',(0.021,0.0795,0.001));
#14211=CARTESIAN_POINT('',(0.021,0.0825,0.001));
#14212=CARTESIAN_POINT('',(0.017,0.0825,0.001));
#14213=CARTESIAN_POINT('',(0.017,0.0795,0.001));
#14214=CARTESIAN_POINT('',(0.016,0.0795,0.001));
#14215=CARTESIAN_POINT('',(0.016,0.0785,0.001));
#14216=CARTESIAN_POINT('',(0.01,0.0785,0.001));
#14217=CARTESIAN_POINT('',(0.004,0.0785,0.001));
#14218=CARTESIAN_POINT('',(0.004,0.0795,0.001));
#14219=CARTESIAN_POINT('',(0.003,0.0795,0.001));
#14220=CARTESIAN_POINT('',(0.003,0.0825,0.001));
#14221=CARTESIAN_POINT('',(0.018,0.076,0.001));
#14222=CARTESIAN_POINT('',(0.035,0.076,0.001));
#14223=CARTESIAN_POINT('',(0.035,0.0755,0.001));
#14224=CARTESIAN_POINT('',(0.0355,0.0755,0.001));
#14225=CARTESIAN_POINT('',(0.0355,0.0735,0.001));
#14226=CARTESIAN_POINT('',(0.0355,0.0715,0.001));
#14227=CARTESIAN_POINT('',(0.037,0.0715,0.001));
#14228=CARTESIAN_POINT('',(0.037,0.07,0.001));
#14229=CARTESIAN_POINT('',(0.0452928932188135,0.07,0.001));
#14230=CARTESIAN_POINT('',(0.0561464466094067,0.0676464466094066,0.001));
#14231=CARTESIAN_POINT('',(0.0583535533905933,0.0654393398282201,0.001));
#14232=CARTESIAN_POINT('',(0.058,0.0650857864376268,0.001));
#14233=CARTESIAN_POINT('',(0.0585,0.0650857864376268,0.001));
#14234=CARTESIAN_POINT('',(0.0585,0.0562928932188133,0.001));
#14235=CARTESIAN_POINT('',(0.0585,0.0475,0.001));
#14236=CARTESIAN_POINT('',(0.06,0.0475,0.001));
#14237=CARTESIAN_POINT('',(0.0608710959740223,0.04,0.001));
#14238=CARTESIAN_POINT('',(0.0608710959740223,0.043,0.001));
#14239=CARTESIAN_POINT('',(0.0838710959740222,0.043,0.001));
#14240=CARTESIAN_POINT('',(0.0673710959740223,0.043,0.001));
#14241=CARTESIAN_POINT('',(0.0673710959740223,0.048,0.001));
#14242=CARTESIAN_POINT('',(0.110871095974022,0.0475,0.001));
#14243=CARTESIAN_POINT('',(0.110871095974022,0.0655,0.001));
#14244=CARTESIAN_POINT('',(0.110871095974022,0.067,0.001));
#14245=CARTESIAN_POINT('',(0.091,0.067,0.001));
#14246=CARTESIAN_POINT('',(0.076,0.076375,0.001));
#14247=CARTESIAN_POINT('',(0.076,0.0735,0.001));
#14248=CARTESIAN_POINT('',(0.075,0.0735,0.001));
#14249=CARTESIAN_POINT('',(0.0776250564748496,0.01825,0.));
#14250=CARTESIAN_POINT('',(0.145058069176742,-0.0271148115447031,0.));
#14251=CARTESIAN_POINT('',(0.0776250564748496,0.01825,0.));
#14252=CARTESIAN_POINT('',(0.145058069176742,-0.0271148115447031,-0.002));
#14253=CARTESIAN_POINT('',(0.145058069176742,-0.0271148115447031,-0.002));
#14254=CARTESIAN_POINT('',(0.0776250564748496,0.01825,-0.002));
#14255=CARTESIAN_POINT('',(0.131217399541256,-0.0068656973787714,-0.002));
#14256=CARTESIAN_POINT('',(0.133091728468714,-0.00794784168958879,-0.002));
#14257=CARTESIAN_POINT('',(0.128862174034235,0.00142229593198495,-0.002));
#14258=CARTESIAN_POINT('',(0.130736502961693,0.00034015162116756,-0.002));
#14259=CARTESIAN_POINT('',(0.137217399541256,0.00352660746664187,-0.002));
#14260=CARTESIAN_POINT('',(0.139091728468714,0.00244446315582448,-0.002));
#14261=CARTESIAN_POINT('',(0.139572625048277,-0.00476138584411444,-0.002));
#14262=CARTESIAN_POINT('',(0.141446953975735,-0.00584353015493183,-0.002));
#14263=CARTESIAN_POINT('',(0.0838710959740222,0.044,-0.002));
#14264=CARTESIAN_POINT('',(0.106871095974022,0.044,-0.002));
#14265=CARTESIAN_POINT('',(0.0548710959740222,0.044,-0.002));
#14266=CARTESIAN_POINT('',(0.0548710959740222,0.041,-0.002));
#14267=CARTESIAN_POINT('',(0.0548710959740222,0.038,-0.002));
#14268=CARTESIAN_POINT('',(0.0548710959740223,0.036,-0.002));
#14269=CARTESIAN_POINT('',(0.0568710959740223,0.036,-0.002));
#14270=CARTESIAN_POINT('',(0.0568710959740223,0.024,-0.002));
#14271=CARTESIAN_POINT('',(0.0568710959740223,0.012,-0.002));
#14272=CARTESIAN_POINT('',(0.0608710959740223,0.012,-0.002));
#14273=CARTESIAN_POINT('',(0.0608710959740223,0.008,-0.002));
#14274=CARTESIAN_POINT('',(0.0838710959740222,0.008,-0.002));
#14275=CARTESIAN_POINT('',(0.112871095974022,0.008,-0.002));
#14276=CARTESIAN_POINT('',(0.112871095974022,0.011,-0.002));
#14277=CARTESIAN_POINT('',(0.112871095974022,0.014,-0.002));
#14278=CARTESIAN_POINT('',(0.112871095974022,0.016,-0.002));
#14279=CARTESIAN_POINT('',(0.110871095974022,0.016,-0.002));
#14280=CARTESIAN_POINT('',(0.110871095974022,0.028,-0.002));
#14281=CARTESIAN_POINT('',(0.110871095974022,0.04,-0.002));
#14282=CARTESIAN_POINT('',(0.106871095974022,0.04,-0.002));
#14283=CARTESIAN_POINT('',(0.106871095974022,0.04,0.0005));
#14284=CARTESIAN_POINT('',(0.110871095974022,0.04,0.0005));
#14285=CARTESIAN_POINT('',(0.106871095974022,0.044,0.0005));
#14286=CARTESIAN_POINT('',(0.0838710959740222,0.044,0.0005));
#14287=CARTESIAN_POINT('',(0.0548710959740222,0.044,0.0005));
#14288=CARTESIAN_POINT('',(0.0548710959740222,0.041,0.0005));
#14289=CARTESIAN_POINT('',(0.0548710959740222,0.038,0.0005));
#14290=CARTESIAN_POINT('',(0.0548710959740223,0.036,0.0005));
#14291=CARTESIAN_POINT('',(0.0568710959740223,0.036,0.0005));
#14292=CARTESIAN_POINT('',(0.0568710959740223,0.024,0.0005));
#14293=CARTESIAN_POINT('',(0.0568710959740223,0.012,0.0005));
#14294=CARTESIAN_POINT('',(0.0608710959740223,0.012,0.0005));
#14295=CARTESIAN_POINT('',(0.0608710959740223,0.008,0.0005));
#14296=CARTESIAN_POINT('',(0.0838710959740222,0.008,0.0005));
#14297=CARTESIAN_POINT('',(0.112871095974022,0.008,0.0005));
#14298=CARTESIAN_POINT('',(0.112871095974022,0.011,0.0005));
#14299=CARTESIAN_POINT('',(0.112871095974022,0.014,0.0005));
#14300=CARTESIAN_POINT('',(0.112871095974022,0.016,0.0005));
#14301=CARTESIAN_POINT('',(0.110871095974022,0.016,0.0005));
#14302=CARTESIAN_POINT('',(0.110871095974022,0.028,0.0005));
#14303=CARTESIAN_POINT('',(0.0548710959740223,0.041,0.005));
#14304=CARTESIAN_POINT('',(0.0548710959740223,0.041,0.004));
#14305=CARTESIAN_POINT('',(0.0563710959740223,0.041,0.004));
#14306=CARTESIAN_POINT('',(0.0776250564748496,0.02,0.005));
#14307=CARTESIAN_POINT('',(0.0548710959740223,0.041,0.005));
#14308=CARTESIAN_POINT('',(0.0553710959740223,0.041,0.005));
#14309=CARTESIAN_POINT('',(0.112871095974022,0.011,0.005));
#14310=CARTESIAN_POINT('',(0.112871095974022,0.011,0.004));
#14311=CARTESIAN_POINT('',(0.114371095974022,0.011,0.004));
#14312=CARTESIAN_POINT('',(0.0776250564748496,0.02,0.005));
#14313=CARTESIAN_POINT('',(0.112871095974022,0.011,0.005));
#14314=CARTESIAN_POINT('',(0.113371095974022,0.011,0.005));
#14315=CARTESIAN_POINT('',(0.0838710959740222,0.009,0.005));
#14316=CARTESIAN_POINT('',(0.106871095974022,0.009,0.005));
#14317=CARTESIAN_POINT('',(0.106871095974022,0.009,0.004));
#14318=CARTESIAN_POINT('',(0.0608710959740223,0.009,0.0005));
#14319=CARTESIAN_POINT('',(0.0608710959740223,0.009,0.004));
#14320=CARTESIAN_POINT('',(0.0608710959740223,0.009,0.004));
#14321=CARTESIAN_POINT('',(0.109871095974022,0.026,0.005));
#14322=CARTESIAN_POINT('',(0.109871095974022,0.04,0.005));
#14323=CARTESIAN_POINT('',(0.109871095974022,0.04,0.004));
#14324=CARTESIAN_POINT('',(0.109871095974022,0.012,0.005));
#14325=CARTESIAN_POINT('',(0.109871095974022,0.012,0.004));
#14326=CARTESIAN_POINT('',(0.109871095974022,0.026,0.004));
#14327=CARTESIAN_POINT('',(0.0838710959740222,0.043,0.005));
#14328=CARTESIAN_POINT('',(0.0673710959740223,0.043,0.001));
#14329=CARTESIAN_POINT('',(0.0673710959740223,0.043,0.004));
#14330=CARTESIAN_POINT('',(0.0608710959740223,0.043,0.005));
#14331=CARTESIAN_POINT('',(0.106871095974022,0.043,0.0005));
#14332=CARTESIAN_POINT('',(0.106871095974022,0.043,0.004));
#14333=CARTESIAN_POINT('',(0.0838710959740222,0.043,0.004));
#14334=CARTESIAN_POINT('',(0.0578710959740223,0.026,0.005));
#14335=CARTESIAN_POINT('',(0.0578710959740223,0.012,0.005));
#14336=CARTESIAN_POINT('',(0.0578710959740223,0.012,0.004));
#14337=CARTESIAN_POINT('',(0.0578710959740223,0.04,0.005));
#14338=CARTESIAN_POINT('',(0.0578710959740223,0.04,0.004));
#14339=CARTESIAN_POINT('',(0.0578710959740223,0.04,0.004));
#14340=CARTESIAN_POINT('',(0.0673710959740223,0.048,0.001));
#14341=CARTESIAN_POINT('',(0.0673710959740223,0.042,0.004));
#14342=CARTESIAN_POINT('',(0.0673710959740223,0.044390158172232,0.00655360281195081));
#14343=CARTESIAN_POINT('',(0.0608710959740223,0.012,0.005));
#14344=CARTESIAN_POINT('',(0.0608710959740223,0.012,0.004));
#14345=CARTESIAN_POINT('',(0.106871095974022,0.04,0.005));
#14346=CARTESIAN_POINT('',(0.106871095974022,0.04,0.004));
#14347=CARTESIAN_POINT('',(0.106871095974022,0.012,0.005));
#14348=CARTESIAN_POINT('',(0.106871095974022,0.012,0.004));
#14349=CARTESIAN_POINT('',(0.0608710959740223,0.04,0.005));
#14350=CARTESIAN_POINT('',(0.0608710959740223,0.04,0.004));
#14351=CARTESIAN_POINT('',(0.0608710959740223,0.04,0.004));
#14352=CARTESIAN_POINT('',(0.0588710959740223,0.04,0.004));
#14353=CARTESIAN_POINT('',(0.0588710959740223,0.026,0.004));
#14354=CARTESIAN_POINT('',(0.0588710959740223,0.012,0.004));
#14355=CARTESIAN_POINT('',(0.0608710959740223,0.012,0.004));
#14356=CARTESIAN_POINT('',(0.0608710959740223,0.01,0.004));
#14357=CARTESIAN_POINT('',(0.0838710959740222,0.01,0.004));
#14358=CARTESIAN_POINT('',(0.106871095974022,0.01,0.004));
#14359=CARTESIAN_POINT('',(0.106871095974022,0.012,0.004));
#14360=CARTESIAN_POINT('',(0.108871095974022,0.012,0.004));
#14361=CARTESIAN_POINT('',(0.108871095974022,0.026,0.004));
#14362=CARTESIAN_POINT('',(0.108871095974022,0.04,0.004));
#14363=CARTESIAN_POINT('',(0.106871095974022,0.04,0.004));
#14364=CARTESIAN_POINT('',(0.106871095974022,0.042,0.004));
#14365=CARTESIAN_POINT('',(0.0838710959740222,0.042,0.004));
#14366=CARTESIAN_POINT('',(0.112871095974022,0.011,0.004));
#14367=CARTESIAN_POINT('',(0.0548710959740223,0.041,0.004));
#14368=CARTESIAN_POINT('',(0.0203620537786716,0.019,-0.00117761025576498));
#14369=CARTESIAN_POINT('',(0.0203620537786716,0.019,-0.00117761025576498));
#14370=CARTESIAN_POINT('',(0.0193717857099301,0.019,-0.00131678335672504));
#14371=CARTESIAN_POINT('',(0.0200837075767515,0.019,0.000802925881718165));
#14372=CARTESIAN_POINT('',(0.0202817611904998,0.0199797958971133,0.000830760501910176));
#14373=CARTESIAN_POINT('',(0.0209413048808383,0.0195,0.000923453322673038));
#14374=CARTESIAN_POINT('',(0.0205601073924199,0.0199797958971133,-0.00114977563557296));
#14375=CARTESIAN_POINT('',(0.0212196510827584,0.0195,-0.0010570828148101));
#14376=CARTESIAN_POINT('',(0.0579922403908514,0.041,0.00411096758071752));
#14377=CARTESIAN_POINT('',(0.0203620537786716,0.057,-0.00117761025576498));
#14378=CARTESIAN_POINT('',(0.0203620537786716,0.057,-0.00117761025576498));
#14379=CARTESIAN_POINT('',(0.0193717857099301,0.057,-0.00131678335672504));
#14380=CARTESIAN_POINT('',(0.0200837075767515,0.057,0.000802925881718165));
#14381=CARTESIAN_POINT('',(0.0202817611904999,0.0579797958971132,0.000830760501910177));
#14382=CARTESIAN_POINT('',(0.0209413048808383,0.0575,0.000923453322673031));
#14383=CARTESIAN_POINT('',(0.0205601073924199,0.0579797958971132,-0.00114977563557296));
#14384=CARTESIAN_POINT('',(0.0212196510827583,0.0575,-0.00105708281481011));
#14385=CARTESIAN_POINT('',(0.0579922403908514,0.041,0.00411096758071752));
#14386=CARTESIAN_POINT('',(0.0959007732049512,0.017,0.00741900927971687));
#14387=CARTESIAN_POINT('',(0.0959007732049512,0.017,0.00741900927971687));
#14388=CARTESIAN_POINT('',(0.0949105051362096,0.017,0.0072798361787568));
#14389=CARTESIAN_POINT('',(0.0953440808011109,0.017,0.0113800815546831));
#14390=CARTESIAN_POINT('',(0.0955421344148593,0.0179797958971133,0.0114079161748752));
#14391=CARTESIAN_POINT('',(0.0962016781051977,0.0175,0.011500608995638));
#14392=CARTESIAN_POINT('',(0.0960988268186995,0.0179797958971133,0.00744684389990888));
#14393=CARTESIAN_POINT('',(0.096758370509038,0.0175,0.00753953672067174));
#14394=CARTESIAN_POINT('',(0.0582705865927715,0.041,0.00213043144323438));
#14395=CARTESIAN_POINT('',(0.0959007732049512,0.071,0.00741900927971687));
#14396=CARTESIAN_POINT('',(0.0959007732049512,0.071,0.00741900927971687));
#14397=CARTESIAN_POINT('',(0.0949105051362096,0.071,0.0072798361787568));
#14398=CARTESIAN_POINT('',(0.0582705865927715,0.041,0.00213043144323438));
#14399=CARTESIAN_POINT('',(0.144712930622237,-0.0135436763631647,-0.000544199416086669));
#14400=CARTESIAN_POINT('',(0.143937357290687,-0.00904242929948028,0.00224563650708241));
#14401=CARTESIAN_POINT('',(0.143518336276045,-0.00880050740388061,0.000305045054530415));
#14402=CARTESIAN_POINT('',(0.144712930622237,-0.0135436763631647,-0.000544199416086669));
#14403=CARTESIAN_POINT('',(0.146007196749916,-0.0186825948097723,-0.00146430116940739));
#14404=CARTESIAN_POINT('',(0.146007196749916,-0.0186825948097723,-0.00146430116940738));
#14405=CARTESIAN_POINT('',(0.143167684536094,-0.0205133121376976,-0.00107940579039132));
#14406=CARTESIAN_POINT('',(0.145719110983372,-0.0201492615767636,0.000476290283144609));
#14407=CARTESIAN_POINT('',(0.14530008996873,-0.0199073396811639,-0.00146430116940739));
#14408=CARTESIAN_POINT('',(0.143167684536094,-0.0205133121376976,-0.00107940579039132));
#14409=CARTESIAN_POINT('',(0.13487499674251,-0.0228698716908842,0.000417409572448941));
#14410=CARTESIAN_POINT('',(0.13487499674251,-0.0228698716908842,0.000417409572448943));
#14411=CARTESIAN_POINT('',(0.132392365900341,-0.0170448505564704,0.00167964055156172));
#14412=CARTESIAN_POINT('',(0.132392365900341,-0.0170448505564704,0.00167964055156172));
#14413=CARTESIAN_POINT('',(0.13368663202802,-0.0221837690030781,0.000759538798241001));
#14414=CARTESIAN_POINT('',(0.133471654522566,-0.0213301950396096,0.000912367629547849));
#14415=CARTESIAN_POINT('',(0.133471654522566,-0.0213301950396096,0.000912367629547848));
#14416=CARTESIAN_POINT('',(0.134105653042662,-0.0224256908986777,0.002700130250793));
#14417=CARTESIAN_POINT('',(0.128410854534658,-0.00423072599136486,0.00413680598492846));
#14418=CARTESIAN_POINT('',(0.128299090538398,-0.00378696404027556,0.0042162596975134));
#14419=CARTESIAN_POINT('',(0.128299090538398,-0.00378696404027556,0.00421625969751341));
#14420=CARTESIAN_POINT('',(0.128410854534658,-0.00423072599136486,0.00413680598492846));
#14421=CARTESIAN_POINT('',(0.12690869435694,0.0017336413686001,0.00520470089751951));
#14422=CARTESIAN_POINT('',(0.12690869435694,0.0017336413686001,0.00520470089751951));
#14423=CARTESIAN_POINT('',(0.133532174878218,0.00463966104551652,0.00413680598492845));
#14424=CARTESIAN_POINT('',(0.133532174878218,0.00463966104551652,0.00413680598492845));
#14425=CARTESIAN_POINT('',(0.13944854861831,0.00632093585104135,0.00306891107233738));
#14426=CARTESIAN_POINT('',(0.127615801138126,0.00295838623999169,0.00520470089751951));
#14427=CARTESIAN_POINT('',(0.13944854861831,0.00632093585104135,0.00306891107233738));
#14428=CARTESIAN_POINT('',(0.128034822152768,0.00271646434439202,0.00714529235007151));
#14429=CARTESIAN_POINT('',(0.142139073510518,-0.000329534196729693,0.00165888693395427));
#14430=CARTESIAN_POINT('',(0.141055934347442,0.0053929112676356,0.00466737329909732));
#14431=CARTESIAN_POINT('',(0.1406369133328,0.00563483316323526,0.00272678184654533));
#14432=CARTESIAN_POINT('',(0.142139073510518,-0.000329534196729693,0.00165888693395427));
#14433=CARTESIAN_POINT('',(0.143844118978918,-0.0070994630563974,0.000446759619937685));
#14434=CARTESIAN_POINT('',(0.143844118978918,-0.00709946305639739,0.00044675961993769));
#14435=CARTESIAN_POINT('',(0.134804246441229,0.000761160737517546,0.00337862534794267));
#14436=CARTESIAN_POINT('',(0.132274964022588,-0.00747628251675393,0.00289784645944134));
#14437=CARTESIAN_POINT('',(0.13022227061716,-0.00747628251675393,0.0033410730192411));
#14438=CARTESIAN_POINT('',(0.134810076740943,-0.0360753931790341,-0.00121482576575297));
#14439=CARTESIAN_POINT('',(0.133810076740943,-0.037807443986603,-0.00121482576575297));
#14440=CARTESIAN_POINT('',(0.138310076740943,-0.0300132153525431,-0.00121482576575297));
#14441=CARTESIAN_POINT('',(0.137469775992804,-0.0295280674894051,-0.000972903870153309));
#14442=CARTESIAN_POINT('',(0.131327219633627,-0.0236722598451632,0.00108343224244388));
#14443=CARTESIAN_POINT('',(0.130486918885488,-0.0231871119820252,0.00132535413804354));
#14444=CARTESIAN_POINT('',(0.133736918885488,-0.0175579468574264,0.00132535413804355));
#14445=CARTESIAN_POINT('',(0.131683618026589,-0.0211143682682644,0.00132535413804354));
#14446=CARTESIAN_POINT('',(0.132523918774728,-0.0215995161314024,0.00108343224244388));
#14447=CARTESIAN_POINT('',(0.134634367775859,-0.0219144479112854,0.000588474185344971));
#14448=CARTESIAN_POINT('',(0.145059461002078,-0.0189519159015651,-0.00129323655651136));
#14449=CARTESIAN_POINT('',(0.144466072023883,-0.00853118631208786,0.000133980441634385));
#14450=CARTESIAN_POINT('',(0.143625771275744,-0.00804603844894989,0.00037590233723405));
#14451=CARTESIAN_POINT('',(0.143418664494558,-0.00840475791655705,0.000375902337234047));
#14452=CARTESIAN_POINT('',(0.143736683979218,-0.0078539320113281,0.000375902337234051));
#14453=CARTESIAN_POINT('',(0.14289638323108,-0.00736878414819014,0.000617824232833713));
#14454=CARTESIAN_POINT('',(0.139689177584961,0.00536551207144251,0.00289784645944135));
#14455=CARTESIAN_POINT('',(0.127856430104778,0.00200296246039285,0.00503363628462349));
#14456=CARTESIAN_POINT('',(0.12735135479056,-0.00405628513206832,0.00438732431040944));
#14457=CARTESIAN_POINT('',(0.12685135479056,-0.00492231053585275,0.00438732431040944));
#14458=CARTESIAN_POINT('',(0.126976728369846,-0.00499469500560259,0.00435122935985026));
#14459=CARTESIAN_POINT('',(0.117306838602342,0.000588218454699871,0.00713518268605731));
#14460=CARTESIAN_POINT('',(0.116806838602342,-0.000277806949084566,0.00713518268605731));
#14461=CARTESIAN_POINT('',(0.115966537854203,0.000207340914053436,0.00737710458165698));
#14462=CARTESIAN_POINT('',(0.112716537854203,-0.00542182421054542,0.00737710458165698));
#14463=CARTESIAN_POINT('',(0.109466537854203,-0.0110509893351443,0.00737710458165697));
#14464=CARTESIAN_POINT('',(0.110306838602342,-0.0115361371982823,0.00713518268605731));
#14465=CARTESIAN_POINT('',(0.109806838602342,-0.0124021626020667,0.00713518268605731));
#14466=CARTESIAN_POINT('',(0.116542106915273,-0.0162907715756017,0.00519610446763823));
#14467=CARTESIAN_POINT('',(0.11234060317458,-0.0138650322599117,0.00640571394563657));
#14468=CARTESIAN_POINT('',(0.11184060317458,-0.0147310576636961,0.00640571394563657));
#14469=CARTESIAN_POINT('',(0.112680903922719,-0.0152162055268341,0.00616379205003691));
#14470=CARTESIAN_POINT('',(0.111680903922719,-0.016948256334403,0.00616379205003691));
#14471=CARTESIAN_POINT('',(0.110180903922719,-0.0195463325457563,0.00616379205003691));
#14472=CARTESIAN_POINT('',(0.107870076865338,-0.0182121759221268,0.006829077262936));
#14473=CARTESIAN_POINT('',(0.105559249807957,-0.0168780192984973,0.00749436247583508));
#14474=CARTESIAN_POINT('',(0.102809249807957,-0.0216411590193117,0.00749436247583508));
#14475=CARTESIAN_POINT('',(0.105059249807957,-0.0177440447022818,0.00749436247583508));
#14476=CARTESIAN_POINT('',(0.104559249807957,-0.0186100701060662,0.00749436247583507));
#14477=CARTESIAN_POINT('',(0.104059249807957,-0.0194760955098507,0.00749436247583508));
#14478=CARTESIAN_POINT('',(0.102809249807957,-0.0216411590193117,0.00749436247583508));
#14479=CARTESIAN_POINT('',(0.100059249807957,-0.0264042987401261,0.00749436247583508));
#14480=CARTESIAN_POINT('',(0.105941355044926,-0.0298003337820921,0.0058009092066374));
#14481=CARTESIAN_POINT('',(0.111823460281896,-0.0331963688240582,0.00410745593743973));
#14482=CARTESIAN_POINT('',(0.113573460281896,-0.0301652799108126,0.00410745593743973));
#14483=CARTESIAN_POINT('',(0.115323460281896,-0.0271341909975671,0.00410745593743973));
#14484=CARTESIAN_POINT('',(0.116583911404104,-0.0278619127922741,0.00374457309404022));
#14485=CARTESIAN_POINT('',(0.117844362526311,-0.028589634586981,0.00338169025064072));
#14486=CARTESIAN_POINT('',(0.118844362526311,-0.0268575837794122,0.00338169025064072));
#14487=CARTESIAN_POINT('',(0.119844362526311,-0.0251255329718433,0.00338169025064072));
#14488=CARTESIAN_POINT('',(0.118373836217069,-0.0242765242113518,0.00380505356794014));
#14489=CARTESIAN_POINT('',(0.116903309907827,-0.0234275154508603,0.00422841688523956));
#14490=CARTESIAN_POINT('',(0.118403309907827,-0.020829439239507,0.00422841688523956));
#14491=CARTESIAN_POINT('',(0.119403309907827,-0.0190973884319381,0.00422841688523956));
#14492=CARTESIAN_POINT('',(0.120243610655965,-0.0195825362950761,0.00398649498963988));
#14493=CARTESIAN_POINT('',(0.120743610655965,-0.0187165108912917,0.00398649498963988));
#14494=CARTESIAN_POINT('',(0.116542106915273,-0.0162907715756017,0.00519610446763823));
#14495=CARTESIAN_POINT('',(0.128306317389211,-0.0230828416595336,0.00180919792924288));
#14496=CARTESIAN_POINT('',(0.127806317389211,-0.023948867063318,0.00180919792924288));
#14497=CARTESIAN_POINT('',(0.12864661813735,-0.024434014926456,0.00156727603364322));
#14498=CARTESIAN_POINT('',(0.12764661813735,-0.026166065734025,0.00156727603364322));
#14499=CARTESIAN_POINT('',(0.12614661813735,-0.0287641419453783,0.00156727603364322));
#14500=CARTESIAN_POINT('',(0.123835791079969,-0.0274299853217488,0.00223256124654231));
#14501=CARTESIAN_POINT('',(0.121524964022588,-0.0260958286981193,0.0028978464594414));
#14502=CARTESIAN_POINT('',(0.118774964022588,-0.0308589684189337,0.0028978464594414));
#14503=CARTESIAN_POINT('',(0.116024964022588,-0.0356221081397481,0.0028978464594414));
#14504=CARTESIAN_POINT('',(0.121907069259558,-0.0390181431817141,0.00120439319024371));
#14505=CARTESIAN_POINT('',(0.127789174496527,-0.0424141782236801,-0.000489060078953963));
#14506=CARTESIAN_POINT('',(0.129539174496527,-0.0393830893104345,-0.000489060078953965));
#14507=CARTESIAN_POINT('',(0.131289174496527,-0.036352000397189,-0.000489060078953965));
#14508=CARTESIAN_POINT('',(0.132549625618735,-0.037079722191896,-0.00085194292235347));
#14509=CARTESIAN_POINT('',(0.130233159533757,0.000630757084780712,0.00434937783303938));
#14510=CARTESIAN_POINT('',(0.128180466128329,0.000630757084780712,0.00479260439283913));
#14511=CARTESIAN_POINT('',(0.138274964022588,0.00291602232865934,0.00289784645944135));
#14512=CARTESIAN_POINT('',(0.13622227061716,0.00291602232865934,0.00334107301924111));
#14513=CARTESIAN_POINT('',(0.140316768511419,-0.00519101727287527,0.00144631508584336));
#14514=CARTESIAN_POINT('',(0.138264075105991,-0.00519101727287527,0.00188954164564311));
#14515=CARTESIAN_POINT('',(0.143418664494558,-0.00840475791655705,0.000375902337234047));
#14516=CARTESIAN_POINT('',(0.14415570499386,-0.00809585390692777,0.00231649378978604));
#14517=CARTESIAN_POINT('',(0.143625771275744,-0.00804603844894989,0.00037590233723405));
#14518=CARTESIAN_POINT('',(0.134634367775859,-0.0219144479112854,0.000588474185344972));
#14519=CARTESIAN_POINT('',(0.145059461002078,-0.0189519159015651,-0.00129323655651136));
#14520=CARTESIAN_POINT('',(0.144466072023883,-0.00853118631208786,0.000133980441634386));
#14521=CARTESIAN_POINT('',(0.14289638323108,-0.00736878414819014,0.000617824232833715));
#14522=CARTESIAN_POINT('',(0.127856430104778,0.00200296246039285,0.00503363628462348));
#14523=CARTESIAN_POINT('',(0.139689177584961,0.00536551207144251,0.00289784645944135));
#14524=CARTESIAN_POINT('',(0.133197145285744,0.015951332054091,0.00458869158476172));
#14525=CARTESIAN_POINT('',(0.130822145285744,0.0118377113861149,0.00458869158476171));
#14526=CARTESIAN_POINT('',(0.130926900539404,0.011777230912215,0.00507383944789971));
#14527=CARTESIAN_POINT('',(0.133301900539404,0.0158908515801911,0.00507383944789971));
#14528=CARTESIAN_POINT('',(0.126790791919121,0.0135878640683437,0.00567734011496022));
#14529=CARTESIAN_POINT('',(0.123429588926567,0.0155284555208957,0.00664502769735888));
#14530=CARTESIAN_POINT('',(0.123534344180227,0.0154679750469957,0.00713017556049688));
#14531=CARTESIAN_POINT('',(0.130780526433638,0.0112843897723922,0.00762053971138954));
#14532=CARTESIAN_POINT('',(0.130256750165335,0.0115867921418918,0.00519480039569955));
#14533=CARTESIAN_POINT('',(0.126895547172781,0.0135273835944438,0.00616248797809822));
#14534=CARTESIAN_POINT('',(0.134594735933908,0.00088212168531738,0.00240832962166668));
#14535=CARTESIAN_POINT('',(0.119878827091443,0.00937835561688454,0.00664502769735889));
#14536=CARTESIAN_POINT('',(0.123679588926567,0.0159614682227879,0.00664502769735889));
#14537=CARTESIAN_POINT('',(0.138395497769032,0.00746523429122074,0.00240832962166668));
#14538=CARTESIAN_POINT('',(0.130401994911675,0.0120802853176839,0.00470965253256155));
#14539=CARTESIAN_POINT('',(0.126601233076551,0.00549717271178052,0.00470965253256154));
#14540=CARTESIAN_POINT('',(0.130401994911675,0.0120802853176839,0.00470965253256155));
#14541=CARTESIAN_POINT('',(0.130506750165335,0.012019804843784,0.00519480039569955));
#14542=CARTESIAN_POINT('',(0.123679588926567,0.0159614682227879,0.00664502769735889));
#14543=CARTESIAN_POINT('',(0.123784344180227,0.015900987748888,0.00713017556049688));
#14544=CARTESIAN_POINT('',(0.119983582345103,0.00931787514298462,0.00713017556049688));
#14545=CARTESIAN_POINT('',(0.123784344180227,0.015900987748888,0.00713017556049688));
#14546=CARTESIAN_POINT('',(0.123784344180227,0.015900987748888,0.00713017556049688));
#14547=CARTESIAN_POINT('',(0.123784344180227,0.015900987748888,0.00713017556049688));
#14548=CARTESIAN_POINT('',(0.138500253022692,0.00740475381732083,0.00289347748480467));
#14549=CARTESIAN_POINT('',(0.130506750165335,0.012019804843784,0.00519480039569955));
#14550=CARTESIAN_POINT('',(0.130506750165335,0.012019804843784,0.00519480039569955));
#14551=CARTESIAN_POINT('',(0.130506750165335,0.012019804843784,0.00519480039569955));
#14552=CARTESIAN_POINT('',(0.126705988330211,0.00543669223788061,0.00519480039569954));
#14553=CARTESIAN_POINT('',(0.139422824204104,-0.00467489828640602,-0.00269376529489005));
#14554=CARTESIAN_POINT('',(0.137067598697083,0.00361309502435029,-0.00269376529489004));
#14555=CARTESIAN_POINT('',(0.128712373190062,0.00150878348969337,-0.00269376529489004));
#14556=CARTESIAN_POINT('',(0.131067598697083,-0.00677920982106297,-0.00269376529489004));
#14557=CARTESIAN_POINT('',(0.140476272538014,-0.0260677166563932,-0.00160294405626339));
#14558=CARTESIAN_POINT('',(0.140476272538014,-0.0260677166563932,-0.00160294405626339));
#14559=CARTESIAN_POINT('',(0.13949879948781,-0.0260677166563932,-0.00139188378969208));
#14560=CARTESIAN_POINT('',(0.119456270221212,-0.00648362675191379,0.00537721801444768));
#14561=CARTESIAN_POINT('',(0.103302186764031,-0.0178843044192672,0.00167258811817909));
#14562=CARTESIAN_POINT('',(0.102802186764031,-0.0187503298230516,0.0016725881181791));
#14563=CARTESIAN_POINT('',(0.103802186764031,-0.0170182790154828,0.0016725881181791));
#14564=CARTESIAN_POINT('',(0.103302186764031,-0.0178843044192672,0.00167258811817909));
#14565=CARTESIAN_POINT('',(0.102324713713827,-0.0178843044192672,0.0018836483847504));
#14566=CARTESIAN_POINT('',(0.118283011380215,-0.00580624544423472,-5.64380526979031E-05));
#14567=CARTESIAN_POINT('',(0.122232788260308,0.0110232762850199,0.00118874432697974));
#14568=CARTESIAN_POINT('',(0.122232788260308,0.0110232762850199,0.00118874432697974));
#14569=CARTESIAN_POINT('',(0.121255315210104,0.0110232762850199,0.00139980459355106));
#14570=CARTESIAN_POINT('',(0.118283011380215,-0.00580624544423472,-5.64380526979031E-05));
#14571=CARTESIAN_POINT('',(0.091,0.067,0.051));
#14572=CARTESIAN_POINT('',(0.0878190387231806,0.067,0.0505529450469998));
#14573=CARTESIAN_POINT('',(0.0933635446636277,0.067,0.011101735352763));
#14574=CARTESIAN_POINT('',(0.0965445059404471,0.067,0.0115487903057632));
#14575=CARTESIAN_POINT('',(0.110871095974022,0.067,0.011));
#14576=CARTESIAN_POINT('',(0.110871095974022,0.067,0.008));
#14577=CARTESIAN_POINT('',(0.110871095974022,0.067,0.008));
#14578=CARTESIAN_POINT('',(0.0965445059404471,0.067,0.0115487903057632));
#14579=CARTESIAN_POINT('',(0.10079055517919,0.067,0.0121455336099635));
#14580=CARTESIAN_POINT('',(0.0952460492387425,0.067,0.0515967433042003));
#14581=CARTESIAN_POINT('',(0.1065,0.0565,0.051));
#14582=CARTESIAN_POINT('',(0.1065,0.0555,0.051));
#14583=CARTESIAN_POINT('',(0.1065,0.0555,0.0129479437507674));
#14584=CARTESIAN_POINT('',(0.1065,0.0565,0.0129479437507674));
#14585=CARTESIAN_POINT('',(0.1065,0.064,0.008));
#14586=CARTESIAN_POINT('',(0.1065,0.064,0.011));
#14587=CARTESIAN_POINT('',(0.1065,0.0565,0.011));
#14588=CARTESIAN_POINT('',(0.1065,0.049,0.011));
#14589=CARTESIAN_POINT('',(0.1065,0.049,0.008));
#14590=CARTESIAN_POINT('',(0.1065,0.0565,0.0129479437507674));
#14591=CARTESIAN_POINT('',(0.1065,0.0535,0.0129479437507674));
#14592=CARTESIAN_POINT('',(0.1065,0.0535,0.051));
#14593=CARTESIAN_POINT('',(0.06,0.0475,0.051));
#14594=CARTESIAN_POINT('',(0.05888196601125,0.0465,0.051));
#14595=CARTESIAN_POINT('',(0.05888196601125,0.0465,0.00625566550710168));
#14596=CARTESIAN_POINT('',(0.06,0.0475,0.0076));
#14597=CARTESIAN_POINT('',(0.0585,0.0475,0.051));
#14598=CARTESIAN_POINT('',(0.0585,0.0475,0.00620198368505266));
#14599=CARTESIAN_POINT('',(0.06,0.0475,0.00641279493710624));
#14600=CARTESIAN_POINT('',(0.0585,0.0562928932188133,0.051));
#14601=CARTESIAN_POINT('',(0.0585,0.0575,0.051));
#14602=CARTESIAN_POINT('',(0.0585,0.0575,0.00620198368505266));
#14603=CARTESIAN_POINT('',(0.0585,0.0562928932188133,0.00620198368505266));
#14604=CARTESIAN_POINT('',(0.0585,0.0650857864376268,0.051));
#14605=CARTESIAN_POINT('',(0.058,0.0650857864376268,0.051));
#14606=CARTESIAN_POINT('',(0.0583535533905933,0.0654393398282201,0.051));
#14607=CARTESIAN_POINT('',(0.0561464466094067,0.0676464466094066,0.051));
#14608=CARTESIAN_POINT('',(0.0552928932188134,0.0685,0.051));
#14609=CARTESIAN_POINT('',(0.0552928932188134,0.0685,0.00575125422104499));
#14610=CARTESIAN_POINT('',(0.051776990742768,0.0720159024760454,0.0497718260506147));
#14611=CARTESIAN_POINT('',(0.0579119478026795,0.0658809454161338,0.00611933833839267));
#14612=CARTESIAN_POINT('',(0.0592866530346787,0.0645062401841347,0.00631254055916757));
#14613=CARTESIAN_POINT('',(0.0582928932188134,0.0655,0.00617287672515217));
#14614=CARTESIAN_POINT('',(0.0582928932188134,0.0655,0.051));
#14615=CARTESIAN_POINT('',(0.0592866530346787,0.0645062401841347,0.00631254055916757));
#14616=CARTESIAN_POINT('',(0.0452928932188135,0.07,0.051));
#14617=CARTESIAN_POINT('',(0.0326670406560079,0.07,0.049225552141994));
#14618=CARTESIAN_POINT('',(0.0390968544965897,0.07,0.00347504942015142));
#14619=CARTESIAN_POINT('',(0.0517227070593953,0.07,0.00524949727815745));
#14620=CARTESIAN_POINT('',(0.037,0.07,0.051));
#14621=CARTESIAN_POINT('',(0.037,0.0715,0.051));
#14622=CARTESIAN_POINT('',(0.0355,0.0715,0.051));
#14623=CARTESIAN_POINT('',(0.0355,0.0735,0.051));
#14624=CARTESIAN_POINT('',(0.0355,0.0755,0.051));
#14625=CARTESIAN_POINT('',(0.035,0.0755,0.051));
#14626=CARTESIAN_POINT('',(0.035,0.076,0.051));
#14627=CARTESIAN_POINT('',(0.018,0.076,0.051));
#14628=CARTESIAN_POINT('',(0.053,0.0825,-0.001));
#14629=CARTESIAN_POINT('',(0.053,0.0795,-0.001));
#14630=CARTESIAN_POINT('',(0.053,0.0795,0.));
#14631=CARTESIAN_POINT('',(0.053,0.0825,0.));
#14632=CARTESIAN_POINT('',(0.046,0.0785,-0.001));
#14633=CARTESIAN_POINT('',(0.04,0.0785,-0.001));
#14634=CARTESIAN_POINT('',(0.04,0.0785,0.));
#14635=CARTESIAN_POINT('',(0.052,0.0785,0.001));
#14636=CARTESIAN_POINT('',(0.052,0.0785,0.));
#14637=CARTESIAN_POINT('',(0.046,0.0785,0.));
#14638=CARTESIAN_POINT('',(0.039,0.0825,-0.001));
#14639=CARTESIAN_POINT('',(0.039,0.0795,0.001));
#14640=CARTESIAN_POINT('',(0.039,0.0795,0.));
#14641=CARTESIAN_POINT('',(0.039,0.0825,0.));
#14642=CARTESIAN_POINT('',(0.0381253206465504,0.0765,-0.001));
#14643=CARTESIAN_POINT('',(0.0381253206465504,0.0795,-0.001));
#14644=CARTESIAN_POINT('',(0.052,0.0795,-0.001));
#14645=CARTESIAN_POINT('',(0.04,0.0795,-0.001));
#14646=CARTESIAN_POINT('',(0.052,0.0765,-0.001));
#14647=CARTESIAN_POINT('',(0.04,0.0765,-0.001));
#14648=CARTESIAN_POINT('',(0.035,0.0825,-0.001));
#14649=CARTESIAN_POINT('',(0.035,0.0795,-0.001));
#14650=CARTESIAN_POINT('',(0.035,0.0795,0.));
#14651=CARTESIAN_POINT('',(0.035,0.0825,0.));
#14652=CARTESIAN_POINT('',(0.028,0.0785,-0.001));
#14653=CARTESIAN_POINT('',(0.022,0.0785,-0.001));
#14654=CARTESIAN_POINT('',(0.022,0.0785,0.));
#14655=CARTESIAN_POINT('',(0.034,0.0785,0.001));
#14656=CARTESIAN_POINT('',(0.034,0.0785,0.));
#14657=CARTESIAN_POINT('',(0.028,0.0785,0.));
#14658=CARTESIAN_POINT('',(0.021,0.0825,-0.001));
#14659=CARTESIAN_POINT('',(0.021,0.0795,0.001));
#14660=CARTESIAN_POINT('',(0.021,0.0795,0.));
#14661=CARTESIAN_POINT('',(0.021,0.0825,0.));
#14662=CARTESIAN_POINT('',(0.0381253206465504,0.0765,-0.001));
#14663=CARTESIAN_POINT('',(0.0381253206465504,0.0795,-0.001));
#14664=CARTESIAN_POINT('',(0.034,0.0795,-0.001));
#14665=CARTESIAN_POINT('',(0.022,0.0795,-0.001));
#14666=CARTESIAN_POINT('',(0.034,0.0765,-0.001));
#14667=CARTESIAN_POINT('',(0.022,0.0765,-0.001));
#14668=CARTESIAN_POINT('',(0.017,0.0825,-0.001));
#14669=CARTESIAN_POINT('',(0.017,0.0795,-0.001));
#14670=CARTESIAN_POINT('',(0.017,0.0795,0.));
#14671=CARTESIAN_POINT('',(0.017,0.0825,0.));
#14672=CARTESIAN_POINT('',(0.01,0.0785,-0.001));
#14673=CARTESIAN_POINT('',(0.004,0.0785,-0.001));
#14674=CARTESIAN_POINT('',(0.004,0.0785,0.));
#14675=CARTESIAN_POINT('',(0.016,0.0785,0.001));
#14676=CARTESIAN_POINT('',(0.016,0.0785,0.));
#14677=CARTESIAN_POINT('',(0.01,0.0785,0.));
#14678=CARTESIAN_POINT('',(0.003,0.0825,-0.001));
#14679=CARTESIAN_POINT('',(0.003,0.0795,0.001));
#14680=CARTESIAN_POINT('',(0.003,0.0795,0.));
#14681=CARTESIAN_POINT('',(0.003,0.0825,0.));
#14682=CARTESIAN_POINT('',(0.0381253206465504,0.0765,-0.001));
#14683=CARTESIAN_POINT('',(0.0381253206465504,0.0795,-0.001));
#14684=CARTESIAN_POINT('',(0.016,0.0795,-0.001));
#14685=CARTESIAN_POINT('',(0.004,0.0795,-0.001));
#14686=CARTESIAN_POINT('',(0.016,0.0765,-0.001));
#14687=CARTESIAN_POINT('',(0.004,0.0765,-0.001));
#14688=CARTESIAN_POINT('',(0.076,0.076375,-0.001));
#14689=CARTESIAN_POINT('',(0.076,0.0735,-0.001));
#14690=CARTESIAN_POINT('',(0.076,0.0735,0.));
#14691=CARTESIAN_POINT('',(0.076,0.08025,0.));
#14692=CARTESIAN_POINT('',(0.066,0.0725,-0.001));
#14693=CARTESIAN_POINT('',(0.057,0.0725,-0.001));
#14694=CARTESIAN_POINT('',(0.057,0.0725,0.));
#14695=CARTESIAN_POINT('',(0.075,0.0725,0.001));
#14696=CARTESIAN_POINT('',(0.075,0.0725,0.));
#14697=CARTESIAN_POINT('',(0.075,0.0725,0.));
#14698=CARTESIAN_POINT('',(0.056,0.0795,-0.001));
#14699=CARTESIAN_POINT('',(0.056,0.0735,-0.001));
#14700=CARTESIAN_POINT('',(0.056,0.0735,0.));
#14701=CARTESIAN_POINT('',(0.056,0.0795,0.));
#14702=CARTESIAN_POINT('',(0.0381253206465504,0.0765,-0.001));
#14703=CARTESIAN_POINT('',(0.057,0.0735,-0.001));
#14704=CARTESIAN_POINT('',(0.075,0.0735,-0.001));
#14705=CARTESIAN_POINT('',(0.057,0.0735,-0.001));
#14706=CARTESIAN_POINT('',(0.075,0.0735,-0.001));
#14707=CARTESIAN_POINT('',(0.057,0.0765,-0.001));
#14708=CARTESIAN_POINT('',(0.034,0.0795,-0.001));
#14709=CARTESIAN_POINT('',(0.034,0.0795,0.));
#14710=CARTESIAN_POINT('',(0.016,0.0795,-0.001));
#14711=CARTESIAN_POINT('',(0.016,0.0795,0.));
#14712=CARTESIAN_POINT('',(0.004,0.0795,-0.001));
#14713=CARTESIAN_POINT('',(0.004,0.0795,0.));
#14714=CARTESIAN_POINT('',(0.022,0.0795,-0.001));
#14715=CARTESIAN_POINT('',(0.022,0.0795,0.));
#14716=CARTESIAN_POINT('',(0.04,0.0795,-0.001));
#14717=CARTESIAN_POINT('',(0.04,0.0795,0.));
#14718=CARTESIAN_POINT('',(0.075,0.0735,-0.001));
#14719=CARTESIAN_POINT('',(0.075,0.0735,0.));
#14720=CARTESIAN_POINT('',(0.057,0.0735,-0.001));
#14721=CARTESIAN_POINT('',(0.057,0.0735,0.));
#14722=CARTESIAN_POINT('',(0.052,0.0795,-0.001));
#14723=CARTESIAN_POINT('',(0.052,0.0795,0.));
#14724=CARTESIAN_POINT('',(0.075,0.076375,0.));
#14725=CARTESIAN_POINT('',(0.075,0.0735,0.));
#14726=CARTESIAN_POINT('',(0.075,0.0735,0.));
#14727=CARTESIAN_POINT('',(0.075,0.0735,0.));
#14728=CARTESIAN_POINT('',(0.066,0.0735,0.));
#14729=CARTESIAN_POINT('',(0.057,0.0735,0.));
#14730=CARTESIAN_POINT('',(0.057,0.0735,0.));
#14731=CARTESIAN_POINT('',(0.057,0.0735,0.));
#14732=CARTESIAN_POINT('',(0.057,0.0765,0.));
#14733=CARTESIAN_POINT('',(0.016,0.0765,0.));
#14734=CARTESIAN_POINT('',(0.016,0.0795,0.));
#14735=CARTESIAN_POINT('',(0.016,0.0795,0.));
#14736=CARTESIAN_POINT('',(0.016,0.0795,0.));
#14737=CARTESIAN_POINT('',(0.0381253206465504,0.0795,0.));
#14738=CARTESIAN_POINT('',(0.004,0.0795,0.));
#14739=CARTESIAN_POINT('',(0.004,0.0795,0.));
#14740=CARTESIAN_POINT('',(0.004,0.0795,0.));
#14741=CARTESIAN_POINT('',(0.004,0.0765,0.));
#14742=CARTESIAN_POINT('',(0.034,0.0765,0.));
#14743=CARTESIAN_POINT('',(0.034,0.0795,0.));
#14744=CARTESIAN_POINT('',(0.034,0.0795,0.));
#14745=CARTESIAN_POINT('',(0.034,0.0795,0.));
#14746=CARTESIAN_POINT('',(0.0381253206465504,0.0795,0.));
#14747=CARTESIAN_POINT('',(0.022,0.0795,0.));
#14748=CARTESIAN_POINT('',(0.022,0.0795,0.));
#14749=CARTESIAN_POINT('',(0.022,0.0795,0.));
#14750=CARTESIAN_POINT('',(0.022,0.0765,0.));
#14751=CARTESIAN_POINT('',(0.052,0.0765,0.));
#14752=CARTESIAN_POINT('',(0.052,0.0795,0.));
#14753=CARTESIAN_POINT('',(0.052,0.0795,0.));
#14754=CARTESIAN_POINT('',(0.052,0.0795,0.));
#14755=CARTESIAN_POINT('',(0.0381253206465504,0.0795,0.));
#14756=CARTESIAN_POINT('',(0.04,0.0795,0.));
#14757=CARTESIAN_POINT('',(0.04,0.0795,0.));
#14758=CARTESIAN_POINT('',(0.04,0.0795,0.));
#14759=CARTESIAN_POINT('',(0.04,0.0765,0.));
#14760=CARTESIAN_POINT('',(0.110871095974022,0.0475,0.011));
#14761=CARTESIAN_POINT('',(0.110871095974022,0.0475,0.008));
#14762=CARTESIAN_POINT('',(0.110871095974022,0.0655,0.011));
#14763=CARTESIAN_POINT('',(0.110871095974022,0.0655,0.008));
#14764=CARTESIAN_POINT('',(0.0559355479870111,0.0665,0.011));
#14765=CARTESIAN_POINT('',(0.109371095974022,0.0665,0.011));
#14766=CARTESIAN_POINT('',(0.109371095974022,0.0595,0.011));
#14767=CARTESIAN_POINT('',(0.109371095974022,0.064,0.011));
#14768=CARTESIAN_POINT('',(0.0559355479870111,0.0595,0.011));
#14769=CARTESIAN_POINT('',(0.0559355479870111,0.0535,0.011));
#14770=CARTESIAN_POINT('',(0.109371095974022,0.0535,0.011));
#14771=CARTESIAN_POINT('',(0.109371095974022,0.0665,0.011));
#14772=CARTESIAN_POINT('',(0.109371095974022,0.049,0.011));
#14773=CARTESIAN_POINT('',(0.110871095974022,0.049,0.011));
#14774=CARTESIAN_POINT('',(0.105,0.064,0.011));
#14775=CARTESIAN_POINT('',(0.0776250564748496,0.01825,-0.0016));
#14776=CARTESIAN_POINT('',(0.062,0.0495,-0.0016));
#14777=CARTESIAN_POINT('',(0.061,0.0495,-0.0016));
#14778=CARTESIAN_POINT('',(0.062,0.0495,-0.847877081138588));
#14779=CARTESIAN_POINT('',(0.0776250564748496,0.01825,-0.0016));
#14780=CARTESIAN_POINT('',(0.019,0.0825,-0.0016));
#14781=CARTESIAN_POINT('',(0.018,0.0825,-0.0016));
#14782=CARTESIAN_POINT('',(0.019,0.0825,-0.847877081138588));
#14783=CARTESIAN_POINT('',(0.0776250564748496,0.01825,-0.0016));
#14784=CARTESIAN_POINT('',(0.0776250564748496,0.058,-0.0016));
#14785=CARTESIAN_POINT('',(0.06,0.058,-0.0016));
#14786=CARTESIAN_POINT('',(0.062,0.058,-0.0016));
#14787=CARTESIAN_POINT('',(0.06,0.059,-0.0016));
#14788=CARTESIAN_POINT('',(0.06,0.054,-0.0016));
#14789=CARTESIAN_POINT('',(0.059,0.054,-0.0016));
#14790=CARTESIAN_POINT('',(0.062,0.054,-0.0016));
#14791=CARTESIAN_POINT('',(0.062,0.01825,-0.0016));
#14792=CARTESIAN_POINT('',(0.061,0.059,-0.847877081138588));
#14793=CARTESIAN_POINT('',(0.06,0.059,-0.847877081138588));
#14794=CARTESIAN_POINT('',(0.06,0.059,-0.000600000000000045));
#14795=CARTESIAN_POINT('',(0.061,0.059,-0.000600000000000045));
#14796=CARTESIAN_POINT('',(0.062,0.059,-0.000600000000000045));
#14797=CARTESIAN_POINT('',(0.062,0.059,-0.00160000000000005));
#14798=CARTESIAN_POINT('',(0.059,0.056,-0.847877081138588));
#14799=CARTESIAN_POINT('',(0.059,0.054,0.001));
#14800=CARTESIAN_POINT('',(0.059,0.054,-0.0006));
#14801=CARTESIAN_POINT('',(0.059,0.053,-0.0006));
#14802=CARTESIAN_POINT('',(0.059,0.058,-0.0006));
#14803=CARTESIAN_POINT('',(0.059,0.058,-0.847877081138588));
#14804=CARTESIAN_POINT('',(0.063,0.056,-0.847877081138588));
#14805=CARTESIAN_POINT('',(0.063,0.058,0.001));
#14806=CARTESIAN_POINT('',(0.063,0.058,-0.000600000000000045));
#14807=CARTESIAN_POINT('',(0.063,0.056,-0.000600000000000045));
#14808=CARTESIAN_POINT('',(0.063,0.054,-0.000600000000000045));
#14809=CARTESIAN_POINT('',(0.063,0.054,-0.847877081138588));
#14810=CARTESIAN_POINT('',(0.061,0.053,-0.847877081138588));
#14811=CARTESIAN_POINT('',(0.063,0.053,-0.0006));
#14812=CARTESIAN_POINT('',(0.06,0.053,-0.0006));
#14813=CARTESIAN_POINT('',(0.062,0.053,-0.0006));
#14814=CARTESIAN_POINT('',(0.06,0.053,-0.00160000000000005));
#14815=CARTESIAN_POINT('',(0.062,0.053,-0.847877081138588));
#14816=CARTESIAN_POINT('',(0.0776250564748496,0.01825,-0.0016));
#14817=CARTESIAN_POINT('',(0.103,0.0635,-0.0016));
#14818=CARTESIAN_POINT('',(0.102,0.0635,-0.0016));
#14819=CARTESIAN_POINT('',(0.103,0.0635,-0.847877081138588));
#14820=CARTESIAN_POINT('',(0.0776250564748496,0.01825,-0.0005));
#14821=CARTESIAN_POINT('',(0.107871095974022,0.061,-0.0005));
#14822=CARTESIAN_POINT('',(0.107371095974022,0.061,-0.0005));
#14823=CARTESIAN_POINT('',(0.107871095974022,0.0615,-0.0005));
#14824=CARTESIAN_POINT('',(0.107371095974022,0.01825,-0.0005));
#14825=CARTESIAN_POINT('',(0.107371095974022,0.052,-0.0005));
#14826=CARTESIAN_POINT('',(0.107871095974022,0.052,-0.0005));
#14827=CARTESIAN_POINT('',(0.107871095974022,0.0515,-0.0005));
#14828=CARTESIAN_POINT('',(0.0776250564748496,0.0515,-0.0005));
#14829=CARTESIAN_POINT('',(0.110871095974022,0.0515,-0.0005));
#14830=CARTESIAN_POINT('',(0.110871095974022,0.052,-0.0005));
#14831=CARTESIAN_POINT('',(0.111371095974022,0.052,-0.0005));
#14832=CARTESIAN_POINT('',(0.111371095974022,0.01825,-0.0005));
#14833=CARTESIAN_POINT('',(0.111371095974022,0.061,-0.0005));
#14834=CARTESIAN_POINT('',(0.110871095974022,0.061,-0.0005));
#14835=CARTESIAN_POINT('',(0.110871095974022,0.0615,-0.0005));
#14836=CARTESIAN_POINT('',(0.0776250564748496,0.0615,-0.0005));
#14837=CARTESIAN_POINT('',(0.109371095974022,0.062,-0.846777081138588));
#14838=CARTESIAN_POINT('',(0.110871095974022,0.062,-0.000500000000000056));
#14839=CARTESIAN_POINT('',(0.110871095974022,0.062,0.));
#14840=CARTESIAN_POINT('',(0.107871095974022,0.062,0.001));
#14841=CARTESIAN_POINT('',(0.107871095974022,0.062,0.));
#14842=CARTESIAN_POINT('',(0.109371095974022,0.062,0.));
#14843=CARTESIAN_POINT('',(0.111871095974022,0.0565,-0.846777081138588));
#14844=CARTESIAN_POINT('',(0.111871095974022,0.052,-0.000500000000000056));
#14845=CARTESIAN_POINT('',(0.111871095974022,0.052,0.));
#14846=CARTESIAN_POINT('',(0.111871095974022,0.061,0.001));
#14847=CARTESIAN_POINT('',(0.111871095974022,0.061,0.));
#14848=CARTESIAN_POINT('',(0.111871095974022,0.0565,0.));
#14849=CARTESIAN_POINT('',(0.109371095974022,0.051,-0.846777081138588));
#14850=CARTESIAN_POINT('',(0.107871095974022,0.051,-0.000500000000000056));
#14851=CARTESIAN_POINT('',(0.107871095974022,0.051,0.));
#14852=CARTESIAN_POINT('',(0.110871095974022,0.051,0.001));
#14853=CARTESIAN_POINT('',(0.110871095974022,0.051,0.));
#14854=CARTESIAN_POINT('',(0.109371095974022,0.051,0.));
#14855=CARTESIAN_POINT('',(0.106871095974022,0.0565,-0.846777081138588));
#14856=CARTESIAN_POINT('',(0.106871095974022,0.061,-0.000500000000000056));
#14857=CARTESIAN_POINT('',(0.106871095974022,0.061,0.));
#14858=CARTESIAN_POINT('',(0.106871095974022,0.052,0.001));
#14859=CARTESIAN_POINT('',(0.106871095974022,0.052,0.));
#14860=CARTESIAN_POINT('',(0.106871095974022,0.0565,0.));
#14861=CARTESIAN_POINT('',(0.110871095974022,0.061,-0.846777081138588));
#14862=CARTESIAN_POINT('',(0.110871095974022,0.061,0.));
#14863=CARTESIAN_POINT('',(0.110871095974022,0.052,-0.846777081138588));
#14864=CARTESIAN_POINT('',(0.110871095974022,0.052,0.));
#14865=CARTESIAN_POINT('',(0.107871095974022,0.052,-0.846777081138588));
#14866=CARTESIAN_POINT('',(0.107871095974022,0.052,0.));
#14867=CARTESIAN_POINT('',(0.107871095974022,0.061,-0.846777081138588));
#14868=CARTESIAN_POINT('',(0.107871095974022,0.061,0.));
#14869=CARTESIAN_POINT('',(0.109371095974022,0.0515,0.));
#14870=CARTESIAN_POINT('',(0.107871095974022,0.0515,0.));
#14871=CARTESIAN_POINT('',(0.110871095974022,0.0515,0.));
#14872=CARTESIAN_POINT('',(0.110871095974022,0.052,0.));
#14873=CARTESIAN_POINT('',(0.111371095974022,0.052,0.));
#14874=CARTESIAN_POINT('',(0.107871095974022,0.052,0.));
#14875=CARTESIAN_POINT('',(0.107371095974022,0.052,0.));
#14876=CARTESIAN_POINT('',(0.111371095974022,0.0565,0.));
#14877=CARTESIAN_POINT('',(0.111371095974022,0.061,0.));
#14878=CARTESIAN_POINT('',(0.107371095974022,0.0565,0.));
#14879=CARTESIAN_POINT('',(0.107371095974022,0.061,0.));
#14880=CARTESIAN_POINT('',(0.110871095974022,0.061,0.));
#14881=CARTESIAN_POINT('',(0.110871095974022,0.0615,0.));
#14882=CARTESIAN_POINT('',(0.107871095974022,0.061,0.));
#14883=CARTESIAN_POINT('',(0.107871095974022,0.0615,0.));
#14884=CARTESIAN_POINT('',(0.109371095974022,0.0615,0.));
#14885=CARTESIAN_POINT('',(0.06,0.0475,0.005));
#14886=CARTESIAN_POINT('',(0.06,0.046,0.0076));
#14887=CARTESIAN_POINT('',(0.0825,0.046,0.0076));
#14888=CARTESIAN_POINT('',(0.06,0.058,-0.847877081138588));
#14889=CARTESIAN_POINT('',(0.06,0.058,-0.0006));
#14890=CARTESIAN_POINT('',(0.06,0.058,-0.0006));
#14891=CARTESIAN_POINT('',(0.06,0.058,-0.0006));
#14892=CARTESIAN_POINT('',(0.06,0.058,-0.000600000000000045));
#14893=CARTESIAN_POINT('',(0.062,0.058,-0.847877081138588));
#14894=CARTESIAN_POINT('',(0.062,0.058,-0.000600000000000045));
#14895=CARTESIAN_POINT('',(0.061,0.058,-0.000600000000000045));
#14896=CARTESIAN_POINT('',(0.062,0.058,-0.0006));
#14897=CARTESIAN_POINT('',(0.06,0.01825,-0.0006));
#14898=CARTESIAN_POINT('',(0.06,0.054,-0.0006));
#14899=CARTESIAN_POINT('',(0.06,0.054,-0.847877081138588));
#14900=CARTESIAN_POINT('',(0.06,0.054,-0.0006));
#14901=CARTESIAN_POINT('',(0.062,0.058,-0.0006));
#14902=CARTESIAN_POINT('',(0.062,0.058,-0.000600000000000045));
#14903=CARTESIAN_POINT('',(0.06,0.054,-0.0006));
#14904=CARTESIAN_POINT('',(0.06,0.054,-0.0006));
#14905=CARTESIAN_POINT('',(0.062,0.056,-0.000600000000000045));
#14906=CARTESIAN_POINT('',(0.062,0.054,-0.0006));
#14907=CARTESIAN_POINT('',(0.0776250564748496,0.054,-0.0006));
#14908=CARTESIAN_POINT('',(0.062,0.054,-0.0006));
#14909=CARTESIAN_POINT('',(0.062,0.054,-0.0006));
#14910=CARTESIAN_POINT('',(0.062,0.054,-0.000600000000000045));
#14911=CARTESIAN_POINT('',(0.062,0.054,-0.847877081138588));
#14912=CARTESIAN_POINT('',(0.113371095974022,0.0625,0.011002));
#14913=CARTESIAN_POINT('',(0.113371095974022,0.0625,0.0026));
#14914=CARTESIAN_POINT('',(0.113371095974022,0.0625,0.008));
#14915=CARTESIAN_POINT('',(0.113371095974022,0.0505,0.011002));
#14916=CARTESIAN_POINT('',(0.113371095974022,0.0505,0.0026));
#14917=CARTESIAN_POINT('',(0.113371095974022,0.0505,0.008));
#14918=CARTESIAN_POINT('',(0.109935547987011,0.0532970296919434,0.0026));
#14919=CARTESIAN_POINT('',(0.113371095974022,0.0535,0.008));
#14920=CARTESIAN_POINT('',(0.109371095974022,0.0535,0.008));
#14921=CARTESIAN_POINT('',(0.113371095974022,0.0595,0.008));
#14922=CARTESIAN_POINT('',(0.109371095974022,0.0595,0.008));
#14923=CARTESIAN_POINT('',(0.109371095974022,0.0565,0.008));
#14924=CARTESIAN_POINT('',(0.109371095974022,0.064,0.008));
#14925=CARTESIAN_POINT('',(0.110871095974022,0.067,0.008));
#14926=CARTESIAN_POINT('',(0.112371095974022,0.067,0.008));
#14927=CARTESIAN_POINT('',(0.112371095974022,0.0655,0.008));
#14928=CARTESIAN_POINT('',(0.110871095974009,0.067,0.00839269913987572));
#14929=CARTESIAN_POINT('',(0.112371095973704,0.0669999999996809,0.0085890487970385));
#14930=CARTESIAN_POINT('',(0.112371095974022,0.0654999999999863,0.00839269913987572));
#14931=CARTESIAN_POINT('',(0.110792992837234,0.0668437937264114,0.00917791415038821));
#14932=CARTESIAN_POINT('',(0.112061880755226,0.0666907847812035,0.0096598759690334));
#14933=CARTESIAN_POINT('',(0.112214889700434,0.065421896863212,0.0091779141503882));
#14934=CARTESIAN_POINT('',(0.110459372745402,0.0661765535427633,0.0101765535463993));
#14935=CARTESIAN_POINT('',(0.111181767973955,0.0658106719999342,0.0105253757901786));
#14936=CARTESIAN_POINT('',(0.111547649516786,0.0650882767713799,0.0101765535463993));
#14937=CARTESIAN_POINT('',(0.109960053055969,0.0651779141638934,0.0108437937253725));
#14938=CARTESIAN_POINT('',(0.110277771301192,0.0649066753271666,0.0109195775932147));
#14939=CARTESIAN_POINT('',(0.110549010137916,0.0645889570819472,0.0108437937253725));
#14940=CARTESIAN_POINT('',(0.109567445529416,0.0643926991107878,0.011));
#14941=CARTESIAN_POINT('',(0.109665620296193,0.0642945243221783,0.0109999074256373));
#14942=CARTESIAN_POINT('',(0.10976379508481,0.0641963495553939,0.011));
#14943=CARTESIAN_POINT('',(0.109371095974022,0.064,0.011));
#14944=CARTESIAN_POINT('',(0.109371095974022,0.064,0.011));
#14945=CARTESIAN_POINT('',(0.109371095974022,0.064,0.011));
#14946=CARTESIAN_POINT('',(0.109371095974022,0.064,0.008));
#14947=CARTESIAN_POINT('',(0.091,0.064,0.008));
#14948=CARTESIAN_POINT('',(0.0825,0.049,0.008));
#14949=CARTESIAN_POINT('',(0.109371095974022,0.049,0.008));
#14950=CARTESIAN_POINT('',(0.109371095974022,0.049,0.011));
#14951=CARTESIAN_POINT('',(0.109371095974022,0.049,0.011));
#14952=CARTESIAN_POINT('',(0.109371095974022,0.049,0.011));
#14953=CARTESIAN_POINT('',(0.109567445529416,0.0486073008892142,0.011));
#14954=CARTESIAN_POINT('',(0.109665620296193,0.0487054756778275,0.0109999074256301));
#14955=CARTESIAN_POINT('',(0.10976379508481,0.0488036504446071,0.011));
#14956=CARTESIAN_POINT('',(0.109960053055969,0.0478220858361058,0.0108437937253725));
#14957=CARTESIAN_POINT('',(0.110277771301192,0.0480933246728306,0.0109195775932179));
#14958=CARTESIAN_POINT('',(0.110549010137916,0.0484110429180524,0.0108437937253725));
#14959=CARTESIAN_POINT('',(0.110459372745402,0.046823446457237,0.0101765535463994));
#14960=CARTESIAN_POINT('',(0.111181767973956,0.0471893280000664,0.0105253757901785));
#14961=CARTESIAN_POINT('',(0.111547649516785,0.0479117232286202,0.0101765535463994));
#14962=CARTESIAN_POINT('',(0.110792992837234,0.0461562062735886,0.00917791415038776));
#14963=CARTESIAN_POINT('',(0.112061880755224,0.0463092152187983,0.00965987596903089));
#14964=CARTESIAN_POINT('',(0.112214889700434,0.047578103136788,0.00917791415038775));
#14965=CARTESIAN_POINT('',(0.110871095974009,0.046,0.00839269913987673));
#14966=CARTESIAN_POINT('',(0.112371095973708,0.0460000000003137,0.00858904879704206));
#14967=CARTESIAN_POINT('',(0.112371095974022,0.0475000000000136,0.00839269913987673));
#14968=CARTESIAN_POINT('',(0.110871095974022,0.046,0.00799999999999999));
#14969=CARTESIAN_POINT('',(0.112371095974022,0.046,0.00799999999999999));
#14970=CARTESIAN_POINT('',(0.112371095974022,0.0475,0.00799999999999999));
#14971=CARTESIAN_POINT('',(0.109371095974022,0.049,0.008));
#14972=CARTESIAN_POINT('',(0.109371095974022,0.0565,0.008));
#14973=CARTESIAN_POINT('',(0.112971095974022,0.0655,0.01));
#14974=CARTESIAN_POINT('',(0.112971095974022,0.0655,0.01));
#14975=CARTESIAN_POINT('',(0.112971095974022,0.0655,0.01175));
#14976=CARTESIAN_POINT('',(0.112971095974022,0.0376117376217731,0.0070720398556838));
#14977=CARTESIAN_POINT('',(0.112971095974022,0.0655,0.0036));
#14978=CARTESIAN_POINT('',(0.112971095974022,0.0655,0.0036));
#14979=CARTESIAN_POINT('',(0.112971095974022,0.0655,0.00535));
#14980=CARTESIAN_POINT('',(0.112971095974022,0.0376117376217731,0.0070720398556838));
#14981=CARTESIAN_POINT('',(0.112971095974022,0.0475,0.0036));
#14982=CARTESIAN_POINT('',(0.112971095974022,0.0475,0.0036));
#14983=CARTESIAN_POINT('',(0.112971095974022,0.0475,0.00535));
#14984=CARTESIAN_POINT('',(0.112971095974022,0.0376117376217731,0.0070720398556838));
#14985=CARTESIAN_POINT('',(0.112971095974022,0.0475,0.01));
#14986=CARTESIAN_POINT('',(0.112971095974022,0.0475,0.01));
#14987=CARTESIAN_POINT('',(0.112971095974022,0.0475,0.01175));
#14988=CARTESIAN_POINT('',(0.112971095974022,0.0376117376217731,0.0070720398556838));
#14989=CARTESIAN_POINT('',(0.10896163518717,0.0331191368139937,0.0346768758239867));
#14990=CARTESIAN_POINT('',(0.0902853002998791,0.0439019237886465,0.0346768758239867));
#14991=CARTESIAN_POINT('',(0.0902853002998791,0.0439019237886465,0.0114486924936965));
#14992=CARTESIAN_POINT('',(0.0875837911234801,0.0454616408388587,0.0306709290921887));
#14993=CARTESIAN_POINT('',(0.090392740457403,0.0438398931847784,0.0106842160498828));
#14994=CARTESIAN_POINT('',(0.11118261951131,0.0318368509165851,0.0136060430054807));
#14995=CARTESIAN_POINT('',(0.10896163518717,0.0331191368139937,0.00867687582398673));
#14996=CARTESIAN_POINT('',(0.123842272963733,0.0245277965879817,0.00867687582398673));
#14997=CARTESIAN_POINT('',(0.10454707652649,0.0356678834450906,0.0142319470391518));
#14998=CARTESIAN_POINT('',(0.105786228469769,0.0349524587370718,0.0340818434098758));
#14999=CARTESIAN_POINT('',(0.108712699729122,0.0332628597677084,0.013258918417644));
#15000=CARTESIAN_POINT('',(0.11118261951131,0.0318368509165851,0.0136060430054807));
#15001=CARTESIAN_POINT('',(0.106569909990705,0.0345,0.0129577689592152));
#15002=CARTESIAN_POINT('',(0.106569909990705,0.0345,0.0346768758239867));
#15003=CARTESIAN_POINT('',(0.103105808375568,0.0365,0.0346768758239867));
#15004=CARTESIAN_POINT('',(0.103105808375568,0.0365,0.0124709212267299));
#15005=CARTESIAN_POINT('',(0.11118261951131,0.0318368509165851,0.0136060430054807));
#15006=CARTESIAN_POINT('',(0.0955421344148593,0.0408668891972775,0.0114079161748752));
#15007=CARTESIAN_POINT('',(0.0927001518910856,0.0425077085724105,0.0316296725760792));
#15008=CARTESIAN_POINT('',(0.0902853002998791,0.0489509618943232,0.0346768758239867));
#15009=CARTESIAN_POINT('',(0.0902853002998791,0.0489509618943232,0.0114486924936965));
#15010=CARTESIAN_POINT('',(0.10483663518717,0.0291498537133151,0.0346768758239867));
#15011=CARTESIAN_POINT('',(0.107117834403255,0.0278328027318332,0.0130347747135087));
#15012=CARTESIAN_POINT('',(0.086909655952861,0.0395,0.0101947004462755));
#15013=CARTESIAN_POINT('',(0.086909655952861,0.0395,0.0346768758239867));
#15014=CARTESIAN_POINT('',(0.0978090572642848,0.0332072277188438,0.0333599936010289));
#15015=CARTESIAN_POINT('',(0.10079055517919,0.0314858590950851,0.0121455336099635));
#15016=CARTESIAN_POINT('',(0.107117834403255,0.0278328027318332,0.0130347747135087));
#15017=CARTESIAN_POINT('',(0.112178637969718,0.0249109464304201,0.0137460242710043));
#15018=CARTESIAN_POINT('',(0.10912408588495,0.0266744928988141,0.035480291690402));
#15019=CARTESIAN_POINT('',(0.100502550056399,0.0316521389302562,0.0146046401472349));
#15020=CARTESIAN_POINT('',(0.121092272963733,0.0197646568671673,0.00867687582398673));
#15021=CARTESIAN_POINT('',(0.10483663518717,0.0291498537133151,0.00867687582398673));
#15022=CARTESIAN_POINT('',(0.106449043782531,0.0342061614698491,0.00867687582398673));
#15023=CARTESIAN_POINT('',(0.106449043782531,0.044,0.00867687582398674));
#15024=CARTESIAN_POINT('',(0.123684820595829,0.0242550810869996,0.00867687582398673));
#15025=CARTESIAN_POINT('',(0.0825,0.044,0.00667687582398673));
#15026=CARTESIAN_POINT('',(0.125837535182803,0.0202004049281549,0.00770658009771072));
#15027=CARTESIAN_POINT('',(0.0981663447970244,0.0095,0.0117767248924193));
#15028=CARTESIAN_POINT('',(0.0955421344148593,0.0095,0.0114079161748752));
#15029=CARTESIAN_POINT('',(0.0955421344148593,0.0095,0.0114079161748752));
#15030=CARTESIAN_POINT('',(0.0981663447970244,0.0095,0.0117767248924193));
#15031=CARTESIAN_POINT('',(0.10079055517919,0.0095,0.0121455336099635));
#15032=CARTESIAN_POINT('',(0.10079055517919,0.0095,0.0121455336099635));
#15033=CARTESIAN_POINT('',(0.0955421344148593,0.004,0.0114079161748752));
#15034=CARTESIAN_POINT('',(0.0955421344148593,-0.0015,0.0114079161748752));
#15035=CARTESIAN_POINT('',(0.0955421344148593,-0.0015,0.0114079161748752));
#15036=CARTESIAN_POINT('',(0.0955421344148593,0.004,0.0114079161748752));
#15037=CARTESIAN_POINT('',(0.102374984089176,-0.0015,0.0123682105714996));
#15038=CARTESIAN_POINT('',(0.109207833763493,-0.0015,0.0133285049681241));
#15039=CARTESIAN_POINT('',(0.109207833763493,-0.0015,0.0133285049681241));
#15040=CARTESIAN_POINT('',(0.102374984089176,-0.0015,0.0123682105714996));
#15041=CARTESIAN_POINT('',(0.109207833763493,0.002,0.0133285049681241));
#15042=CARTESIAN_POINT('',(0.109207833763493,0.0055,0.0133285049681241));
#15043=CARTESIAN_POINT('',(0.109207833763493,0.0055,0.0133285049681241));
#15044=CARTESIAN_POINT('',(0.109207833763493,0.002,0.0133285049681241));
#15045=CARTESIAN_POINT('',(0.110693235866605,0.0055,0.0135372646195642));
#15046=CARTESIAN_POINT('',(0.112178637969718,0.0055,0.0137460242710043));
#15047=CARTESIAN_POINT('',(0.112178637969718,0.0055,0.0137460242710043));
#15048=CARTESIAN_POINT('',(0.110693235866605,0.0055,0.0135372646195642));
#15049=CARTESIAN_POINT('',(0.112178637969718,0.0075,0.0137460242710043));
#15050=CARTESIAN_POINT('',(0.112178637969718,0.0095,0.0137460242710043));
#15051=CARTESIAN_POINT('',(0.112178637969718,0.0095,0.0137460242710043));
#15052=CARTESIAN_POINT('',(0.112178637969718,0.0075,0.0137460242710043));
#15053=CARTESIAN_POINT('',(0.11044566884942,0.0095,0.0135024713443241));
#15054=CARTESIAN_POINT('',(0.108712699729122,0.0095,0.013258918417644));
#15055=CARTESIAN_POINT('',(0.108712699729122,0.0095,0.013258918417644));
#15056=CARTESIAN_POINT('',(0.11044566884942,0.0095,0.0135024713443241));
#15057=CARTESIAN_POINT('',(0.108712699729122,0.0125,0.013258918417644));
#15058=CARTESIAN_POINT('',(0.108712699729122,0.0155,0.013258918417644));
#15059=CARTESIAN_POINT('',(0.108712699729122,0.0155,0.013258918417644));
#15060=CARTESIAN_POINT('',(0.108712699729122,0.0125,0.013258918417644));
#15061=CARTESIAN_POINT('',(0.104751627454156,0.0155,0.0127022260138038));
#15062=CARTESIAN_POINT('',(0.10079055517919,0.0155,0.0121455336099635));
#15063=CARTESIAN_POINT('',(0.10079055517919,0.0155,0.0121455336099635));
#15064=CARTESIAN_POINT('',(0.104751627454156,0.0155,0.0127022260138038));
#15065=CARTESIAN_POINT('',(0.10079055517919,0.0125,0.0121455336099635));
#15066=CARTESIAN_POINT('',(0.10079055517919,0.0125,0.0121455336099635));
#15067=CARTESIAN_POINT('',(0.0567236261201897,0.012,0.00595233061724059));
#15068=CARTESIAN_POINT('',(0.0793512514909345,0.0125,0.00913243597417808));
#15069=CARTESIAN_POINT('',(0.0767270411087694,0.0125,0.00876362725663391));
#15070=CARTESIAN_POINT('',(0.0767270411087694,0.0125,0.00876362725663391));
#15071=CARTESIAN_POINT('',(0.0793512514909345,0.0125,0.00913243597417808));
#15072=CARTESIAN_POINT('',(0.0819754618730997,0.0125,0.00950124469172226));
#15073=CARTESIAN_POINT('',(0.0819754618730997,0.0125,0.00950124469172226));
#15074=CARTESIAN_POINT('',(0.0767270411087694,0.007,0.00876362725663391));
#15075=CARTESIAN_POINT('',(0.0767270411087694,0.0015,0.00876362725663391));
#15076=CARTESIAN_POINT('',(0.0767270411087694,0.0015,0.00876362725663391));
#15077=CARTESIAN_POINT('',(0.0767270411087694,0.007,0.00876362725663391));
#15078=CARTESIAN_POINT('',(0.0835598907830862,0.0015,0.00972392165325836));
#15079=CARTESIAN_POINT('',(0.090392740457403,0.0015,0.0106842160498828));
#15080=CARTESIAN_POINT('',(0.090392740457403,0.0015,0.0106842160498828));
#15081=CARTESIAN_POINT('',(0.0835598907830862,0.0015,0.00972392165325836));
#15082=CARTESIAN_POINT('',(0.090392740457403,0.005,0.0106842160498828));
#15083=CARTESIAN_POINT('',(0.090392740457403,0.0085,0.0106842160498828));
#15084=CARTESIAN_POINT('',(0.090392740457403,0.0085,0.0106842160498828));
#15085=CARTESIAN_POINT('',(0.090392740457403,0.005,0.0106842160498828));
#15086=CARTESIAN_POINT('',(0.0918781425605154,0.0085,0.0108929757013229));
#15087=CARTESIAN_POINT('',(0.0933635446636277,0.0085,0.011101735352763));
#15088=CARTESIAN_POINT('',(0.0933635446636277,0.0085,0.011101735352763));
#15089=CARTESIAN_POINT('',(0.0918781425605154,0.0085,0.0108929757013229));
#15090=CARTESIAN_POINT('',(0.0933635446636277,0.0105,0.011101735352763));
#15091=CARTESIAN_POINT('',(0.0933635446636277,0.0125,0.011101735352763));
#15092=CARTESIAN_POINT('',(0.0933635446636277,0.0125,0.011101735352763));
#15093=CARTESIAN_POINT('',(0.0933635446636277,0.0105,0.011101735352763));
#15094=CARTESIAN_POINT('',(0.09163057554333,0.0125,0.0108581824260829));
#15095=CARTESIAN_POINT('',(0.0898976064230322,0.0125,0.0106146294994028));
#15096=CARTESIAN_POINT('',(0.0898976064230322,0.0125,0.0106146294994028));
#15097=CARTESIAN_POINT('',(0.09163057554333,0.0125,0.0108581824260829));
#15098=CARTESIAN_POINT('',(0.0898976064230322,0.0155,0.0106146294994028));
#15099=CARTESIAN_POINT('',(0.0898976064230322,0.0185,0.0106146294994028));
#15100=CARTESIAN_POINT('',(0.0898976064230322,0.0185,0.0106146294994028));
#15101=CARTESIAN_POINT('',(0.0898976064230322,0.0155,0.0106146294994028));
#15102=CARTESIAN_POINT('',(0.0859365341480659,0.0185,0.0100579370955625));
#15103=CARTESIAN_POINT('',(0.0819754618730997,0.0185,0.00950124469172226));
#15104=CARTESIAN_POINT('',(0.0819754618730997,0.0185,0.00950124469172226));
#15105=CARTESIAN_POINT('',(0.0859365341480659,0.0185,0.0100579370955625));
#15106=CARTESIAN_POINT('',(0.0819754618730997,0.0155,0.00950124469172226));
#15107=CARTESIAN_POINT('',(0.0819754618730997,0.0155,0.00950124469172226));
#15108=CARTESIAN_POINT('',(0.0567236261201897,0.012,0.00595233061724059));
#15109=CARTESIAN_POINT('',(0.0605361581848447,0.0195,0.00648814705593684));
#15110=CARTESIAN_POINT('',(0.0579119478026795,0.0195,0.00611933833839267));
#15111=CARTESIAN_POINT('',(0.0579119478026795,0.0195,0.00611933833839267));
#15112=CARTESIAN_POINT('',(0.0605361581848447,0.0195,0.00648814705593684));
#15113=CARTESIAN_POINT('',(0.0631603685670098,0.0195,0.00685695577348101));
#15114=CARTESIAN_POINT('',(0.0631603685670098,0.0195,0.00685695577348101));
#15115=CARTESIAN_POINT('',(0.0579119478026795,0.014,0.00611933833839267));
#15116=CARTESIAN_POINT('',(0.0579119478026795,0.0085,0.00611933833839267));
#15117=CARTESIAN_POINT('',(0.0579119478026795,0.0085,0.00611933833839267));
#15118=CARTESIAN_POINT('',(0.0579119478026795,0.014,0.00611933833839267));
#15119=CARTESIAN_POINT('',(0.0647447974769963,0.0085,0.00707963273501712));
#15120=CARTESIAN_POINT('',(0.0715776471513132,0.0085,0.00803992713164157));
#15121=CARTESIAN_POINT('',(0.0715776471513132,0.0085,0.00803992713164157));
#15122=CARTESIAN_POINT('',(0.0647447974769963,0.0085,0.00707963273501712));
#15123=CARTESIAN_POINT('',(0.0715776471513132,0.012,0.00803992713164157));
#15124=CARTESIAN_POINT('',(0.0715776471513132,0.0155,0.00803992713164157));
#15125=CARTESIAN_POINT('',(0.0715776471513132,0.0155,0.00803992713164157));
#15126=CARTESIAN_POINT('',(0.0715776471513132,0.012,0.00803992713164157));
#15127=CARTESIAN_POINT('',(0.0730630492544255,0.0155,0.00824868678308166));
#15128=CARTESIAN_POINT('',(0.0745484513575379,0.0155,0.00845744643452176));
#15129=CARTESIAN_POINT('',(0.0745484513575379,0.0155,0.00845744643452176));
#15130=CARTESIAN_POINT('',(0.0730630492544255,0.0155,0.00824868678308166));
#15131=CARTESIAN_POINT('',(0.0745484513575379,0.0175,0.00845744643452176));
#15132=CARTESIAN_POINT('',(0.0745484513575379,0.0195,0.00845744643452176));
#15133=CARTESIAN_POINT('',(0.0745484513575379,0.0195,0.00845744643452176));
#15134=CARTESIAN_POINT('',(0.0745484513575379,0.0175,0.00845744643452176));
#15135=CARTESIAN_POINT('',(0.0728154822372401,0.0195,0.00821389350784165));
#15136=CARTESIAN_POINT('',(0.0710825131169424,0.0195,0.00797034058116153));
#15137=CARTESIAN_POINT('',(0.0710825131169424,0.0195,0.00797034058116153));
#15138=CARTESIAN_POINT('',(0.0728154822372401,0.0195,0.00821389350784165));
#15139=CARTESIAN_POINT('',(0.0710825131169424,0.0225,0.00797034058116153));
#15140=CARTESIAN_POINT('',(0.0710825131169424,0.0255,0.00797034058116153));
#15141=CARTESIAN_POINT('',(0.0710825131169424,0.0255,0.00797034058116153));
#15142=CARTESIAN_POINT('',(0.0710825131169424,0.0225,0.00797034058116153));
#15143=CARTESIAN_POINT('',(0.0671214408419761,0.0255,0.00741364817732127));
#15144=CARTESIAN_POINT('',(0.0631603685670098,0.0255,0.00685695577348101));
#15145=CARTESIAN_POINT('',(0.0631603685670098,0.0255,0.00685695577348101));
#15146=CARTESIAN_POINT('',(0.0671214408419761,0.0255,0.00741364817732127));
#15147=CARTESIAN_POINT('',(0.0631603685670098,0.0225,0.00685695577348101));
#15148=CARTESIAN_POINT('',(0.0631603685670098,0.0225,0.00685695577348101));
#15149=CARTESIAN_POINT('',(0.0567236261201897,0.012,0.00595233061724059));
#15150=CARTESIAN_POINT('',(0.0417210648787548,0.0155,0.00384385813769559));
#15151=CARTESIAN_POINT('',(0.0390968544965897,0.0155,0.00347504942015141));
#15152=CARTESIAN_POINT('',(0.0390968544965897,0.0155,0.00347504942015141));
#15153=CARTESIAN_POINT('',(0.0417210648787548,0.0155,0.00384385813769559));
#15154=CARTESIAN_POINT('',(0.0443452752609199,0.0155,0.00421266685523977));
#15155=CARTESIAN_POINT('',(0.0443452752609199,0.0155,0.00421266685523977));
#15156=CARTESIAN_POINT('',(0.0390968544965897,0.01,0.00347504942015141));
#15157=CARTESIAN_POINT('',(0.0390968544965897,0.0045,0.00347504942015141));
#15158=CARTESIAN_POINT('',(0.0390968544965897,0.0045,0.00347504942015141));
#15159=CARTESIAN_POINT('',(0.0390968544965897,0.01,0.00347504942015141));
#15160=CARTESIAN_POINT('',(0.0459297041709065,0.0045,0.00443534381677586));
#15161=CARTESIAN_POINT('',(0.0527625538452233,0.0045,0.00539563821340032));
#15162=CARTESIAN_POINT('',(0.0527625538452233,0.0045,0.00539563821340032));
#15163=CARTESIAN_POINT('',(0.0459297041709065,0.0045,0.00443534381677586));
#15164=CARTESIAN_POINT('',(0.0527625538452233,0.008,0.00539563821340032));
#15165=CARTESIAN_POINT('',(0.0527625538452233,0.0115,0.00539563821340032));
#15166=CARTESIAN_POINT('',(0.0527625538452233,0.0115,0.00539563821340032));
#15167=CARTESIAN_POINT('',(0.0527625538452233,0.008,0.00539563821340032));
#15168=CARTESIAN_POINT('',(0.0542479559483356,0.0115,0.00560439786484041));
#15169=CARTESIAN_POINT('',(0.055733358051448,0.0115,0.00581315751628051));
#15170=CARTESIAN_POINT('',(0.055733358051448,0.0115,0.00581315751628051));
#15171=CARTESIAN_POINT('',(0.0542479559483356,0.0115,0.00560439786484041));
#15172=CARTESIAN_POINT('',(0.055733358051448,0.0135,0.00581315751628051));
#15173=CARTESIAN_POINT('',(0.055733358051448,0.0155,0.00581315751628051));
#15174=CARTESIAN_POINT('',(0.055733358051448,0.0155,0.00581315751628051));
#15175=CARTESIAN_POINT('',(0.055733358051448,0.0135,0.00581315751628051));
#15176=CARTESIAN_POINT('',(0.0540003889311502,0.0155,0.0055696045896004));
#15177=CARTESIAN_POINT('',(0.0522674198108525,0.0155,0.00532605166292028));
#15178=CARTESIAN_POINT('',(0.0522674198108525,0.0155,0.00532605166292028));
#15179=CARTESIAN_POINT('',(0.0540003889311502,0.0155,0.0055696045896004));
#15180=CARTESIAN_POINT('',(0.0522674198108525,0.0185,0.00532605166292028));
#15181=CARTESIAN_POINT('',(0.0522674198108525,0.0215,0.00532605166292029));
#15182=CARTESIAN_POINT('',(0.0522674198108525,0.0215,0.00532605166292029));
#15183=CARTESIAN_POINT('',(0.0522674198108525,0.0185,0.00532605166292028));
#15184=CARTESIAN_POINT('',(0.0483063475358862,0.0215,0.00476935925908002));
#15185=CARTESIAN_POINT('',(0.0443452752609199,0.0215,0.00421266685523977));
#15186=CARTESIAN_POINT('',(0.0443452752609199,0.0215,0.00421266685523977));
#15187=CARTESIAN_POINT('',(0.0483063475358862,0.0215,0.00476935925908002));
#15188=CARTESIAN_POINT('',(0.0443452752609199,0.0185,0.00421266685523977));
#15189=CARTESIAN_POINT('',(0.0443452752609199,0.0185,0.00421266685523977));
#15190=CARTESIAN_POINT('',(0.0567236261201897,0.012,0.00595233061724059));
#15191=CARTESIAN_POINT('',(0.022905971572665,0.0115,0.00119956921945435));
#15192=CARTESIAN_POINT('',(0.0202817611904998,0.0115,0.000830760501910176));
#15193=CARTESIAN_POINT('',(0.0202817611904998,0.0115,0.000830760501910176));
#15194=CARTESIAN_POINT('',(0.022905971572665,0.0115,0.00119956921945435));
#15195=CARTESIAN_POINT('',(0.0255301819548302,0.0115,0.00156837793699853));
#15196=CARTESIAN_POINT('',(0.0255301819548302,0.0115,0.00156837793699853));
#15197=CARTESIAN_POINT('',(0.0202817611904998,0.006,0.000830760501910176));
#15198=CARTESIAN_POINT('',(0.0202817611904998,0.0005,0.000830760501910177));
#15199=CARTESIAN_POINT('',(0.0202817611904998,0.0005,0.000830760501910177));
#15200=CARTESIAN_POINT('',(0.0202817611904998,0.006,0.000830760501910176));
#15201=CARTESIAN_POINT('',(0.0271146108648166,0.0005,0.00179105489853462));
#15202=CARTESIAN_POINT('',(0.0339474605391335,0.0005,0.00275134929515907));
#15203=CARTESIAN_POINT('',(0.0339474605391335,0.0005,0.00275134929515907));
#15204=CARTESIAN_POINT('',(0.0271146108648166,0.0005,0.00179105489853462));
#15205=CARTESIAN_POINT('',(0.0339474605391335,0.004,0.00275134929515907));
#15206=CARTESIAN_POINT('',(0.0339474605391335,0.0075,0.00275134929515907));
#15207=CARTESIAN_POINT('',(0.0339474605391335,0.0075,0.00275134929515907));
#15208=CARTESIAN_POINT('',(0.0339474605391335,0.004,0.00275134929515907));
#15209=CARTESIAN_POINT('',(0.0354328626422458,0.0075,0.00296010894659918));
#15210=CARTESIAN_POINT('',(0.0369182647453582,0.0075,0.00316886859803927));
#15211=CARTESIAN_POINT('',(0.0369182647453582,0.0075,0.00316886859803927));
#15212=CARTESIAN_POINT('',(0.0354328626422458,0.0075,0.00296010894659918));
#15213=CARTESIAN_POINT('',(0.0369182647453582,0.0095,0.00316886859803927));
#15214=CARTESIAN_POINT('',(0.0369182647453582,0.0115,0.00316886859803927));
#15215=CARTESIAN_POINT('',(0.0369182647453582,0.0115,0.00316886859803927));
#15216=CARTESIAN_POINT('',(0.0369182647453582,0.0095,0.00316886859803927));
#15217=CARTESIAN_POINT('',(0.0351852956250604,0.0115,0.00292531567135915));
#15218=CARTESIAN_POINT('',(0.0334523265047627,0.0115,0.00268176274467904));
#15219=CARTESIAN_POINT('',(0.0334523265047627,0.0115,0.00268176274467904));
#15220=CARTESIAN_POINT('',(0.0351852956250604,0.0115,0.00292531567135915));
#15221=CARTESIAN_POINT('',(0.0334523265047627,0.0145,0.00268176274467904));
#15222=CARTESIAN_POINT('',(0.0334523265047627,0.0175,0.00268176274467904));
#15223=CARTESIAN_POINT('',(0.0334523265047627,0.0175,0.00268176274467904));
#15224=CARTESIAN_POINT('',(0.0334523265047627,0.0145,0.00268176274467904));
#15225=CARTESIAN_POINT('',(0.0294912542297964,0.0175,0.00212507034083879));
#15226=CARTESIAN_POINT('',(0.0255301819548302,0.0175,0.00156837793699853));
#15227=CARTESIAN_POINT('',(0.0255301819548302,0.0175,0.00156837793699853));
#15228=CARTESIAN_POINT('',(0.0294912542297964,0.0175,0.00212507034083879));
#15229=CARTESIAN_POINT('',(0.0255301819548302,0.0145,0.00156837793699853));
#15230=CARTESIAN_POINT('',(0.0255301819548302,0.0145,0.00156837793699853));
#15231=CARTESIAN_POINT('',(0.0567236261201897,0.012,0.00595233061724059));
#15232=CARTESIAN_POINT('',(0.00409087826657518,0.0115,-0.00144471969878689));
#15233=CARTESIAN_POINT('',(0.00146666788441002,0.0115,-0.00181352841633106));
#15234=CARTESIAN_POINT('',(0.00132749478344995,0.0115,-0.000823260347589492));
#15235=CARTESIAN_POINT('',(0.00231776285219153,0.0115,-0.000684087246629425));
#15236=CARTESIAN_POINT('',(0.00245693595315159,0.0115,-0.00167435531537099));
#15237=CARTESIAN_POINT('',(0.00409087826657518,0.0115,-0.00144471969878689));
#15238=CARTESIAN_POINT('',(0.00671508864874034,0.0115,-0.00107591098124271));
#15239=CARTESIAN_POINT('',(0.00671508864874034,0.0115,-0.00107591098124271));
#15240=CARTESIAN_POINT('',(0.00146666788441002,0.006,-0.00181352841633106));
#15241=CARTESIAN_POINT('',(0.00146666788441002,0.0005,-0.00181352841633106));
#15242=CARTESIAN_POINT('',(0.00132749478344995,0.0005,-0.000823260347589492));
#15243=CARTESIAN_POINT('',(0.00132749478344995,0.006,-0.000823260347589492));
#15244=CARTESIAN_POINT('',(0.00829951755872684,0.0005,-0.000853234019706612));
#15245=CARTESIAN_POINT('',(0.00829951755872684,0.0005,-0.000853234019706612));
#15246=CARTESIAN_POINT('',(0.00245693595315159,0.0005,-0.00167435531537099));
#15247=CARTESIAN_POINT('',(0.0151323672330437,0.0005,0.000107060376917838));
#15248=CARTESIAN_POINT('',(0.00231776285219153,0.0005,-0.000684087246629425));
#15249=CARTESIAN_POINT('',(0.0151323672330437,0.0005,0.000107060376917838));
#15250=CARTESIAN_POINT('',(0.0151323672330437,0.004,0.000107060376917838));
#15251=CARTESIAN_POINT('',(0.0151323672330437,0.0075,0.000107060376917837));
#15252=CARTESIAN_POINT('',(0.0151323672330437,0.0075,0.000107060376917837));
#15253=CARTESIAN_POINT('',(0.0151323672330437,0.004,0.000107060376917838));
#15254=CARTESIAN_POINT('',(0.016617769336156,0.0075,0.000315820028357936));
#15255=CARTESIAN_POINT('',(0.0181031714392683,0.0075,0.000524579679798032));
#15256=CARTESIAN_POINT('',(0.0181031714392683,0.0075,0.000524579679798032));
#15257=CARTESIAN_POINT('',(0.016617769336156,0.0075,0.000315820028357936));
#15258=CARTESIAN_POINT('',(0.0181031714392683,0.0095,0.000524579679798032));
#15259=CARTESIAN_POINT('',(0.0181031714392683,0.0115,0.000524579679798034));
#15260=CARTESIAN_POINT('',(0.0181031714392683,0.0115,0.000524579679798034));
#15261=CARTESIAN_POINT('',(0.0181031714392683,0.0095,0.000524579679798032));
#15262=CARTESIAN_POINT('',(0.0163702023189706,0.0115,0.000281026753117918));
#15263=CARTESIAN_POINT('',(0.0146372331986729,0.0115,3.74738264378054E-05));
#15264=CARTESIAN_POINT('',(0.0146372331986729,0.0115,3.74738264378054E-05));
#15265=CARTESIAN_POINT('',(0.0163702023189706,0.0115,0.000281026753117918));
#15266=CARTESIAN_POINT('',(0.0146372331986729,0.0145,3.74738264378041E-05));
#15267=CARTESIAN_POINT('',(0.0146372331986729,0.0175,3.74738264378041E-05));
#15268=CARTESIAN_POINT('',(0.0146372331986729,0.0175,3.74738264378041E-05));
#15269=CARTESIAN_POINT('',(0.0146372331986729,0.0145,3.74738264378041E-05));
#15270=CARTESIAN_POINT('',(0.0106761609237066,0.0175,-0.000519218577402455));
#15271=CARTESIAN_POINT('',(0.00671508864874034,0.0175,-0.00107591098124271));
#15272=CARTESIAN_POINT('',(0.00671508864874034,0.0175,-0.00107591098124271));
#15273=CARTESIAN_POINT('',(0.0106761609237066,0.0175,-0.000519218577402455));
#15274=CARTESIAN_POINT('',(0.00671508864874034,0.0145,-0.00107591098124271));
#15275=CARTESIAN_POINT('',(0.00671508864874034,0.0145,-0.00107591098124271));
#15276=CARTESIAN_POINT('',(0.0567236261201897,0.012,0.00595233061724059));
#15277=CARTESIAN_POINT('',(0.0024569359531516,0.012,-0.00167435531537099));
#15278=CARTESIAN_POINT('',(0.00231776285219153,0.012,-0.000684087246629425));
#15279=CARTESIAN_POINT('',(0.0567236261201897,0.031,0.00595233061724059));
#15280=CARTESIAN_POINT('',(0.102374984089176,0.0175,0.0123682105714996));
#15281=CARTESIAN_POINT('',(0.109207833763493,0.0175,0.0133285049681241));
#15282=CARTESIAN_POINT('',(0.109207833763493,0.021,0.0133285049681241));
#15283=CARTESIAN_POINT('',(0.109207833763493,0.0245,0.0133285049681241));
#15284=CARTESIAN_POINT('',(0.110693235866605,0.0245,0.0135372646195642));
#15285=CARTESIAN_POINT('',(0.112178637969718,0.0245,0.0137460242710043));
#15286=CARTESIAN_POINT('',(0.112178637969718,0.0265,0.0137460242710043));
#15287=CARTESIAN_POINT('',(0.10079055517919,0.0315,0.0121455336099635));
#15288=CARTESIAN_POINT('',(0.10079055517919,0.0285,0.0121455336099635));
#15289=CARTESIAN_POINT('',(0.0981663447970244,0.0285,0.0117767248924193));
#15290=CARTESIAN_POINT('',(0.0955421344148593,0.0285,0.0114079161748752));
#15291=CARTESIAN_POINT('',(0.0955421344148593,0.023,0.0114079161748752));
#15292=CARTESIAN_POINT('',(0.10079055517919,0.0315,0.0121455336099635));
#15293=CARTESIAN_POINT('',(0.10079055517919,0.0285,0.0121455336099635));
#15294=CARTESIAN_POINT('',(0.112178637969718,0.0265,0.0137460242710043));
#15295=CARTESIAN_POINT('',(0.112178637969718,0.0245,0.0137460242710043));
#15296=CARTESIAN_POINT('',(0.102374984089176,0.0175,0.0123682105714996));
#15297=CARTESIAN_POINT('',(0.109207833763493,0.0175,0.0133285049681241));
#15298=CARTESIAN_POINT('',(0.0955421344148593,0.023,0.0114079161748752));
#15299=CARTESIAN_POINT('',(0.0955421344148593,0.0285,0.0114079161748752));
#15300=CARTESIAN_POINT('',(0.110693235866605,0.0245,0.0135372646195642));
#15301=CARTESIAN_POINT('',(0.109207833763493,0.0245,0.0133285049681241));
#15302=CARTESIAN_POINT('',(0.109207833763493,0.021,0.0133285049681241));
#15303=CARTESIAN_POINT('',(0.0981663447970244,0.0285,0.0117767248924193));
#15304=CARTESIAN_POINT('',(0.108712699729122,0.0315,0.013258918417644));
#15305=CARTESIAN_POINT('',(0.108712699729122,0.0345,0.013258918417644));
#15306=CARTESIAN_POINT('',(0.108712699729122,0.0345,0.013258918417644));
#15307=CARTESIAN_POINT('',(0.108712699729122,0.0315,0.013258918417644));
#15308=CARTESIAN_POINT('',(0.104751627454156,0.0345,0.0127022260138038));
#15309=CARTESIAN_POINT('',(0.104751627454156,0.0345,0.0127022260138038));
#15310=CARTESIAN_POINT('',(0.0567236261201897,0.031,0.00595233061724059));
#15311=CARTESIAN_POINT('',(0.0202817611904998,0.025,0.000830760501910177));
#15312=CARTESIAN_POINT('',(0.0202817611904998,0.025,0.000830760501910177));
#15313=CARTESIAN_POINT('',(0.0202817611904998,0.0305,0.000830760501910177));
#15314=CARTESIAN_POINT('',(0.0202817611904998,0.0305,0.000830760501910177));
#15315=CARTESIAN_POINT('',(0.0271146108648166,0.0195,0.00179105489853463));
#15316=CARTESIAN_POINT('',(0.0339474605391335,0.0195,0.00275134929515907));
#15317=CARTESIAN_POINT('',(0.0339474605391335,0.0195,0.00275134929515907));
#15318=CARTESIAN_POINT('',(0.0271146108648166,0.0195,0.00179105489853463));
#15319=CARTESIAN_POINT('',(0.0567236261201897,0.031,0.00595233061724059));
#15320=CARTESIAN_POINT('',(0.0339474605391335,0.023,0.00275134929515907));
#15321=CARTESIAN_POINT('',(0.0339474605391335,0.0265,0.00275134929515907));
#15322=CARTESIAN_POINT('',(0.0354328626422458,0.0265,0.00296010894659918));
#15323=CARTESIAN_POINT('',(0.0369182647453582,0.0265,0.00316886859803927));
#15324=CARTESIAN_POINT('',(0.0369182647453582,0.0285,0.00316886859803927));
#15325=CARTESIAN_POINT('',(0.0369182647453582,0.0305,0.00316886859803927));
#15326=CARTESIAN_POINT('',(0.0351852956250604,0.0305,0.00292531567135915));
#15327=CARTESIAN_POINT('',(0.0334523265047627,0.0305,0.00268176274467904));
#15328=CARTESIAN_POINT('',(0.0334523265047627,0.0335,0.00268176274467904));
#15329=CARTESIAN_POINT('',(0.0334523265047627,0.0365,0.00268176274467904));
#15330=CARTESIAN_POINT('',(0.0294912542297964,0.0365,0.00212507034083879));
#15331=CARTESIAN_POINT('',(0.0255301819548302,0.0365,0.00156837793699853));
#15332=CARTESIAN_POINT('',(0.0255301819548302,0.0335,0.00156837793699853));
#15333=CARTESIAN_POINT('',(0.0255301819548302,0.0305,0.00156837793699853));
#15334=CARTESIAN_POINT('',(0.022905971572665,0.0305,0.00119956921945435));
#15335=CARTESIAN_POINT('',(0.022905971572665,0.0305,0.00119956921945435));
#15336=CARTESIAN_POINT('',(0.0255301819548302,0.0305,0.00156837793699853));
#15337=CARTESIAN_POINT('',(0.0339474605391335,0.023,0.00275134929515907));
#15338=CARTESIAN_POINT('',(0.0339474605391335,0.0265,0.00275134929515907));
#15339=CARTESIAN_POINT('',(0.0354328626422458,0.0265,0.00296010894659918));
#15340=CARTESIAN_POINT('',(0.0369182647453582,0.0265,0.00316886859803927));
#15341=CARTESIAN_POINT('',(0.0369182647453582,0.0285,0.00316886859803927));
#15342=CARTESIAN_POINT('',(0.0369182647453582,0.0305,0.00316886859803927));
#15343=CARTESIAN_POINT('',(0.0351852956250604,0.0305,0.00292531567135915));
#15344=CARTESIAN_POINT('',(0.0334523265047627,0.0305,0.00268176274467904));
#15345=CARTESIAN_POINT('',(0.0334523265047627,0.0335,0.00268176274467904));
#15346=CARTESIAN_POINT('',(0.0334523265047627,0.0365,0.00268176274467904));
#15347=CARTESIAN_POINT('',(0.0294912542297964,0.0365,0.00212507034083879));
#15348=CARTESIAN_POINT('',(0.0255301819548302,0.0365,0.00156837793699853));
#15349=CARTESIAN_POINT('',(0.0255301819548302,0.0335,0.00156837793699853));
#15350=CARTESIAN_POINT('',(0.0793512514909345,0.0315,0.00913243597417808));
#15351=CARTESIAN_POINT('',(0.0767270411087694,0.0315,0.00876362725663391));
#15352=CARTESIAN_POINT('',(0.0767270411087694,0.0315,0.00876362725663391));
#15353=CARTESIAN_POINT('',(0.0793512514909345,0.0315,0.00913243597417808));
#15354=CARTESIAN_POINT('',(0.0819754618730997,0.0315,0.00950124469172226));
#15355=CARTESIAN_POINT('',(0.0819754618730997,0.0315,0.00950124469172226));
#15356=CARTESIAN_POINT('',(0.0767270411087694,0.026,0.00876362725663391));
#15357=CARTESIAN_POINT('',(0.0767270411087694,0.0205,0.00876362725663391));
#15358=CARTESIAN_POINT('',(0.0767270411087694,0.0205,0.00876362725663391));
#15359=CARTESIAN_POINT('',(0.0767270411087694,0.026,0.00876362725663391));
#15360=CARTESIAN_POINT('',(0.0835598907830862,0.0205,0.00972392165325836));
#15361=CARTESIAN_POINT('',(0.090392740457403,0.0205,0.0106842160498828));
#15362=CARTESIAN_POINT('',(0.090392740457403,0.0205,0.0106842160498828));
#15363=CARTESIAN_POINT('',(0.0835598907830862,0.0205,0.00972392165325836));
#15364=CARTESIAN_POINT('',(0.090392740457403,0.024,0.0106842160498828));
#15365=CARTESIAN_POINT('',(0.090392740457403,0.0275,0.0106842160498828));
#15366=CARTESIAN_POINT('',(0.090392740457403,0.0275,0.0106842160498828));
#15367=CARTESIAN_POINT('',(0.090392740457403,0.024,0.0106842160498828));
#15368=CARTESIAN_POINT('',(0.0918781425605154,0.0275,0.0108929757013229));
#15369=CARTESIAN_POINT('',(0.0933635446636277,0.0275,0.011101735352763));
#15370=CARTESIAN_POINT('',(0.0933635446636277,0.0275,0.011101735352763));
#15371=CARTESIAN_POINT('',(0.0918781425605154,0.0275,0.0108929757013229));
#15372=CARTESIAN_POINT('',(0.0933635446636277,0.0295,0.011101735352763));
#15373=CARTESIAN_POINT('',(0.0933635446636277,0.0315,0.011101735352763));
#15374=CARTESIAN_POINT('',(0.0933635446636277,0.0315,0.011101735352763));
#15375=CARTESIAN_POINT('',(0.0933635446636277,0.0295,0.011101735352763));
#15376=CARTESIAN_POINT('',(0.09163057554333,0.0315,0.0108581824260829));
#15377=CARTESIAN_POINT('',(0.0898976064230322,0.0315,0.0106146294994028));
#15378=CARTESIAN_POINT('',(0.0898976064230322,0.0315,0.0106146294994028));
#15379=CARTESIAN_POINT('',(0.09163057554333,0.0315,0.0108581824260829));
#15380=CARTESIAN_POINT('',(0.0898976064230322,0.0345,0.0106146294994028));
#15381=CARTESIAN_POINT('',(0.0898976064230322,0.0375,0.0106146294994028));
#15382=CARTESIAN_POINT('',(0.0898976064230322,0.0375,0.0106146294994028));
#15383=CARTESIAN_POINT('',(0.0898976064230322,0.0345,0.0106146294994028));
#15384=CARTESIAN_POINT('',(0.0859365341480659,0.0375,0.0100579370955625));
#15385=CARTESIAN_POINT('',(0.0819754618730997,0.0375,0.00950124469172226));
#15386=CARTESIAN_POINT('',(0.0819754618730997,0.0375,0.00950124469172226));
#15387=CARTESIAN_POINT('',(0.0859365341480659,0.0375,0.0100579370955625));
#15388=CARTESIAN_POINT('',(0.0819754618730997,0.0345,0.00950124469172226));
#15389=CARTESIAN_POINT('',(0.0819754618730997,0.0345,0.00950124469172226));
#15390=CARTESIAN_POINT('',(0.0567236261201897,0.031,0.00595233061724059));
#15391=CARTESIAN_POINT('',(0.0605361581848447,0.0385,0.00648814705593684));
#15392=CARTESIAN_POINT('',(0.0579119478026795,0.0385,0.00611933833839267));
#15393=CARTESIAN_POINT('',(0.0579119478026795,0.0385,0.00611933833839267));
#15394=CARTESIAN_POINT('',(0.0605361581848447,0.0385,0.00648814705593684));
#15395=CARTESIAN_POINT('',(0.0631603685670098,0.0385,0.00685695577348101));
#15396=CARTESIAN_POINT('',(0.0631603685670098,0.0385,0.00685695577348101));
#15397=CARTESIAN_POINT('',(0.0579119478026795,0.033,0.00611933833839267));
#15398=CARTESIAN_POINT('',(0.0579119478026795,0.0275,0.00611933833839267));
#15399=CARTESIAN_POINT('',(0.0579119478026795,0.0275,0.00611933833839267));
#15400=CARTESIAN_POINT('',(0.0579119478026795,0.033,0.00611933833839267));
#15401=CARTESIAN_POINT('',(0.0647447974769963,0.0275,0.00707963273501712));
#15402=CARTESIAN_POINT('',(0.0715776471513132,0.0275,0.00803992713164157));
#15403=CARTESIAN_POINT('',(0.0715776471513132,0.0275,0.00803992713164157));
#15404=CARTESIAN_POINT('',(0.0647447974769963,0.0275,0.00707963273501712));
#15405=CARTESIAN_POINT('',(0.0715776471513132,0.031,0.00803992713164157));
#15406=CARTESIAN_POINT('',(0.0715776471513132,0.0345,0.00803992713164157));
#15407=CARTESIAN_POINT('',(0.0715776471513132,0.0345,0.00803992713164157));
#15408=CARTESIAN_POINT('',(0.0715776471513132,0.031,0.00803992713164157));
#15409=CARTESIAN_POINT('',(0.0730630492544255,0.0345,0.00824868678308166));
#15410=CARTESIAN_POINT('',(0.0745484513575379,0.0345,0.00845744643452176));
#15411=CARTESIAN_POINT('',(0.0745484513575379,0.0345,0.00845744643452176));
#15412=CARTESIAN_POINT('',(0.0730630492544255,0.0345,0.00824868678308166));
#15413=CARTESIAN_POINT('',(0.0745484513575379,0.0365,0.00845744643452176));
#15414=CARTESIAN_POINT('',(0.0745484513575379,0.0385,0.00845744643452176));
#15415=CARTESIAN_POINT('',(0.0745484513575379,0.0385,0.00845744643452176));
#15416=CARTESIAN_POINT('',(0.0745484513575379,0.0365,0.00845744643452176));
#15417=CARTESIAN_POINT('',(0.0728154822372401,0.0385,0.00821389350784165));
#15418=CARTESIAN_POINT('',(0.0710825131169424,0.0385,0.00797034058116153));
#15419=CARTESIAN_POINT('',(0.0710825131169424,0.0385,0.00797034058116153));
#15420=CARTESIAN_POINT('',(0.0728154822372401,0.0385,0.00821389350784165));
#15421=CARTESIAN_POINT('',(0.0710825131169424,0.0415,0.00797034058116153));
#15422=CARTESIAN_POINT('',(0.0710825131169424,0.0445,0.00797034058116153));
#15423=CARTESIAN_POINT('',(0.0710825131169424,0.0445,0.00797034058116153));
#15424=CARTESIAN_POINT('',(0.0710825131169424,0.0415,0.00797034058116153));
#15425=CARTESIAN_POINT('',(0.0671214408419761,0.0445,0.00741364817732127));
#15426=CARTESIAN_POINT('',(0.0631603685670098,0.0445,0.00685695577348101));
#15427=CARTESIAN_POINT('',(0.0631603685670098,0.0445,0.00685695577348101));
#15428=CARTESIAN_POINT('',(0.0671214408419761,0.0445,0.00741364817732127));
#15429=CARTESIAN_POINT('',(0.0631603685670098,0.0415,0.00685695577348101));
#15430=CARTESIAN_POINT('',(0.0631603685670098,0.0415,0.00685695577348101));
#15431=CARTESIAN_POINT('',(0.0567236261201897,0.031,0.00595233061724059));
#15432=CARTESIAN_POINT('',(0.0417210648787548,0.0345,0.00384385813769559));
#15433=CARTESIAN_POINT('',(0.0390968544965897,0.0345,0.00347504942015141));
#15434=CARTESIAN_POINT('',(0.0390968544965897,0.0345,0.00347504942015141));
#15435=CARTESIAN_POINT('',(0.0417210648787548,0.0345,0.00384385813769559));
#15436=CARTESIAN_POINT('',(0.0443452752609199,0.0345,0.00421266685523977));
#15437=CARTESIAN_POINT('',(0.0443452752609199,0.0345,0.00421266685523977));
#15438=CARTESIAN_POINT('',(0.0390968544965897,0.029,0.00347504942015141));
#15439=CARTESIAN_POINT('',(0.0390968544965897,0.0235,0.00347504942015141));
#15440=CARTESIAN_POINT('',(0.0390968544965897,0.0235,0.00347504942015141));
#15441=CARTESIAN_POINT('',(0.0390968544965897,0.029,0.00347504942015141));
#15442=CARTESIAN_POINT('',(0.0459297041709065,0.0235,0.00443534381677586));
#15443=CARTESIAN_POINT('',(0.0527625538452233,0.0235,0.00539563821340032));
#15444=CARTESIAN_POINT('',(0.0527625538452233,0.0235,0.00539563821340032));
#15445=CARTESIAN_POINT('',(0.0459297041709065,0.0235,0.00443534381677586));
#15446=CARTESIAN_POINT('',(0.0527625538452233,0.027,0.00539563821340032));
#15447=CARTESIAN_POINT('',(0.0527625538452233,0.0305,0.00539563821340032));
#15448=CARTESIAN_POINT('',(0.0527625538452233,0.0305,0.00539563821340032));
#15449=CARTESIAN_POINT('',(0.0527625538452233,0.027,0.00539563821340032));
#15450=CARTESIAN_POINT('',(0.0542479559483356,0.0305,0.00560439786484041));
#15451=CARTESIAN_POINT('',(0.055733358051448,0.0305,0.00581315751628051));
#15452=CARTESIAN_POINT('',(0.055733358051448,0.0305,0.00581315751628051));
#15453=CARTESIAN_POINT('',(0.0542479559483356,0.0305,0.00560439786484041));
#15454=CARTESIAN_POINT('',(0.055733358051448,0.0325,0.00581315751628051));
#15455=CARTESIAN_POINT('',(0.055733358051448,0.0345,0.00581315751628051));
#15456=CARTESIAN_POINT('',(0.055733358051448,0.0345,0.00581315751628051));
#15457=CARTESIAN_POINT('',(0.055733358051448,0.0325,0.00581315751628051));
#15458=CARTESIAN_POINT('',(0.0540003889311502,0.0345,0.0055696045896004));
#15459=CARTESIAN_POINT('',(0.0522674198108525,0.0345,0.00532605166292028));
#15460=CARTESIAN_POINT('',(0.0522674198108525,0.0345,0.00532605166292028));
#15461=CARTESIAN_POINT('',(0.0540003889311502,0.0345,0.0055696045896004));
#15462=CARTESIAN_POINT('',(0.0522674198108525,0.0375,0.00532605166292028));
#15463=CARTESIAN_POINT('',(0.0522674198108525,0.0405,0.00532605166292029));
#15464=CARTESIAN_POINT('',(0.0522674198108525,0.0405,0.00532605166292029));
#15465=CARTESIAN_POINT('',(0.0522674198108525,0.0375,0.00532605166292028));
#15466=CARTESIAN_POINT('',(0.0483063475358862,0.0405,0.00476935925908002));
#15467=CARTESIAN_POINT('',(0.0443452752609199,0.0405,0.00421266685523977));
#15468=CARTESIAN_POINT('',(0.0443452752609199,0.0405,0.00421266685523977));
#15469=CARTESIAN_POINT('',(0.0483063475358862,0.0405,0.00476935925908002));
#15470=CARTESIAN_POINT('',(0.0443452752609199,0.0375,0.00421266685523977));
#15471=CARTESIAN_POINT('',(0.0443452752609199,0.0375,0.00421266685523977));
#15472=CARTESIAN_POINT('',(0.0567236261201897,0.031,0.00595233061724059));
#15473=CARTESIAN_POINT('',(0.00409087826657518,0.0305,-0.00144471969878689));
#15474=CARTESIAN_POINT('',(0.00146666788441002,0.0305,-0.00181352841633106));
#15475=CARTESIAN_POINT('',(0.00132749478344995,0.0305,-0.000823260347589492));
#15476=CARTESIAN_POINT('',(0.00231776285219153,0.0305,-0.000684087246629425));
#15477=CARTESIAN_POINT('',(0.00245693595315159,0.0305,-0.00167435531537099));
#15478=CARTESIAN_POINT('',(0.00409087826657518,0.0305,-0.00144471969878689));
#15479=CARTESIAN_POINT('',(0.00671508864874034,0.0305,-0.00107591098124271));
#15480=CARTESIAN_POINT('',(0.00671508864874034,0.0305,-0.00107591098124271));
#15481=CARTESIAN_POINT('',(0.00146666788441002,0.025,-0.00181352841633106));
#15482=CARTESIAN_POINT('',(0.00146666788441002,0.0195,-0.00181352841633106));
#15483=CARTESIAN_POINT('',(0.00132749478344995,0.0195,-0.000823260347589492));
#15484=CARTESIAN_POINT('',(0.00132749478344995,0.025,-0.000823260347589492));
#15485=CARTESIAN_POINT('',(0.00829951755872684,0.0195,-0.000853234019706612));
#15486=CARTESIAN_POINT('',(0.00829951755872684,0.0195,-0.000853234019706612));
#15487=CARTESIAN_POINT('',(0.00245693595315159,0.0195,-0.00167435531537099));
#15488=CARTESIAN_POINT('',(0.0151323672330437,0.0195,0.000107060376917838));
#15489=CARTESIAN_POINT('',(0.00231776285219153,0.0195,-0.000684087246629425));
#15490=CARTESIAN_POINT('',(0.0151323672330437,0.0195,0.000107060376917838));
#15491=CARTESIAN_POINT('',(0.0151323672330437,0.023,0.000107060376917838));
#15492=CARTESIAN_POINT('',(0.0151323672330437,0.0265,0.000107060376917838));
#15493=CARTESIAN_POINT('',(0.0151323672330437,0.0265,0.000107060376917838));
#15494=CARTESIAN_POINT('',(0.0151323672330437,0.023,0.000107060376917838));
#15495=CARTESIAN_POINT('',(0.016617769336156,0.0265,0.000315820028357936));
#15496=CARTESIAN_POINT('',(0.0181031714392683,0.0265,0.000524579679798033));
#15497=CARTESIAN_POINT('',(0.0181031714392683,0.0265,0.000524579679798033));
#15498=CARTESIAN_POINT('',(0.016617769336156,0.0265,0.000315820028357936));
#15499=CARTESIAN_POINT('',(0.0181031714392683,0.0285,0.000524579679798033));
#15500=CARTESIAN_POINT('',(0.0181031714392683,0.0305,0.000524579679798034));
#15501=CARTESIAN_POINT('',(0.0181031714392683,0.0305,0.000524579679798034));
#15502=CARTESIAN_POINT('',(0.0181031714392683,0.0285,0.000524579679798033));
#15503=CARTESIAN_POINT('',(0.0163702023189706,0.0305,0.000281026753117919));
#15504=CARTESIAN_POINT('',(0.0146372331986729,0.0305,3.74738264378059E-05));
#15505=CARTESIAN_POINT('',(0.0146372331986729,0.0305,3.74738264378059E-05));
#15506=CARTESIAN_POINT('',(0.0163702023189706,0.0305,0.000281026753117919));
#15507=CARTESIAN_POINT('',(0.0146372331986729,0.0335,3.74738264378046E-05));
#15508=CARTESIAN_POINT('',(0.0146372331986729,0.0365,3.74738264378046E-05));
#15509=CARTESIAN_POINT('',(0.0146372331986729,0.0365,3.74738264378046E-05));
#15510=CARTESIAN_POINT('',(0.0146372331986729,0.0335,3.74738264378046E-05));
#15511=CARTESIAN_POINT('',(0.0106761609237066,0.0365,-0.000519218577402455));
#15512=CARTESIAN_POINT('',(0.00671508864874034,0.0365,-0.00107591098124271));
#15513=CARTESIAN_POINT('',(0.00671508864874034,0.0365,-0.00107591098124271));
#15514=CARTESIAN_POINT('',(0.0106761609237066,0.0365,-0.000519218577402455));
#15515=CARTESIAN_POINT('',(0.00671508864874034,0.0335,-0.00107591098124271));
#15516=CARTESIAN_POINT('',(0.00671508864874034,0.0335,-0.00107591098124271));
#15517=CARTESIAN_POINT('',(0.0567236261201897,0.031,0.00595233061724059));
#15518=CARTESIAN_POINT('',(0.0024569359531516,0.031,-0.00167435531537099));
#15519=CARTESIAN_POINT('',(0.00231776285219153,0.031,-0.000684087246629425));
#15520=CARTESIAN_POINT('',(0.0567236261201897,0.05,0.00595233061724059));
#15521=CARTESIAN_POINT('',(0.0767270411087694,0.045,0.00876362725663391));
#15522=CARTESIAN_POINT('',(0.0767270411087694,0.0395,0.00876362725663391));
#15523=CARTESIAN_POINT('',(0.0835598907830862,0.0395,0.00972392165325836));
#15524=CARTESIAN_POINT('',(0.0835598907830862,0.0395,0.00972392165325836));
#15525=CARTESIAN_POINT('',(0.0767270411087694,0.0395,0.00876362725663391));
#15526=CARTESIAN_POINT('',(0.0767270411087694,0.045,0.00876362725663391));
#15527=CARTESIAN_POINT('',(0.090392740457403,0.043,0.0106842160498828));
#15528=CARTESIAN_POINT('',(0.090392740457403,0.043,0.0106842160498828));
#15529=CARTESIAN_POINT('',(0.0567236261201897,0.05,0.00595233061724059));
#15530=CARTESIAN_POINT('',(0.0955421344148593,0.042,0.0114079161748752));
#15531=CARTESIAN_POINT('',(0.0955421344148593,0.042,0.0114079161748752));
#15532=CARTESIAN_POINT('',(0.102374984089176,0.0365,0.0123682105714996));
#15533=CARTESIAN_POINT('',(0.109207833763493,0.0365,0.0133285049681241));
#15534=CARTESIAN_POINT('',(0.109207833763493,0.0365,0.0133285049681241));
#15535=CARTESIAN_POINT('',(0.102374984089176,0.0365,0.0123682105714996));
#15536=CARTESIAN_POINT('',(0.0567236261201897,0.05,0.00595233061724059));
#15537=CARTESIAN_POINT('',(0.109207833763493,0.04,0.0133285049681241));
#15538=CARTESIAN_POINT('',(0.109207833763493,0.0435,0.0133285049681241));
#15539=CARTESIAN_POINT('',(0.110693235866605,0.0435,0.0135372646195642));
#15540=CARTESIAN_POINT('',(0.112178637969718,0.0435,0.0137460242710043));
#15541=CARTESIAN_POINT('',(0.112178637969718,0.0455,0.0137460242710043));
#15542=CARTESIAN_POINT('',(0.112178637969718,0.0475,0.0137460242710043));
#15543=CARTESIAN_POINT('',(0.11044566884942,0.0475,0.0135024713443241));
#15544=CARTESIAN_POINT('',(0.108712699729122,0.0475,0.013258918417644));
#15545=CARTESIAN_POINT('',(0.108712699729122,0.0505,0.013258918417644));
#15546=CARTESIAN_POINT('',(0.108712699729122,0.0535,0.013258918417644));
#15547=CARTESIAN_POINT('',(0.104751627454156,0.0535,0.0127022260138038));
#15548=CARTESIAN_POINT('',(0.109207833763493,0.04,0.0133285049681241));
#15549=CARTESIAN_POINT('',(0.109207833763493,0.0435,0.0133285049681241));
#15550=CARTESIAN_POINT('',(0.110693235866605,0.0435,0.0135372646195642));
#15551=CARTESIAN_POINT('',(0.112178637969718,0.0435,0.0137460242710043));
#15552=CARTESIAN_POINT('',(0.112178637969718,0.0455,0.0137460242710043));
#15553=CARTESIAN_POINT('',(0.112178637969718,0.0475,0.0137460242710043));
#15554=CARTESIAN_POINT('',(0.11044566884942,0.0475,0.0135024713443241));
#15555=CARTESIAN_POINT('',(0.108712699729122,0.0475,0.013258918417644));
#15556=CARTESIAN_POINT('',(0.108712699729122,0.0505,0.013258918417644));
#15557=CARTESIAN_POINT('',(0.108712699729122,0.0535,0.013258918417644));
#15558=CARTESIAN_POINT('',(0.104751627454156,0.0535,0.0127022260138038));
#15559=CARTESIAN_POINT('',(0.0605361581848447,0.0575,0.00648814705593684));
#15560=CARTESIAN_POINT('',(0.0579119478026795,0.0575,0.00611933833839267));
#15561=CARTESIAN_POINT('',(0.0579119478026795,0.0575,0.00611933833839267));
#15562=CARTESIAN_POINT('',(0.0605361581848447,0.0575,0.00648814705593684));
#15563=CARTESIAN_POINT('',(0.0579119478026795,0.052,0.00611933833839267));
#15564=CARTESIAN_POINT('',(0.0579119478026795,0.0465,0.00611933833839267));
#15565=CARTESIAN_POINT('',(0.0579119478026795,0.0465,0.00611933833839267));
#15566=CARTESIAN_POINT('',(0.0579119478026795,0.052,0.00611933833839267));
#15567=CARTESIAN_POINT('',(0.0647447974769963,0.0465,0.00707963273501712));
#15568=CARTESIAN_POINT('',(0.0647447974769963,0.0465,0.00707963273501712));
#15569=CARTESIAN_POINT('',(0.0567236261201897,0.05,0.00595233061724059));
#15570=CARTESIAN_POINT('',(0.0417210648787548,0.0535,0.00384385813769559));
#15571=CARTESIAN_POINT('',(0.0390968544965897,0.0535,0.00347504942015142));
#15572=CARTESIAN_POINT('',(0.0390968544965897,0.0535,0.00347504942015142));
#15573=CARTESIAN_POINT('',(0.0417210648787548,0.0535,0.00384385813769559));
#15574=CARTESIAN_POINT('',(0.0443452752609199,0.0535,0.00421266685523977));
#15575=CARTESIAN_POINT('',(0.0443452752609199,0.0535,0.00421266685523977));
#15576=CARTESIAN_POINT('',(0.0390968544965897,0.048,0.00347504942015142));
#15577=CARTESIAN_POINT('',(0.0390968544965897,0.0425,0.00347504942015142));
#15578=CARTESIAN_POINT('',(0.0390968544965897,0.0425,0.00347504942015142));
#15579=CARTESIAN_POINT('',(0.0390968544965897,0.048,0.00347504942015142));
#15580=CARTESIAN_POINT('',(0.0459297041709065,0.0425,0.00443534381677587));
#15581=CARTESIAN_POINT('',(0.0527625538452233,0.0425,0.00539563821340032));
#15582=CARTESIAN_POINT('',(0.0527625538452233,0.0425,0.00539563821340032));
#15583=CARTESIAN_POINT('',(0.0459297041709065,0.0425,0.00443534381677587));
#15584=CARTESIAN_POINT('',(0.0527625538452233,0.046,0.00539563821340032));
#15585=CARTESIAN_POINT('',(0.0527625538452233,0.0495,0.00539563821340032));
#15586=CARTESIAN_POINT('',(0.0527625538452233,0.0495,0.00539563821340032));
#15587=CARTESIAN_POINT('',(0.0527625538452233,0.046,0.00539563821340032));
#15588=CARTESIAN_POINT('',(0.0542479559483356,0.0495,0.00560439786484042));
#15589=CARTESIAN_POINT('',(0.055733358051448,0.0495,0.00581315751628051));
#15590=CARTESIAN_POINT('',(0.055733358051448,0.0495,0.00581315751628051));
#15591=CARTESIAN_POINT('',(0.0542479559483356,0.0495,0.00560439786484042));
#15592=CARTESIAN_POINT('',(0.055733358051448,0.0515,0.00581315751628051));
#15593=CARTESIAN_POINT('',(0.055733358051448,0.0535,0.00581315751628051));
#15594=CARTESIAN_POINT('',(0.055733358051448,0.0535,0.00581315751628051));
#15595=CARTESIAN_POINT('',(0.055733358051448,0.0515,0.00581315751628051));
#15596=CARTESIAN_POINT('',(0.0540003889311502,0.0535,0.0055696045896004));
#15597=CARTESIAN_POINT('',(0.0522674198108525,0.0535,0.00532605166292029));
#15598=CARTESIAN_POINT('',(0.0522674198108525,0.0535,0.00532605166292029));
#15599=CARTESIAN_POINT('',(0.0540003889311502,0.0535,0.0055696045896004));
#15600=CARTESIAN_POINT('',(0.0522674198108525,0.0565,0.00532605166292029));
#15601=CARTESIAN_POINT('',(0.0522674198108525,0.0595,0.00532605166292029));
#15602=CARTESIAN_POINT('',(0.0522674198108525,0.0595,0.00532605166292029));
#15603=CARTESIAN_POINT('',(0.0522674198108525,0.0565,0.00532605166292029));
#15604=CARTESIAN_POINT('',(0.0483063475358862,0.0595,0.00476935925908003));
#15605=CARTESIAN_POINT('',(0.0443452752609199,0.0595,0.00421266685523977));
#15606=CARTESIAN_POINT('',(0.0443452752609199,0.0595,0.00421266685523977));
#15607=CARTESIAN_POINT('',(0.0483063475358862,0.0595,0.00476935925908003));
#15608=CARTESIAN_POINT('',(0.0443452752609199,0.0565,0.00421266685523977));
#15609=CARTESIAN_POINT('',(0.0443452752609199,0.0565,0.00421266685523977));
#15610=CARTESIAN_POINT('',(0.0567236261201897,0.05,0.00595233061724059));
#15611=CARTESIAN_POINT('',(0.022905971572665,0.0495,0.00119956921945435));
#15612=CARTESIAN_POINT('',(0.0202817611904998,0.0495,0.000830760501910177));
#15613=CARTESIAN_POINT('',(0.0202817611904998,0.0495,0.000830760501910177));
#15614=CARTESIAN_POINT('',(0.022905971572665,0.0495,0.00119956921945435));
#15615=CARTESIAN_POINT('',(0.0255301819548302,0.0495,0.00156837793699853));
#15616=CARTESIAN_POINT('',(0.0255301819548302,0.0495,0.00156837793699853));
#15617=CARTESIAN_POINT('',(0.0202817611904998,0.044,0.000830760501910177));
#15618=CARTESIAN_POINT('',(0.0202817611904998,0.0385,0.000830760501910177));
#15619=CARTESIAN_POINT('',(0.0202817611904998,0.0385,0.000830760501910177));
#15620=CARTESIAN_POINT('',(0.0202817611904998,0.044,0.000830760501910177));
#15621=CARTESIAN_POINT('',(0.0271146108648166,0.0385,0.00179105489853463));
#15622=CARTESIAN_POINT('',(0.0339474605391335,0.0385,0.00275134929515907));
#15623=CARTESIAN_POINT('',(0.0339474605391335,0.0385,0.00275134929515907));
#15624=CARTESIAN_POINT('',(0.0271146108648166,0.0385,0.00179105489853463));
#15625=CARTESIAN_POINT('',(0.0339474605391335,0.042,0.00275134929515907));
#15626=CARTESIAN_POINT('',(0.0339474605391335,0.0455,0.00275134929515907));
#15627=CARTESIAN_POINT('',(0.0339474605391335,0.0455,0.00275134929515907));
#15628=CARTESIAN_POINT('',(0.0339474605391335,0.042,0.00275134929515907));
#15629=CARTESIAN_POINT('',(0.0354328626422458,0.0455,0.00296010894659918));
#15630=CARTESIAN_POINT('',(0.0369182647453582,0.0455,0.00316886859803927));
#15631=CARTESIAN_POINT('',(0.0369182647453582,0.0455,0.00316886859803927));
#15632=CARTESIAN_POINT('',(0.0354328626422458,0.0455,0.00296010894659918));
#15633=CARTESIAN_POINT('',(0.0369182647453582,0.0475,0.00316886859803927));
#15634=CARTESIAN_POINT('',(0.0369182647453582,0.0495,0.00316886859803927));
#15635=CARTESIAN_POINT('',(0.0369182647453582,0.0495,0.00316886859803927));
#15636=CARTESIAN_POINT('',(0.0369182647453582,0.0475,0.00316886859803927));
#15637=CARTESIAN_POINT('',(0.0351852956250604,0.0495,0.00292531567135916));
#15638=CARTESIAN_POINT('',(0.0334523265047627,0.0495,0.00268176274467904));
#15639=CARTESIAN_POINT('',(0.0334523265047627,0.0495,0.00268176274467904));
#15640=CARTESIAN_POINT('',(0.0351852956250604,0.0495,0.00292531567135916));
#15641=CARTESIAN_POINT('',(0.0334523265047627,0.0525,0.00268176274467904));
#15642=CARTESIAN_POINT('',(0.0334523265047627,0.0555,0.00268176274467904));
#15643=CARTESIAN_POINT('',(0.0334523265047627,0.0555,0.00268176274467904));
#15644=CARTESIAN_POINT('',(0.0334523265047627,0.0525,0.00268176274467904));
#15645=CARTESIAN_POINT('',(0.0294912542297964,0.0555,0.00212507034083879));
#15646=CARTESIAN_POINT('',(0.0255301819548302,0.0555,0.00156837793699853));
#15647=CARTESIAN_POINT('',(0.0255301819548302,0.0555,0.00156837793699853));
#15648=CARTESIAN_POINT('',(0.0294912542297964,0.0555,0.00212507034083879));
#15649=CARTESIAN_POINT('',(0.0255301819548302,0.0525,0.00156837793699853));
#15650=CARTESIAN_POINT('',(0.0255301819548302,0.0525,0.00156837793699853));
#15651=CARTESIAN_POINT('',(0.0567236261201897,0.05,0.00595233061724059));
#15652=CARTESIAN_POINT('',(0.00409087826657518,0.0495,-0.00144471969878689));
#15653=CARTESIAN_POINT('',(0.00146666788441002,0.0495,-0.00181352841633106));
#15654=CARTESIAN_POINT('',(0.00132749478344995,0.0495,-0.000823260347589491));
#15655=CARTESIAN_POINT('',(0.00231776285219153,0.0495,-0.000684087246629425));
#15656=CARTESIAN_POINT('',(0.00245693595315159,0.0495,-0.00167435531537099));
#15657=CARTESIAN_POINT('',(0.00409087826657518,0.0495,-0.00144471969878689));
#15658=CARTESIAN_POINT('',(0.00671508864874034,0.0495,-0.00107591098124271));
#15659=CARTESIAN_POINT('',(0.00671508864874034,0.0495,-0.00107591098124271));
#15660=CARTESIAN_POINT('',(0.00146666788441002,0.044,-0.00181352841633106));
#15661=CARTESIAN_POINT('',(0.00146666788441002,0.0385,-0.00181352841633106));
#15662=CARTESIAN_POINT('',(0.00132749478344995,0.0385,-0.000823260347589491));
#15663=CARTESIAN_POINT('',(0.00132749478344995,0.044,-0.000823260347589491));
#15664=CARTESIAN_POINT('',(0.00829951755872684,0.0385,-0.000853234019706611));
#15665=CARTESIAN_POINT('',(0.00829951755872684,0.0385,-0.000853234019706611));
#15666=CARTESIAN_POINT('',(0.00245693595315159,0.0385,-0.00167435531537099));
#15667=CARTESIAN_POINT('',(0.0151323672330437,0.0385,0.000107060376917838));
#15668=CARTESIAN_POINT('',(0.00231776285219153,0.0385,-0.000684087246629425));
#15669=CARTESIAN_POINT('',(0.0151323672330437,0.0385,0.000107060376917838));
#15670=CARTESIAN_POINT('',(0.0151323672330437,0.042,0.000107060376917838));
#15671=CARTESIAN_POINT('',(0.0151323672330437,0.0455,0.000107060376917838));
#15672=CARTESIAN_POINT('',(0.0151323672330437,0.0455,0.000107060376917838));
#15673=CARTESIAN_POINT('',(0.0151323672330437,0.042,0.000107060376917838));
#15674=CARTESIAN_POINT('',(0.016617769336156,0.0455,0.000315820028357936));
#15675=CARTESIAN_POINT('',(0.0181031714392683,0.0455,0.000524579679798033));
#15676=CARTESIAN_POINT('',(0.0181031714392683,0.0455,0.000524579679798033));
#15677=CARTESIAN_POINT('',(0.016617769336156,0.0455,0.000315820028357936));
#15678=CARTESIAN_POINT('',(0.0181031714392683,0.0475,0.000524579679798033));
#15679=CARTESIAN_POINT('',(0.0181031714392683,0.0495,0.000524579679798034));
#15680=CARTESIAN_POINT('',(0.0181031714392683,0.0495,0.000524579679798034));
#15681=CARTESIAN_POINT('',(0.0181031714392683,0.0475,0.000524579679798033));
#15682=CARTESIAN_POINT('',(0.0163702023189706,0.0495,0.000281026753117919));
#15683=CARTESIAN_POINT('',(0.0146372331986729,0.0495,3.74738264378059E-05));
#15684=CARTESIAN_POINT('',(0.0146372331986729,0.0495,3.74738264378059E-05));
#15685=CARTESIAN_POINT('',(0.0163702023189706,0.0495,0.000281026753117919));
#15686=CARTESIAN_POINT('',(0.0146372331986729,0.0525,3.74738264378046E-05));
#15687=CARTESIAN_POINT('',(0.0146372331986729,0.0555,3.74738264378046E-05));
#15688=CARTESIAN_POINT('',(0.0146372331986729,0.0555,3.74738264378046E-05));
#15689=CARTESIAN_POINT('',(0.0146372331986729,0.0525,3.74738264378046E-05));
#15690=CARTESIAN_POINT('',(0.0106761609237066,0.0555,-0.000519218577402455));
#15691=CARTESIAN_POINT('',(0.00671508864874034,0.0555,-0.00107591098124271));
#15692=CARTESIAN_POINT('',(0.00671508864874034,0.0555,-0.00107591098124271));
#15693=CARTESIAN_POINT('',(0.0106761609237066,0.0555,-0.000519218577402455));
#15694=CARTESIAN_POINT('',(0.00671508864874034,0.0525,-0.00107591098124271));
#15695=CARTESIAN_POINT('',(0.00671508864874034,0.0525,-0.00107591098124271));
#15696=CARTESIAN_POINT('',(0.0567236261201897,0.05,0.00595233061724059));
#15697=CARTESIAN_POINT('',(0.0024569359531516,0.05,-0.00167435531537099));
#15698=CARTESIAN_POINT('',(0.00231776285219153,0.05,-0.000684087246629425));
#15699=CARTESIAN_POINT('',(0.0933635446636277,0.0675,0.011101735352763));
#15700=CARTESIAN_POINT('',(0.0933635446636277,0.0695,0.011101735352763));
#15701=CARTESIAN_POINT('',(0.0933635446636277,0.0695,0.011101735352763));
#15702=CARTESIAN_POINT('',(0.0933635446636277,0.0675,0.011101735352763));
#15703=CARTESIAN_POINT('',(0.0567236261201897,0.069,0.00595233061724059));
#15704=CARTESIAN_POINT('',(0.09163057554333,0.0695,0.0108581824260829));
#15705=CARTESIAN_POINT('',(0.0898976064230322,0.0695,0.0106146294994028));
#15706=CARTESIAN_POINT('',(0.0898976064230322,0.0725,0.0106146294994028));
#15707=CARTESIAN_POINT('',(0.0898976064230322,0.0755,0.0106146294994028));
#15708=CARTESIAN_POINT('',(0.0859365341480659,0.0755,0.0100579370955625));
#15709=CARTESIAN_POINT('',(0.0819754618730997,0.0755,0.00950124469172226));
#15710=CARTESIAN_POINT('',(0.0819754618730997,0.0725,0.00950124469172226));
#15711=CARTESIAN_POINT('',(0.0819754618730997,0.0695,0.00950124469172226));
#15712=CARTESIAN_POINT('',(0.0793512514909345,0.0695,0.00913243597417808));
#15713=CARTESIAN_POINT('',(0.0793512514909345,0.0695,0.00913243597417808));
#15714=CARTESIAN_POINT('',(0.0819754618730997,0.0695,0.00950124469172226));
#15715=CARTESIAN_POINT('',(0.09163057554333,0.0695,0.0108581824260829));
#15716=CARTESIAN_POINT('',(0.0898976064230322,0.0695,0.0106146294994028));
#15717=CARTESIAN_POINT('',(0.0898976064230322,0.0725,0.0106146294994028));
#15718=CARTESIAN_POINT('',(0.0898976064230322,0.0755,0.0106146294994028));
#15719=CARTESIAN_POINT('',(0.0859365341480659,0.0755,0.0100579370955625));
#15720=CARTESIAN_POINT('',(0.0819754618730997,0.0755,0.00950124469172226));
#15721=CARTESIAN_POINT('',(0.0819754618730997,0.0725,0.00950124469172226));
#15722=CARTESIAN_POINT('',(0.0390968544965897,0.067,0.00347504942015142));
#15723=CARTESIAN_POINT('',(0.0390968544965897,0.0615,0.00347504942015142));
#15724=CARTESIAN_POINT('',(0.0390968544965897,0.0615,0.00347504942015142));
#15725=CARTESIAN_POINT('',(0.0390968544965897,0.067,0.00347504942015142));
#15726=CARTESIAN_POINT('',(0.0459297041709065,0.0615,0.00443534381677587));
#15727=CARTESIAN_POINT('',(0.0527625538452233,0.0615,0.00539563821340032));
#15728=CARTESIAN_POINT('',(0.0527625538452233,0.0615,0.00539563821340032));
#15729=CARTESIAN_POINT('',(0.0459297041709065,0.0615,0.00443534381677587));
#15730=CARTESIAN_POINT('',(0.0527625538452233,0.065,0.00539563821340032));
#15731=CARTESIAN_POINT('',(0.0527625538452233,0.0685,0.00539563821340032));
#15732=CARTESIAN_POINT('',(0.0527625538452233,0.0685,0.00539563821340032));
#15733=CARTESIAN_POINT('',(0.0527625538452233,0.065,0.00539563821340032));
#15734=CARTESIAN_POINT('',(0.0542479559483356,0.0685,0.00560439786484042));
#15735=CARTESIAN_POINT('',(0.0542479559483356,0.0685,0.00560439786484042));
#15736=CARTESIAN_POINT('',(0.0567236261201897,0.069,0.00595233061724059));
#15737=CARTESIAN_POINT('',(0.0579119478026795,0.071,0.00611933833839267));
#15738=CARTESIAN_POINT('',(0.0579119478026795,0.0655,0.00611933833839267));
#15739=CARTESIAN_POINT('',(0.0579119478026795,0.0655,0.00611933833839267));
#15740=CARTESIAN_POINT('',(0.0579119478026795,0.071,0.00611933833839267));
#15741=CARTESIAN_POINT('',(0.0647447974769963,0.0655,0.00707963273501712));
#15742=CARTESIAN_POINT('',(0.0647447974769963,0.0655,0.00707963273501712));
#15743=CARTESIAN_POINT('',(0.0567236261201897,0.069,0.00595233061724059));
#15744=CARTESIAN_POINT('',(0.10079055517919,0.0695,0.0121455336099635));
#15745=CARTESIAN_POINT('',(0.10079055517919,0.0695,0.0121455336099635));
#15746=CARTESIAN_POINT('',(0.10079055517919,0.0725,0.0121455336099635));
#15747=CARTESIAN_POINT('',(0.10079055517919,0.0725,0.0121455336099635));
#15748=CARTESIAN_POINT('',(0.0567236261201897,0.069,0.00595233061724059));
#15749=CARTESIAN_POINT('',(0.102374984089176,0.0555,0.0123682105714996));
#15750=CARTESIAN_POINT('',(0.109207833763493,0.0555,0.0133285049681241));
#15751=CARTESIAN_POINT('',(0.109207833763493,0.059,0.0133285049681241));
#15752=CARTESIAN_POINT('',(0.109207833763493,0.0625,0.0133285049681241));
#15753=CARTESIAN_POINT('',(0.110693235866605,0.0625,0.0135372646195642));
#15754=CARTESIAN_POINT('',(0.112178637969718,0.0625,0.0137460242710043));
#15755=CARTESIAN_POINT('',(0.112178637969718,0.0645,0.0137460242710043));
#15756=CARTESIAN_POINT('',(0.112178637969718,0.0665,0.0137460242710043));
#15757=CARTESIAN_POINT('',(0.11044566884942,0.0665,0.0135024713443241));
#15758=CARTESIAN_POINT('',(0.108712699729122,0.0665,0.013258918417644));
#15759=CARTESIAN_POINT('',(0.108712699729122,0.0695,0.013258918417644));
#15760=CARTESIAN_POINT('',(0.108712699729122,0.0725,0.013258918417644));
#15761=CARTESIAN_POINT('',(0.104751627454156,0.0725,0.0127022260138038));
#15762=CARTESIAN_POINT('',(0.102374984089176,0.0555,0.0123682105714996));
#15763=CARTESIAN_POINT('',(0.109207833763493,0.0555,0.0133285049681241));
#15764=CARTESIAN_POINT('',(0.109207833763493,0.059,0.0133285049681241));
#15765=CARTESIAN_POINT('',(0.109207833763493,0.0625,0.0133285049681241));
#15766=CARTESIAN_POINT('',(0.110693235866605,0.0625,0.0135372646195642));
#15767=CARTESIAN_POINT('',(0.112178637969718,0.0625,0.0137460242710043));
#15768=CARTESIAN_POINT('',(0.112178637969718,0.0645,0.0137460242710043));
#15769=CARTESIAN_POINT('',(0.112178637969718,0.0665,0.0137460242710043));
#15770=CARTESIAN_POINT('',(0.11044566884942,0.0665,0.0135024713443241));
#15771=CARTESIAN_POINT('',(0.108712699729122,0.0665,0.013258918417644));
#15772=CARTESIAN_POINT('',(0.108712699729122,0.0695,0.013258918417644));
#15773=CARTESIAN_POINT('',(0.108712699729122,0.0725,0.013258918417644));
#15774=CARTESIAN_POINT('',(0.104751627454156,0.0725,0.0127022260138038));
#15775=CARTESIAN_POINT('',(0.0202817611904999,0.063,0.000830760501910177));
#15776=CARTESIAN_POINT('',(0.0202817611904999,0.063,0.000830760501910177));
#15777=CARTESIAN_POINT('',(0.0202817611904999,0.0685,0.000830760501910177));
#15778=CARTESIAN_POINT('',(0.0202817611904999,0.0685,0.000830760501910177));
#15779=CARTESIAN_POINT('',(0.0271146108648166,0.0575,0.00179105489853463));
#15780=CARTESIAN_POINT('',(0.0339474605391335,0.0575,0.00275134929515907));
#15781=CARTESIAN_POINT('',(0.0339474605391335,0.0575,0.00275134929515907));
#15782=CARTESIAN_POINT('',(0.0271146108648166,0.0575,0.00179105489853463));
#15783=CARTESIAN_POINT('',(0.0567236261201897,0.069,0.00595233061724059));
#15784=CARTESIAN_POINT('',(0.0339474605391335,0.061,0.00275134929515907));
#15785=CARTESIAN_POINT('',(0.0339474605391335,0.0645,0.00275134929515907));
#15786=CARTESIAN_POINT('',(0.0354328626422458,0.0645,0.00296010894659918));
#15787=CARTESIAN_POINT('',(0.0369182647453582,0.0645,0.00316886859803927));
#15788=CARTESIAN_POINT('',(0.0369182647453582,0.0665,0.00316886859803927));
#15789=CARTESIAN_POINT('',(0.0369182647453582,0.0685,0.00316886859803927));
#15790=CARTESIAN_POINT('',(0.0351852956250604,0.0685,0.00292531567135916));
#15791=CARTESIAN_POINT('',(0.0334523265047627,0.0685,0.00268176274467904));
#15792=CARTESIAN_POINT('',(0.0334523265047627,0.0715,0.00268176274467904));
#15793=CARTESIAN_POINT('',(0.0334523265047627,0.0745,0.00268176274467904));
#15794=CARTESIAN_POINT('',(0.0294912542297964,0.0745,0.00212507034083879));
#15795=CARTESIAN_POINT('',(0.0255301819548302,0.0745,0.00156837793699853));
#15796=CARTESIAN_POINT('',(0.0255301819548302,0.0715,0.00156837793699853));
#15797=CARTESIAN_POINT('',(0.0255301819548302,0.0685,0.00156837793699853));
#15798=CARTESIAN_POINT('',(0.022905971572665,0.0685,0.00119956921945435));
#15799=CARTESIAN_POINT('',(0.022905971572665,0.0685,0.00119956921945435));
#15800=CARTESIAN_POINT('',(0.0255301819548302,0.0685,0.00156837793699853));
#15801=CARTESIAN_POINT('',(0.0339474605391335,0.061,0.00275134929515907));
#15802=CARTESIAN_POINT('',(0.0339474605391335,0.0645,0.00275134929515907));
#15803=CARTESIAN_POINT('',(0.0354328626422458,0.0645,0.00296010894659918));
#15804=CARTESIAN_POINT('',(0.0369182647453582,0.0645,0.00316886859803927));
#15805=CARTESIAN_POINT('',(0.0369182647453582,0.0665,0.00316886859803927));
#15806=CARTESIAN_POINT('',(0.0369182647453582,0.0685,0.00316886859803927));
#15807=CARTESIAN_POINT('',(0.0351852956250604,0.0685,0.00292531567135916));
#15808=CARTESIAN_POINT('',(0.0334523265047627,0.0685,0.00268176274467904));
#15809=CARTESIAN_POINT('',(0.0334523265047627,0.0715,0.00268176274467904));
#15810=CARTESIAN_POINT('',(0.0334523265047627,0.0745,0.00268176274467904));
#15811=CARTESIAN_POINT('',(0.0294912542297964,0.0745,0.00212507034083879));
#15812=CARTESIAN_POINT('',(0.0255301819548302,0.0745,0.00156837793699853));
#15813=CARTESIAN_POINT('',(0.0255301819548302,0.0715,0.00156837793699853));
#15814=CARTESIAN_POINT('',(0.00409087826657518,0.0685,-0.00144471969878689));
#15815=CARTESIAN_POINT('',(0.00146666788441002,0.0685,-0.00181352841633106));
#15816=CARTESIAN_POINT('',(0.00132749478344995,0.0685,-0.000823260347589491));
#15817=CARTESIAN_POINT('',(0.00231776285219153,0.0685,-0.000684087246629425));
#15818=CARTESIAN_POINT('',(0.00245693595315159,0.0685,-0.00167435531537099));
#15819=CARTESIAN_POINT('',(0.00409087826657518,0.0685,-0.00144471969878689));
#15820=CARTESIAN_POINT('',(0.00671508864874034,0.0685,-0.00107591098124271));
#15821=CARTESIAN_POINT('',(0.00671508864874034,0.0685,-0.00107591098124271));
#15822=CARTESIAN_POINT('',(0.00146666788441002,0.063,-0.00181352841633106));
#15823=CARTESIAN_POINT('',(0.00146666788441002,0.0575,-0.00181352841633106));
#15824=CARTESIAN_POINT('',(0.00132749478344995,0.0575,-0.000823260347589491));
#15825=CARTESIAN_POINT('',(0.00132749478344995,0.063,-0.000823260347589491));
#15826=CARTESIAN_POINT('',(0.00829951755872684,0.0575,-0.000853234019706611));
#15827=CARTESIAN_POINT('',(0.00829951755872684,0.0575,-0.000853234019706611));
#15828=CARTESIAN_POINT('',(0.00245693595315159,0.0575,-0.00167435531537099));
#15829=CARTESIAN_POINT('',(0.0151323672330437,0.0575,0.000107060376917838));
#15830=CARTESIAN_POINT('',(0.00231776285219153,0.0575,-0.000684087246629425));
#15831=CARTESIAN_POINT('',(0.0151323672330437,0.0575,0.000107060376917838));
#15832=CARTESIAN_POINT('',(0.0151323672330437,0.061,0.000107060376917838));
#15833=CARTESIAN_POINT('',(0.0151323672330437,0.0645,0.000107060376917838));
#15834=CARTESIAN_POINT('',(0.0151323672330437,0.0645,0.000107060376917838));
#15835=CARTESIAN_POINT('',(0.0151323672330437,0.061,0.000107060376917838));
#15836=CARTESIAN_POINT('',(0.016617769336156,0.0645,0.000315820028357937));
#15837=CARTESIAN_POINT('',(0.0181031714392683,0.0645,0.000524579679798033));
#15838=CARTESIAN_POINT('',(0.0181031714392683,0.0645,0.000524579679798033));
#15839=CARTESIAN_POINT('',(0.016617769336156,0.0645,0.000315820028357937));
#15840=CARTESIAN_POINT('',(0.0181031714392683,0.0665,0.000524579679798033));
#15841=CARTESIAN_POINT('',(0.0181031714392683,0.0685,0.000524579679798035));
#15842=CARTESIAN_POINT('',(0.0181031714392683,0.0685,0.000524579679798035));
#15843=CARTESIAN_POINT('',(0.0181031714392683,0.0665,0.000524579679798033));
#15844=CARTESIAN_POINT('',(0.0163702023189707,0.0685,0.00028102675311792));
#15845=CARTESIAN_POINT('',(0.0146372331986729,0.0685,3.74738264378063E-05));
#15846=CARTESIAN_POINT('',(0.0146372331986729,0.0685,3.74738264378063E-05));
#15847=CARTESIAN_POINT('',(0.0163702023189707,0.0685,0.00028102675311792));
#15848=CARTESIAN_POINT('',(0.0146372331986729,0.0715,3.7473826437805E-05));
#15849=CARTESIAN_POINT('',(0.0146372331986729,0.0745,3.7473826437805E-05));
#15850=CARTESIAN_POINT('',(0.0146372331986729,0.0745,3.7473826437805E-05));
#15851=CARTESIAN_POINT('',(0.0146372331986729,0.0715,3.7473826437805E-05));
#15852=CARTESIAN_POINT('',(0.0106761609237066,0.0745,-0.000519218577402455));
#15853=CARTESIAN_POINT('',(0.00671508864874034,0.0745,-0.00107591098124271));
#15854=CARTESIAN_POINT('',(0.00671508864874034,0.0745,-0.00107591098124271));
#15855=CARTESIAN_POINT('',(0.0106761609237066,0.0745,-0.000519218577402455));
#15856=CARTESIAN_POINT('',(0.00671508864874034,0.0715,-0.00107591098124271));
#15857=CARTESIAN_POINT('',(0.00671508864874034,0.0715,-0.00107591098124271));
#15858=CARTESIAN_POINT('',(0.0567236261201897,0.069,0.00595233061724059));
#15859=CARTESIAN_POINT('',(0.0024569359531516,0.069,-0.00167435531537099));
#15860=CARTESIAN_POINT('',(0.00231776285219153,0.069,-0.000684087246629425));
#15861=CARTESIAN_POINT('',(0.0905122864696694,-0.0025,0.0379663616042347));
#15862=CARTESIAN_POINT('',(0.0919043626507067,-0.00899436652250483,0.0114255932793297));
#15863=CARTESIAN_POINT('',(0.0895935355933259,-0.00766020989887534,0.0120908784922288));
#15864=CARTESIAN_POINT('',(0.0895935355933259,-0.00766020989887534,0.0120908784922288));
#15865=CARTESIAN_POINT('',(0.0919043626507067,-0.00899436652250483,0.0114255932793297));
#15866=CARTESIAN_POINT('',(0.0942151897080875,-0.0103285231461343,0.0107603080664306));
#15867=CARTESIAN_POINT('',(0.0942151897080875,-0.0103285231461343,0.0107603080664306));
#15868=CARTESIAN_POINT('',(0.0868435355933259,-0.0124233496196897,0.0120908784922288));
#15869=CARTESIAN_POINT('',(0.0840935355933259,-0.0171864893405041,0.0120908784922288));
#15870=CARTESIAN_POINT('',(0.0840935355933259,-0.0171864893405041,0.0120908784922288));
#15871=CARTESIAN_POINT('',(0.0868435355933259,-0.0124233496196897,0.0120908784922288));
#15872=CARTESIAN_POINT('',(0.0899756408302953,-0.0205825243824702,0.0103974252230311));
#15873=CARTESIAN_POINT('',(0.0958577460672647,-0.0239785594244361,0.00870397195383341));
#15874=CARTESIAN_POINT('',(0.0958577460672647,-0.0239785594244361,0.00870397195383341));
#15875=CARTESIAN_POINT('',(0.0899756408302953,-0.0205825243824702,0.0103974252230311));
#15876=CARTESIAN_POINT('',(0.0976077460672647,-0.0209474705111906,0.00870397195383341));
#15877=CARTESIAN_POINT('',(0.0993577460672647,-0.0179163815979451,0.00870397195383341));
#15878=CARTESIAN_POINT('',(0.0993577460672647,-0.0179163815979451,0.00870397195383341));
#15879=CARTESIAN_POINT('',(0.0976077460672647,-0.0209474705111906,0.00870397195383341));
#15880=CARTESIAN_POINT('',(0.100618197189472,-0.0186441033926521,0.00834108911043391));
#15881=CARTESIAN_POINT('',(0.10187864831168,-0.0193718251873591,0.00797820626703441));
#15882=CARTESIAN_POINT('',(0.10187864831168,-0.0193718251873591,0.00797820626703441));
#15883=CARTESIAN_POINT('',(0.100618197189472,-0.0186441033926521,0.00834108911043391));
#15884=CARTESIAN_POINT('',(0.10287864831168,-0.0176397743797902,0.00797820626703441));
#15885=CARTESIAN_POINT('',(0.10387864831168,-0.0159077235722214,0.00797820626703441));
#15886=CARTESIAN_POINT('',(0.10387864831168,-0.0159077235722214,0.00797820626703441));
#15887=CARTESIAN_POINT('',(0.10287864831168,-0.0176397743797902,0.00797820626703441));
#15888=CARTESIAN_POINT('',(0.102408122002438,-0.0150587148117299,0.00840156958433383));
#15889=CARTESIAN_POINT('',(0.100937595693195,-0.0142097060512383,0.00882493290163324));
#15890=CARTESIAN_POINT('',(0.100937595693195,-0.0142097060512383,0.00882493290163324));
#15891=CARTESIAN_POINT('',(0.102408122002438,-0.0150587148117299,0.00840156958433383));
#15892=CARTESIAN_POINT('',(0.102437595693195,-0.011611629839885,0.00882493290163324));
#15893=CARTESIAN_POINT('',(0.103937595693195,-0.00901355362853169,0.00882493290163325));
#15894=CARTESIAN_POINT('',(0.103937595693195,-0.00901355362853169,0.00882493290163325));
#15895=CARTESIAN_POINT('',(0.102437595693195,-0.011611629839885,0.00882493290163324));
#15896=CARTESIAN_POINT('',(0.100576392700641,-0.00707296217597969,0.00979262048403192));
#15897=CARTESIAN_POINT('',(0.0972151897080875,-0.00513237072342768,0.0107603080664306));
#15898=CARTESIAN_POINT('',(0.0972151897080875,-0.00513237072342768,0.0107603080664306));
#15899=CARTESIAN_POINT('',(0.100576392700641,-0.00707296217597969,0.00979262048403192));
#15900=CARTESIAN_POINT('',(0.0957151897080875,-0.007730446934781,0.0107603080664306));
#15901=CARTESIAN_POINT('',(0.0957151897080875,-0.007730446934781,0.0107603080664306));
#15902=CARTESIAN_POINT('',(0.119423022016999,-0.0110832330457785,0.00522323723865547));
#15903=CARTESIAN_POINT('',(0.102809249807957,-0.0216411590193117,0.00749436247583508));
#15904=CARTESIAN_POINT('',(0.100059249807957,-0.0264042987401261,0.00749436247583508));
#15905=CARTESIAN_POINT('',(0.102809249807957,-0.0216411590193117,0.00749436247583508));
#15906=CARTESIAN_POINT('',(0.105559249807957,-0.0168780192984973,0.00749436247583508));
#15907=CARTESIAN_POINT('',(0.107870076865338,-0.0182121759221268,0.006829077262936));
#15908=CARTESIAN_POINT('',(0.110180903922719,-0.0195463325457563,0.00616379205003691));
#15909=CARTESIAN_POINT('',(0.105941355044926,-0.0298003337820921,0.0058009092066374));
#15910=CARTESIAN_POINT('',(0.111823460281896,-0.0331963688240582,0.00410745593743973));
#15911=CARTESIAN_POINT('',(0.113573460281896,-0.0301652799108126,0.00410745593743973));
#15912=CARTESIAN_POINT('',(0.115323460281896,-0.0271341909975671,0.00410745593743973));
#15913=CARTESIAN_POINT('',(0.116583911404104,-0.0278619127922741,0.00374457309404022));
#15914=CARTESIAN_POINT('',(0.117844362526311,-0.028589634586981,0.00338169025064072));
#15915=CARTESIAN_POINT('',(0.118844362526311,-0.0268575837794122,0.00338169025064072));
#15916=CARTESIAN_POINT('',(0.119844362526311,-0.0251255329718433,0.00338169025064072));
#15917=CARTESIAN_POINT('',(0.118373836217069,-0.0242765242113518,0.00380505356794014));
#15918=CARTESIAN_POINT('',(0.116903309907827,-0.0234275154508603,0.00422841688523956));
#15919=CARTESIAN_POINT('',(0.118403309907827,-0.020829439239507,0.00422841688523956));
#15920=CARTESIAN_POINT('',(0.119403309907827,-0.0190973884319381,0.00422841688523955));
#15921=CARTESIAN_POINT('',(0.111680903922719,-0.016948256334403,0.00616379205003691));
#15922=CARTESIAN_POINT('',(0.113099924937361,-0.0154581274224337,0.00810438350258891));
#15923=CARTESIAN_POINT('',(0.123835791079969,-0.0274299853217488,0.00223256124654231));
#15924=CARTESIAN_POINT('',(0.121524964022588,-0.0260958286981193,0.0028978464594414));
#15925=CARTESIAN_POINT('',(0.12614661813735,-0.0287641419453783,0.00156727603364322));
#15926=CARTESIAN_POINT('',(0.118774964022588,-0.0308589684189337,0.0028978464594414));
#15927=CARTESIAN_POINT('',(0.116024964022588,-0.0356221081397481,0.0028978464594414));
#15928=CARTESIAN_POINT('',(0.121907069259558,-0.0390181431817141,0.00120439319024371));
#15929=CARTESIAN_POINT('',(0.127789174496527,-0.0424141782236801,-0.000489060078953963));
#15930=CARTESIAN_POINT('',(0.129539174496527,-0.0393830893104345,-0.000489060078953965));
#15931=CARTESIAN_POINT('',(0.131289174496527,-0.036352000397189,-0.000489060078953965));
#15932=CARTESIAN_POINT('',(0.132549625618735,-0.037079722191896,-0.00085194292235347));
#15933=CARTESIAN_POINT('',(0.133810076740943,-0.037807443986603,-0.00121482576575297));
#15934=CARTESIAN_POINT('',(0.134810076740943,-0.0360753931790341,-0.00121482576575297));
#15935=CARTESIAN_POINT('',(0.138310076740943,-0.0300132153525431,-0.00121482576575298));
#15936=CARTESIAN_POINT('',(0.12764661813735,-0.026166065734025,0.00156727603364322));
#15937=CARTESIAN_POINT('',(0.129065639151992,-0.0246759368220557,0.00350786748619522));
#15938=CARTESIAN_POINT('',(0.116541687894258,-0.016290529653706,0.00519416387618568));
#15939=CARTESIAN_POINT('',(0.121162631670607,-0.0189584327868913,0.00592708644219188));
#15940=CARTESIAN_POINT('',(0.128306317389211,-0.0230828416595336,0.00180919792924288));
#15941=CARTESIAN_POINT('',(0.133736499864474,-0.0175577049355308,0.001323413546591));
#15942=CARTESIAN_POINT('',(0.130486499864474,-0.0231868700601296,0.001323413546591));
#15943=CARTESIAN_POINT('',(0.131683199005575,-0.0211141263463688,0.001323413546591));
#15944=CARTESIAN_POINT('',(0.112716118833189,-0.00542158228864982,0.00737516399020443));
#15945=CARTESIAN_POINT('',(0.116385558868845,-3.45809815462373E-05,0.00931769603420898));
#15946=CARTESIAN_POINT('',(0.109466118833189,-0.0110507474132487,0.00737516399020442));
#15947=CARTESIAN_POINT('',(0.126976309348831,-0.00499445308370699,0.00434928876839771));
#15948=CARTESIAN_POINT('',(0.117306838602342,0.000588218454699874,0.00713518268605731));
#15949=CARTESIAN_POINT('',(0.127270375805202,-0.00516423243145242,0.00632791576296144));
#15950=CARTESIAN_POINT('',(0.116541687894258,-0.016290529653706,0.00519416387618568));
#15951=CARTESIAN_POINT('',(0.11234060317458,-0.0138650322599117,0.00640571394563657));
#15952=CARTESIAN_POINT('',(0.109806419581327,-0.0124019206801711,0.00713324209460476));
#15953=CARTESIAN_POINT('',(0.11184060317458,-0.0147310576636961,0.00640571394563658));
#15954=CARTESIAN_POINT('',(0.12024319163495,-0.0195822943731805,0.00398455439818733));
#15955=CARTESIAN_POINT('',(0.127806317389211,-0.023948867063318,0.00180919792924289));
#15956=CARTESIAN_POINT('',(0.131326800612612,-0.0236720179232676,0.00108149165099133));
#15957=CARTESIAN_POINT('',(0.137469775992804,-0.0295280674894051,-0.000972903870153303));
#15958=CARTESIAN_POINT('',(0.116806419581327,-0.000277565027188967,0.00713324209460476));
#15959=CARTESIAN_POINT('',(0.110306419581327,-0.0115358952763867,0.00713324209460475));
#15960=CARTESIAN_POINT('',(0.132523918774728,-0.0215995161314024,0.00108343224244388));
#15961=CARTESIAN_POINT('',(0.127350935769546,-0.00405604321017271,0.00438538371895689));
#15962=MECHANICAL_DESIGN_GEOMETRIC_PRESENTATION_REPRESENTATION('',(#9712),#15963);
#15963=(
GEOMETRIC_REPRESENTATION_CONTEXT(3)
GLOBAL_UNCERTAINTY_ASSIGNED_CONTEXT((#15964))
GLOBAL_UNIT_ASSIGNED_CONTEXT((#15967,#15966,#15965))
REPRESENTATION_CONTEXT('left-base','TOP_LEVEL_ASSEMBLY_PART')
);
#15964=UNCERTAINTY_MEASURE_WITH_UNIT(LENGTH_MEASURE(2.E-05),#15967,'DISTANCE_ACCURACY_VALUE','Maximum Tolerance applied to model');
#15965=(
NAMED_UNIT(*)
SI_UNIT($,.STERADIAN.)
SOLID_ANGLE_UNIT()
);
#15966=(
NAMED_UNIT(*)
PLANE_ANGLE_UNIT()
SI_UNIT($,.RADIAN.)
);
#15967=(
LENGTH_UNIT()
NAMED_UNIT(*)
SI_UNIT($,.METRE.)
);
#15968=PRODUCT_DEFINITION_SHAPE('','',#15969);
#15969=PRODUCT_DEFINITION('','',#15971,#15970);
#15970=PRODUCT_DEFINITION_CONTEXT('',#15977,'design');
#15971=PRODUCT_DEFINITION_FORMATION_WITH_SPECIFIED_SOURCE('','',#15973,.NOT_KNOWN.);
#15972=PRODUCT_RELATED_PRODUCT_CATEGORY('','',(#15973));
#15973=PRODUCT('left-base','left-base','left-base',(#15975));
#15974=PRODUCT_CATEGORY('','');
#15975=PRODUCT_CONTEXT('',#15977,'mechanical');
#15976=APPLICATION_PROTOCOL_DEFINITION('international standard','ap242_managed_model_based_3d_engineering',2020,#15977);
#15977=APPLICATION_CONTEXT('managed model based 3d engineering');
ENDSEC;
END-ISO-10303-21;
