ISO-10303-21;
HEADER;
/*Generated by software containing ST-Developer
 * from STEP Tools, Inc. (www.steptools.com) 
 */
/*OPTION: using custom renumber hook */
/*description */
/*implementation_level */
FILE_DESCRIPTION(('STEP AP242 Edition 2','STEP AP242 Edition 2''CAx-IF Rec.Pracs.---Representation and Presentation of Product Manufa
cturing Information (PMI)---4.0---2014-10-13','STEP AP242 Edition 2''CAx-IF Rec.Pracs.---Representation and Presentation of Product Manufa
cturing Information (PMI)---4.0---2014-10-13''CAx-IF Rec.Pracs.---3D Tessellated Geometry---0.4---2014-09-14','STEP AP242 Edition 2''CAx-IF Rec.Pracs.---Representation and Presentation of Product Manufa
cturing Information (PMI)---4.0---2014-10-13''CAx-IF Rec.Pracs.---3D Tessellated Geometry---0.4---2014-09-14''2;1','STEP AP242 Edition 2''CAx-IF Rec.Pracs.---Representation and Presentation of Product Manufa
cturing Information (PMI)---4.0---2014-10-13''CAx-IF Rec.Pracs.---3D Tessellated Geometry---0.4---2014-09-14''2;1''CAx-IF Rec.Pracs.---User Defined Attributes---1.5---2016-08-15'),'2;1');
/*name */
/*time_stamp */
/*author */
/*organization */
/*preprocessor_version */
/*originating_system */
/*authorisation */
FILE_NAME('/vol/tmp/translate-9396417658402695632/right-base - right-base.step','2026-03-01T21:15:49',(''),(''),'ST-DEVELOPER v20','ONSHAPE BY PTC INC, 1.211','  ');
FILE_SCHEMA(('AP242_MANAGED_MODEL_BASED_3D_ENGINEERING_MIM_LF { 1 0 10303 442 3 1 4 }'));
ENDSEC;
DATA;
#10=SHAPE_REPRESENTATION_RELATIONSHIP('','',#9283,#11);
#11=ADVANCED_BREP_SHAPE_REPRESENTATION('',(#9281),#15207);
#12=(
B_SPLINE_SURFACE(3,2,((#14254,#14255,#14256),(#14257,#14258,#14259),(#14260,
#14261,#14262),(#14263,#14264,#14265),(#14266,#14267,#14268),(#14269,#14270,
#14271),(#14272,#14273,#14274)),.UNSPECIFIED.,.F.,.F.,.F.)
B_SPLINE_SURFACE_WITH_KNOTS((4,1,1,1,4),(3,3),(3.14159265358979,3.53429173528852,3.92699081698724,4.31968989868597,4.71238898038469),(0.,1.),.UNSPECIFIED.)
BOUNDED_SURFACE()
GEOMETRIC_REPRESENTATION_ITEM()
RATIONAL_B_SPLINE_SURFACE(((1.,0.707106781186548,1.),(1.,0.707106781234865,
1.),(1.,0.74657186080788,1.),(1.,0.869029034411716,1.),(1.,0.973464424251885,
1.),(1.,0.999999999995746,1.),(1.,1.,1.)))
REPRESENTATION_ITEM('')
SURFACE()
);
#13=(
B_SPLINE_SURFACE(3,2,((#14279,#14280,#14281),(#14282,#14283,#14284),(#14285,
#14286,#14287),(#14288,#14289,#14290),(#14291,#14292,#14293),(#14294,#14295,
#14296),(#14297,#14298,#14299)),.UNSPECIFIED.,.F.,.F.,.F.)
B_SPLINE_SURFACE_WITH_KNOTS((4,1,1,1,4),(3,3),(4.71238898038469,5.10508806208341,5.49778714378214,5.89048622548086,6.28318530717959),(0.,1.),.UNSPECIFIED.)
BOUNDED_SURFACE()
GEOMETRIC_REPRESENTATION_ITEM()
RATIONAL_B_SPLINE_SURFACE(((1.,1.,1.),(1.,0.999999999995746,1.),(1.,0.973464424251958,
1.),(1.,0.869029034411475,1.),(1.,0.746571860808781,1.),(1.,0.70710678123294,
1.),(1.,0.707106781186551,1.)))
REPRESENTATION_ITEM('')
SURFACE()
);
#14=CONICAL_SURFACE('',#9691,0.0055,0.994421106203713);
#15=SPHERICAL_SURFACE('',#9539,0.0005);
#16=SPHERICAL_SURFACE('',#9543,0.0005);
#17=SPHERICAL_SURFACE('',#9605,0.001);
#18=SPHERICAL_SURFACE('',#9609,0.001);
#19=SPHERICAL_SURFACE('',#9614,0.001);
#20=SPHERICAL_SURFACE('',#9618,0.001);
#21=SPHERICAL_SURFACE('',#9623,0.001);
#22=SPHERICAL_SURFACE('',#9627,0.001);
#23=SPHERICAL_SURFACE('',#9632,0.001);
#24=SPHERICAL_SURFACE('',#9636,0.001);
#25=SPHERICAL_SURFACE('',#9695,0.001);
#26=SPHERICAL_SURFACE('',#9706,0.001);
#27=SPHERICAL_SURFACE('',#9708,0.001);
#28=SPHERICAL_SURFACE('',#9714,0.001);
#29=DEGENERATE_TOROIDAL_SURFACE('',#9497,0.0005,0.001,.T.);
#30=DEGENERATE_TOROIDAL_SURFACE('',#9498,0.0005,0.001,.T.);
#31=TOROIDAL_SURFACE('',#9482,0.002,0.001);
#32=TOROIDAL_SURFACE('',#9486,0.002,0.001);
#33=TOROIDAL_SURFACE('',#9490,0.002,0.001);
#34=TOROIDAL_SURFACE('',#9494,0.002,0.001);
#35=TOROIDAL_SURFACE('',#9678,0.0005,0.0005);
#36=TOROIDAL_SURFACE('',#9680,0.0005,0.0005);
#37=TOROIDAL_SURFACE('',#9686,0.0005,0.0005);
#38=TOROIDAL_SURFACE('',#9688,0.0005,0.0005);
#39=B_SPLINE_CURVE_WITH_KNOTS('',3,(#13172,#13173,#13174,#13175,#13176),.UNSPECIFIED.,.F.,.F.,(4,1,4),(0.,0.00175598998873214,0.00351197997746429),.UNSPECIFIED.);
#40=B_SPLINE_CURVE_WITH_KNOTS('',3,(#13245,#13246,#13247,#13248,#13249),.UNSPECIFIED.,.F.,.F.,(4,1,4),(0.,0.00175598998873203,0.00351197997746405),.UNSPECIFIED.);
#41=B_SPLINE_CURVE_WITH_KNOTS('',3,(#13261,#13262,#13263,#13264,#13265),.UNSPECIFIED.,.F.,.F.,(4,1,4),(0.,0.00166194398456612,0.00332388796913223),.UNSPECIFIED.);
#42=B_SPLINE_CURVE_WITH_KNOTS('',3,(#13466,#13467,#13468,#13469,#13470),.UNSPECIFIED.,.F.,.F.,(4,1,4),(0.,0.000900570223156384,0.00180114044631277),.UNSPECIFIED.);
#43=B_SPLINE_CURVE_WITH_KNOTS('',3,(#13471,#13472,#13473,#13474),.UNSPECIFIED.,.F.,.F.,(4,4),(0.,0.00485669545988553),.UNSPECIFIED.);
#44=ELLIPSE('',#9318,0.000504913786259253,0.000499999999999945);
#45=ELLIPSE('',#9319,0.00151474135877789,0.00149999999999996);
#46=ELLIPSE('',#9320,0.0100982757251861,0.00999999999999988);
#47=ELLIPSE('',#9321,0.000504913786259267,0.000499999999999959);
#48=ELLIPSE('',#9322,0.00151474135877789,0.00149999999999996);
#49=ELLIPSE('',#9324,0.00050491378625931,0.0005);
#50=ELLIPSE('',#9330,0.00151474135877789,0.00149999999999997);
#51=ELLIPSE('',#9333,0.000504913786259208,0.0004999999999999);
#52=ELLIPSE('',#9339,0.00151474135877793,0.0015);
#53=ELLIPSE('',#9343,0.0718529653432765,0.00999999999999988);
#54=ELLIPSE('',#9345,0.0100982757251861,0.00999999999999988);
#55=ELLIPSE('',#9440,0.00216428862163478,0.0021);
#56=ELLIPSE('',#9441,0.00216428862163478,0.0021);
#57=ELLIPSE('',#9442,0.00216428862163478,0.0021);
#58=ELLIPSE('',#9443,0.00216428862163478,0.0021);
#59=ELLIPSE('',#9721,0.00424264068711928,0.003);
#60=ELLIPSE('',#9723,0.00424264068711928,0.003);
#61=ELLIPSE('',#9725,0.00335410196624967,0.003);
#62=ELLIPSE('',#9726,0.00335410196624967,0.003);
#63=ELLIPSE('',#9729,0.00335410196624968,0.003);
#64=ELLIPSE('',#9730,0.00335410196624968,0.003);
#65=CYLINDRICAL_SURFACE('',#9298,0.001);
#66=CYLINDRICAL_SURFACE('',#9326,0.001);
#67=CYLINDRICAL_SURFACE('',#9329,0.00149999999999997);
#68=CYLINDRICAL_SURFACE('',#9332,0.0004999999999999);
#69=CYLINDRICAL_SURFACE('',#9338,0.0015);
#70=CYLINDRICAL_SURFACE('',#9342,0.00999999999999988);
#71=CYLINDRICAL_SURFACE('',#9347,0.001);
#72=CYLINDRICAL_SURFACE('',#9450,0.00399999999999985);
#73=CYLINDRICAL_SURFACE('',#9452,0.003);
#74=CYLINDRICAL_SURFACE('',#9453,0.002);
#75=CYLINDRICAL_SURFACE('',#9455,0.004);
#76=CYLINDRICAL_SURFACE('',#9457,0.003);
#77=CYLINDRICAL_SURFACE('',#9458,0.002);
#78=CYLINDRICAL_SURFACE('',#9460,0.0015);
#79=CYLINDRICAL_SURFACE('',#9464,0.0015);
#80=CYLINDRICAL_SURFACE('',#9474,0.003);
#81=CYLINDRICAL_SURFACE('',#9476,0.003);
#82=CYLINDRICAL_SURFACE('',#9478,0.003);
#83=CYLINDRICAL_SURFACE('',#9480,0.003);
#84=CYLINDRICAL_SURFACE('',#9484,0.001);
#85=CYLINDRICAL_SURFACE('',#9488,0.001);
#86=CYLINDRICAL_SURFACE('',#9492,0.001);
#87=CYLINDRICAL_SURFACE('',#9496,0.001);
#88=CYLINDRICAL_SURFACE('',#9501,0.001);
#89=CYLINDRICAL_SURFACE('',#9504,0.001);
#90=CYLINDRICAL_SURFACE('',#9524,0.001);
#91=CYLINDRICAL_SURFACE('',#9525,0.001);
#92=CYLINDRICAL_SURFACE('',#9526,0.001);
#93=CYLINDRICAL_SURFACE('',#9527,0.001);
#94=CYLINDRICAL_SURFACE('',#9528,0.001);
#95=CYLINDRICAL_SURFACE('',#9529,0.001);
#96=CYLINDRICAL_SURFACE('',#9533,0.0005);
#97=CYLINDRICAL_SURFACE('',#9535,0.0005);
#98=CYLINDRICAL_SURFACE('',#9537,0.0005);
#99=CYLINDRICAL_SURFACE('',#9541,0.0005);
#100=CYLINDRICAL_SURFACE('',#9545,0.0005);
#101=CYLINDRICAL_SURFACE('',#9546,0.0021);
#102=CYLINDRICAL_SURFACE('',#9547,0.0021);
#103=CYLINDRICAL_SURFACE('',#9548,0.0021);
#104=CYLINDRICAL_SURFACE('',#9549,0.0021);
#105=CYLINDRICAL_SURFACE('',#9550,0.001);
#106=CYLINDRICAL_SURFACE('',#9554,0.001);
#107=CYLINDRICAL_SURFACE('',#9561,0.00149999999999996);
#108=CYLINDRICAL_SURFACE('',#9564,0.000499999999999945);
#109=CYLINDRICAL_SURFACE('',#9565,0.00149999999999996);
#110=CYLINDRICAL_SURFACE('',#9567,0.000499999999999959);
#111=CYLINDRICAL_SURFACE('',#9570,0.0005);
#112=CYLINDRICAL_SURFACE('',#9587,0.001);
#113=CYLINDRICAL_SURFACE('',#9589,0.001);
#114=CYLINDRICAL_SURFACE('',#9591,0.001);
#115=CYLINDRICAL_SURFACE('',#9593,0.001);
#116=CYLINDRICAL_SURFACE('',#9595,0.001);
#117=CYLINDRICAL_SURFACE('',#9597,0.001);
#118=CYLINDRICAL_SURFACE('',#9599,0.001);
#119=CYLINDRICAL_SURFACE('',#9601,0.001);
#120=CYLINDRICAL_SURFACE('',#9603,0.001);
#121=CYLINDRICAL_SURFACE('',#9607,0.001);
#122=CYLINDRICAL_SURFACE('',#9611,0.001);
#123=CYLINDRICAL_SURFACE('',#9612,0.001);
#124=CYLINDRICAL_SURFACE('',#9616,0.001);
#125=CYLINDRICAL_SURFACE('',#9620,0.001);
#126=CYLINDRICAL_SURFACE('',#9621,0.001);
#127=CYLINDRICAL_SURFACE('',#9625,0.001);
#128=CYLINDRICAL_SURFACE('',#9629,0.001);
#129=CYLINDRICAL_SURFACE('',#9630,0.001);
#130=CYLINDRICAL_SURFACE('',#9634,0.001);
#131=CYLINDRICAL_SURFACE('',#9638,0.001);
#132=CYLINDRICAL_SURFACE('',#9639,0.0015);
#133=CYLINDRICAL_SURFACE('',#9641,0.00150000000000005);
#134=CYLINDRICAL_SURFACE('',#9646,0.001);
#135=CYLINDRICAL_SURFACE('',#9649,0.001);
#136=CYLINDRICAL_SURFACE('',#9657,0.001);
#137=CYLINDRICAL_SURFACE('',#9667,0.001);
#138=CYLINDRICAL_SURFACE('',#9669,0.001);
#139=CYLINDRICAL_SURFACE('',#9671,0.001);
#140=CYLINDRICAL_SURFACE('',#9673,0.001);
#141=CYLINDRICAL_SURFACE('',#9675,0.0005);
#142=CYLINDRICAL_SURFACE('',#9682,0.0005);
#143=CYLINDRICAL_SURFACE('',#9684,0.0005);
#144=CYLINDRICAL_SURFACE('',#9690,0.0005);
#145=CYLINDRICAL_SURFACE('',#9693,0.001);
#146=CYLINDRICAL_SURFACE('',#9698,0.001);
#147=CYLINDRICAL_SURFACE('',#9700,0.001);
#148=CYLINDRICAL_SURFACE('',#9702,0.001);
#149=CYLINDRICAL_SURFACE('',#9704,0.001);
#150=CYLINDRICAL_SURFACE('',#9710,0.001);
#151=CYLINDRICAL_SURFACE('',#9712,0.001);
#152=CYLINDRICAL_SURFACE('',#9716,0.001);
#153=CYLINDRICAL_SURFACE('',#9720,0.003);
#154=CYLINDRICAL_SURFACE('',#9722,0.003);
#155=CYLINDRICAL_SURFACE('',#9724,0.003);
#156=CYLINDRICAL_SURFACE('',#9727,0.003);
#157=CYLINDRICAL_SURFACE('',#9728,0.003);
#158=CYLINDRICAL_SURFACE('',#9731,0.003);
#159=CYLINDRICAL_SURFACE('',#9732,0.00175);
#160=CYLINDRICAL_SURFACE('',#9735,0.00175);
#161=CYLINDRICAL_SURFACE('',#9738,0.00175);
#162=CYLINDRICAL_SURFACE('',#9741,0.00175);
#163=CYLINDRICAL_SURFACE('',#9746,0.002);
#164=CIRCLE('',#9286,0.001);
#165=CIRCLE('',#9287,0.001);
#166=CIRCLE('',#9288,0.001);
#167=CIRCLE('',#9289,0.0005);
#168=CIRCLE('',#9290,0.0005);
#169=CIRCLE('',#9291,0.001);
#170=CIRCLE('',#9292,0.001);
#171=CIRCLE('',#9293,0.001);
#172=CIRCLE('',#9294,0.001);
#173=CIRCLE('',#9295,0.001);
#174=CIRCLE('',#9296,0.001);
#175=CIRCLE('',#9299,0.001);
#176=CIRCLE('',#9300,0.001);
#177=CIRCLE('',#9315,0.001);
#178=CIRCLE('',#9316,0.001);
#179=CIRCLE('',#9317,0.001);
#180=CIRCLE('',#9325,0.001);
#181=CIRCLE('',#9327,0.001);
#182=CIRCLE('',#9328,0.001);
#183=CIRCLE('',#9334,0.0004999999999999);
#184=CIRCLE('',#9341,0.002);
#185=CIRCLE('',#9344,0.00999999999999988);
#186=CIRCLE('',#9348,0.001);
#187=CIRCLE('',#9349,0.001);
#188=CIRCLE('',#9354,0.00175);
#189=CIRCLE('',#9355,0.00175);
#190=CIRCLE('',#9356,0.00175);
#191=CIRCLE('',#9357,0.00175);
#192=CIRCLE('',#9358,0.003);
#193=CIRCLE('',#9359,0.003);
#194=CIRCLE('',#9363,0.001);
#195=CIRCLE('',#9364,0.001);
#196=CIRCLE('',#9365,0.001);
#197=CIRCLE('',#9366,0.001);
#198=CIRCLE('',#9367,0.001);
#199=CIRCLE('',#9368,0.001);
#200=CIRCLE('',#9369,0.001);
#201=CIRCLE('',#9371,0.001);
#202=CIRCLE('',#9373,0.0055);
#203=CIRCLE('',#9374,0.002);
#204=CIRCLE('',#9375,0.002);
#205=CIRCLE('',#9376,0.002);
#206=CIRCLE('',#9377,0.002);
#207=CIRCLE('',#9380,0.0005);
#208=CIRCLE('',#9381,0.0005);
#209=CIRCLE('',#9383,0.00399999999999985);
#210=CIRCLE('',#9384,0.003);
#211=CIRCLE('',#9385,0.002);
#212=CIRCLE('',#9386,0.004);
#213=CIRCLE('',#9387,0.003);
#214=CIRCLE('',#9388,0.002);
#215=CIRCLE('',#9389,0.0015);
#216=CIRCLE('',#9390,0.003);
#217=CIRCLE('',#9391,0.003);
#218=CIRCLE('',#9392,0.003);
#219=CIRCLE('',#9393,0.003);
#220=CIRCLE('',#9394,0.0015);
#221=CIRCLE('',#9409,0.001);
#222=CIRCLE('',#9410,0.001);
#223=CIRCLE('',#9411,0.001);
#224=CIRCLE('',#9412,0.001);
#225=CIRCLE('',#9413,0.001);
#226=CIRCLE('',#9414,0.001);
#227=CIRCLE('',#9415,0.001);
#228=CIRCLE('',#9416,0.001);
#229=CIRCLE('',#9417,0.001);
#230=CIRCLE('',#9418,0.001);
#231=CIRCLE('',#9419,0.001);
#232=CIRCLE('',#9420,0.001);
#233=CIRCLE('',#9421,0.0005);
#234=CIRCLE('',#9422,0.00150000000000005);
#235=CIRCLE('',#9423,0.0015);
#236=CIRCLE('',#9424,0.003);
#237=CIRCLE('',#9425,0.00149999999999996);
#238=CIRCLE('',#9426,0.000499999999999945);
#239=CIRCLE('',#9427,0.00149999999999996);
#240=CIRCLE('',#9428,0.000499999999999959);
#241=CIRCLE('',#9429,0.001);
#242=CIRCLE('',#9430,0.001);
#243=CIRCLE('',#9431,0.001);
#244=CIRCLE('',#9432,0.001);
#245=CIRCLE('',#9433,0.001);
#246=CIRCLE('',#9434,0.001);
#247=CIRCLE('',#9435,0.001);
#248=CIRCLE('',#9444,0.00399999999999985);
#249=CIRCLE('',#9445,0.002);
#250=CIRCLE('',#9446,0.003);
#251=CIRCLE('',#9447,0.004);
#252=CIRCLE('',#9448,0.002);
#253=CIRCLE('',#9449,0.003);
#254=CIRCLE('',#9461,0.0015);
#255=CIRCLE('',#9463,0.0005);
#256=CIRCLE('',#9465,0.0015);
#257=CIRCLE('',#9467,0.0005);
#258=CIRCLE('',#9473,0.001);
#259=CIRCLE('',#9475,0.003);
#260=CIRCLE('',#9477,0.003);
#261=CIRCLE('',#9479,0.003);
#262=CIRCLE('',#9481,0.003);
#263=CIRCLE('',#9483,0.001);
#264=CIRCLE('',#9485,0.001);
#265=CIRCLE('',#9487,0.001);
#266=CIRCLE('',#9489,0.001);
#267=CIRCLE('',#9491,0.001);
#268=CIRCLE('',#9493,0.001);
#269=CIRCLE('',#9495,0.001);
#270=CIRCLE('',#9502,0.001);
#271=CIRCLE('',#9505,0.001);
#272=CIRCLE('',#9513,0.001);
#273=CIRCLE('',#9514,0.001);
#274=CIRCLE('',#9515,0.001);
#275=CIRCLE('',#9516,0.001);
#276=CIRCLE('',#9517,0.001);
#277=CIRCLE('',#9518,0.001);
#278=CIRCLE('',#9519,0.0021);
#279=CIRCLE('',#9520,0.0021);
#280=CIRCLE('',#9521,0.0021);
#281=CIRCLE('',#9522,0.0021);
#282=CIRCLE('',#9534,0.0005);
#283=CIRCLE('',#9536,0.0005);
#284=CIRCLE('',#9538,0.0005);
#285=CIRCLE('',#9540,0.0005);
#286=CIRCLE('',#9542,0.0005);
#287=CIRCLE('',#9544,0.0005);
#288=CIRCLE('',#9551,0.001);
#289=CIRCLE('',#9555,0.001);
#290=CIRCLE('',#9559,0.003);
#291=CIRCLE('',#9560,0.003);
#292=CIRCLE('',#9562,0.00149999999999996);
#293=CIRCLE('',#9588,0.001);
#294=CIRCLE('',#9590,0.001);
#295=CIRCLE('',#9592,0.001);
#296=CIRCLE('',#9594,0.001);
#297=CIRCLE('',#9596,0.001);
#298=CIRCLE('',#9598,0.001);
#299=CIRCLE('',#9600,0.001);
#300=CIRCLE('',#9602,0.001);
#301=CIRCLE('',#9604,0.001);
#302=CIRCLE('',#9606,0.001);
#303=CIRCLE('',#9608,0.001);
#304=CIRCLE('',#9610,0.001);
#305=CIRCLE('',#9613,0.001);
#306=CIRCLE('',#9615,0.001);
#307=CIRCLE('',#9617,0.001);
#308=CIRCLE('',#9619,0.001);
#309=CIRCLE('',#9622,0.001);
#310=CIRCLE('',#9624,0.001);
#311=CIRCLE('',#9626,0.001);
#312=CIRCLE('',#9628,0.001);
#313=CIRCLE('',#9631,0.001);
#314=CIRCLE('',#9633,0.001);
#315=CIRCLE('',#9635,0.001);
#316=CIRCLE('',#9637,0.001);
#317=CIRCLE('',#9640,0.0015);
#318=CIRCLE('',#9642,0.00150000000000005);
#319=CIRCLE('',#9645,0.001);
#320=CIRCLE('',#9648,0.001);
#321=CIRCLE('',#9656,0.001);
#322=CIRCLE('',#9659,0.0005);
#323=CIRCLE('',#9660,0.0005);
#324=CIRCLE('',#9661,0.0005);
#325=CIRCLE('',#9662,0.0005);
#326=CIRCLE('',#9668,0.001);
#327=CIRCLE('',#9670,0.001);
#328=CIRCLE('',#9672,0.001);
#329=CIRCLE('',#9674,0.001);
#330=CIRCLE('',#9676,0.0005);
#331=CIRCLE('',#9677,0.0005);
#332=CIRCLE('',#9679,0.0005);
#333=CIRCLE('',#9681,0.0005);
#334=CIRCLE('',#9683,0.0005);
#335=CIRCLE('',#9685,0.0005);
#336=CIRCLE('',#9687,0.0005);
#337=CIRCLE('',#9689,0.0005);
#338=CIRCLE('',#9694,0.001);
#339=CIRCLE('',#9696,0.001);
#340=CIRCLE('',#9697,0.001);
#341=CIRCLE('',#9699,0.001);
#342=CIRCLE('',#9701,0.001);
#343=CIRCLE('',#9703,0.001);
#344=CIRCLE('',#9705,0.001);
#345=CIRCLE('',#9707,0.001);
#346=CIRCLE('',#9709,0.001);
#347=CIRCLE('',#9711,0.001);
#348=CIRCLE('',#9713,0.001);
#349=CIRCLE('',#9715,0.001);
#350=CIRCLE('',#9733,0.00175);
#351=CIRCLE('',#9736,0.00175);
#352=CIRCLE('',#9739,0.00175);
#353=CIRCLE('',#9742,0.00175);
#354=ORIENTED_EDGE('',*,*,#2950,.F.);
#355=ORIENTED_EDGE('',*,*,#2951,.F.);
#356=ORIENTED_EDGE('',*,*,#2952,.F.);
#357=ORIENTED_EDGE('',*,*,#2953,.F.);
#358=ORIENTED_EDGE('',*,*,#2954,.F.);
#359=ORIENTED_EDGE('',*,*,#2955,.F.);
#360=ORIENTED_EDGE('',*,*,#2956,.F.);
#361=ORIENTED_EDGE('',*,*,#2957,.F.);
#362=ORIENTED_EDGE('',*,*,#2958,.F.);
#363=ORIENTED_EDGE('',*,*,#2959,.F.);
#364=ORIENTED_EDGE('',*,*,#2960,.F.);
#365=ORIENTED_EDGE('',*,*,#2961,.F.);
#366=ORIENTED_EDGE('',*,*,#2962,.F.);
#367=ORIENTED_EDGE('',*,*,#2963,.F.);
#368=ORIENTED_EDGE('',*,*,#2964,.F.);
#369=ORIENTED_EDGE('',*,*,#2965,.F.);
#370=ORIENTED_EDGE('',*,*,#2966,.F.);
#371=ORIENTED_EDGE('',*,*,#2967,.F.);
#372=ORIENTED_EDGE('',*,*,#2968,.F.);
#373=ORIENTED_EDGE('',*,*,#2969,.F.);
#374=ORIENTED_EDGE('',*,*,#2970,.F.);
#375=ORIENTED_EDGE('',*,*,#2971,.F.);
#376=ORIENTED_EDGE('',*,*,#2972,.F.);
#377=ORIENTED_EDGE('',*,*,#2973,.F.);
#378=ORIENTED_EDGE('',*,*,#2974,.F.);
#379=ORIENTED_EDGE('',*,*,#2975,.F.);
#380=ORIENTED_EDGE('',*,*,#2976,.F.);
#381=ORIENTED_EDGE('',*,*,#2977,.F.);
#382=ORIENTED_EDGE('',*,*,#2978,.F.);
#383=ORIENTED_EDGE('',*,*,#2979,.F.);
#384=ORIENTED_EDGE('',*,*,#2980,.T.);
#385=ORIENTED_EDGE('',*,*,#2981,.T.);
#386=ORIENTED_EDGE('',*,*,#2982,.T.);
#387=ORIENTED_EDGE('',*,*,#2983,.F.);
#388=ORIENTED_EDGE('',*,*,#2984,.F.);
#389=ORIENTED_EDGE('',*,*,#2985,.F.);
#390=ORIENTED_EDGE('',*,*,#2986,.F.);
#391=ORIENTED_EDGE('',*,*,#2987,.F.);
#392=ORIENTED_EDGE('',*,*,#2988,.T.);
#393=ORIENTED_EDGE('',*,*,#2989,.F.);
#394=ORIENTED_EDGE('',*,*,#2990,.T.);
#395=ORIENTED_EDGE('',*,*,#2991,.F.);
#396=ORIENTED_EDGE('',*,*,#2992,.F.);
#397=ORIENTED_EDGE('',*,*,#2993,.F.);
#398=ORIENTED_EDGE('',*,*,#2994,.T.);
#399=ORIENTED_EDGE('',*,*,#2995,.F.);
#400=ORIENTED_EDGE('',*,*,#2996,.T.);
#401=ORIENTED_EDGE('',*,*,#2997,.T.);
#402=ORIENTED_EDGE('',*,*,#2998,.F.);
#403=ORIENTED_EDGE('',*,*,#2999,.T.);
#404=ORIENTED_EDGE('',*,*,#3000,.F.);
#405=ORIENTED_EDGE('',*,*,#3001,.T.);
#406=ORIENTED_EDGE('',*,*,#3002,.F.);
#407=ORIENTED_EDGE('',*,*,#3003,.T.);
#408=ORIENTED_EDGE('',*,*,#3004,.T.);
#409=ORIENTED_EDGE('',*,*,#3005,.T.);
#410=ORIENTED_EDGE('',*,*,#3006,.T.);
#411=ORIENTED_EDGE('',*,*,#3007,.T.);
#412=ORIENTED_EDGE('',*,*,#3008,.T.);
#413=ORIENTED_EDGE('',*,*,#3009,.T.);
#414=ORIENTED_EDGE('',*,*,#3010,.T.);
#415=ORIENTED_EDGE('',*,*,#3011,.F.);
#416=ORIENTED_EDGE('',*,*,#3012,.F.);
#417=ORIENTED_EDGE('',*,*,#3013,.F.);
#418=ORIENTED_EDGE('',*,*,#3014,.F.);
#419=ORIENTED_EDGE('',*,*,#3015,.T.);
#420=ORIENTED_EDGE('',*,*,#2998,.T.);
#421=ORIENTED_EDGE('',*,*,#3016,.F.);
#422=ORIENTED_EDGE('',*,*,#3017,.F.);
#423=ORIENTED_EDGE('',*,*,#3018,.F.);
#424=ORIENTED_EDGE('',*,*,#2968,.T.);
#425=ORIENTED_EDGE('',*,*,#3019,.T.);
#426=ORIENTED_EDGE('',*,*,#2969,.T.);
#427=ORIENTED_EDGE('',*,*,#3018,.T.);
#428=ORIENTED_EDGE('',*,*,#3020,.F.);
#429=ORIENTED_EDGE('',*,*,#3021,.T.);
#430=ORIENTED_EDGE('',*,*,#2972,.T.);
#431=ORIENTED_EDGE('',*,*,#3022,.F.);
#432=ORIENTED_EDGE('',*,*,#3023,.F.);
#433=ORIENTED_EDGE('',*,*,#3024,.T.);
#434=ORIENTED_EDGE('',*,*,#2971,.T.);
#435=ORIENTED_EDGE('',*,*,#3025,.F.);
#436=ORIENTED_EDGE('',*,*,#3026,.F.);
#437=ORIENTED_EDGE('',*,*,#3022,.T.);
#438=ORIENTED_EDGE('',*,*,#2970,.T.);
#439=ORIENTED_EDGE('',*,*,#3021,.F.);
#440=ORIENTED_EDGE('',*,*,#3027,.F.);
#441=ORIENTED_EDGE('',*,*,#3025,.T.);
#442=ORIENTED_EDGE('',*,*,#3019,.F.);
#443=ORIENTED_EDGE('',*,*,#2967,.T.);
#444=ORIENTED_EDGE('',*,*,#3028,.F.);
#445=ORIENTED_EDGE('',*,*,#3029,.F.);
#446=ORIENTED_EDGE('',*,*,#2978,.T.);
#447=ORIENTED_EDGE('',*,*,#3030,.F.);
#448=ORIENTED_EDGE('',*,*,#3031,.F.);
#449=ORIENTED_EDGE('',*,*,#3028,.T.);
#450=ORIENTED_EDGE('',*,*,#2977,.T.);
#451=ORIENTED_EDGE('',*,*,#3032,.F.);
#452=ORIENTED_EDGE('',*,*,#3033,.F.);
#453=ORIENTED_EDGE('',*,*,#3030,.T.);
#454=ORIENTED_EDGE('',*,*,#2976,.T.);
#455=ORIENTED_EDGE('',*,*,#3034,.F.);
#456=ORIENTED_EDGE('',*,*,#3035,.F.);
#457=ORIENTED_EDGE('',*,*,#3032,.T.);
#458=ORIENTED_EDGE('',*,*,#2975,.T.);
#459=ORIENTED_EDGE('',*,*,#3036,.F.);
#460=ORIENTED_EDGE('',*,*,#3037,.F.);
#461=ORIENTED_EDGE('',*,*,#3034,.T.);
#462=ORIENTED_EDGE('',*,*,#2974,.T.);
#463=ORIENTED_EDGE('',*,*,#3038,.F.);
#464=ORIENTED_EDGE('',*,*,#3039,.F.);
#465=ORIENTED_EDGE('',*,*,#3036,.T.);
#466=ORIENTED_EDGE('',*,*,#2973,.T.);
#467=ORIENTED_EDGE('',*,*,#3024,.F.);
#468=ORIENTED_EDGE('',*,*,#3040,.F.);
#469=ORIENTED_EDGE('',*,*,#3038,.T.);
#470=ORIENTED_EDGE('',*,*,#3020,.T.);
#471=ORIENTED_EDGE('',*,*,#3017,.T.);
#472=ORIENTED_EDGE('',*,*,#3029,.T.);
#473=ORIENTED_EDGE('',*,*,#3031,.T.);
#474=ORIENTED_EDGE('',*,*,#3033,.T.);
#475=ORIENTED_EDGE('',*,*,#3035,.T.);
#476=ORIENTED_EDGE('',*,*,#3037,.T.);
#477=ORIENTED_EDGE('',*,*,#3039,.T.);
#478=ORIENTED_EDGE('',*,*,#3040,.T.);
#479=ORIENTED_EDGE('',*,*,#3023,.T.);
#480=ORIENTED_EDGE('',*,*,#3026,.T.);
#481=ORIENTED_EDGE('',*,*,#3027,.T.);
#482=ORIENTED_EDGE('',*,*,#3041,.F.);
#483=ORIENTED_EDGE('',*,*,#2980,.F.);
#484=ORIENTED_EDGE('',*,*,#3042,.T.);
#485=ORIENTED_EDGE('',*,*,#3043,.T.);
#486=ORIENTED_EDGE('',*,*,#3044,.F.);
#487=ORIENTED_EDGE('',*,*,#3045,.F.);
#488=ORIENTED_EDGE('',*,*,#3046,.F.);
#489=ORIENTED_EDGE('',*,*,#3047,.F.);
#490=ORIENTED_EDGE('',*,*,#3048,.F.);
#491=ORIENTED_EDGE('',*,*,#3049,.F.);
#492=ORIENTED_EDGE('',*,*,#3050,.F.);
#493=ORIENTED_EDGE('',*,*,#3051,.F.);
#494=ORIENTED_EDGE('',*,*,#3052,.F.);
#495=ORIENTED_EDGE('',*,*,#3053,.F.);
#496=ORIENTED_EDGE('',*,*,#3054,.F.);
#497=ORIENTED_EDGE('',*,*,#3055,.F.);
#498=ORIENTED_EDGE('',*,*,#3056,.F.);
#499=ORIENTED_EDGE('',*,*,#3057,.F.);
#500=ORIENTED_EDGE('',*,*,#3058,.F.);
#501=ORIENTED_EDGE('',*,*,#3059,.F.);
#502=ORIENTED_EDGE('',*,*,#3060,.F.);
#503=ORIENTED_EDGE('',*,*,#3061,.F.);
#504=ORIENTED_EDGE('',*,*,#3062,.F.);
#505=ORIENTED_EDGE('',*,*,#3063,.F.);
#506=ORIENTED_EDGE('',*,*,#3064,.F.);
#507=ORIENTED_EDGE('',*,*,#3065,.T.);
#508=ORIENTED_EDGE('',*,*,#3066,.T.);
#509=ORIENTED_EDGE('',*,*,#3067,.T.);
#510=ORIENTED_EDGE('',*,*,#3068,.T.);
#511=ORIENTED_EDGE('',*,*,#3069,.T.);
#512=ORIENTED_EDGE('',*,*,#3070,.T.);
#513=ORIENTED_EDGE('',*,*,#3071,.T.);
#514=ORIENTED_EDGE('',*,*,#3072,.T.);
#515=ORIENTED_EDGE('',*,*,#3073,.T.);
#516=ORIENTED_EDGE('',*,*,#3074,.T.);
#517=ORIENTED_EDGE('',*,*,#3075,.T.);
#518=ORIENTED_EDGE('',*,*,#3076,.T.);
#519=ORIENTED_EDGE('',*,*,#3077,.T.);
#520=ORIENTED_EDGE('',*,*,#3078,.T.);
#521=ORIENTED_EDGE('',*,*,#3079,.T.);
#522=ORIENTED_EDGE('',*,*,#3080,.T.);
#523=ORIENTED_EDGE('',*,*,#3081,.T.);
#524=ORIENTED_EDGE('',*,*,#3082,.T.);
#525=ORIENTED_EDGE('',*,*,#3083,.T.);
#526=ORIENTED_EDGE('',*,*,#3084,.T.);
#527=ORIENTED_EDGE('',*,*,#3085,.T.);
#528=ORIENTED_EDGE('',*,*,#3086,.T.);
#529=ORIENTED_EDGE('',*,*,#3087,.T.);
#530=ORIENTED_EDGE('',*,*,#3088,.T.);
#531=ORIENTED_EDGE('',*,*,#3089,.T.);
#532=ORIENTED_EDGE('',*,*,#3090,.T.);
#533=ORIENTED_EDGE('',*,*,#3091,.T.);
#534=ORIENTED_EDGE('',*,*,#3092,.T.);
#535=ORIENTED_EDGE('',*,*,#3093,.T.);
#536=ORIENTED_EDGE('',*,*,#3094,.T.);
#537=ORIENTED_EDGE('',*,*,#3095,.T.);
#538=ORIENTED_EDGE('',*,*,#3096,.T.);
#539=ORIENTED_EDGE('',*,*,#3097,.T.);
#540=ORIENTED_EDGE('',*,*,#3098,.T.);
#541=ORIENTED_EDGE('',*,*,#3099,.T.);
#542=ORIENTED_EDGE('',*,*,#3100,.T.);
#543=ORIENTED_EDGE('',*,*,#3101,.T.);
#544=ORIENTED_EDGE('',*,*,#3102,.F.);
#545=ORIENTED_EDGE('',*,*,#3103,.F.);
#546=ORIENTED_EDGE('',*,*,#3104,.T.);
#547=ORIENTED_EDGE('',*,*,#3105,.T.);
#548=ORIENTED_EDGE('',*,*,#3106,.T.);
#549=ORIENTED_EDGE('',*,*,#3107,.T.);
#550=ORIENTED_EDGE('',*,*,#3108,.T.);
#551=ORIENTED_EDGE('',*,*,#3109,.T.);
#552=ORIENTED_EDGE('',*,*,#3110,.T.);
#553=ORIENTED_EDGE('',*,*,#3111,.T.);
#554=ORIENTED_EDGE('',*,*,#3112,.T.);
#555=ORIENTED_EDGE('',*,*,#3113,.T.);
#556=ORIENTED_EDGE('',*,*,#3114,.T.);
#557=ORIENTED_EDGE('',*,*,#3115,.T.);
#558=ORIENTED_EDGE('',*,*,#3116,.T.);
#559=ORIENTED_EDGE('',*,*,#3117,.T.);
#560=ORIENTED_EDGE('',*,*,#3118,.T.);
#561=ORIENTED_EDGE('',*,*,#3119,.T.);
#562=ORIENTED_EDGE('',*,*,#3120,.T.);
#563=ORIENTED_EDGE('',*,*,#3121,.T.);
#564=ORIENTED_EDGE('',*,*,#3122,.T.);
#565=ORIENTED_EDGE('',*,*,#3123,.T.);
#566=ORIENTED_EDGE('',*,*,#3124,.T.);
#567=ORIENTED_EDGE('',*,*,#3125,.T.);
#568=ORIENTED_EDGE('',*,*,#3126,.T.);
#569=ORIENTED_EDGE('',*,*,#3127,.T.);
#570=ORIENTED_EDGE('',*,*,#3128,.T.);
#571=ORIENTED_EDGE('',*,*,#3129,.T.);
#572=ORIENTED_EDGE('',*,*,#3130,.T.);
#573=ORIENTED_EDGE('',*,*,#3131,.T.);
#574=ORIENTED_EDGE('',*,*,#3132,.F.);
#575=ORIENTED_EDGE('',*,*,#3133,.F.);
#576=ORIENTED_EDGE('',*,*,#3134,.T.);
#577=ORIENTED_EDGE('',*,*,#3135,.F.);
#578=ORIENTED_EDGE('',*,*,#3136,.T.);
#579=ORIENTED_EDGE('',*,*,#3137,.T.);
#580=ORIENTED_EDGE('',*,*,#3138,.T.);
#581=ORIENTED_EDGE('',*,*,#3139,.T.);
#582=ORIENTED_EDGE('',*,*,#3140,.T.);
#583=ORIENTED_EDGE('',*,*,#3141,.T.);
#584=ORIENTED_EDGE('',*,*,#3142,.T.);
#585=ORIENTED_EDGE('',*,*,#3143,.T.);
#586=ORIENTED_EDGE('',*,*,#3144,.T.);
#587=ORIENTED_EDGE('',*,*,#3145,.T.);
#588=ORIENTED_EDGE('',*,*,#3146,.T.);
#589=ORIENTED_EDGE('',*,*,#3147,.T.);
#590=ORIENTED_EDGE('',*,*,#3148,.T.);
#591=ORIENTED_EDGE('',*,*,#3149,.T.);
#592=ORIENTED_EDGE('',*,*,#3150,.T.);
#593=ORIENTED_EDGE('',*,*,#3151,.T.);
#594=ORIENTED_EDGE('',*,*,#3152,.T.);
#595=ORIENTED_EDGE('',*,*,#3153,.T.);
#596=ORIENTED_EDGE('',*,*,#3154,.T.);
#597=ORIENTED_EDGE('',*,*,#3155,.T.);
#598=ORIENTED_EDGE('',*,*,#3156,.T.);
#599=ORIENTED_EDGE('',*,*,#3157,.T.);
#600=ORIENTED_EDGE('',*,*,#3158,.T.);
#601=ORIENTED_EDGE('',*,*,#3159,.T.);
#602=ORIENTED_EDGE('',*,*,#3160,.T.);
#603=ORIENTED_EDGE('',*,*,#3161,.T.);
#604=ORIENTED_EDGE('',*,*,#3162,.T.);
#605=ORIENTED_EDGE('',*,*,#3163,.T.);
#606=ORIENTED_EDGE('',*,*,#3164,.T.);
#607=ORIENTED_EDGE('',*,*,#3165,.T.);
#608=ORIENTED_EDGE('',*,*,#3166,.T.);
#609=ORIENTED_EDGE('',*,*,#3167,.T.);
#610=ORIENTED_EDGE('',*,*,#3168,.T.);
#611=ORIENTED_EDGE('',*,*,#3169,.T.);
#612=ORIENTED_EDGE('',*,*,#3170,.T.);
#613=ORIENTED_EDGE('',*,*,#3171,.T.);
#614=ORIENTED_EDGE('',*,*,#3172,.T.);
#615=ORIENTED_EDGE('',*,*,#3173,.T.);
#616=ORIENTED_EDGE('',*,*,#3174,.T.);
#617=ORIENTED_EDGE('',*,*,#3175,.T.);
#618=ORIENTED_EDGE('',*,*,#3176,.T.);
#619=ORIENTED_EDGE('',*,*,#3177,.T.);
#620=ORIENTED_EDGE('',*,*,#3178,.T.);
#621=ORIENTED_EDGE('',*,*,#3179,.T.);
#622=ORIENTED_EDGE('',*,*,#3180,.T.);
#623=ORIENTED_EDGE('',*,*,#3181,.T.);
#624=ORIENTED_EDGE('',*,*,#3182,.T.);
#625=ORIENTED_EDGE('',*,*,#3183,.T.);
#626=ORIENTED_EDGE('',*,*,#3184,.T.);
#627=ORIENTED_EDGE('',*,*,#3185,.T.);
#628=ORIENTED_EDGE('',*,*,#3186,.F.);
#629=ORIENTED_EDGE('',*,*,#3187,.T.);
#630=ORIENTED_EDGE('',*,*,#3188,.T.);
#631=ORIENTED_EDGE('',*,*,#3189,.T.);
#632=ORIENTED_EDGE('',*,*,#3190,.T.);
#633=ORIENTED_EDGE('',*,*,#3191,.T.);
#634=ORIENTED_EDGE('',*,*,#3192,.T.);
#635=ORIENTED_EDGE('',*,*,#3193,.T.);
#636=ORIENTED_EDGE('',*,*,#3194,.T.);
#637=ORIENTED_EDGE('',*,*,#3195,.T.);
#638=ORIENTED_EDGE('',*,*,#3196,.T.);
#639=ORIENTED_EDGE('',*,*,#3197,.T.);
#640=ORIENTED_EDGE('',*,*,#3198,.T.);
#641=ORIENTED_EDGE('',*,*,#3199,.T.);
#642=ORIENTED_EDGE('',*,*,#3200,.F.);
#643=ORIENTED_EDGE('',*,*,#3201,.F.);
#644=ORIENTED_EDGE('',*,*,#3202,.T.);
#645=ORIENTED_EDGE('',*,*,#3203,.F.);
#646=ORIENTED_EDGE('',*,*,#3204,.F.);
#647=ORIENTED_EDGE('',*,*,#3205,.T.);
#648=ORIENTED_EDGE('',*,*,#3206,.T.);
#649=ORIENTED_EDGE('',*,*,#3207,.F.);
#650=ORIENTED_EDGE('',*,*,#3208,.F.);
#651=ORIENTED_EDGE('',*,*,#3209,.T.);
#652=ORIENTED_EDGE('',*,*,#3210,.T.);
#653=ORIENTED_EDGE('',*,*,#3211,.T.);
#654=ORIENTED_EDGE('',*,*,#3212,.T.);
#655=ORIENTED_EDGE('',*,*,#3213,.F.);
#656=ORIENTED_EDGE('',*,*,#3214,.T.);
#657=ORIENTED_EDGE('',*,*,#3215,.F.);
#658=ORIENTED_EDGE('',*,*,#3216,.F.);
#659=ORIENTED_EDGE('',*,*,#3217,.T.);
#660=ORIENTED_EDGE('',*,*,#3218,.T.);
#661=ORIENTED_EDGE('',*,*,#3219,.T.);
#662=ORIENTED_EDGE('',*,*,#3220,.F.);
#663=ORIENTED_EDGE('',*,*,#3221,.F.);
#664=ORIENTED_EDGE('',*,*,#3222,.F.);
#665=ORIENTED_EDGE('',*,*,#3223,.T.);
#666=ORIENTED_EDGE('',*,*,#3224,.T.);
#667=ORIENTED_EDGE('',*,*,#3225,.T.);
#668=ORIENTED_EDGE('',*,*,#3226,.T.);
#669=ORIENTED_EDGE('',*,*,#3227,.F.);
#670=ORIENTED_EDGE('',*,*,#3228,.T.);
#671=ORIENTED_EDGE('',*,*,#3229,.T.);
#672=ORIENTED_EDGE('',*,*,#2982,.F.);
#673=ORIENTED_EDGE('',*,*,#3230,.T.);
#674=ORIENTED_EDGE('',*,*,#3043,.F.);
#675=ORIENTED_EDGE('',*,*,#3231,.T.);
#676=ORIENTED_EDGE('',*,*,#3232,.T.);
#677=ORIENTED_EDGE('',*,*,#3233,.F.);
#678=ORIENTED_EDGE('',*,*,#3234,.F.);
#679=ORIENTED_EDGE('',*,*,#3235,.F.);
#680=ORIENTED_EDGE('',*,*,#3236,.F.);
#681=ORIENTED_EDGE('',*,*,#3237,.T.);
#682=ORIENTED_EDGE('',*,*,#3238,.F.);
#683=ORIENTED_EDGE('',*,*,#3239,.T.);
#684=ORIENTED_EDGE('',*,*,#3240,.T.);
#685=ORIENTED_EDGE('',*,*,#3241,.F.);
#686=ORIENTED_EDGE('',*,*,#3242,.T.);
#687=ORIENTED_EDGE('',*,*,#3243,.T.);
#688=ORIENTED_EDGE('',*,*,#3244,.F.);
#689=ORIENTED_EDGE('',*,*,#3245,.T.);
#690=ORIENTED_EDGE('',*,*,#3246,.T.);
#691=ORIENTED_EDGE('',*,*,#3247,.T.);
#692=ORIENTED_EDGE('',*,*,#3248,.F.);
#693=ORIENTED_EDGE('',*,*,#3249,.F.);
#694=ORIENTED_EDGE('',*,*,#3250,.F.);
#695=ORIENTED_EDGE('',*,*,#3251,.F.);
#696=ORIENTED_EDGE('',*,*,#3252,.T.);
#697=ORIENTED_EDGE('',*,*,#3253,.T.);
#698=ORIENTED_EDGE('',*,*,#3254,.T.);
#699=ORIENTED_EDGE('',*,*,#3255,.T.);
#700=ORIENTED_EDGE('',*,*,#3256,.T.);
#701=ORIENTED_EDGE('',*,*,#3257,.F.);
#702=ORIENTED_EDGE('',*,*,#3258,.F.);
#703=ORIENTED_EDGE('',*,*,#3259,.T.);
#704=ORIENTED_EDGE('',*,*,#3260,.F.);
#705=ORIENTED_EDGE('',*,*,#3261,.F.);
#706=ORIENTED_EDGE('',*,*,#3262,.F.);
#707=ORIENTED_EDGE('',*,*,#3263,.F.);
#708=ORIENTED_EDGE('',*,*,#3264,.F.);
#709=ORIENTED_EDGE('',*,*,#3265,.F.);
#710=ORIENTED_EDGE('',*,*,#3266,.F.);
#711=ORIENTED_EDGE('',*,*,#3267,.F.);
#712=ORIENTED_EDGE('',*,*,#3268,.F.);
#713=ORIENTED_EDGE('',*,*,#3269,.T.);
#714=ORIENTED_EDGE('',*,*,#3270,.T.);
#715=ORIENTED_EDGE('',*,*,#3271,.F.);
#716=ORIENTED_EDGE('',*,*,#3272,.F.);
#717=ORIENTED_EDGE('',*,*,#3273,.T.);
#718=ORIENTED_EDGE('',*,*,#3274,.F.);
#719=ORIENTED_EDGE('',*,*,#3275,.T.);
#720=ORIENTED_EDGE('',*,*,#3276,.T.);
#721=ORIENTED_EDGE('',*,*,#3277,.F.);
#722=ORIENTED_EDGE('',*,*,#3278,.F.);
#723=ORIENTED_EDGE('',*,*,#3279,.F.);
#724=ORIENTED_EDGE('',*,*,#3280,.F.);
#725=ORIENTED_EDGE('',*,*,#3281,.F.);
#726=ORIENTED_EDGE('',*,*,#3186,.T.);
#727=ORIENTED_EDGE('',*,*,#3282,.F.);
#728=ORIENTED_EDGE('',*,*,#3283,.F.);
#729=ORIENTED_EDGE('',*,*,#3284,.F.);
#730=ORIENTED_EDGE('',*,*,#3285,.T.);
#731=ORIENTED_EDGE('',*,*,#3286,.T.);
#732=ORIENTED_EDGE('',*,*,#3287,.T.);
#733=ORIENTED_EDGE('',*,*,#3199,.F.);
#734=ORIENTED_EDGE('',*,*,#3288,.T.);
#735=ORIENTED_EDGE('',*,*,#3289,.T.);
#736=ORIENTED_EDGE('',*,*,#3290,.T.);
#737=ORIENTED_EDGE('',*,*,#3291,.F.);
#738=ORIENTED_EDGE('',*,*,#3292,.F.);
#739=ORIENTED_EDGE('',*,*,#3293,.F.);
#740=ORIENTED_EDGE('',*,*,#3294,.T.);
#741=ORIENTED_EDGE('',*,*,#3295,.T.);
#742=ORIENTED_EDGE('',*,*,#3290,.F.);
#743=ORIENTED_EDGE('',*,*,#3296,.F.);
#744=ORIENTED_EDGE('',*,*,#3244,.T.);
#745=ORIENTED_EDGE('',*,*,#3297,.T.);
#746=ORIENTED_EDGE('',*,*,#3298,.T.);
#747=ORIENTED_EDGE('',*,*,#3294,.F.);
#748=ORIENTED_EDGE('',*,*,#3299,.F.);
#749=ORIENTED_EDGE('',*,*,#3300,.T.);
#750=ORIENTED_EDGE('',*,*,#3301,.T.);
#751=ORIENTED_EDGE('',*,*,#3302,.F.);
#752=ORIENTED_EDGE('',*,*,#3303,.F.);
#753=ORIENTED_EDGE('',*,*,#3304,.F.);
#754=ORIENTED_EDGE('',*,*,#3305,.T.);
#755=ORIENTED_EDGE('',*,*,#3306,.F.);
#756=ORIENTED_EDGE('',*,*,#3304,.T.);
#757=ORIENTED_EDGE('',*,*,#3307,.T.);
#758=ORIENTED_EDGE('',*,*,#3308,.F.);
#759=ORIENTED_EDGE('',*,*,#3309,.F.);
#760=ORIENTED_EDGE('',*,*,#3310,.T.);
#761=ORIENTED_EDGE('',*,*,#3311,.T.);
#762=ORIENTED_EDGE('',*,*,#3203,.T.);
#763=ORIENTED_EDGE('',*,*,#3312,.T.);
#764=ORIENTED_EDGE('',*,*,#3313,.T.);
#765=ORIENTED_EDGE('',*,*,#3314,.F.);
#766=ORIENTED_EDGE('',*,*,#3315,.T.);
#767=ORIENTED_EDGE('',*,*,#3316,.F.);
#768=ORIENTED_EDGE('',*,*,#3317,.T.);
#769=ORIENTED_EDGE('',*,*,#3318,.F.);
#770=ORIENTED_EDGE('',*,*,#3319,.F.);
#771=ORIENTED_EDGE('',*,*,#3320,.F.);
#772=ORIENTED_EDGE('',*,*,#3321,.T.);
#773=ORIENTED_EDGE('',*,*,#3318,.T.);
#774=ORIENTED_EDGE('',*,*,#3322,.T.);
#775=ORIENTED_EDGE('',*,*,#3309,.T.);
#776=ORIENTED_EDGE('',*,*,#3323,.T.);
#777=ORIENTED_EDGE('',*,*,#3324,.T.);
#778=ORIENTED_EDGE('',*,*,#3325,.F.);
#779=ORIENTED_EDGE('',*,*,#3326,.T.);
#780=ORIENTED_EDGE('',*,*,#3327,.F.);
#781=ORIENTED_EDGE('',*,*,#3204,.T.);
#782=ORIENTED_EDGE('',*,*,#3311,.F.);
#783=ORIENTED_EDGE('',*,*,#3328,.T.);
#784=ORIENTED_EDGE('',*,*,#3329,.T.);
#785=ORIENTED_EDGE('',*,*,#3330,.F.);
#786=ORIENTED_EDGE('',*,*,#3331,.F.);
#787=ORIENTED_EDGE('',*,*,#3332,.F.);
#788=ORIENTED_EDGE('',*,*,#3333,.F.);
#789=ORIENTED_EDGE('',*,*,#3330,.T.);
#790=ORIENTED_EDGE('',*,*,#3334,.T.);
#791=ORIENTED_EDGE('',*,*,#3335,.T.);
#792=ORIENTED_EDGE('',*,*,#3336,.T.);
#793=ORIENTED_EDGE('',*,*,#2986,.T.);
#794=ORIENTED_EDGE('',*,*,#3337,.T.);
#795=ORIENTED_EDGE('',*,*,#3215,.T.);
#796=ORIENTED_EDGE('',*,*,#3338,.F.);
#797=ORIENTED_EDGE('',*,*,#3339,.F.);
#798=ORIENTED_EDGE('',*,*,#3340,.T.);
#799=ORIENTED_EDGE('',*,*,#3207,.T.);
#800=ORIENTED_EDGE('',*,*,#3341,.F.);
#801=ORIENTED_EDGE('',*,*,#3342,.F.);
#802=ORIENTED_EDGE('',*,*,#3135,.T.);
#803=ORIENTED_EDGE('',*,*,#3343,.F.);
#804=ORIENTED_EDGE('',*,*,#3344,.F.);
#805=ORIENTED_EDGE('',*,*,#3345,.F.);
#806=ORIENTED_EDGE('',*,*,#3217,.F.);
#807=ORIENTED_EDGE('',*,*,#3346,.T.);
#808=ORIENTED_EDGE('',*,*,#2984,.T.);
#809=ORIENTED_EDGE('',*,*,#3347,.F.);
#810=ORIENTED_EDGE('',*,*,#3228,.F.);
#811=ORIENTED_EDGE('',*,*,#3348,.T.);
#812=ORIENTED_EDGE('',*,*,#3349,.F.);
#813=ORIENTED_EDGE('',*,*,#3350,.T.);
#814=ORIENTED_EDGE('',*,*,#3351,.F.);
#815=ORIENTED_EDGE('',*,*,#3352,.T.);
#816=ORIENTED_EDGE('',*,*,#3353,.F.);
#817=ORIENTED_EDGE('',*,*,#3354,.T.);
#818=ORIENTED_EDGE('',*,*,#3355,.T.);
#819=ORIENTED_EDGE('',*,*,#2987,.T.);
#820=ORIENTED_EDGE('',*,*,#3336,.F.);
#821=ORIENTED_EDGE('',*,*,#3356,.F.);
#822=ORIENTED_EDGE('',*,*,#3357,.F.);
#823=ORIENTED_EDGE('',*,*,#3358,.F.);
#824=ORIENTED_EDGE('',*,*,#3352,.F.);
#825=ORIENTED_EDGE('',*,*,#3359,.F.);
#826=ORIENTED_EDGE('',*,*,#3263,.T.);
#827=ORIENTED_EDGE('',*,*,#3360,.T.);
#828=ORIENTED_EDGE('',*,*,#3361,.F.);
#829=ORIENTED_EDGE('',*,*,#3362,.F.);
#830=ORIENTED_EDGE('',*,*,#3357,.T.);
#831=ORIENTED_EDGE('',*,*,#3363,.F.);
#832=ORIENTED_EDGE('',*,*,#3364,.F.);
#833=ORIENTED_EDGE('',*,*,#3365,.F.);
#834=ORIENTED_EDGE('',*,*,#3366,.F.);
#835=ORIENTED_EDGE('',*,*,#3367,.F.);
#836=ORIENTED_EDGE('',*,*,#3368,.T.);
#837=ORIENTED_EDGE('',*,*,#3369,.T.);
#838=ORIENTED_EDGE('',*,*,#3370,.T.);
#839=ORIENTED_EDGE('',*,*,#3371,.T.);
#840=ORIENTED_EDGE('',*,*,#3372,.F.);
#841=ORIENTED_EDGE('',*,*,#3373,.F.);
#842=ORIENTED_EDGE('',*,*,#3374,.T.);
#843=ORIENTED_EDGE('',*,*,#3375,.T.);
#844=ORIENTED_EDGE('',*,*,#3376,.T.);
#845=ORIENTED_EDGE('',*,*,#3377,.T.);
#846=ORIENTED_EDGE('',*,*,#3378,.T.);
#847=ORIENTED_EDGE('',*,*,#3379,.T.);
#848=ORIENTED_EDGE('',*,*,#3380,.F.);
#849=ORIENTED_EDGE('',*,*,#3381,.F.);
#850=ORIENTED_EDGE('',*,*,#3382,.T.);
#851=ORIENTED_EDGE('',*,*,#3383,.T.);
#852=ORIENTED_EDGE('',*,*,#3384,.F.);
#853=ORIENTED_EDGE('',*,*,#3385,.T.);
#854=ORIENTED_EDGE('',*,*,#3386,.T.);
#855=ORIENTED_EDGE('',*,*,#3387,.T.);
#856=ORIENTED_EDGE('',*,*,#3388,.T.);
#857=ORIENTED_EDGE('',*,*,#3389,.F.);
#858=ORIENTED_EDGE('',*,*,#3390,.T.);
#859=ORIENTED_EDGE('',*,*,#3391,.T.);
#860=ORIENTED_EDGE('',*,*,#3392,.T.);
#861=ORIENTED_EDGE('',*,*,#3393,.T.);
#862=ORIENTED_EDGE('',*,*,#3394,.T.);
#863=ORIENTED_EDGE('',*,*,#3395,.F.);
#864=ORIENTED_EDGE('',*,*,#3396,.T.);
#865=ORIENTED_EDGE('',*,*,#3397,.T.);
#866=ORIENTED_EDGE('',*,*,#3398,.T.);
#867=ORIENTED_EDGE('',*,*,#3399,.T.);
#868=ORIENTED_EDGE('',*,*,#3400,.T.);
#869=ORIENTED_EDGE('',*,*,#3401,.F.);
#870=ORIENTED_EDGE('',*,*,#3402,.T.);
#871=ORIENTED_EDGE('',*,*,#3403,.T.);
#872=ORIENTED_EDGE('',*,*,#3404,.T.);
#873=ORIENTED_EDGE('',*,*,#3405,.T.);
#874=ORIENTED_EDGE('',*,*,#3406,.T.);
#875=ORIENTED_EDGE('',*,*,#3407,.T.);
#876=ORIENTED_EDGE('',*,*,#3408,.F.);
#877=ORIENTED_EDGE('',*,*,#3383,.F.);
#878=ORIENTED_EDGE('',*,*,#3260,.T.);
#879=ORIENTED_EDGE('',*,*,#3409,.T.);
#880=ORIENTED_EDGE('',*,*,#3410,.T.);
#881=ORIENTED_EDGE('',*,*,#3411,.F.);
#882=ORIENTED_EDGE('',*,*,#3412,.T.);
#883=ORIENTED_EDGE('',*,*,#3413,.F.);
#884=ORIENTED_EDGE('',*,*,#3381,.T.);
#885=ORIENTED_EDGE('',*,*,#3414,.F.);
#886=ORIENTED_EDGE('',*,*,#3415,.F.);
#887=ORIENTED_EDGE('',*,*,#3416,.T.);
#888=ORIENTED_EDGE('',*,*,#3417,.T.);
#889=ORIENTED_EDGE('',*,*,#3418,.T.);
#890=ORIENTED_EDGE('',*,*,#3419,.F.);
#891=ORIENTED_EDGE('',*,*,#3420,.T.);
#892=ORIENTED_EDGE('',*,*,#3421,.T.);
#893=ORIENTED_EDGE('',*,*,#3422,.T.);
#894=ORIENTED_EDGE('',*,*,#3423,.T.);
#895=ORIENTED_EDGE('',*,*,#3424,.T.);
#896=ORIENTED_EDGE('',*,*,#3425,.T.);
#897=ORIENTED_EDGE('',*,*,#3426,.T.);
#898=ORIENTED_EDGE('',*,*,#3427,.F.);
#899=ORIENTED_EDGE('',*,*,#3428,.F.);
#900=ORIENTED_EDGE('',*,*,#3429,.T.);
#901=ORIENTED_EDGE('',*,*,#3430,.T.);
#902=ORIENTED_EDGE('',*,*,#3419,.T.);
#903=ORIENTED_EDGE('',*,*,#3431,.T.);
#904=ORIENTED_EDGE('',*,*,#3432,.F.);
#905=ORIENTED_EDGE('',*,*,#3433,.T.);
#906=ORIENTED_EDGE('',*,*,#3353,.T.);
#907=ORIENTED_EDGE('',*,*,#3358,.T.);
#908=ORIENTED_EDGE('',*,*,#3362,.T.);
#909=ORIENTED_EDGE('',*,*,#3434,.F.);
#910=ORIENTED_EDGE('',*,*,#3435,.F.);
#911=ORIENTED_EDGE('',*,*,#2992,.T.);
#912=ORIENTED_EDGE('',*,*,#3436,.F.);
#913=ORIENTED_EDGE('',*,*,#3437,.T.);
#914=ORIENTED_EDGE('',*,*,#3438,.T.);
#915=ORIENTED_EDGE('',*,*,#3439,.T.);
#916=ORIENTED_EDGE('',*,*,#3440,.T.);
#917=ORIENTED_EDGE('',*,*,#3441,.F.);
#918=ORIENTED_EDGE('',*,*,#3442,.F.);
#919=ORIENTED_EDGE('',*,*,#3443,.T.);
#920=ORIENTED_EDGE('',*,*,#3444,.F.);
#921=ORIENTED_EDGE('',*,*,#3445,.T.);
#922=ORIENTED_EDGE('',*,*,#3446,.F.);
#923=ORIENTED_EDGE('',*,*,#3447,.T.);
#924=ORIENTED_EDGE('',*,*,#3448,.F.);
#925=ORIENTED_EDGE('',*,*,#3449,.F.);
#926=ORIENTED_EDGE('',*,*,#3450,.T.);
#927=ORIENTED_EDGE('',*,*,#3451,.T.);
#928=ORIENTED_EDGE('',*,*,#3452,.T.);
#929=ORIENTED_EDGE('',*,*,#3453,.T.);
#930=ORIENTED_EDGE('',*,*,#3454,.T.);
#931=ORIENTED_EDGE('',*,*,#3455,.F.);
#932=ORIENTED_EDGE('',*,*,#3456,.T.);
#933=ORIENTED_EDGE('',*,*,#3457,.F.);
#934=ORIENTED_EDGE('',*,*,#3435,.T.);
#935=ORIENTED_EDGE('',*,*,#3458,.F.);
#936=ORIENTED_EDGE('',*,*,#3459,.T.);
#937=ORIENTED_EDGE('',*,*,#3460,.T.);
#938=ORIENTED_EDGE('',*,*,#2993,.T.);
#939=ORIENTED_EDGE('',*,*,#3042,.F.);
#940=ORIENTED_EDGE('',*,*,#2995,.T.);
#941=ORIENTED_EDGE('',*,*,#3461,.T.);
#942=ORIENTED_EDGE('',*,*,#3462,.F.);
#943=ORIENTED_EDGE('',*,*,#3463,.F.);
#944=ORIENTED_EDGE('',*,*,#3464,.F.);
#945=ORIENTED_EDGE('',*,*,#3231,.F.);
#946=ORIENTED_EDGE('',*,*,#3337,.F.);
#947=ORIENTED_EDGE('',*,*,#2985,.T.);
#948=ORIENTED_EDGE('',*,*,#3346,.F.);
#949=ORIENTED_EDGE('',*,*,#3216,.T.);
#950=ORIENTED_EDGE('',*,*,#2983,.T.);
#951=ORIENTED_EDGE('',*,*,#3229,.F.);
#952=ORIENTED_EDGE('',*,*,#3347,.T.);
#953=ORIENTED_EDGE('',*,*,#3465,.F.);
#954=ORIENTED_EDGE('',*,*,#3233,.T.);
#955=ORIENTED_EDGE('',*,*,#3466,.T.);
#956=ORIENTED_EDGE('',*,*,#3467,.F.);
#957=ORIENTED_EDGE('',*,*,#3468,.F.);
#958=ORIENTED_EDGE('',*,*,#3234,.T.);
#959=ORIENTED_EDGE('',*,*,#3465,.T.);
#960=ORIENTED_EDGE('',*,*,#3469,.F.);
#961=ORIENTED_EDGE('',*,*,#3470,.F.);
#962=ORIENTED_EDGE('',*,*,#3235,.T.);
#963=ORIENTED_EDGE('',*,*,#3468,.T.);
#964=ORIENTED_EDGE('',*,*,#3471,.F.);
#965=ORIENTED_EDGE('',*,*,#3470,.T.);
#966=ORIENTED_EDGE('',*,*,#3472,.F.);
#967=ORIENTED_EDGE('',*,*,#3473,.T.);
#968=ORIENTED_EDGE('',*,*,#3474,.T.);
#969=ORIENTED_EDGE('',*,*,#3236,.T.);
#970=ORIENTED_EDGE('',*,*,#3475,.F.);
#971=ORIENTED_EDGE('',*,*,#3261,.T.);
#972=ORIENTED_EDGE('',*,*,#3415,.T.);
#973=ORIENTED_EDGE('',*,*,#3476,.F.);
#974=ORIENTED_EDGE('',*,*,#3360,.F.);
#975=ORIENTED_EDGE('',*,*,#3262,.T.);
#976=ORIENTED_EDGE('',*,*,#3475,.T.);
#977=ORIENTED_EDGE('',*,*,#3477,.F.);
#978=ORIENTED_EDGE('',*,*,#3232,.F.);
#979=ORIENTED_EDGE('',*,*,#3464,.T.);
#980=ORIENTED_EDGE('',*,*,#3478,.T.);
#981=ORIENTED_EDGE('',*,*,#3466,.F.);
#982=ORIENTED_EDGE('',*,*,#3479,.T.);
#983=ORIENTED_EDGE('',*,*,#3480,.T.);
#984=ORIENTED_EDGE('',*,*,#3473,.F.);
#985=ORIENTED_EDGE('',*,*,#3481,.F.);
#986=ORIENTED_EDGE('',*,*,#3407,.F.);
#987=ORIENTED_EDGE('',*,*,#3482,.T.);
#988=ORIENTED_EDGE('',*,*,#3479,.F.);
#989=ORIENTED_EDGE('',*,*,#3483,.F.);
#990=ORIENTED_EDGE('',*,*,#3238,.T.);
#991=ORIENTED_EDGE('',*,*,#3484,.T.);
#992=ORIENTED_EDGE('',*,*,#3485,.F.);
#993=ORIENTED_EDGE('',*,*,#3486,.T.);
#994=ORIENTED_EDGE('',*,*,#3487,.F.);
#995=ORIENTED_EDGE('',*,*,#3488,.T.);
#996=ORIENTED_EDGE('',*,*,#3489,.F.);
#997=ORIENTED_EDGE('',*,*,#3490,.T.);
#998=ORIENTED_EDGE('',*,*,#3491,.F.);
#999=ORIENTED_EDGE('',*,*,#3492,.T.);
#1000=ORIENTED_EDGE('',*,*,#3493,.F.);
#1001=ORIENTED_EDGE('',*,*,#3494,.F.);
#1002=ORIENTED_EDGE('',*,*,#3495,.T.);
#1003=ORIENTED_EDGE('',*,*,#3496,.T.);
#1004=ORIENTED_EDGE('',*,*,#3497,.T.);
#1005=ORIENTED_EDGE('',*,*,#3498,.T.);
#1006=ORIENTED_EDGE('',*,*,#3499,.T.);
#1007=ORIENTED_EDGE('',*,*,#3500,.F.);
#1008=ORIENTED_EDGE('',*,*,#3501,.T.);
#1009=ORIENTED_EDGE('',*,*,#3502,.F.);
#1010=ORIENTED_EDGE('',*,*,#3503,.F.);
#1011=ORIENTED_EDGE('',*,*,#3504,.T.);
#1012=ORIENTED_EDGE('',*,*,#3505,.T.);
#1013=ORIENTED_EDGE('',*,*,#3506,.T.);
#1014=ORIENTED_EDGE('',*,*,#3410,.F.);
#1015=ORIENTED_EDGE('',*,*,#3507,.T.);
#1016=ORIENTED_EDGE('',*,*,#3508,.F.);
#1017=ORIENTED_EDGE('',*,*,#3509,.F.);
#1018=ORIENTED_EDGE('',*,*,#3510,.T.);
#1019=ORIENTED_EDGE('',*,*,#3380,.T.);
#1020=ORIENTED_EDGE('',*,*,#3511,.T.);
#1021=ORIENTED_EDGE('',*,*,#3315,.F.);
#1022=ORIENTED_EDGE('',*,*,#3512,.T.);
#1023=ORIENTED_EDGE('',*,*,#3513,.T.);
#1024=ORIENTED_EDGE('',*,*,#3514,.T.);
#1025=ORIENTED_EDGE('',*,*,#3428,.T.);
#1026=ORIENTED_EDGE('',*,*,#3515,.T.);
#1027=ORIENTED_EDGE('',*,*,#3516,.F.);
#1028=ORIENTED_EDGE('',*,*,#3517,.F.);
#1029=ORIENTED_EDGE('',*,*,#3291,.T.);
#1030=ORIENTED_EDGE('',*,*,#3295,.F.);
#1031=ORIENTED_EDGE('',*,*,#3298,.F.);
#1032=ORIENTED_EDGE('',*,*,#3518,.T.);
#1033=ORIENTED_EDGE('',*,*,#3519,.T.);
#1034=ORIENTED_EDGE('',*,*,#3520,.F.);
#1035=ORIENTED_EDGE('',*,*,#3521,.T.);
#1036=ORIENTED_EDGE('',*,*,#3239,.F.);
#1037=ORIENTED_EDGE('',*,*,#3483,.T.);
#1038=ORIENTED_EDGE('',*,*,#3482,.F.);
#1039=ORIENTED_EDGE('',*,*,#3406,.F.);
#1040=ORIENTED_EDGE('',*,*,#3522,.F.);
#1041=ORIENTED_EDGE('',*,*,#3523,.T.);
#1042=ORIENTED_EDGE('',*,*,#3524,.F.);
#1043=ORIENTED_EDGE('',*,*,#3525,.T.);
#1044=ORIENTED_EDGE('',*,*,#3526,.F.);
#1045=ORIENTED_EDGE('',*,*,#3400,.F.);
#1046=ORIENTED_EDGE('',*,*,#3527,.F.);
#1047=ORIENTED_EDGE('',*,*,#3528,.T.);
#1048=ORIENTED_EDGE('',*,*,#3529,.F.);
#1049=ORIENTED_EDGE('',*,*,#3530,.T.);
#1050=ORIENTED_EDGE('',*,*,#3531,.F.);
#1051=ORIENTED_EDGE('',*,*,#3394,.F.);
#1052=ORIENTED_EDGE('',*,*,#3532,.F.);
#1053=ORIENTED_EDGE('',*,*,#3533,.T.);
#1054=ORIENTED_EDGE('',*,*,#3534,.F.);
#1055=ORIENTED_EDGE('',*,*,#3535,.T.);
#1056=ORIENTED_EDGE('',*,*,#3536,.F.);
#1057=ORIENTED_EDGE('',*,*,#3388,.F.);
#1058=ORIENTED_EDGE('',*,*,#3537,.F.);
#1059=ORIENTED_EDGE('',*,*,#3538,.T.);
#1060=ORIENTED_EDGE('',*,*,#2994,.F.);
#1061=ORIENTED_EDGE('',*,*,#3460,.F.);
#1062=ORIENTED_EDGE('',*,*,#3539,.F.);
#1063=ORIENTED_EDGE('',*,*,#3461,.F.);
#1064=ORIENTED_EDGE('',*,*,#3484,.F.);
#1065=ORIENTED_EDGE('',*,*,#3237,.F.);
#1066=ORIENTED_EDGE('',*,*,#3474,.F.);
#1067=ORIENTED_EDGE('',*,*,#3480,.F.);
#1068=ORIENTED_EDGE('',*,*,#3539,.T.);
#1069=ORIENTED_EDGE('',*,*,#3459,.F.);
#1070=ORIENTED_EDGE('',*,*,#3540,.F.);
#1071=ORIENTED_EDGE('',*,*,#3462,.T.);
#1072=ORIENTED_EDGE('',*,*,#3541,.F.);
#1073=ORIENTED_EDGE('',*,*,#3542,.F.);
#1074=ORIENTED_EDGE('',*,*,#3543,.F.);
#1075=ORIENTED_EDGE('',*,*,#3544,.F.);
#1076=ORIENTED_EDGE('',*,*,#3545,.F.);
#1077=ORIENTED_EDGE('',*,*,#3546,.F.);
#1078=ORIENTED_EDGE('',*,*,#3547,.F.);
#1079=ORIENTED_EDGE('',*,*,#3548,.T.);
#1080=ORIENTED_EDGE('',*,*,#3549,.F.);
#1081=ORIENTED_EDGE('',*,*,#3550,.T.);
#1082=ORIENTED_EDGE('',*,*,#3551,.F.);
#1083=ORIENTED_EDGE('',*,*,#3552,.T.);
#1084=ORIENTED_EDGE('',*,*,#3553,.T.);
#1085=ORIENTED_EDGE('',*,*,#3554,.F.);
#1086=ORIENTED_EDGE('',*,*,#3408,.T.);
#1087=ORIENTED_EDGE('',*,*,#3481,.T.);
#1088=ORIENTED_EDGE('',*,*,#3472,.T.);
#1089=ORIENTED_EDGE('',*,*,#3471,.T.);
#1090=ORIENTED_EDGE('',*,*,#3469,.T.);
#1091=ORIENTED_EDGE('',*,*,#3467,.T.);
#1092=ORIENTED_EDGE('',*,*,#3478,.F.);
#1093=ORIENTED_EDGE('',*,*,#3463,.T.);
#1094=ORIENTED_EDGE('',*,*,#3540,.T.);
#1095=ORIENTED_EDGE('',*,*,#3458,.T.);
#1096=ORIENTED_EDGE('',*,*,#3434,.T.);
#1097=ORIENTED_EDGE('',*,*,#3361,.T.);
#1098=ORIENTED_EDGE('',*,*,#3477,.T.);
#1099=ORIENTED_EDGE('',*,*,#3476,.T.);
#1100=ORIENTED_EDGE('',*,*,#3414,.T.);
#1101=ORIENTED_EDGE('',*,*,#3384,.T.);
#1102=ORIENTED_EDGE('',*,*,#3546,.T.);
#1103=ORIENTED_EDGE('',*,*,#3555,.F.);
#1104=ORIENTED_EDGE('',*,*,#3438,.F.);
#1105=ORIENTED_EDGE('',*,*,#3556,.T.);
#1106=ORIENTED_EDGE('',*,*,#3545,.T.);
#1107=ORIENTED_EDGE('',*,*,#3557,.F.);
#1108=ORIENTED_EDGE('',*,*,#3439,.F.);
#1109=ORIENTED_EDGE('',*,*,#3555,.T.);
#1110=ORIENTED_EDGE('',*,*,#3554,.T.);
#1111=ORIENTED_EDGE('',*,*,#3558,.F.);
#1112=ORIENTED_EDGE('',*,*,#3440,.F.);
#1113=ORIENTED_EDGE('',*,*,#3557,.T.);
#1114=ORIENTED_EDGE('',*,*,#3553,.F.);
#1115=ORIENTED_EDGE('',*,*,#3559,.F.);
#1116=ORIENTED_EDGE('',*,*,#3441,.T.);
#1117=ORIENTED_EDGE('',*,*,#3558,.T.);
#1118=ORIENTED_EDGE('',*,*,#3552,.F.);
#1119=ORIENTED_EDGE('',*,*,#3560,.F.);
#1120=ORIENTED_EDGE('',*,*,#3442,.T.);
#1121=ORIENTED_EDGE('',*,*,#3559,.T.);
#1122=ORIENTED_EDGE('',*,*,#3551,.T.);
#1123=ORIENTED_EDGE('',*,*,#3561,.F.);
#1124=ORIENTED_EDGE('',*,*,#3443,.F.);
#1125=ORIENTED_EDGE('',*,*,#3560,.T.);
#1126=ORIENTED_EDGE('',*,*,#3550,.F.);
#1127=ORIENTED_EDGE('',*,*,#3562,.F.);
#1128=ORIENTED_EDGE('',*,*,#3444,.T.);
#1129=ORIENTED_EDGE('',*,*,#3561,.T.);
#1130=ORIENTED_EDGE('',*,*,#3549,.T.);
#1131=ORIENTED_EDGE('',*,*,#3563,.F.);
#1132=ORIENTED_EDGE('',*,*,#3445,.F.);
#1133=ORIENTED_EDGE('',*,*,#3562,.T.);
#1134=ORIENTED_EDGE('',*,*,#3548,.F.);
#1135=ORIENTED_EDGE('',*,*,#3564,.F.);
#1136=ORIENTED_EDGE('',*,*,#3446,.T.);
#1137=ORIENTED_EDGE('',*,*,#3563,.T.);
#1138=ORIENTED_EDGE('',*,*,#3547,.T.);
#1139=ORIENTED_EDGE('',*,*,#3556,.F.);
#1140=ORIENTED_EDGE('',*,*,#3447,.F.);
#1141=ORIENTED_EDGE('',*,*,#3564,.T.);
#1142=ORIENTED_EDGE('',*,*,#3565,.T.);
#1143=ORIENTED_EDGE('',*,*,#3457,.T.);
#1144=ORIENTED_EDGE('',*,*,#3566,.T.);
#1145=ORIENTED_EDGE('',*,*,#3567,.T.);
#1146=ORIENTED_EDGE('',*,*,#3448,.T.);
#1147=ORIENTED_EDGE('',*,*,#3568,.T.);
#1148=ORIENTED_EDGE('',*,*,#3569,.T.);
#1149=ORIENTED_EDGE('',*,*,#3570,.T.);
#1150=ORIENTED_EDGE('',*,*,#3571,.T.);
#1151=ORIENTED_EDGE('',*,*,#3451,.F.);
#1152=ORIENTED_EDGE('',*,*,#3572,.T.);
#1153=ORIENTED_EDGE('',*,*,#3573,.T.);
#1154=ORIENTED_EDGE('',*,*,#3574,.T.);
#1155=ORIENTED_EDGE('',*,*,#3449,.T.);
#1156=ORIENTED_EDGE('',*,*,#3575,.T.);
#1157=ORIENTED_EDGE('',*,*,#3576,.T.);
#1158=ORIENTED_EDGE('',*,*,#3577,.T.);
#1159=ORIENTED_EDGE('',*,*,#3455,.T.);
#1160=ORIENTED_EDGE('',*,*,#3578,.T.);
#1161=ORIENTED_EDGE('',*,*,#3513,.F.);
#1162=ORIENTED_EDGE('',*,*,#3579,.T.);
#1163=ORIENTED_EDGE('',*,*,#3580,.T.);
#1164=ORIENTED_EDGE('',*,*,#3581,.T.);
#1165=ORIENTED_EDGE('',*,*,#3453,.F.);
#1166=ORIENTED_EDGE('',*,*,#3512,.F.);
#1167=ORIENTED_EDGE('',*,*,#3314,.T.);
#1168=ORIENTED_EDGE('',*,*,#3582,.T.);
#1169=ORIENTED_EDGE('',*,*,#3583,.T.);
#1170=ORIENTED_EDGE('',*,*,#3575,.F.);
#1171=ORIENTED_EDGE('',*,*,#3571,.F.);
#1172=ORIENTED_EDGE('',*,*,#3584,.T.);
#1173=ORIENTED_EDGE('',*,*,#3579,.F.);
#1174=ORIENTED_EDGE('',*,*,#3452,.F.);
#1175=ORIENTED_EDGE('',*,*,#3577,.F.);
#1176=ORIENTED_EDGE('',*,*,#3585,.T.);
#1177=ORIENTED_EDGE('',*,*,#3572,.F.);
#1178=ORIENTED_EDGE('',*,*,#3456,.F.);
#1179=ORIENTED_EDGE('',*,*,#3574,.F.);
#1180=ORIENTED_EDGE('',*,*,#3586,.T.);
#1181=ORIENTED_EDGE('',*,*,#3569,.F.);
#1182=ORIENTED_EDGE('',*,*,#3450,.F.);
#1183=ORIENTED_EDGE('',*,*,#3581,.F.);
#1184=ORIENTED_EDGE('',*,*,#3587,.T.);
#1185=ORIENTED_EDGE('',*,*,#3429,.F.);
#1186=ORIENTED_EDGE('',*,*,#3514,.F.);
#1187=ORIENTED_EDGE('',*,*,#3578,.F.);
#1188=ORIENTED_EDGE('',*,*,#3454,.F.);
#1189=ORIENTED_EDGE('',*,*,#3430,.F.);
#1190=ORIENTED_EDGE('',*,*,#3587,.F.);
#1191=ORIENTED_EDGE('',*,*,#3588,.F.);
#1192=ORIENTED_EDGE('',*,*,#3420,.F.);
#1193=ORIENTED_EDGE('',*,*,#3588,.T.);
#1194=ORIENTED_EDGE('',*,*,#3580,.F.);
#1195=ORIENTED_EDGE('',*,*,#3589,.F.);
#1196=ORIENTED_EDGE('',*,*,#3421,.F.);
#1197=ORIENTED_EDGE('',*,*,#3589,.T.);
#1198=ORIENTED_EDGE('',*,*,#3584,.F.);
#1199=ORIENTED_EDGE('',*,*,#3590,.F.);
#1200=ORIENTED_EDGE('',*,*,#3422,.F.);
#1201=ORIENTED_EDGE('',*,*,#3590,.T.);
#1202=ORIENTED_EDGE('',*,*,#3570,.F.);
#1203=ORIENTED_EDGE('',*,*,#3591,.F.);
#1204=ORIENTED_EDGE('',*,*,#3423,.F.);
#1205=ORIENTED_EDGE('',*,*,#3591,.T.);
#1206=ORIENTED_EDGE('',*,*,#3586,.F.);
#1207=ORIENTED_EDGE('',*,*,#3592,.F.);
#1208=ORIENTED_EDGE('',*,*,#3424,.F.);
#1209=ORIENTED_EDGE('',*,*,#3592,.T.);
#1210=ORIENTED_EDGE('',*,*,#3573,.F.);
#1211=ORIENTED_EDGE('',*,*,#3593,.F.);
#1212=ORIENTED_EDGE('',*,*,#3425,.F.);
#1213=ORIENTED_EDGE('',*,*,#3593,.T.);
#1214=ORIENTED_EDGE('',*,*,#3585,.F.);
#1215=ORIENTED_EDGE('',*,*,#3594,.F.);
#1216=ORIENTED_EDGE('',*,*,#3426,.F.);
#1217=ORIENTED_EDGE('',*,*,#3594,.T.);
#1218=ORIENTED_EDGE('',*,*,#3576,.F.);
#1219=ORIENTED_EDGE('',*,*,#3583,.F.);
#1220=ORIENTED_EDGE('',*,*,#3416,.F.);
#1221=ORIENTED_EDGE('',*,*,#3567,.F.);
#1222=ORIENTED_EDGE('',*,*,#3568,.F.);
#1223=ORIENTED_EDGE('',*,*,#3565,.F.);
#1224=ORIENTED_EDGE('',*,*,#3566,.F.);
#1225=ORIENTED_EDGE('',*,*,#3341,.T.);
#1226=ORIENTED_EDGE('',*,*,#3280,.T.);
#1227=ORIENTED_EDGE('',*,*,#3595,.F.);
#1228=ORIENTED_EDGE('',*,*,#3064,.T.);
#1229=ORIENTED_EDGE('',*,*,#3595,.T.);
#1230=ORIENTED_EDGE('',*,*,#3596,.F.);
#1231=ORIENTED_EDGE('',*,*,#3279,.T.);
#1232=ORIENTED_EDGE('',*,*,#3596,.T.);
#1233=ORIENTED_EDGE('',*,*,#3002,.T.);
#1234=ORIENTED_EDGE('',*,*,#3597,.T.);
#1235=ORIENTED_EDGE('',*,*,#3598,.F.);
#1236=ORIENTED_EDGE('',*,*,#3599,.T.);
#1237=ORIENTED_EDGE('',*,*,#3000,.T.);
#1238=ORIENTED_EDGE('',*,*,#3600,.T.);
#1239=ORIENTED_EDGE('',*,*,#3601,.F.);
#1240=ORIENTED_EDGE('',*,*,#3602,.T.);
#1241=ORIENTED_EDGE('',*,*,#3603,.F.);
#1242=ORIENTED_EDGE('',*,*,#3010,.F.);
#1243=ORIENTED_EDGE('',*,*,#3604,.T.);
#1244=ORIENTED_EDGE('',*,*,#3605,.T.);
#1245=ORIENTED_EDGE('',*,*,#3606,.T.);
#1246=ORIENTED_EDGE('',*,*,#3607,.T.);
#1247=ORIENTED_EDGE('',*,*,#3008,.F.);
#1248=ORIENTED_EDGE('',*,*,#3608,.T.);
#1249=ORIENTED_EDGE('',*,*,#3006,.F.);
#1250=ORIENTED_EDGE('',*,*,#3609,.T.);
#1251=ORIENTED_EDGE('',*,*,#3610,.T.);
#1252=ORIENTED_EDGE('',*,*,#3611,.T.);
#1253=ORIENTED_EDGE('',*,*,#3014,.T.);
#1254=ORIENTED_EDGE('',*,*,#3612,.T.);
#1255=ORIENTED_EDGE('',*,*,#3613,.T.);
#1256=ORIENTED_EDGE('',*,*,#3614,.F.);
#1257=ORIENTED_EDGE('',*,*,#3615,.F.);
#1258=ORIENTED_EDGE('',*,*,#3605,.F.);
#1259=ORIENTED_EDGE('',*,*,#3616,.T.);
#1260=ORIENTED_EDGE('',*,*,#3606,.F.);
#1261=ORIENTED_EDGE('',*,*,#3617,.T.);
#1262=ORIENTED_EDGE('',*,*,#3610,.F.);
#1263=ORIENTED_EDGE('',*,*,#3618,.T.);
#1264=ORIENTED_EDGE('',*,*,#3619,.T.);
#1265=ORIENTED_EDGE('',*,*,#3620,.T.);
#1266=ORIENTED_EDGE('',*,*,#3598,.T.);
#1267=ORIENTED_EDGE('',*,*,#3621,.T.);
#1268=ORIENTED_EDGE('',*,*,#3601,.T.);
#1269=ORIENTED_EDGE('',*,*,#3622,.T.);
#1270=ORIENTED_EDGE('',*,*,#3623,.F.);
#1271=ORIENTED_EDGE('',*,*,#3624,.F.);
#1272=ORIENTED_EDGE('',*,*,#3625,.F.);
#1273=ORIENTED_EDGE('',*,*,#3626,.F.);
#1274=ORIENTED_EDGE('',*,*,#3004,.F.);
#1275=ORIENTED_EDGE('',*,*,#3627,.T.);
#1276=ORIENTED_EDGE('',*,*,#3619,.F.);
#1277=ORIENTED_EDGE('',*,*,#3628,.T.);
#1278=ORIENTED_EDGE('',*,*,#3622,.F.);
#1279=ORIENTED_EDGE('',*,*,#3600,.F.);
#1280=ORIENTED_EDGE('',*,*,#2999,.F.);
#1281=ORIENTED_EDGE('',*,*,#3015,.F.);
#1282=ORIENTED_EDGE('',*,*,#3621,.F.);
#1283=ORIENTED_EDGE('',*,*,#3597,.F.);
#1284=ORIENTED_EDGE('',*,*,#3001,.F.);
#1285=ORIENTED_EDGE('',*,*,#3602,.F.);
#1286=ORIENTED_EDGE('',*,*,#3620,.F.);
#1287=ORIENTED_EDGE('',*,*,#3627,.F.);
#1288=ORIENTED_EDGE('',*,*,#3003,.F.);
#1289=ORIENTED_EDGE('',*,*,#3599,.F.);
#1290=ORIENTED_EDGE('',*,*,#3005,.F.);
#1291=ORIENTED_EDGE('',*,*,#3628,.F.);
#1292=ORIENTED_EDGE('',*,*,#3618,.F.);
#1293=ORIENTED_EDGE('',*,*,#3609,.F.);
#1294=ORIENTED_EDGE('',*,*,#3616,.F.);
#1295=ORIENTED_EDGE('',*,*,#3604,.F.);
#1296=ORIENTED_EDGE('',*,*,#3009,.F.);
#1297=ORIENTED_EDGE('',*,*,#3607,.F.);
#1298=ORIENTED_EDGE('',*,*,#3617,.F.);
#1299=ORIENTED_EDGE('',*,*,#3608,.F.);
#1300=ORIENTED_EDGE('',*,*,#3007,.F.);
#1301=ORIENTED_EDGE('',*,*,#3611,.F.);
#1302=ORIENTED_EDGE('',*,*,#3629,.T.);
#1303=ORIENTED_EDGE('',*,*,#3630,.T.);
#1304=ORIENTED_EDGE('',*,*,#3436,.T.);
#1305=ORIENTED_EDGE('',*,*,#2991,.T.);
#1306=ORIENTED_EDGE('',*,*,#3631,.T.);
#1307=ORIENTED_EDGE('',*,*,#3632,.T.);
#1308=ORIENTED_EDGE('',*,*,#3633,.T.);
#1309=ORIENTED_EDGE('',*,*,#2989,.T.);
#1310=ORIENTED_EDGE('',*,*,#3432,.T.);
#1311=ORIENTED_EDGE('',*,*,#3634,.T.);
#1312=ORIENTED_EDGE('',*,*,#3635,.T.);
#1313=ORIENTED_EDGE('',*,*,#3636,.T.);
#1314=ORIENTED_EDGE('',*,*,#3633,.F.);
#1315=ORIENTED_EDGE('',*,*,#3637,.T.);
#1316=ORIENTED_EDGE('',*,*,#3629,.F.);
#1317=ORIENTED_EDGE('',*,*,#2990,.F.);
#1318=ORIENTED_EDGE('',*,*,#3355,.F.);
#1319=ORIENTED_EDGE('',*,*,#3638,.T.);
#1320=ORIENTED_EDGE('',*,*,#3631,.F.);
#1321=ORIENTED_EDGE('',*,*,#2988,.F.);
#1322=ORIENTED_EDGE('',*,*,#3639,.F.);
#1323=ORIENTED_EDGE('',*,*,#3354,.F.);
#1324=ORIENTED_EDGE('',*,*,#3433,.F.);
#1325=ORIENTED_EDGE('',*,*,#3636,.F.);
#1326=ORIENTED_EDGE('',*,*,#3638,.F.);
#1327=ORIENTED_EDGE('',*,*,#3639,.T.);
#1328=ORIENTED_EDGE('',*,*,#3640,.F.);
#1329=ORIENTED_EDGE('',*,*,#3641,.F.);
#1330=ORIENTED_EDGE('',*,*,#3632,.F.);
#1331=ORIENTED_EDGE('',*,*,#3640,.T.);
#1332=ORIENTED_EDGE('',*,*,#3635,.F.);
#1333=ORIENTED_EDGE('',*,*,#3637,.F.);
#1334=ORIENTED_EDGE('',*,*,#3641,.T.);
#1335=ORIENTED_EDGE('',*,*,#3642,.F.);
#1336=ORIENTED_EDGE('',*,*,#3437,.F.);
#1337=ORIENTED_EDGE('',*,*,#3630,.F.);
#1338=ORIENTED_EDGE('',*,*,#3642,.T.);
#1339=ORIENTED_EDGE('',*,*,#3634,.F.);
#1340=ORIENTED_EDGE('',*,*,#3626,.T.);
#1341=ORIENTED_EDGE('',*,*,#3544,.T.);
#1342=ORIENTED_EDGE('',*,*,#3625,.T.);
#1343=ORIENTED_EDGE('',*,*,#3543,.T.);
#1344=ORIENTED_EDGE('',*,*,#3624,.T.);
#1345=ORIENTED_EDGE('',*,*,#3542,.T.);
#1346=ORIENTED_EDGE('',*,*,#3623,.T.);
#1347=ORIENTED_EDGE('',*,*,#3541,.T.);
#1348=ORIENTED_EDGE('',*,*,#3643,.F.);
#1349=ORIENTED_EDGE('',*,*,#2979,.T.);
#1350=ORIENTED_EDGE('',*,*,#3643,.T.);
#1351=ORIENTED_EDGE('',*,*,#3016,.T.);
#1352=ORIENTED_EDGE('',*,*,#3644,.F.);
#1353=ORIENTED_EDGE('',*,*,#2966,.T.);
#1354=ORIENTED_EDGE('',*,*,#3644,.T.);
#1355=ORIENTED_EDGE('',*,*,#3249,.T.);
#1356=ORIENTED_EDGE('',*,*,#3645,.T.);
#1357=ORIENTED_EDGE('',*,*,#3646,.F.);
#1358=ORIENTED_EDGE('',*,*,#3284,.T.);
#1359=ORIENTED_EDGE('',*,*,#3647,.T.);
#1360=ORIENTED_EDGE('',*,*,#3648,.T.);
#1361=ORIENTED_EDGE('',*,*,#3509,.T.);
#1362=ORIENTED_EDGE('',*,*,#3649,.F.);
#1363=ORIENTED_EDGE('',*,*,#3257,.T.);
#1364=ORIENTED_EDGE('',*,*,#3650,.F.);
#1365=ORIENTED_EDGE('',*,*,#3651,.F.);
#1366=ORIENTED_EDGE('',*,*,#3652,.T.);
#1367=ORIENTED_EDGE('',*,*,#3653,.F.);
#1368=ORIENTED_EDGE('',*,*,#3273,.F.);
#1369=ORIENTED_EDGE('',*,*,#3654,.F.);
#1370=ORIENTED_EDGE('',*,*,#3655,.T.);
#1371=ORIENTED_EDGE('',*,*,#3320,.T.);
#1372=ORIENTED_EDGE('',*,*,#3656,.T.);
#1373=ORIENTED_EDGE('',*,*,#3657,.F.);
#1374=ORIENTED_EDGE('',*,*,#3658,.T.);
#1375=ORIENTED_EDGE('',*,*,#3286,.F.);
#1376=ORIENTED_EDGE('',*,*,#3659,.T.);
#1377=ORIENTED_EDGE('',*,*,#3427,.T.);
#1378=ORIENTED_EDGE('',*,*,#3660,.T.);
#1379=ORIENTED_EDGE('',*,*,#3312,.F.);
#1380=ORIENTED_EDGE('',*,*,#3202,.F.);
#1381=ORIENTED_EDGE('',*,*,#3661,.T.);
#1382=ORIENTED_EDGE('',*,*,#3515,.F.);
#1383=ORIENTED_EDGE('',*,*,#3201,.T.);
#1384=ORIENTED_EDGE('',*,*,#3662,.T.);
#1385=ORIENTED_EDGE('',*,*,#3516,.T.);
#1386=ORIENTED_EDGE('',*,*,#3661,.F.);
#1387=ORIENTED_EDGE('',*,*,#3200,.T.);
#1388=ORIENTED_EDGE('',*,*,#3292,.T.);
#1389=ORIENTED_EDGE('',*,*,#3517,.T.);
#1390=ORIENTED_EDGE('',*,*,#3662,.F.);
#1391=ORIENTED_EDGE('',*,*,#3663,.T.);
#1392=ORIENTED_EDGE('',*,*,#3518,.F.);
#1393=ORIENTED_EDGE('',*,*,#3297,.F.);
#1394=ORIENTED_EDGE('',*,*,#3243,.F.);
#1395=ORIENTED_EDGE('',*,*,#3664,.T.);
#1396=ORIENTED_EDGE('',*,*,#3519,.F.);
#1397=ORIENTED_EDGE('',*,*,#3663,.F.);
#1398=ORIENTED_EDGE('',*,*,#3242,.F.);
#1399=ORIENTED_EDGE('',*,*,#3241,.T.);
#1400=ORIENTED_EDGE('',*,*,#3665,.T.);
#1401=ORIENTED_EDGE('',*,*,#3520,.T.);
#1402=ORIENTED_EDGE('',*,*,#3664,.F.);
#1403=ORIENTED_EDGE('',*,*,#3521,.F.);
#1404=ORIENTED_EDGE('',*,*,#3665,.F.);
#1405=ORIENTED_EDGE('',*,*,#3240,.F.);
#1406=ORIENTED_EDGE('',*,*,#3259,.F.);
#1407=ORIENTED_EDGE('',*,*,#3666,.T.);
#1408=ORIENTED_EDGE('',*,*,#3507,.F.);
#1409=ORIENTED_EDGE('',*,*,#3409,.F.);
#1410=ORIENTED_EDGE('',*,*,#3258,.T.);
#1411=ORIENTED_EDGE('',*,*,#3649,.T.);
#1412=ORIENTED_EDGE('',*,*,#3508,.T.);
#1413=ORIENTED_EDGE('',*,*,#3666,.F.);
#1414=ORIENTED_EDGE('',*,*,#3667,.T.);
#1415=ORIENTED_EDGE('',*,*,#3668,.T.);
#1416=ORIENTED_EDGE('',*,*,#3389,.T.);
#1417=ORIENTED_EDGE('',*,*,#3536,.T.);
#1418=ORIENTED_EDGE('',*,*,#3669,.T.);
#1419=ORIENTED_EDGE('',*,*,#3670,.T.);
#1420=ORIENTED_EDGE('',*,*,#3671,.T.);
#1421=ORIENTED_EDGE('',*,*,#3534,.T.);
#1422=ORIENTED_EDGE('',*,*,#3393,.F.);
#1423=ORIENTED_EDGE('',*,*,#3672,.T.);
#1424=ORIENTED_EDGE('',*,*,#3673,.T.);
#1425=ORIENTED_EDGE('',*,*,#3532,.T.);
#1426=ORIENTED_EDGE('',*,*,#3674,.T.);
#1427=ORIENTED_EDGE('',*,*,#3675,.T.);
#1428=ORIENTED_EDGE('',*,*,#3391,.F.);
#1429=ORIENTED_EDGE('',*,*,#3676,.T.);
#1430=ORIENTED_EDGE('',*,*,#3677,.T.);
#1431=ORIENTED_EDGE('',*,*,#3678,.T.);
#1432=ORIENTED_EDGE('',*,*,#3395,.T.);
#1433=ORIENTED_EDGE('',*,*,#3531,.T.);
#1434=ORIENTED_EDGE('',*,*,#3679,.T.);
#1435=ORIENTED_EDGE('',*,*,#3680,.T.);
#1436=ORIENTED_EDGE('',*,*,#3681,.T.);
#1437=ORIENTED_EDGE('',*,*,#3529,.T.);
#1438=ORIENTED_EDGE('',*,*,#3399,.F.);
#1439=ORIENTED_EDGE('',*,*,#3682,.T.);
#1440=ORIENTED_EDGE('',*,*,#3683,.T.);
#1441=ORIENTED_EDGE('',*,*,#3527,.T.);
#1442=ORIENTED_EDGE('',*,*,#3684,.T.);
#1443=ORIENTED_EDGE('',*,*,#3685,.T.);
#1444=ORIENTED_EDGE('',*,*,#3397,.F.);
#1445=ORIENTED_EDGE('',*,*,#3686,.T.);
#1446=ORIENTED_EDGE('',*,*,#3687,.T.);
#1447=ORIENTED_EDGE('',*,*,#3688,.T.);
#1448=ORIENTED_EDGE('',*,*,#3401,.T.);
#1449=ORIENTED_EDGE('',*,*,#3526,.T.);
#1450=ORIENTED_EDGE('',*,*,#3689,.T.);
#1451=ORIENTED_EDGE('',*,*,#3690,.T.);
#1452=ORIENTED_EDGE('',*,*,#3691,.T.);
#1453=ORIENTED_EDGE('',*,*,#3524,.T.);
#1454=ORIENTED_EDGE('',*,*,#3405,.F.);
#1455=ORIENTED_EDGE('',*,*,#3692,.T.);
#1456=ORIENTED_EDGE('',*,*,#3693,.T.);
#1457=ORIENTED_EDGE('',*,*,#3522,.T.);
#1458=ORIENTED_EDGE('',*,*,#3694,.T.);
#1459=ORIENTED_EDGE('',*,*,#3695,.T.);
#1460=ORIENTED_EDGE('',*,*,#3403,.F.);
#1461=ORIENTED_EDGE('',*,*,#3696,.T.);
#1462=ORIENTED_EDGE('',*,*,#3697,.T.);
#1463=ORIENTED_EDGE('',*,*,#3698,.T.);
#1464=ORIENTED_EDGE('',*,*,#3411,.T.);
#1465=ORIENTED_EDGE('',*,*,#3506,.F.);
#1466=ORIENTED_EDGE('',*,*,#3699,.T.);
#1467=ORIENTED_EDGE('',*,*,#3700,.T.);
#1468=ORIENTED_EDGE('',*,*,#3701,.T.);
#1469=ORIENTED_EDGE('',*,*,#3504,.F.);
#1470=ORIENTED_EDGE('',*,*,#3387,.F.);
#1471=ORIENTED_EDGE('',*,*,#3702,.T.);
#1472=ORIENTED_EDGE('',*,*,#3703,.T.);
#1473=ORIENTED_EDGE('',*,*,#3537,.T.);
#1474=ORIENTED_EDGE('',*,*,#3704,.T.);
#1475=ORIENTED_EDGE('',*,*,#3705,.T.);
#1476=ORIENTED_EDGE('',*,*,#3385,.F.);
#1477=ORIENTED_EDGE('',*,*,#3382,.F.);
#1478=ORIENTED_EDGE('',*,*,#3413,.T.);
#1479=ORIENTED_EDGE('',*,*,#3706,.T.);
#1480=ORIENTED_EDGE('',*,*,#3681,.F.);
#1481=ORIENTED_EDGE('',*,*,#3707,.T.);
#1482=ORIENTED_EDGE('',*,*,#3677,.F.);
#1483=ORIENTED_EDGE('',*,*,#3530,.F.);
#1484=ORIENTED_EDGE('',*,*,#3691,.F.);
#1485=ORIENTED_EDGE('',*,*,#3708,.T.);
#1486=ORIENTED_EDGE('',*,*,#3687,.F.);
#1487=ORIENTED_EDGE('',*,*,#3525,.F.);
#1488=ORIENTED_EDGE('',*,*,#3693,.F.);
#1489=ORIENTED_EDGE('',*,*,#3709,.T.);
#1490=ORIENTED_EDGE('',*,*,#3689,.F.);
#1491=ORIENTED_EDGE('',*,*,#3523,.F.);
#1492=ORIENTED_EDGE('',*,*,#3683,.F.);
#1493=ORIENTED_EDGE('',*,*,#3710,.T.);
#1494=ORIENTED_EDGE('',*,*,#3679,.F.);
#1495=ORIENTED_EDGE('',*,*,#3528,.F.);
#1496=ORIENTED_EDGE('',*,*,#3673,.F.);
#1497=ORIENTED_EDGE('',*,*,#3711,.T.);
#1498=ORIENTED_EDGE('',*,*,#3669,.F.);
#1499=ORIENTED_EDGE('',*,*,#3533,.F.);
#1500=ORIENTED_EDGE('',*,*,#3701,.F.);
#1501=ORIENTED_EDGE('',*,*,#3712,.T.);
#1502=ORIENTED_EDGE('',*,*,#3697,.F.);
#1503=ORIENTED_EDGE('',*,*,#3505,.F.);
#1504=ORIENTED_EDGE('',*,*,#3703,.F.);
#1505=ORIENTED_EDGE('',*,*,#3713,.T.);
#1506=ORIENTED_EDGE('',*,*,#3699,.F.);
#1507=ORIENTED_EDGE('',*,*,#3538,.F.);
#1508=ORIENTED_EDGE('',*,*,#3671,.F.);
#1509=ORIENTED_EDGE('',*,*,#3714,.T.);
#1510=ORIENTED_EDGE('',*,*,#3667,.F.);
#1511=ORIENTED_EDGE('',*,*,#3535,.F.);
#1512=ORIENTED_EDGE('',*,*,#3412,.F.);
#1513=ORIENTED_EDGE('',*,*,#3698,.F.);
#1514=ORIENTED_EDGE('',*,*,#3715,.F.);
#1515=ORIENTED_EDGE('',*,*,#3706,.F.);
#1516=ORIENTED_EDGE('',*,*,#3715,.T.);
#1517=ORIENTED_EDGE('',*,*,#3712,.F.);
#1518=ORIENTED_EDGE('',*,*,#3716,.F.);
#1519=ORIENTED_EDGE('',*,*,#3716,.T.);
#1520=ORIENTED_EDGE('',*,*,#3700,.F.);
#1521=ORIENTED_EDGE('',*,*,#3717,.F.);
#1522=ORIENTED_EDGE('',*,*,#3704,.F.);
#1523=ORIENTED_EDGE('',*,*,#3717,.T.);
#1524=ORIENTED_EDGE('',*,*,#3713,.F.);
#1525=ORIENTED_EDGE('',*,*,#3718,.F.);
#1526=ORIENTED_EDGE('',*,*,#3718,.T.);
#1527=ORIENTED_EDGE('',*,*,#3702,.F.);
#1528=ORIENTED_EDGE('',*,*,#3386,.F.);
#1529=ORIENTED_EDGE('',*,*,#3705,.F.);
#1530=ORIENTED_EDGE('',*,*,#3402,.F.);
#1531=ORIENTED_EDGE('',*,*,#3688,.F.);
#1532=ORIENTED_EDGE('',*,*,#3719,.F.);
#1533=ORIENTED_EDGE('',*,*,#3696,.F.);
#1534=ORIENTED_EDGE('',*,*,#3719,.T.);
#1535=ORIENTED_EDGE('',*,*,#3708,.F.);
#1536=ORIENTED_EDGE('',*,*,#3720,.F.);
#1537=ORIENTED_EDGE('',*,*,#3720,.T.);
#1538=ORIENTED_EDGE('',*,*,#3690,.F.);
#1539=ORIENTED_EDGE('',*,*,#3721,.F.);
#1540=ORIENTED_EDGE('',*,*,#3694,.F.);
#1541=ORIENTED_EDGE('',*,*,#3721,.T.);
#1542=ORIENTED_EDGE('',*,*,#3709,.F.);
#1543=ORIENTED_EDGE('',*,*,#3722,.F.);
#1544=ORIENTED_EDGE('',*,*,#3722,.T.);
#1545=ORIENTED_EDGE('',*,*,#3692,.F.);
#1546=ORIENTED_EDGE('',*,*,#3404,.F.);
#1547=ORIENTED_EDGE('',*,*,#3695,.F.);
#1548=ORIENTED_EDGE('',*,*,#3396,.F.);
#1549=ORIENTED_EDGE('',*,*,#3678,.F.);
#1550=ORIENTED_EDGE('',*,*,#3723,.F.);
#1551=ORIENTED_EDGE('',*,*,#3686,.F.);
#1552=ORIENTED_EDGE('',*,*,#3723,.T.);
#1553=ORIENTED_EDGE('',*,*,#3707,.F.);
#1554=ORIENTED_EDGE('',*,*,#3724,.F.);
#1555=ORIENTED_EDGE('',*,*,#3724,.T.);
#1556=ORIENTED_EDGE('',*,*,#3680,.F.);
#1557=ORIENTED_EDGE('',*,*,#3725,.F.);
#1558=ORIENTED_EDGE('',*,*,#3684,.F.);
#1559=ORIENTED_EDGE('',*,*,#3725,.T.);
#1560=ORIENTED_EDGE('',*,*,#3710,.F.);
#1561=ORIENTED_EDGE('',*,*,#3726,.F.);
#1562=ORIENTED_EDGE('',*,*,#3726,.T.);
#1563=ORIENTED_EDGE('',*,*,#3682,.F.);
#1564=ORIENTED_EDGE('',*,*,#3398,.F.);
#1565=ORIENTED_EDGE('',*,*,#3685,.F.);
#1566=ORIENTED_EDGE('',*,*,#3390,.F.);
#1567=ORIENTED_EDGE('',*,*,#3668,.F.);
#1568=ORIENTED_EDGE('',*,*,#3727,.F.);
#1569=ORIENTED_EDGE('',*,*,#3676,.F.);
#1570=ORIENTED_EDGE('',*,*,#3727,.T.);
#1571=ORIENTED_EDGE('',*,*,#3714,.F.);
#1572=ORIENTED_EDGE('',*,*,#3728,.F.);
#1573=ORIENTED_EDGE('',*,*,#3728,.T.);
#1574=ORIENTED_EDGE('',*,*,#3670,.F.);
#1575=ORIENTED_EDGE('',*,*,#3729,.F.);
#1576=ORIENTED_EDGE('',*,*,#3674,.F.);
#1577=ORIENTED_EDGE('',*,*,#3729,.T.);
#1578=ORIENTED_EDGE('',*,*,#3711,.F.);
#1579=ORIENTED_EDGE('',*,*,#3730,.F.);
#1580=ORIENTED_EDGE('',*,*,#3730,.T.);
#1581=ORIENTED_EDGE('',*,*,#3672,.F.);
#1582=ORIENTED_EDGE('',*,*,#3392,.F.);
#1583=ORIENTED_EDGE('',*,*,#3675,.F.);
#1584=ORIENTED_EDGE('',*,*,#3379,.F.);
#1585=ORIENTED_EDGE('',*,*,#3731,.T.);
#1586=ORIENTED_EDGE('',*,*,#3316,.T.);
#1587=ORIENTED_EDGE('',*,*,#3511,.F.);
#1588=ORIENTED_EDGE('',*,*,#3648,.F.);
#1589=ORIENTED_EDGE('',*,*,#3732,.T.);
#1590=ORIENTED_EDGE('',*,*,#3373,.T.);
#1591=ORIENTED_EDGE('',*,*,#3510,.F.);
#1592=ORIENTED_EDGE('',*,*,#3733,.T.);
#1593=ORIENTED_EDGE('',*,*,#3734,.T.);
#1594=ORIENTED_EDGE('',*,*,#3657,.T.);
#1595=ORIENTED_EDGE('',*,*,#3735,.T.);
#1596=ORIENTED_EDGE('',*,*,#3736,.T.);
#1597=ORIENTED_EDGE('',*,*,#3737,.T.);
#1598=ORIENTED_EDGE('',*,*,#3369,.F.);
#1599=ORIENTED_EDGE('',*,*,#3738,.T.);
#1600=ORIENTED_EDGE('',*,*,#3739,.F.);
#1601=ORIENTED_EDGE('',*,*,#3739,.T.);
#1602=ORIENTED_EDGE('',*,*,#3503,.T.);
#1603=ORIENTED_EDGE('',*,*,#3740,.F.);
#1604=ORIENTED_EDGE('',*,*,#3740,.T.);
#1605=ORIENTED_EDGE('',*,*,#3502,.T.);
#1606=ORIENTED_EDGE('',*,*,#3741,.T.);
#1607=ORIENTED_EDGE('',*,*,#3742,.T.);
#1608=ORIENTED_EDGE('',*,*,#3743,.T.);
#1609=ORIENTED_EDGE('',*,*,#3744,.T.);
#1610=ORIENTED_EDGE('',*,*,#3745,.T.);
#1611=ORIENTED_EDGE('',*,*,#3746,.T.);
#1612=ORIENTED_EDGE('',*,*,#3498,.F.);
#1613=ORIENTED_EDGE('',*,*,#3747,.T.);
#1614=ORIENTED_EDGE('',*,*,#3500,.T.);
#1615=ORIENTED_EDGE('',*,*,#3748,.T.);
#1616=ORIENTED_EDGE('',*,*,#3749,.T.);
#1617=ORIENTED_EDGE('',*,*,#3750,.T.);
#1618=ORIENTED_EDGE('',*,*,#3496,.F.);
#1619=ORIENTED_EDGE('',*,*,#3751,.T.);
#1620=ORIENTED_EDGE('',*,*,#3752,.T.);
#1621=ORIENTED_EDGE('',*,*,#3753,.T.);
#1622=ORIENTED_EDGE('',*,*,#3494,.T.);
#1623=ORIENTED_EDGE('',*,*,#3754,.T.);
#1624=ORIENTED_EDGE('',*,*,#3755,.T.);
#1625=ORIENTED_EDGE('',*,*,#3756,.T.);
#1626=ORIENTED_EDGE('',*,*,#3757,.F.);
#1627=ORIENTED_EDGE('',*,*,#3757,.T.);
#1628=ORIENTED_EDGE('',*,*,#3493,.T.);
#1629=ORIENTED_EDGE('',*,*,#3758,.T.);
#1630=ORIENTED_EDGE('',*,*,#3759,.T.);
#1631=ORIENTED_EDGE('',*,*,#3760,.T.);
#1632=ORIENTED_EDGE('',*,*,#3761,.T.);
#1633=ORIENTED_EDGE('',*,*,#3762,.T.);
#1634=ORIENTED_EDGE('',*,*,#3763,.T.);
#1635=ORIENTED_EDGE('',*,*,#3764,.T.);
#1636=ORIENTED_EDGE('',*,*,#3765,.T.);
#1637=ORIENTED_EDGE('',*,*,#3766,.T.);
#1638=ORIENTED_EDGE('',*,*,#3767,.T.);
#1639=ORIENTED_EDGE('',*,*,#3768,.T.);
#1640=ORIENTED_EDGE('',*,*,#3487,.T.);
#1641=ORIENTED_EDGE('',*,*,#3769,.T.);
#1642=ORIENTED_EDGE('',*,*,#3770,.T.);
#1643=ORIENTED_EDGE('',*,*,#3771,.T.);
#1644=ORIENTED_EDGE('',*,*,#3489,.T.);
#1645=ORIENTED_EDGE('',*,*,#3772,.T.);
#1646=ORIENTED_EDGE('',*,*,#3773,.T.);
#1647=ORIENTED_EDGE('',*,*,#3774,.T.);
#1648=ORIENTED_EDGE('',*,*,#3491,.T.);
#1649=ORIENTED_EDGE('',*,*,#3775,.T.);
#1650=ORIENTED_EDGE('',*,*,#3776,.T.);
#1651=ORIENTED_EDGE('',*,*,#3777,.T.);
#1652=ORIENTED_EDGE('',*,*,#3485,.T.);
#1653=ORIENTED_EDGE('',*,*,#3774,.F.);
#1654=ORIENTED_EDGE('',*,*,#3778,.T.);
#1655=ORIENTED_EDGE('',*,*,#3775,.F.);
#1656=ORIENTED_EDGE('',*,*,#3492,.F.);
#1657=ORIENTED_EDGE('',*,*,#3771,.F.);
#1658=ORIENTED_EDGE('',*,*,#3779,.T.);
#1659=ORIENTED_EDGE('',*,*,#3772,.F.);
#1660=ORIENTED_EDGE('',*,*,#3490,.F.);
#1661=ORIENTED_EDGE('',*,*,#3768,.F.);
#1662=ORIENTED_EDGE('',*,*,#3780,.T.);
#1663=ORIENTED_EDGE('',*,*,#3769,.F.);
#1664=ORIENTED_EDGE('',*,*,#3488,.F.);
#1665=ORIENTED_EDGE('',*,*,#3777,.F.);
#1666=ORIENTED_EDGE('',*,*,#3781,.T.);
#1667=ORIENTED_EDGE('',*,*,#3766,.F.);
#1668=ORIENTED_EDGE('',*,*,#3486,.F.);
#1669=ORIENTED_EDGE('',*,*,#3782,.F.);
#1670=ORIENTED_EDGE('',*,*,#3763,.F.);
#1671=ORIENTED_EDGE('',*,*,#3783,.F.);
#1672=ORIENTED_EDGE('',*,*,#3770,.F.);
#1673=ORIENTED_EDGE('',*,*,#3783,.T.);
#1674=ORIENTED_EDGE('',*,*,#3762,.F.);
#1675=ORIENTED_EDGE('',*,*,#3784,.F.);
#1676=ORIENTED_EDGE('',*,*,#3779,.F.);
#1677=ORIENTED_EDGE('',*,*,#3782,.T.);
#1678=ORIENTED_EDGE('',*,*,#3780,.F.);
#1679=ORIENTED_EDGE('',*,*,#3785,.F.);
#1680=ORIENTED_EDGE('',*,*,#3764,.F.);
#1681=ORIENTED_EDGE('',*,*,#3784,.T.);
#1682=ORIENTED_EDGE('',*,*,#3761,.F.);
#1683=ORIENTED_EDGE('',*,*,#3786,.F.);
#1684=ORIENTED_EDGE('',*,*,#3773,.F.);
#1685=ORIENTED_EDGE('',*,*,#3785,.T.);
#1686=ORIENTED_EDGE('',*,*,#3767,.F.);
#1687=ORIENTED_EDGE('',*,*,#3787,.F.);
#1688=ORIENTED_EDGE('',*,*,#3765,.F.);
#1689=ORIENTED_EDGE('',*,*,#3786,.T.);
#1690=ORIENTED_EDGE('',*,*,#3760,.F.);
#1691=ORIENTED_EDGE('',*,*,#3788,.F.);
#1692=ORIENTED_EDGE('',*,*,#3778,.F.);
#1693=ORIENTED_EDGE('',*,*,#3787,.T.);
#1694=ORIENTED_EDGE('',*,*,#3781,.F.);
#1695=ORIENTED_EDGE('',*,*,#3789,.F.);
#1696=ORIENTED_EDGE('',*,*,#3758,.F.);
#1697=ORIENTED_EDGE('',*,*,#3788,.T.);
#1698=ORIENTED_EDGE('',*,*,#3759,.F.);
#1699=ORIENTED_EDGE('',*,*,#3789,.T.);
#1700=ORIENTED_EDGE('',*,*,#3776,.F.);
#1701=ORIENTED_EDGE('',*,*,#3431,.F.);
#1702=ORIENTED_EDGE('',*,*,#3418,.F.);
#1703=ORIENTED_EDGE('',*,*,#3790,.F.);
#1704=ORIENTED_EDGE('',*,*,#3660,.F.);
#1705=ORIENTED_EDGE('',*,*,#3790,.T.);
#1706=ORIENTED_EDGE('',*,*,#3417,.F.);
#1707=ORIENTED_EDGE('',*,*,#3582,.F.);
#1708=ORIENTED_EDGE('',*,*,#3313,.F.);
#1709=ORIENTED_EDGE('',*,*,#3791,.F.);
#1710=ORIENTED_EDGE('',*,*,#3751,.F.);
#1711=ORIENTED_EDGE('',*,*,#3495,.F.);
#1712=ORIENTED_EDGE('',*,*,#3756,.F.);
#1713=ORIENTED_EDGE('',*,*,#3792,.F.);
#1714=ORIENTED_EDGE('',*,*,#3791,.T.);
#1715=ORIENTED_EDGE('',*,*,#3793,.F.);
#1716=ORIENTED_EDGE('',*,*,#3501,.F.);
#1717=ORIENTED_EDGE('',*,*,#3750,.F.);
#1718=ORIENTED_EDGE('',*,*,#3794,.F.);
#1719=ORIENTED_EDGE('',*,*,#3754,.F.);
#1720=ORIENTED_EDGE('',*,*,#3793,.T.);
#1721=ORIENTED_EDGE('',*,*,#3755,.F.);
#1722=ORIENTED_EDGE('',*,*,#3795,.F.);
#1723=ORIENTED_EDGE('',*,*,#3741,.F.);
#1724=ORIENTED_EDGE('',*,*,#3792,.T.);
#1725=ORIENTED_EDGE('',*,*,#3744,.F.);
#1726=ORIENTED_EDGE('',*,*,#3796,.F.);
#1727=ORIENTED_EDGE('',*,*,#3752,.F.);
#1728=ORIENTED_EDGE('',*,*,#3497,.F.);
#1729=ORIENTED_EDGE('',*,*,#3753,.F.);
#1730=ORIENTED_EDGE('',*,*,#3797,.F.);
#1731=ORIENTED_EDGE('',*,*,#3747,.F.);
#1732=ORIENTED_EDGE('',*,*,#3795,.T.);
#1733=ORIENTED_EDGE('',*,*,#3794,.T.);
#1734=ORIENTED_EDGE('',*,*,#3798,.F.);
#1735=ORIENTED_EDGE('',*,*,#3797,.T.);
#1736=ORIENTED_EDGE('',*,*,#3796,.T.);
#1737=ORIENTED_EDGE('',*,*,#3799,.F.);
#1738=ORIENTED_EDGE('',*,*,#3798,.T.);
#1739=ORIENTED_EDGE('',*,*,#3749,.F.);
#1740=ORIENTED_EDGE('',*,*,#3800,.F.);
#1741=ORIENTED_EDGE('',*,*,#3742,.F.);
#1742=ORIENTED_EDGE('',*,*,#3799,.T.);
#1743=ORIENTED_EDGE('',*,*,#3743,.F.);
#1744=ORIENTED_EDGE('',*,*,#3801,.F.);
#1745=ORIENTED_EDGE('',*,*,#3745,.F.);
#1746=ORIENTED_EDGE('',*,*,#3801,.T.);
#1747=ORIENTED_EDGE('',*,*,#3800,.T.);
#1748=ORIENTED_EDGE('',*,*,#3802,.F.);
#1749=ORIENTED_EDGE('',*,*,#3802,.T.);
#1750=ORIENTED_EDGE('',*,*,#3748,.F.);
#1751=ORIENTED_EDGE('',*,*,#3499,.F.);
#1752=ORIENTED_EDGE('',*,*,#3746,.F.);
#1753=ORIENTED_EDGE('',*,*,#3375,.F.);
#1754=ORIENTED_EDGE('',*,*,#3803,.T.);
#1755=ORIENTED_EDGE('',*,*,#3367,.T.);
#1756=ORIENTED_EDGE('',*,*,#3804,.F.);
#1757=ORIENTED_EDGE('',*,*,#3371,.F.);
#1758=ORIENTED_EDGE('',*,*,#3805,.T.);
#1759=ORIENTED_EDGE('',*,*,#3377,.F.);
#1760=ORIENTED_EDGE('',*,*,#3806,.F.);
#1761=ORIENTED_EDGE('',*,*,#3804,.T.);
#1762=ORIENTED_EDGE('',*,*,#3372,.T.);
#1763=ORIENTED_EDGE('',*,*,#3806,.T.);
#1764=ORIENTED_EDGE('',*,*,#3376,.F.);
#1765=ORIENTED_EDGE('',*,*,#3370,.F.);
#1766=ORIENTED_EDGE('',*,*,#3737,.F.);
#1767=ORIENTED_EDGE('',*,*,#3807,.T.);
#1768=ORIENTED_EDGE('',*,*,#3805,.F.);
#1769=ORIENTED_EDGE('',*,*,#3803,.F.);
#1770=ORIENTED_EDGE('',*,*,#3808,.T.);
#1771=ORIENTED_EDGE('',*,*,#3738,.F.);
#1772=ORIENTED_EDGE('',*,*,#3368,.F.);
#1773=ORIENTED_EDGE('',*,*,#3808,.F.);
#1774=ORIENTED_EDGE('',*,*,#3374,.F.);
#1775=ORIENTED_EDGE('',*,*,#3809,.F.);
#1776=ORIENTED_EDGE('',*,*,#3733,.F.);
#1777=ORIENTED_EDGE('',*,*,#3809,.T.);
#1778=ORIENTED_EDGE('',*,*,#3732,.F.);
#1779=ORIENTED_EDGE('',*,*,#3810,.F.);
#1780=ORIENTED_EDGE('',*,*,#3658,.F.);
#1781=ORIENTED_EDGE('',*,*,#3734,.F.);
#1782=ORIENTED_EDGE('',*,*,#3810,.T.);
#1783=ORIENTED_EDGE('',*,*,#3647,.F.);
#1784=ORIENTED_EDGE('',*,*,#3287,.F.);
#1785=ORIENTED_EDGE('',*,*,#3322,.F.);
#1786=ORIENTED_EDGE('',*,*,#3317,.F.);
#1787=ORIENTED_EDGE('',*,*,#3811,.F.);
#1788=ORIENTED_EDGE('',*,*,#3735,.F.);
#1789=ORIENTED_EDGE('',*,*,#3656,.F.);
#1790=ORIENTED_EDGE('',*,*,#3811,.T.);
#1791=ORIENTED_EDGE('',*,*,#3731,.F.);
#1792=ORIENTED_EDGE('',*,*,#3812,.F.);
#1793=ORIENTED_EDGE('',*,*,#3807,.F.);
#1794=ORIENTED_EDGE('',*,*,#3736,.F.);
#1795=ORIENTED_EDGE('',*,*,#3812,.T.);
#1796=ORIENTED_EDGE('',*,*,#3378,.F.);
#1797=ORIENTED_EDGE('',*,*,#3813,.F.);
#1798=ORIENTED_EDGE('',*,*,#3366,.T.);
#1799=ORIENTED_EDGE('',*,*,#3813,.T.);
#1800=ORIENTED_EDGE('',*,*,#3814,.F.);
#1801=ORIENTED_EDGE('',*,*,#3365,.T.);
#1802=ORIENTED_EDGE('',*,*,#3814,.T.);
#1803=ORIENTED_EDGE('',*,*,#3815,.F.);
#1804=ORIENTED_EDGE('',*,*,#3364,.T.);
#1805=ORIENTED_EDGE('',*,*,#3815,.T.);
#1806=ORIENTED_EDGE('',*,*,#3816,.F.);
#1807=ORIENTED_EDGE('',*,*,#3363,.T.);
#1808=ORIENTED_EDGE('',*,*,#3816,.T.);
#1809=ORIENTED_EDGE('',*,*,#3817,.F.);
#1810=ORIENTED_EDGE('',*,*,#3818,.T.);
#1811=ORIENTED_EDGE('',*,*,#3267,.T.);
#1812=ORIENTED_EDGE('',*,*,#3819,.T.);
#1813=ORIENTED_EDGE('',*,*,#3820,.F.);
#1814=ORIENTED_EDGE('',*,*,#3821,.T.);
#1815=ORIENTED_EDGE('',*,*,#3264,.T.);
#1816=ORIENTED_EDGE('',*,*,#3359,.T.);
#1817=ORIENTED_EDGE('',*,*,#3356,.T.);
#1818=ORIENTED_EDGE('',*,*,#3351,.T.);
#1819=ORIENTED_EDGE('',*,*,#3822,.T.);
#1820=ORIENTED_EDGE('',*,*,#3823,.T.);
#1821=ORIENTED_EDGE('',*,*,#3324,.F.);
#1822=ORIENTED_EDGE('',*,*,#3824,.F.);
#1823=ORIENTED_EDGE('',*,*,#3825,.T.);
#1824=ORIENTED_EDGE('',*,*,#3302,.T.);
#1825=ORIENTED_EDGE('',*,*,#3826,.F.);
#1826=ORIENTED_EDGE('',*,*,#3823,.F.);
#1827=ORIENTED_EDGE('',*,*,#3827,.T.);
#1828=ORIENTED_EDGE('',*,*,#3334,.F.);
#1829=ORIENTED_EDGE('',*,*,#3329,.F.);
#1830=ORIENTED_EDGE('',*,*,#3828,.T.);
#1831=ORIENTED_EDGE('',*,*,#3325,.T.);
#1832=ORIENTED_EDGE('',*,*,#3326,.F.);
#1833=ORIENTED_EDGE('',*,*,#3828,.F.);
#1834=ORIENTED_EDGE('',*,*,#3328,.F.);
#1835=ORIENTED_EDGE('',*,*,#3310,.F.);
#1836=ORIENTED_EDGE('',*,*,#3335,.F.);
#1837=ORIENTED_EDGE('',*,*,#3827,.F.);
#1838=ORIENTED_EDGE('',*,*,#3822,.F.);
#1839=ORIENTED_EDGE('',*,*,#3350,.F.);
#1840=ORIENTED_EDGE('',*,*,#3345,.T.);
#1841=ORIENTED_EDGE('',*,*,#3829,.T.);
#1842=ORIENTED_EDGE('',*,*,#3830,.T.);
#1843=ORIENTED_EDGE('',*,*,#3218,.F.);
#1844=ORIENTED_EDGE('',*,*,#3227,.T.);
#1845=ORIENTED_EDGE('',*,*,#3831,.F.);
#1846=ORIENTED_EDGE('',*,*,#3832,.F.);
#1847=ORIENTED_EDGE('',*,*,#3348,.F.);
#1848=ORIENTED_EDGE('',*,*,#3349,.T.);
#1849=ORIENTED_EDGE('',*,*,#3832,.T.);
#1850=ORIENTED_EDGE('',*,*,#3833,.F.);
#1851=ORIENTED_EDGE('',*,*,#3834,.F.);
#1852=ORIENTED_EDGE('',*,*,#3835,.F.);
#1853=ORIENTED_EDGE('',*,*,#3836,.F.);
#1854=ORIENTED_EDGE('',*,*,#3837,.T.);
#1855=ORIENTED_EDGE('',*,*,#3838,.T.);
#1856=ORIENTED_EDGE('',*,*,#3839,.T.);
#1857=ORIENTED_EDGE('',*,*,#3840,.F.);
#1858=ORIENTED_EDGE('',*,*,#3829,.F.);
#1859=ORIENTED_EDGE('',*,*,#3223,.F.);
#1860=ORIENTED_EDGE('',*,*,#3841,.F.);
#1861=ORIENTED_EDGE('',*,*,#3836,.T.);
#1862=ORIENTED_EDGE('',*,*,#3842,.T.);
#1863=ORIENTED_EDGE('',*,*,#3222,.T.);
#1864=ORIENTED_EDGE('',*,*,#3843,.F.);
#1865=ORIENTED_EDGE('',*,*,#3837,.F.);
#1866=ORIENTED_EDGE('',*,*,#3841,.T.);
#1867=ORIENTED_EDGE('',*,*,#3221,.T.);
#1868=ORIENTED_EDGE('',*,*,#3844,.F.);
#1869=ORIENTED_EDGE('',*,*,#3838,.F.);
#1870=ORIENTED_EDGE('',*,*,#3843,.T.);
#1871=ORIENTED_EDGE('',*,*,#3220,.T.);
#1872=ORIENTED_EDGE('',*,*,#3845,.F.);
#1873=ORIENTED_EDGE('',*,*,#3839,.F.);
#1874=ORIENTED_EDGE('',*,*,#3844,.T.);
#1875=ORIENTED_EDGE('',*,*,#3219,.F.);
#1876=ORIENTED_EDGE('',*,*,#3830,.F.);
#1877=ORIENTED_EDGE('',*,*,#3840,.T.);
#1878=ORIENTED_EDGE('',*,*,#3845,.T.);
#1879=ORIENTED_EDGE('',*,*,#3226,.F.);
#1880=ORIENTED_EDGE('',*,*,#3846,.F.);
#1881=ORIENTED_EDGE('',*,*,#3833,.T.);
#1882=ORIENTED_EDGE('',*,*,#3831,.T.);
#1883=ORIENTED_EDGE('',*,*,#3225,.F.);
#1884=ORIENTED_EDGE('',*,*,#3847,.F.);
#1885=ORIENTED_EDGE('',*,*,#3834,.T.);
#1886=ORIENTED_EDGE('',*,*,#3846,.T.);
#1887=ORIENTED_EDGE('',*,*,#3224,.F.);
#1888=ORIENTED_EDGE('',*,*,#3842,.F.);
#1889=ORIENTED_EDGE('',*,*,#3835,.T.);
#1890=ORIENTED_EDGE('',*,*,#3847,.T.);
#1891=ORIENTED_EDGE('',*,*,#3066,.F.);
#1892=ORIENTED_EDGE('',*,*,#3848,.F.);
#1893=ORIENTED_EDGE('',*,*,#3849,.T.);
#1894=ORIENTED_EDGE('',*,*,#3850,.T.);
#1895=ORIENTED_EDGE('',*,*,#3065,.F.);
#1896=ORIENTED_EDGE('',*,*,#3851,.F.);
#1897=ORIENTED_EDGE('',*,*,#3852,.T.);
#1898=ORIENTED_EDGE('',*,*,#3848,.T.);
#1899=ORIENTED_EDGE('',*,*,#3074,.F.);
#1900=ORIENTED_EDGE('',*,*,#3853,.F.);
#1901=ORIENTED_EDGE('',*,*,#3854,.T.);
#1902=ORIENTED_EDGE('',*,*,#3851,.T.);
#1903=ORIENTED_EDGE('',*,*,#3073,.F.);
#1904=ORIENTED_EDGE('',*,*,#3855,.F.);
#1905=ORIENTED_EDGE('',*,*,#3856,.T.);
#1906=ORIENTED_EDGE('',*,*,#3853,.T.);
#1907=ORIENTED_EDGE('',*,*,#3072,.F.);
#1908=ORIENTED_EDGE('',*,*,#3857,.F.);
#1909=ORIENTED_EDGE('',*,*,#3858,.T.);
#1910=ORIENTED_EDGE('',*,*,#3855,.T.);
#1911=ORIENTED_EDGE('',*,*,#3071,.F.);
#1912=ORIENTED_EDGE('',*,*,#3859,.F.);
#1913=ORIENTED_EDGE('',*,*,#3860,.T.);
#1914=ORIENTED_EDGE('',*,*,#3857,.T.);
#1915=ORIENTED_EDGE('',*,*,#3070,.F.);
#1916=ORIENTED_EDGE('',*,*,#3861,.F.);
#1917=ORIENTED_EDGE('',*,*,#3862,.T.);
#1918=ORIENTED_EDGE('',*,*,#3859,.T.);
#1919=ORIENTED_EDGE('',*,*,#3069,.F.);
#1920=ORIENTED_EDGE('',*,*,#3863,.F.);
#1921=ORIENTED_EDGE('',*,*,#3864,.T.);
#1922=ORIENTED_EDGE('',*,*,#3861,.T.);
#1923=ORIENTED_EDGE('',*,*,#3068,.F.);
#1924=ORIENTED_EDGE('',*,*,#3865,.F.);
#1925=ORIENTED_EDGE('',*,*,#3866,.T.);
#1926=ORIENTED_EDGE('',*,*,#3863,.T.);
#1927=ORIENTED_EDGE('',*,*,#3067,.F.);
#1928=ORIENTED_EDGE('',*,*,#3850,.F.);
#1929=ORIENTED_EDGE('',*,*,#3867,.T.);
#1930=ORIENTED_EDGE('',*,*,#3865,.T.);
#1931=ORIENTED_EDGE('',*,*,#3849,.F.);
#1932=ORIENTED_EDGE('',*,*,#3852,.F.);
#1933=ORIENTED_EDGE('',*,*,#3854,.F.);
#1934=ORIENTED_EDGE('',*,*,#3856,.F.);
#1935=ORIENTED_EDGE('',*,*,#3858,.F.);
#1936=ORIENTED_EDGE('',*,*,#3860,.F.);
#1937=ORIENTED_EDGE('',*,*,#3862,.F.);
#1938=ORIENTED_EDGE('',*,*,#3864,.F.);
#1939=ORIENTED_EDGE('',*,*,#3866,.F.);
#1940=ORIENTED_EDGE('',*,*,#3867,.F.);
#1941=ORIENTED_EDGE('',*,*,#3076,.F.);
#1942=ORIENTED_EDGE('',*,*,#3868,.F.);
#1943=ORIENTED_EDGE('',*,*,#3869,.T.);
#1944=ORIENTED_EDGE('',*,*,#3870,.T.);
#1945=ORIENTED_EDGE('',*,*,#3075,.F.);
#1946=ORIENTED_EDGE('',*,*,#3871,.F.);
#1947=ORIENTED_EDGE('',*,*,#3872,.T.);
#1948=ORIENTED_EDGE('',*,*,#3868,.T.);
#1949=ORIENTED_EDGE('',*,*,#3084,.F.);
#1950=ORIENTED_EDGE('',*,*,#3873,.F.);
#1951=ORIENTED_EDGE('',*,*,#3874,.T.);
#1952=ORIENTED_EDGE('',*,*,#3871,.T.);
#1953=ORIENTED_EDGE('',*,*,#3083,.F.);
#1954=ORIENTED_EDGE('',*,*,#3875,.F.);
#1955=ORIENTED_EDGE('',*,*,#3876,.T.);
#1956=ORIENTED_EDGE('',*,*,#3873,.T.);
#1957=ORIENTED_EDGE('',*,*,#3082,.F.);
#1958=ORIENTED_EDGE('',*,*,#3877,.F.);
#1959=ORIENTED_EDGE('',*,*,#3878,.T.);
#1960=ORIENTED_EDGE('',*,*,#3875,.T.);
#1961=ORIENTED_EDGE('',*,*,#3081,.F.);
#1962=ORIENTED_EDGE('',*,*,#3879,.F.);
#1963=ORIENTED_EDGE('',*,*,#3880,.T.);
#1964=ORIENTED_EDGE('',*,*,#3877,.T.);
#1965=ORIENTED_EDGE('',*,*,#3080,.F.);
#1966=ORIENTED_EDGE('',*,*,#3881,.F.);
#1967=ORIENTED_EDGE('',*,*,#3882,.T.);
#1968=ORIENTED_EDGE('',*,*,#3879,.T.);
#1969=ORIENTED_EDGE('',*,*,#3079,.F.);
#1970=ORIENTED_EDGE('',*,*,#3883,.F.);
#1971=ORIENTED_EDGE('',*,*,#3884,.T.);
#1972=ORIENTED_EDGE('',*,*,#3881,.T.);
#1973=ORIENTED_EDGE('',*,*,#3078,.F.);
#1974=ORIENTED_EDGE('',*,*,#3885,.F.);
#1975=ORIENTED_EDGE('',*,*,#3886,.T.);
#1976=ORIENTED_EDGE('',*,*,#3883,.T.);
#1977=ORIENTED_EDGE('',*,*,#3077,.F.);
#1978=ORIENTED_EDGE('',*,*,#3870,.F.);
#1979=ORIENTED_EDGE('',*,*,#3887,.T.);
#1980=ORIENTED_EDGE('',*,*,#3885,.T.);
#1981=ORIENTED_EDGE('',*,*,#3869,.F.);
#1982=ORIENTED_EDGE('',*,*,#3872,.F.);
#1983=ORIENTED_EDGE('',*,*,#3874,.F.);
#1984=ORIENTED_EDGE('',*,*,#3876,.F.);
#1985=ORIENTED_EDGE('',*,*,#3878,.F.);
#1986=ORIENTED_EDGE('',*,*,#3880,.F.);
#1987=ORIENTED_EDGE('',*,*,#3882,.F.);
#1988=ORIENTED_EDGE('',*,*,#3884,.F.);
#1989=ORIENTED_EDGE('',*,*,#3886,.F.);
#1990=ORIENTED_EDGE('',*,*,#3887,.F.);
#1991=ORIENTED_EDGE('',*,*,#3086,.F.);
#1992=ORIENTED_EDGE('',*,*,#3888,.F.);
#1993=ORIENTED_EDGE('',*,*,#3889,.T.);
#1994=ORIENTED_EDGE('',*,*,#3890,.T.);
#1995=ORIENTED_EDGE('',*,*,#3085,.F.);
#1996=ORIENTED_EDGE('',*,*,#3891,.F.);
#1997=ORIENTED_EDGE('',*,*,#3892,.T.);
#1998=ORIENTED_EDGE('',*,*,#3888,.T.);
#1999=ORIENTED_EDGE('',*,*,#3094,.F.);
#2000=ORIENTED_EDGE('',*,*,#3893,.F.);
#2001=ORIENTED_EDGE('',*,*,#3894,.T.);
#2002=ORIENTED_EDGE('',*,*,#3891,.T.);
#2003=ORIENTED_EDGE('',*,*,#3093,.F.);
#2004=ORIENTED_EDGE('',*,*,#3895,.F.);
#2005=ORIENTED_EDGE('',*,*,#3896,.T.);
#2006=ORIENTED_EDGE('',*,*,#3893,.T.);
#2007=ORIENTED_EDGE('',*,*,#3092,.F.);
#2008=ORIENTED_EDGE('',*,*,#3897,.F.);
#2009=ORIENTED_EDGE('',*,*,#3898,.T.);
#2010=ORIENTED_EDGE('',*,*,#3895,.T.);
#2011=ORIENTED_EDGE('',*,*,#3091,.F.);
#2012=ORIENTED_EDGE('',*,*,#3899,.F.);
#2013=ORIENTED_EDGE('',*,*,#3900,.T.);
#2014=ORIENTED_EDGE('',*,*,#3897,.T.);
#2015=ORIENTED_EDGE('',*,*,#3090,.F.);
#2016=ORIENTED_EDGE('',*,*,#3901,.F.);
#2017=ORIENTED_EDGE('',*,*,#3902,.T.);
#2018=ORIENTED_EDGE('',*,*,#3899,.T.);
#2019=ORIENTED_EDGE('',*,*,#3089,.F.);
#2020=ORIENTED_EDGE('',*,*,#3903,.F.);
#2021=ORIENTED_EDGE('',*,*,#3904,.T.);
#2022=ORIENTED_EDGE('',*,*,#3901,.T.);
#2023=ORIENTED_EDGE('',*,*,#3088,.F.);
#2024=ORIENTED_EDGE('',*,*,#3905,.F.);
#2025=ORIENTED_EDGE('',*,*,#3906,.T.);
#2026=ORIENTED_EDGE('',*,*,#3903,.T.);
#2027=ORIENTED_EDGE('',*,*,#3087,.F.);
#2028=ORIENTED_EDGE('',*,*,#3890,.F.);
#2029=ORIENTED_EDGE('',*,*,#3907,.T.);
#2030=ORIENTED_EDGE('',*,*,#3905,.T.);
#2031=ORIENTED_EDGE('',*,*,#3889,.F.);
#2032=ORIENTED_EDGE('',*,*,#3892,.F.);
#2033=ORIENTED_EDGE('',*,*,#3894,.F.);
#2034=ORIENTED_EDGE('',*,*,#3896,.F.);
#2035=ORIENTED_EDGE('',*,*,#3898,.F.);
#2036=ORIENTED_EDGE('',*,*,#3900,.F.);
#2037=ORIENTED_EDGE('',*,*,#3902,.F.);
#2038=ORIENTED_EDGE('',*,*,#3904,.F.);
#2039=ORIENTED_EDGE('',*,*,#3906,.F.);
#2040=ORIENTED_EDGE('',*,*,#3907,.F.);
#2041=ORIENTED_EDGE('',*,*,#3054,.T.);
#2042=ORIENTED_EDGE('',*,*,#3908,.F.);
#2043=ORIENTED_EDGE('',*,*,#3909,.F.);
#2044=ORIENTED_EDGE('',*,*,#3910,.T.);
#2045=ORIENTED_EDGE('',*,*,#3063,.T.);
#2046=ORIENTED_EDGE('',*,*,#3911,.F.);
#2047=ORIENTED_EDGE('',*,*,#3912,.F.);
#2048=ORIENTED_EDGE('',*,*,#3908,.T.);
#2049=ORIENTED_EDGE('',*,*,#3062,.T.);
#2050=ORIENTED_EDGE('',*,*,#3913,.F.);
#2051=ORIENTED_EDGE('',*,*,#3914,.F.);
#2052=ORIENTED_EDGE('',*,*,#3911,.T.);
#2053=ORIENTED_EDGE('',*,*,#3061,.T.);
#2054=ORIENTED_EDGE('',*,*,#3915,.F.);
#2055=ORIENTED_EDGE('',*,*,#3916,.F.);
#2056=ORIENTED_EDGE('',*,*,#3913,.T.);
#2057=ORIENTED_EDGE('',*,*,#3060,.T.);
#2058=ORIENTED_EDGE('',*,*,#3917,.F.);
#2059=ORIENTED_EDGE('',*,*,#3918,.F.);
#2060=ORIENTED_EDGE('',*,*,#3915,.T.);
#2061=ORIENTED_EDGE('',*,*,#3059,.T.);
#2062=ORIENTED_EDGE('',*,*,#3919,.F.);
#2063=ORIENTED_EDGE('',*,*,#3920,.F.);
#2064=ORIENTED_EDGE('',*,*,#3917,.T.);
#2065=ORIENTED_EDGE('',*,*,#3058,.T.);
#2066=ORIENTED_EDGE('',*,*,#3921,.F.);
#2067=ORIENTED_EDGE('',*,*,#3922,.F.);
#2068=ORIENTED_EDGE('',*,*,#3919,.T.);
#2069=ORIENTED_EDGE('',*,*,#3057,.T.);
#2070=ORIENTED_EDGE('',*,*,#3923,.F.);
#2071=ORIENTED_EDGE('',*,*,#3924,.F.);
#2072=ORIENTED_EDGE('',*,*,#3921,.T.);
#2073=ORIENTED_EDGE('',*,*,#3056,.T.);
#2074=ORIENTED_EDGE('',*,*,#3925,.F.);
#2075=ORIENTED_EDGE('',*,*,#3926,.F.);
#2076=ORIENTED_EDGE('',*,*,#3923,.T.);
#2077=ORIENTED_EDGE('',*,*,#3055,.T.);
#2078=ORIENTED_EDGE('',*,*,#3910,.F.);
#2079=ORIENTED_EDGE('',*,*,#3927,.F.);
#2080=ORIENTED_EDGE('',*,*,#3925,.T.);
#2081=ORIENTED_EDGE('',*,*,#3909,.T.);
#2082=ORIENTED_EDGE('',*,*,#3912,.T.);
#2083=ORIENTED_EDGE('',*,*,#3914,.T.);
#2084=ORIENTED_EDGE('',*,*,#3916,.T.);
#2085=ORIENTED_EDGE('',*,*,#3918,.T.);
#2086=ORIENTED_EDGE('',*,*,#3920,.T.);
#2087=ORIENTED_EDGE('',*,*,#3922,.T.);
#2088=ORIENTED_EDGE('',*,*,#3924,.T.);
#2089=ORIENTED_EDGE('',*,*,#3926,.T.);
#2090=ORIENTED_EDGE('',*,*,#3927,.T.);
#2091=ORIENTED_EDGE('',*,*,#3096,.F.);
#2092=ORIENTED_EDGE('',*,*,#3928,.F.);
#2093=ORIENTED_EDGE('',*,*,#3929,.T.);
#2094=ORIENTED_EDGE('',*,*,#3930,.T.);
#2095=ORIENTED_EDGE('',*,*,#3095,.F.);
#2096=ORIENTED_EDGE('',*,*,#3931,.F.);
#2097=ORIENTED_EDGE('',*,*,#3932,.T.);
#2098=ORIENTED_EDGE('',*,*,#3928,.T.);
#2099=ORIENTED_EDGE('',*,*,#3104,.F.);
#2100=ORIENTED_EDGE('',*,*,#3933,.F.);
#2101=ORIENTED_EDGE('',*,*,#3934,.T.);
#2102=ORIENTED_EDGE('',*,*,#3931,.T.);
#2103=ORIENTED_EDGE('',*,*,#3103,.T.);
#2104=ORIENTED_EDGE('',*,*,#3935,.F.);
#2105=ORIENTED_EDGE('',*,*,#3936,.F.);
#2106=ORIENTED_EDGE('',*,*,#3933,.T.);
#2107=ORIENTED_EDGE('',*,*,#3102,.T.);
#2108=ORIENTED_EDGE('',*,*,#3937,.F.);
#2109=ORIENTED_EDGE('',*,*,#3938,.F.);
#2110=ORIENTED_EDGE('',*,*,#3935,.T.);
#2111=ORIENTED_EDGE('',*,*,#3101,.F.);
#2112=ORIENTED_EDGE('',*,*,#3939,.F.);
#2113=ORIENTED_EDGE('',*,*,#3940,.T.);
#2114=ORIENTED_EDGE('',*,*,#3937,.T.);
#2115=ORIENTED_EDGE('',*,*,#3100,.F.);
#2116=ORIENTED_EDGE('',*,*,#3941,.F.);
#2117=ORIENTED_EDGE('',*,*,#3942,.T.);
#2118=ORIENTED_EDGE('',*,*,#3939,.T.);
#2119=ORIENTED_EDGE('',*,*,#3099,.F.);
#2120=ORIENTED_EDGE('',*,*,#3943,.F.);
#2121=ORIENTED_EDGE('',*,*,#3944,.T.);
#2122=ORIENTED_EDGE('',*,*,#3941,.T.);
#2123=ORIENTED_EDGE('',*,*,#3098,.F.);
#2124=ORIENTED_EDGE('',*,*,#3945,.F.);
#2125=ORIENTED_EDGE('',*,*,#3946,.T.);
#2126=ORIENTED_EDGE('',*,*,#3943,.T.);
#2127=ORIENTED_EDGE('',*,*,#3097,.F.);
#2128=ORIENTED_EDGE('',*,*,#3930,.F.);
#2129=ORIENTED_EDGE('',*,*,#3947,.T.);
#2130=ORIENTED_EDGE('',*,*,#3945,.T.);
#2131=ORIENTED_EDGE('',*,*,#3929,.F.);
#2132=ORIENTED_EDGE('',*,*,#3932,.F.);
#2133=ORIENTED_EDGE('',*,*,#3934,.F.);
#2134=ORIENTED_EDGE('',*,*,#3936,.T.);
#2135=ORIENTED_EDGE('',*,*,#3938,.T.);
#2136=ORIENTED_EDGE('',*,*,#3940,.F.);
#2137=ORIENTED_EDGE('',*,*,#3942,.F.);
#2138=ORIENTED_EDGE('',*,*,#3944,.F.);
#2139=ORIENTED_EDGE('',*,*,#3946,.F.);
#2140=ORIENTED_EDGE('',*,*,#3947,.F.);
#2141=ORIENTED_EDGE('',*,*,#3339,.T.);
#2142=ORIENTED_EDGE('',*,*,#3948,.F.);
#2143=ORIENTED_EDGE('',*,*,#3949,.T.);
#2144=ORIENTED_EDGE('',*,*,#3950,.F.);
#2145=ORIENTED_EDGE('',*,*,#3951,.F.);
#2146=ORIENTED_EDGE('',*,*,#3952,.F.);
#2147=ORIENTED_EDGE('',*,*,#3953,.F.);
#2148=ORIENTED_EDGE('',*,*,#3954,.T.);
#2149=ORIENTED_EDGE('',*,*,#3338,.T.);
#2150=ORIENTED_EDGE('',*,*,#3214,.F.);
#2151=ORIENTED_EDGE('',*,*,#3955,.F.);
#2152=ORIENTED_EDGE('',*,*,#3948,.T.);
#2153=ORIENTED_EDGE('',*,*,#3954,.F.);
#2154=ORIENTED_EDGE('',*,*,#3956,.T.);
#2155=ORIENTED_EDGE('',*,*,#3208,.T.);
#2156=ORIENTED_EDGE('',*,*,#3340,.F.);
#2157=ORIENTED_EDGE('',*,*,#3210,.F.);
#2158=ORIENTED_EDGE('',*,*,#3957,.F.);
#2159=ORIENTED_EDGE('',*,*,#3952,.T.);
#2160=ORIENTED_EDGE('',*,*,#3958,.T.);
#2161=ORIENTED_EDGE('',*,*,#3211,.F.);
#2162=ORIENTED_EDGE('',*,*,#3958,.F.);
#2163=ORIENTED_EDGE('',*,*,#3951,.T.);
#2164=ORIENTED_EDGE('',*,*,#3959,.T.);
#2165=ORIENTED_EDGE('',*,*,#3212,.F.);
#2166=ORIENTED_EDGE('',*,*,#3959,.F.);
#2167=ORIENTED_EDGE('',*,*,#3950,.T.);
#2168=ORIENTED_EDGE('',*,*,#3960,.T.);
#2169=ORIENTED_EDGE('',*,*,#3213,.T.);
#2170=ORIENTED_EDGE('',*,*,#3960,.F.);
#2171=ORIENTED_EDGE('',*,*,#3949,.F.);
#2172=ORIENTED_EDGE('',*,*,#3955,.T.);
#2173=ORIENTED_EDGE('',*,*,#3209,.F.);
#2174=ORIENTED_EDGE('',*,*,#3956,.F.);
#2175=ORIENTED_EDGE('',*,*,#3953,.T.);
#2176=ORIENTED_EDGE('',*,*,#3957,.T.);
#2177=ORIENTED_EDGE('',*,*,#3266,.T.);
#2178=ORIENTED_EDGE('',*,*,#3961,.F.);
#2179=ORIENTED_EDGE('',*,*,#3962,.F.);
#2180=ORIENTED_EDGE('',*,*,#3819,.F.);
#2181=ORIENTED_EDGE('',*,*,#3963,.F.);
#2182=ORIENTED_EDGE('',*,*,#3961,.T.);
#2183=ORIENTED_EDGE('',*,*,#3265,.T.);
#2184=ORIENTED_EDGE('',*,*,#3821,.F.);
#2185=ORIENTED_EDGE('',*,*,#3820,.T.);
#2186=ORIENTED_EDGE('',*,*,#3962,.T.);
#2187=ORIENTED_EDGE('',*,*,#3963,.T.);
#2188=ORIENTED_EDGE('',*,*,#3342,.T.);
#2189=ORIENTED_EDGE('',*,*,#3964,.T.);
#2190=ORIENTED_EDGE('',*,*,#3965,.T.);
#2191=ORIENTED_EDGE('',*,*,#3136,.F.);
#2192=ORIENTED_EDGE('',*,*,#3343,.T.);
#2193=ORIENTED_EDGE('',*,*,#3145,.F.);
#2194=ORIENTED_EDGE('',*,*,#3966,.F.);
#2195=ORIENTED_EDGE('',*,*,#3967,.T.);
#2196=ORIENTED_EDGE('',*,*,#3344,.T.);
#2197=ORIENTED_EDGE('',*,*,#3967,.F.);
#2198=ORIENTED_EDGE('',*,*,#3968,.F.);
#2199=ORIENTED_EDGE('',*,*,#3969,.F.);
#2200=ORIENTED_EDGE('',*,*,#3970,.F.);
#2201=ORIENTED_EDGE('',*,*,#3971,.F.);
#2202=ORIENTED_EDGE('',*,*,#3972,.F.);
#2203=ORIENTED_EDGE('',*,*,#3973,.F.);
#2204=ORIENTED_EDGE('',*,*,#3974,.F.);
#2205=ORIENTED_EDGE('',*,*,#3975,.F.);
#2206=ORIENTED_EDGE('',*,*,#3964,.F.);
#2207=ORIENTED_EDGE('',*,*,#3140,.F.);
#2208=ORIENTED_EDGE('',*,*,#3976,.F.);
#2209=ORIENTED_EDGE('',*,*,#3972,.T.);
#2210=ORIENTED_EDGE('',*,*,#3977,.T.);
#2211=ORIENTED_EDGE('',*,*,#3139,.F.);
#2212=ORIENTED_EDGE('',*,*,#3978,.F.);
#2213=ORIENTED_EDGE('',*,*,#3973,.T.);
#2214=ORIENTED_EDGE('',*,*,#3976,.T.);
#2215=ORIENTED_EDGE('',*,*,#3138,.F.);
#2216=ORIENTED_EDGE('',*,*,#3979,.F.);
#2217=ORIENTED_EDGE('',*,*,#3974,.T.);
#2218=ORIENTED_EDGE('',*,*,#3978,.T.);
#2219=ORIENTED_EDGE('',*,*,#3137,.F.);
#2220=ORIENTED_EDGE('',*,*,#3965,.F.);
#2221=ORIENTED_EDGE('',*,*,#3975,.T.);
#2222=ORIENTED_EDGE('',*,*,#3979,.T.);
#2223=ORIENTED_EDGE('',*,*,#3144,.F.);
#2224=ORIENTED_EDGE('',*,*,#3980,.F.);
#2225=ORIENTED_EDGE('',*,*,#3968,.T.);
#2226=ORIENTED_EDGE('',*,*,#3966,.T.);
#2227=ORIENTED_EDGE('',*,*,#3143,.F.);
#2228=ORIENTED_EDGE('',*,*,#3981,.F.);
#2229=ORIENTED_EDGE('',*,*,#3969,.T.);
#2230=ORIENTED_EDGE('',*,*,#3980,.T.);
#2231=ORIENTED_EDGE('',*,*,#3142,.F.);
#2232=ORIENTED_EDGE('',*,*,#3982,.F.);
#2233=ORIENTED_EDGE('',*,*,#3970,.T.);
#2234=ORIENTED_EDGE('',*,*,#3981,.T.);
#2235=ORIENTED_EDGE('',*,*,#3141,.F.);
#2236=ORIENTED_EDGE('',*,*,#3977,.F.);
#2237=ORIENTED_EDGE('',*,*,#3971,.T.);
#2238=ORIENTED_EDGE('',*,*,#3982,.T.);
#2239=ORIENTED_EDGE('',*,*,#3106,.F.);
#2240=ORIENTED_EDGE('',*,*,#3983,.F.);
#2241=ORIENTED_EDGE('',*,*,#3984,.T.);
#2242=ORIENTED_EDGE('',*,*,#3985,.T.);
#2243=ORIENTED_EDGE('',*,*,#3105,.F.);
#2244=ORIENTED_EDGE('',*,*,#3986,.F.);
#2245=ORIENTED_EDGE('',*,*,#3987,.T.);
#2246=ORIENTED_EDGE('',*,*,#3983,.T.);
#2247=ORIENTED_EDGE('',*,*,#3114,.F.);
#2248=ORIENTED_EDGE('',*,*,#3988,.F.);
#2249=ORIENTED_EDGE('',*,*,#3989,.T.);
#2250=ORIENTED_EDGE('',*,*,#3986,.T.);
#2251=ORIENTED_EDGE('',*,*,#3113,.F.);
#2252=ORIENTED_EDGE('',*,*,#3990,.F.);
#2253=ORIENTED_EDGE('',*,*,#3991,.T.);
#2254=ORIENTED_EDGE('',*,*,#3988,.T.);
#2255=ORIENTED_EDGE('',*,*,#3112,.F.);
#2256=ORIENTED_EDGE('',*,*,#3992,.F.);
#2257=ORIENTED_EDGE('',*,*,#3993,.T.);
#2258=ORIENTED_EDGE('',*,*,#3990,.T.);
#2259=ORIENTED_EDGE('',*,*,#3111,.F.);
#2260=ORIENTED_EDGE('',*,*,#3994,.F.);
#2261=ORIENTED_EDGE('',*,*,#3995,.T.);
#2262=ORIENTED_EDGE('',*,*,#3992,.T.);
#2263=ORIENTED_EDGE('',*,*,#3110,.F.);
#2264=ORIENTED_EDGE('',*,*,#3996,.F.);
#2265=ORIENTED_EDGE('',*,*,#3997,.T.);
#2266=ORIENTED_EDGE('',*,*,#3994,.T.);
#2267=ORIENTED_EDGE('',*,*,#3109,.F.);
#2268=ORIENTED_EDGE('',*,*,#3998,.F.);
#2269=ORIENTED_EDGE('',*,*,#3999,.T.);
#2270=ORIENTED_EDGE('',*,*,#3996,.T.);
#2271=ORIENTED_EDGE('',*,*,#3108,.F.);
#2272=ORIENTED_EDGE('',*,*,#4000,.F.);
#2273=ORIENTED_EDGE('',*,*,#4001,.T.);
#2274=ORIENTED_EDGE('',*,*,#3998,.T.);
#2275=ORIENTED_EDGE('',*,*,#3107,.F.);
#2276=ORIENTED_EDGE('',*,*,#3985,.F.);
#2277=ORIENTED_EDGE('',*,*,#4002,.T.);
#2278=ORIENTED_EDGE('',*,*,#4000,.T.);
#2279=ORIENTED_EDGE('',*,*,#3984,.F.);
#2280=ORIENTED_EDGE('',*,*,#3987,.F.);
#2281=ORIENTED_EDGE('',*,*,#3989,.F.);
#2282=ORIENTED_EDGE('',*,*,#3991,.F.);
#2283=ORIENTED_EDGE('',*,*,#3993,.F.);
#2284=ORIENTED_EDGE('',*,*,#3995,.F.);
#2285=ORIENTED_EDGE('',*,*,#3997,.F.);
#2286=ORIENTED_EDGE('',*,*,#3999,.F.);
#2287=ORIENTED_EDGE('',*,*,#4001,.F.);
#2288=ORIENTED_EDGE('',*,*,#4002,.F.);
#2289=ORIENTED_EDGE('',*,*,#3116,.F.);
#2290=ORIENTED_EDGE('',*,*,#4003,.F.);
#2291=ORIENTED_EDGE('',*,*,#4004,.T.);
#2292=ORIENTED_EDGE('',*,*,#4005,.T.);
#2293=ORIENTED_EDGE('',*,*,#3115,.F.);
#2294=ORIENTED_EDGE('',*,*,#4006,.F.);
#2295=ORIENTED_EDGE('',*,*,#4007,.T.);
#2296=ORIENTED_EDGE('',*,*,#4003,.T.);
#2297=ORIENTED_EDGE('',*,*,#3124,.F.);
#2298=ORIENTED_EDGE('',*,*,#4008,.F.);
#2299=ORIENTED_EDGE('',*,*,#4009,.T.);
#2300=ORIENTED_EDGE('',*,*,#4006,.T.);
#2301=ORIENTED_EDGE('',*,*,#3123,.F.);
#2302=ORIENTED_EDGE('',*,*,#4010,.F.);
#2303=ORIENTED_EDGE('',*,*,#4011,.T.);
#2304=ORIENTED_EDGE('',*,*,#4008,.T.);
#2305=ORIENTED_EDGE('',*,*,#3122,.F.);
#2306=ORIENTED_EDGE('',*,*,#4012,.F.);
#2307=ORIENTED_EDGE('',*,*,#4013,.T.);
#2308=ORIENTED_EDGE('',*,*,#4010,.T.);
#2309=ORIENTED_EDGE('',*,*,#3121,.F.);
#2310=ORIENTED_EDGE('',*,*,#4014,.F.);
#2311=ORIENTED_EDGE('',*,*,#4015,.T.);
#2312=ORIENTED_EDGE('',*,*,#4012,.T.);
#2313=ORIENTED_EDGE('',*,*,#3120,.F.);
#2314=ORIENTED_EDGE('',*,*,#4016,.F.);
#2315=ORIENTED_EDGE('',*,*,#4017,.T.);
#2316=ORIENTED_EDGE('',*,*,#4014,.T.);
#2317=ORIENTED_EDGE('',*,*,#3119,.F.);
#2318=ORIENTED_EDGE('',*,*,#4018,.F.);
#2319=ORIENTED_EDGE('',*,*,#4019,.T.);
#2320=ORIENTED_EDGE('',*,*,#4016,.T.);
#2321=ORIENTED_EDGE('',*,*,#3118,.F.);
#2322=ORIENTED_EDGE('',*,*,#4020,.F.);
#2323=ORIENTED_EDGE('',*,*,#4021,.T.);
#2324=ORIENTED_EDGE('',*,*,#4018,.T.);
#2325=ORIENTED_EDGE('',*,*,#3117,.F.);
#2326=ORIENTED_EDGE('',*,*,#4005,.F.);
#2327=ORIENTED_EDGE('',*,*,#4022,.T.);
#2328=ORIENTED_EDGE('',*,*,#4020,.T.);
#2329=ORIENTED_EDGE('',*,*,#4004,.F.);
#2330=ORIENTED_EDGE('',*,*,#4007,.F.);
#2331=ORIENTED_EDGE('',*,*,#4009,.F.);
#2332=ORIENTED_EDGE('',*,*,#4011,.F.);
#2333=ORIENTED_EDGE('',*,*,#4013,.F.);
#2334=ORIENTED_EDGE('',*,*,#4015,.F.);
#2335=ORIENTED_EDGE('',*,*,#4017,.F.);
#2336=ORIENTED_EDGE('',*,*,#4019,.F.);
#2337=ORIENTED_EDGE('',*,*,#4021,.F.);
#2338=ORIENTED_EDGE('',*,*,#4022,.F.);
#2339=ORIENTED_EDGE('',*,*,#3044,.T.);
#2340=ORIENTED_EDGE('',*,*,#4023,.F.);
#2341=ORIENTED_EDGE('',*,*,#4024,.F.);
#2342=ORIENTED_EDGE('',*,*,#4025,.T.);
#2343=ORIENTED_EDGE('',*,*,#3053,.T.);
#2344=ORIENTED_EDGE('',*,*,#4026,.F.);
#2345=ORIENTED_EDGE('',*,*,#4027,.F.);
#2346=ORIENTED_EDGE('',*,*,#4023,.T.);
#2347=ORIENTED_EDGE('',*,*,#3052,.T.);
#2348=ORIENTED_EDGE('',*,*,#4028,.F.);
#2349=ORIENTED_EDGE('',*,*,#4029,.F.);
#2350=ORIENTED_EDGE('',*,*,#4026,.T.);
#2351=ORIENTED_EDGE('',*,*,#3051,.T.);
#2352=ORIENTED_EDGE('',*,*,#4030,.F.);
#2353=ORIENTED_EDGE('',*,*,#4031,.F.);
#2354=ORIENTED_EDGE('',*,*,#4028,.T.);
#2355=ORIENTED_EDGE('',*,*,#3050,.T.);
#2356=ORIENTED_EDGE('',*,*,#4032,.F.);
#2357=ORIENTED_EDGE('',*,*,#4033,.F.);
#2358=ORIENTED_EDGE('',*,*,#4030,.T.);
#2359=ORIENTED_EDGE('',*,*,#3049,.T.);
#2360=ORIENTED_EDGE('',*,*,#4034,.F.);
#2361=ORIENTED_EDGE('',*,*,#4035,.F.);
#2362=ORIENTED_EDGE('',*,*,#4032,.T.);
#2363=ORIENTED_EDGE('',*,*,#3048,.T.);
#2364=ORIENTED_EDGE('',*,*,#4036,.F.);
#2365=ORIENTED_EDGE('',*,*,#4037,.F.);
#2366=ORIENTED_EDGE('',*,*,#4034,.T.);
#2367=ORIENTED_EDGE('',*,*,#3047,.T.);
#2368=ORIENTED_EDGE('',*,*,#4038,.F.);
#2369=ORIENTED_EDGE('',*,*,#4039,.F.);
#2370=ORIENTED_EDGE('',*,*,#4036,.T.);
#2371=ORIENTED_EDGE('',*,*,#3046,.T.);
#2372=ORIENTED_EDGE('',*,*,#4040,.F.);
#2373=ORIENTED_EDGE('',*,*,#4041,.F.);
#2374=ORIENTED_EDGE('',*,*,#4038,.T.);
#2375=ORIENTED_EDGE('',*,*,#3045,.T.);
#2376=ORIENTED_EDGE('',*,*,#4025,.F.);
#2377=ORIENTED_EDGE('',*,*,#4042,.F.);
#2378=ORIENTED_EDGE('',*,*,#4040,.T.);
#2379=ORIENTED_EDGE('',*,*,#4024,.T.);
#2380=ORIENTED_EDGE('',*,*,#4027,.T.);
#2381=ORIENTED_EDGE('',*,*,#4029,.T.);
#2382=ORIENTED_EDGE('',*,*,#4031,.T.);
#2383=ORIENTED_EDGE('',*,*,#4033,.T.);
#2384=ORIENTED_EDGE('',*,*,#4035,.T.);
#2385=ORIENTED_EDGE('',*,*,#4037,.T.);
#2386=ORIENTED_EDGE('',*,*,#4039,.T.);
#2387=ORIENTED_EDGE('',*,*,#4041,.T.);
#2388=ORIENTED_EDGE('',*,*,#4042,.T.);
#2389=ORIENTED_EDGE('',*,*,#3126,.F.);
#2390=ORIENTED_EDGE('',*,*,#4043,.F.);
#2391=ORIENTED_EDGE('',*,*,#4044,.T.);
#2392=ORIENTED_EDGE('',*,*,#4045,.T.);
#2393=ORIENTED_EDGE('',*,*,#3125,.F.);
#2394=ORIENTED_EDGE('',*,*,#4046,.F.);
#2395=ORIENTED_EDGE('',*,*,#4047,.T.);
#2396=ORIENTED_EDGE('',*,*,#4043,.T.);
#2397=ORIENTED_EDGE('',*,*,#3134,.F.);
#2398=ORIENTED_EDGE('',*,*,#4048,.F.);
#2399=ORIENTED_EDGE('',*,*,#4049,.T.);
#2400=ORIENTED_EDGE('',*,*,#4046,.T.);
#2401=ORIENTED_EDGE('',*,*,#3133,.T.);
#2402=ORIENTED_EDGE('',*,*,#4050,.F.);
#2403=ORIENTED_EDGE('',*,*,#4051,.F.);
#2404=ORIENTED_EDGE('',*,*,#4048,.T.);
#2405=ORIENTED_EDGE('',*,*,#3132,.T.);
#2406=ORIENTED_EDGE('',*,*,#4052,.F.);
#2407=ORIENTED_EDGE('',*,*,#4053,.F.);
#2408=ORIENTED_EDGE('',*,*,#4050,.T.);
#2409=ORIENTED_EDGE('',*,*,#3131,.F.);
#2410=ORIENTED_EDGE('',*,*,#4054,.F.);
#2411=ORIENTED_EDGE('',*,*,#4055,.T.);
#2412=ORIENTED_EDGE('',*,*,#4052,.T.);
#2413=ORIENTED_EDGE('',*,*,#3130,.F.);
#2414=ORIENTED_EDGE('',*,*,#4056,.F.);
#2415=ORIENTED_EDGE('',*,*,#4057,.T.);
#2416=ORIENTED_EDGE('',*,*,#4054,.T.);
#2417=ORIENTED_EDGE('',*,*,#3129,.F.);
#2418=ORIENTED_EDGE('',*,*,#4058,.F.);
#2419=ORIENTED_EDGE('',*,*,#4059,.T.);
#2420=ORIENTED_EDGE('',*,*,#4056,.T.);
#2421=ORIENTED_EDGE('',*,*,#3128,.F.);
#2422=ORIENTED_EDGE('',*,*,#4060,.F.);
#2423=ORIENTED_EDGE('',*,*,#4061,.T.);
#2424=ORIENTED_EDGE('',*,*,#4058,.T.);
#2425=ORIENTED_EDGE('',*,*,#3127,.F.);
#2426=ORIENTED_EDGE('',*,*,#4045,.F.);
#2427=ORIENTED_EDGE('',*,*,#4062,.T.);
#2428=ORIENTED_EDGE('',*,*,#4060,.T.);
#2429=ORIENTED_EDGE('',*,*,#4044,.F.);
#2430=ORIENTED_EDGE('',*,*,#4047,.F.);
#2431=ORIENTED_EDGE('',*,*,#4049,.F.);
#2432=ORIENTED_EDGE('',*,*,#4051,.T.);
#2433=ORIENTED_EDGE('',*,*,#4053,.T.);
#2434=ORIENTED_EDGE('',*,*,#4055,.F.);
#2435=ORIENTED_EDGE('',*,*,#4057,.F.);
#2436=ORIENTED_EDGE('',*,*,#4059,.F.);
#2437=ORIENTED_EDGE('',*,*,#4061,.F.);
#2438=ORIENTED_EDGE('',*,*,#4062,.F.);
#2439=ORIENTED_EDGE('',*,*,#3331,.T.);
#2440=ORIENTED_EDGE('',*,*,#3333,.T.);
#2441=ORIENTED_EDGE('',*,*,#4063,.F.);
#2442=ORIENTED_EDGE('',*,*,#4064,.F.);
#2443=ORIENTED_EDGE('',*,*,#3332,.T.);
#2444=ORIENTED_EDGE('',*,*,#3206,.F.);
#2445=ORIENTED_EDGE('',*,*,#4065,.F.);
#2446=ORIENTED_EDGE('',*,*,#4063,.T.);
#2447=ORIENTED_EDGE('',*,*,#3327,.T.);
#2448=ORIENTED_EDGE('',*,*,#4064,.T.);
#2449=ORIENTED_EDGE('',*,*,#4065,.T.);
#2450=ORIENTED_EDGE('',*,*,#3205,.F.);
#2451=ORIENTED_EDGE('',*,*,#3303,.T.);
#2452=ORIENTED_EDGE('',*,*,#3825,.F.);
#2453=ORIENTED_EDGE('',*,*,#4066,.F.);
#2454=ORIENTED_EDGE('',*,*,#3307,.F.);
#2455=ORIENTED_EDGE('',*,*,#3308,.T.);
#2456=ORIENTED_EDGE('',*,*,#4066,.T.);
#2457=ORIENTED_EDGE('',*,*,#3824,.T.);
#2458=ORIENTED_EDGE('',*,*,#3323,.F.);
#2459=ORIENTED_EDGE('',*,*,#3306,.T.);
#2460=ORIENTED_EDGE('',*,*,#4067,.T.);
#2461=ORIENTED_EDGE('',*,*,#4068,.T.);
#2462=ORIENTED_EDGE('',*,*,#3305,.F.);
#2463=ORIENTED_EDGE('',*,*,#4069,.F.);
#2464=ORIENTED_EDGE('',*,*,#4070,.T.);
#2465=ORIENTED_EDGE('',*,*,#3268,.T.);
#2466=ORIENTED_EDGE('',*,*,#3818,.F.);
#2467=ORIENTED_EDGE('',*,*,#3826,.T.);
#2468=ORIENTED_EDGE('',*,*,#3301,.F.);
#2469=ORIENTED_EDGE('',*,*,#4071,.F.);
#2470=ORIENTED_EDGE('',*,*,#4072,.T.);
#2471=ORIENTED_EDGE('',*,*,#3319,.T.);
#2472=ORIENTED_EDGE('',*,*,#3321,.F.);
#2473=ORIENTED_EDGE('',*,*,#3655,.F.);
#2474=ORIENTED_EDGE('',*,*,#4073,.T.);
#2475=ORIENTED_EDGE('',*,*,#4074,.T.);
#2476=ORIENTED_EDGE('',*,*,#4075,.F.);
#2477=ORIENTED_EDGE('',*,*,#4076,.F.);
#2478=ORIENTED_EDGE('',*,*,#4069,.T.);
#2479=ORIENTED_EDGE('',*,*,#3817,.T.);
#2480=ORIENTED_EDGE('',*,*,#4072,.F.);
#2481=ORIENTED_EDGE('',*,*,#4077,.F.);
#2482=ORIENTED_EDGE('',*,*,#4067,.F.);
#2483=ORIENTED_EDGE('',*,*,#3654,.T.);
#2484=ORIENTED_EDGE('',*,*,#3272,.T.);
#2485=ORIENTED_EDGE('',*,*,#4078,.F.);
#2486=ORIENTED_EDGE('',*,*,#4073,.F.);
#2487=ORIENTED_EDGE('',*,*,#3271,.T.);
#2488=ORIENTED_EDGE('',*,*,#4079,.F.);
#2489=ORIENTED_EDGE('',*,*,#4074,.F.);
#2490=ORIENTED_EDGE('',*,*,#4078,.T.);
#2491=ORIENTED_EDGE('',*,*,#3270,.F.);
#2492=ORIENTED_EDGE('',*,*,#4080,.F.);
#2493=ORIENTED_EDGE('',*,*,#4075,.T.);
#2494=ORIENTED_EDGE('',*,*,#4079,.T.);
#2495=ORIENTED_EDGE('',*,*,#3269,.F.);
#2496=ORIENTED_EDGE('',*,*,#4070,.F.);
#2497=ORIENTED_EDGE('',*,*,#4076,.T.);
#2498=ORIENTED_EDGE('',*,*,#4080,.T.);
#2499=ORIENTED_EDGE('',*,*,#3300,.F.);
#2500=ORIENTED_EDGE('',*,*,#4068,.F.);
#2501=ORIENTED_EDGE('',*,*,#4077,.T.);
#2502=ORIENTED_EDGE('',*,*,#4071,.T.);
#2503=ORIENTED_EDGE('',*,*,#3147,.F.);
#2504=ORIENTED_EDGE('',*,*,#4081,.F.);
#2505=ORIENTED_EDGE('',*,*,#4082,.T.);
#2506=ORIENTED_EDGE('',*,*,#4083,.T.);
#2507=ORIENTED_EDGE('',*,*,#3146,.F.);
#2508=ORIENTED_EDGE('',*,*,#4084,.F.);
#2509=ORIENTED_EDGE('',*,*,#4085,.T.);
#2510=ORIENTED_EDGE('',*,*,#4081,.T.);
#2511=ORIENTED_EDGE('',*,*,#3155,.F.);
#2512=ORIENTED_EDGE('',*,*,#4086,.F.);
#2513=ORIENTED_EDGE('',*,*,#4087,.T.);
#2514=ORIENTED_EDGE('',*,*,#4084,.T.);
#2515=ORIENTED_EDGE('',*,*,#3154,.F.);
#2516=ORIENTED_EDGE('',*,*,#4088,.F.);
#2517=ORIENTED_EDGE('',*,*,#4089,.T.);
#2518=ORIENTED_EDGE('',*,*,#4086,.T.);
#2519=ORIENTED_EDGE('',*,*,#3153,.F.);
#2520=ORIENTED_EDGE('',*,*,#4090,.F.);
#2521=ORIENTED_EDGE('',*,*,#4091,.T.);
#2522=ORIENTED_EDGE('',*,*,#4088,.T.);
#2523=ORIENTED_EDGE('',*,*,#3152,.F.);
#2524=ORIENTED_EDGE('',*,*,#4092,.F.);
#2525=ORIENTED_EDGE('',*,*,#4093,.T.);
#2526=ORIENTED_EDGE('',*,*,#4090,.T.);
#2527=ORIENTED_EDGE('',*,*,#3151,.F.);
#2528=ORIENTED_EDGE('',*,*,#4094,.F.);
#2529=ORIENTED_EDGE('',*,*,#4095,.T.);
#2530=ORIENTED_EDGE('',*,*,#4092,.T.);
#2531=ORIENTED_EDGE('',*,*,#3150,.F.);
#2532=ORIENTED_EDGE('',*,*,#4096,.F.);
#2533=ORIENTED_EDGE('',*,*,#4097,.T.);
#2534=ORIENTED_EDGE('',*,*,#4094,.T.);
#2535=ORIENTED_EDGE('',*,*,#3149,.F.);
#2536=ORIENTED_EDGE('',*,*,#4098,.F.);
#2537=ORIENTED_EDGE('',*,*,#4099,.T.);
#2538=ORIENTED_EDGE('',*,*,#4096,.T.);
#2539=ORIENTED_EDGE('',*,*,#3148,.F.);
#2540=ORIENTED_EDGE('',*,*,#4083,.F.);
#2541=ORIENTED_EDGE('',*,*,#4100,.T.);
#2542=ORIENTED_EDGE('',*,*,#4098,.T.);
#2543=ORIENTED_EDGE('',*,*,#4082,.F.);
#2544=ORIENTED_EDGE('',*,*,#4085,.F.);
#2545=ORIENTED_EDGE('',*,*,#4087,.F.);
#2546=ORIENTED_EDGE('',*,*,#4089,.F.);
#2547=ORIENTED_EDGE('',*,*,#4091,.F.);
#2548=ORIENTED_EDGE('',*,*,#4093,.F.);
#2549=ORIENTED_EDGE('',*,*,#4095,.F.);
#2550=ORIENTED_EDGE('',*,*,#4097,.F.);
#2551=ORIENTED_EDGE('',*,*,#4099,.F.);
#2552=ORIENTED_EDGE('',*,*,#4100,.F.);
#2553=ORIENTED_EDGE('',*,*,#3157,.F.);
#2554=ORIENTED_EDGE('',*,*,#4101,.F.);
#2555=ORIENTED_EDGE('',*,*,#4102,.T.);
#2556=ORIENTED_EDGE('',*,*,#4103,.T.);
#2557=ORIENTED_EDGE('',*,*,#3156,.F.);
#2558=ORIENTED_EDGE('',*,*,#4104,.F.);
#2559=ORIENTED_EDGE('',*,*,#4105,.T.);
#2560=ORIENTED_EDGE('',*,*,#4101,.T.);
#2561=ORIENTED_EDGE('',*,*,#3165,.F.);
#2562=ORIENTED_EDGE('',*,*,#4106,.F.);
#2563=ORIENTED_EDGE('',*,*,#4107,.T.);
#2564=ORIENTED_EDGE('',*,*,#4104,.T.);
#2565=ORIENTED_EDGE('',*,*,#3164,.F.);
#2566=ORIENTED_EDGE('',*,*,#4108,.F.);
#2567=ORIENTED_EDGE('',*,*,#4109,.T.);
#2568=ORIENTED_EDGE('',*,*,#4106,.T.);
#2569=ORIENTED_EDGE('',*,*,#3163,.F.);
#2570=ORIENTED_EDGE('',*,*,#4110,.F.);
#2571=ORIENTED_EDGE('',*,*,#4111,.T.);
#2572=ORIENTED_EDGE('',*,*,#4108,.T.);
#2573=ORIENTED_EDGE('',*,*,#3162,.F.);
#2574=ORIENTED_EDGE('',*,*,#4112,.F.);
#2575=ORIENTED_EDGE('',*,*,#4113,.T.);
#2576=ORIENTED_EDGE('',*,*,#4110,.T.);
#2577=ORIENTED_EDGE('',*,*,#3161,.F.);
#2578=ORIENTED_EDGE('',*,*,#4114,.F.);
#2579=ORIENTED_EDGE('',*,*,#4115,.T.);
#2580=ORIENTED_EDGE('',*,*,#4112,.T.);
#2581=ORIENTED_EDGE('',*,*,#3160,.F.);
#2582=ORIENTED_EDGE('',*,*,#4116,.F.);
#2583=ORIENTED_EDGE('',*,*,#4117,.T.);
#2584=ORIENTED_EDGE('',*,*,#4114,.T.);
#2585=ORIENTED_EDGE('',*,*,#3159,.F.);
#2586=ORIENTED_EDGE('',*,*,#4118,.F.);
#2587=ORIENTED_EDGE('',*,*,#4119,.T.);
#2588=ORIENTED_EDGE('',*,*,#4116,.T.);
#2589=ORIENTED_EDGE('',*,*,#3158,.F.);
#2590=ORIENTED_EDGE('',*,*,#4103,.F.);
#2591=ORIENTED_EDGE('',*,*,#4120,.T.);
#2592=ORIENTED_EDGE('',*,*,#4118,.T.);
#2593=ORIENTED_EDGE('',*,*,#4102,.F.);
#2594=ORIENTED_EDGE('',*,*,#4105,.F.);
#2595=ORIENTED_EDGE('',*,*,#4107,.F.);
#2596=ORIENTED_EDGE('',*,*,#4109,.F.);
#2597=ORIENTED_EDGE('',*,*,#4111,.F.);
#2598=ORIENTED_EDGE('',*,*,#4113,.F.);
#2599=ORIENTED_EDGE('',*,*,#4115,.F.);
#2600=ORIENTED_EDGE('',*,*,#4117,.F.);
#2601=ORIENTED_EDGE('',*,*,#4119,.F.);
#2602=ORIENTED_EDGE('',*,*,#4120,.F.);
#2603=ORIENTED_EDGE('',*,*,#3167,.F.);
#2604=ORIENTED_EDGE('',*,*,#4121,.F.);
#2605=ORIENTED_EDGE('',*,*,#4122,.T.);
#2606=ORIENTED_EDGE('',*,*,#4123,.T.);
#2607=ORIENTED_EDGE('',*,*,#3166,.F.);
#2608=ORIENTED_EDGE('',*,*,#4124,.F.);
#2609=ORIENTED_EDGE('',*,*,#4125,.T.);
#2610=ORIENTED_EDGE('',*,*,#4121,.T.);
#2611=ORIENTED_EDGE('',*,*,#3175,.F.);
#2612=ORIENTED_EDGE('',*,*,#4126,.F.);
#2613=ORIENTED_EDGE('',*,*,#4127,.T.);
#2614=ORIENTED_EDGE('',*,*,#4124,.T.);
#2615=ORIENTED_EDGE('',*,*,#3174,.F.);
#2616=ORIENTED_EDGE('',*,*,#4128,.F.);
#2617=ORIENTED_EDGE('',*,*,#4129,.T.);
#2618=ORIENTED_EDGE('',*,*,#4126,.T.);
#2619=ORIENTED_EDGE('',*,*,#3173,.F.);
#2620=ORIENTED_EDGE('',*,*,#4130,.F.);
#2621=ORIENTED_EDGE('',*,*,#4131,.T.);
#2622=ORIENTED_EDGE('',*,*,#4128,.T.);
#2623=ORIENTED_EDGE('',*,*,#3172,.F.);
#2624=ORIENTED_EDGE('',*,*,#4132,.F.);
#2625=ORIENTED_EDGE('',*,*,#4133,.T.);
#2626=ORIENTED_EDGE('',*,*,#4130,.T.);
#2627=ORIENTED_EDGE('',*,*,#3171,.F.);
#2628=ORIENTED_EDGE('',*,*,#4134,.F.);
#2629=ORIENTED_EDGE('',*,*,#4135,.T.);
#2630=ORIENTED_EDGE('',*,*,#4132,.T.);
#2631=ORIENTED_EDGE('',*,*,#3170,.F.);
#2632=ORIENTED_EDGE('',*,*,#4136,.F.);
#2633=ORIENTED_EDGE('',*,*,#4137,.T.);
#2634=ORIENTED_EDGE('',*,*,#4134,.T.);
#2635=ORIENTED_EDGE('',*,*,#3169,.F.);
#2636=ORIENTED_EDGE('',*,*,#4138,.F.);
#2637=ORIENTED_EDGE('',*,*,#4139,.T.);
#2638=ORIENTED_EDGE('',*,*,#4136,.T.);
#2639=ORIENTED_EDGE('',*,*,#3168,.F.);
#2640=ORIENTED_EDGE('',*,*,#4123,.F.);
#2641=ORIENTED_EDGE('',*,*,#4140,.T.);
#2642=ORIENTED_EDGE('',*,*,#4138,.T.);
#2643=ORIENTED_EDGE('',*,*,#4122,.F.);
#2644=ORIENTED_EDGE('',*,*,#4125,.F.);
#2645=ORIENTED_EDGE('',*,*,#4127,.F.);
#2646=ORIENTED_EDGE('',*,*,#4129,.F.);
#2647=ORIENTED_EDGE('',*,*,#4131,.F.);
#2648=ORIENTED_EDGE('',*,*,#4133,.F.);
#2649=ORIENTED_EDGE('',*,*,#4135,.F.);
#2650=ORIENTED_EDGE('',*,*,#4137,.F.);
#2651=ORIENTED_EDGE('',*,*,#4139,.F.);
#2652=ORIENTED_EDGE('',*,*,#4140,.F.);
#2653=ORIENTED_EDGE('',*,*,#3296,.T.);
#2654=ORIENTED_EDGE('',*,*,#4141,.T.);
#2655=ORIENTED_EDGE('',*,*,#4142,.T.);
#2656=ORIENTED_EDGE('',*,*,#3245,.F.);
#2657=ORIENTED_EDGE('',*,*,#3198,.F.);
#2658=ORIENTED_EDGE('',*,*,#4143,.F.);
#2659=ORIENTED_EDGE('',*,*,#4144,.T.);
#2660=ORIENTED_EDGE('',*,*,#3288,.F.);
#2661=ORIENTED_EDGE('',*,*,#3197,.F.);
#2662=ORIENTED_EDGE('',*,*,#4145,.F.);
#2663=ORIENTED_EDGE('',*,*,#4146,.T.);
#2664=ORIENTED_EDGE('',*,*,#4143,.T.);
#2665=ORIENTED_EDGE('',*,*,#3247,.F.);
#2666=ORIENTED_EDGE('',*,*,#4147,.F.);
#2667=ORIENTED_EDGE('',*,*,#4148,.T.);
#2668=ORIENTED_EDGE('',*,*,#4145,.T.);
#2669=ORIENTED_EDGE('',*,*,#3246,.F.);
#2670=ORIENTED_EDGE('',*,*,#4142,.F.);
#2671=ORIENTED_EDGE('',*,*,#4149,.T.);
#2672=ORIENTED_EDGE('',*,*,#4147,.T.);
#2673=ORIENTED_EDGE('',*,*,#4144,.F.);
#2674=ORIENTED_EDGE('',*,*,#4146,.F.);
#2675=ORIENTED_EDGE('',*,*,#4148,.F.);
#2676=ORIENTED_EDGE('',*,*,#4149,.F.);
#2677=ORIENTED_EDGE('',*,*,#4141,.F.);
#2678=ORIENTED_EDGE('',*,*,#3299,.T.);
#2679=ORIENTED_EDGE('',*,*,#3293,.T.);
#2680=ORIENTED_EDGE('',*,*,#3289,.F.);
#2681=ORIENTED_EDGE('',*,*,#3248,.T.);
#2682=ORIENTED_EDGE('',*,*,#4150,.F.);
#2683=ORIENTED_EDGE('',*,*,#4151,.F.);
#2684=ORIENTED_EDGE('',*,*,#3645,.F.);
#2685=ORIENTED_EDGE('',*,*,#3646,.T.);
#2686=ORIENTED_EDGE('',*,*,#4151,.T.);
#2687=ORIENTED_EDGE('',*,*,#4152,.T.);
#2688=ORIENTED_EDGE('',*,*,#4153,.T.);
#2689=ORIENTED_EDGE('',*,*,#4154,.F.);
#2690=ORIENTED_EDGE('',*,*,#4155,.F.);
#2691=ORIENTED_EDGE('',*,*,#4156,.T.);
#2692=ORIENTED_EDGE('',*,*,#3659,.F.);
#2693=ORIENTED_EDGE('',*,*,#3285,.F.);
#2694=ORIENTED_EDGE('',*,*,#3278,.T.);
#2695=ORIENTED_EDGE('',*,*,#4157,.F.);
#2696=ORIENTED_EDGE('',*,*,#4152,.F.);
#2697=ORIENTED_EDGE('',*,*,#4150,.T.);
#2698=ORIENTED_EDGE('',*,*,#3277,.T.);
#2699=ORIENTED_EDGE('',*,*,#4158,.F.);
#2700=ORIENTED_EDGE('',*,*,#4153,.F.);
#2701=ORIENTED_EDGE('',*,*,#4157,.T.);
#2702=ORIENTED_EDGE('',*,*,#3276,.F.);
#2703=ORIENTED_EDGE('',*,*,#4159,.F.);
#2704=ORIENTED_EDGE('',*,*,#4154,.T.);
#2705=ORIENTED_EDGE('',*,*,#4158,.T.);
#2706=ORIENTED_EDGE('',*,*,#3275,.F.);
#2707=ORIENTED_EDGE('',*,*,#4160,.F.);
#2708=ORIENTED_EDGE('',*,*,#4155,.T.);
#2709=ORIENTED_EDGE('',*,*,#4159,.T.);
#2710=ORIENTED_EDGE('',*,*,#3653,.T.);
#2711=ORIENTED_EDGE('',*,*,#4156,.F.);
#2712=ORIENTED_EDGE('',*,*,#4160,.T.);
#2713=ORIENTED_EDGE('',*,*,#3274,.T.);
#2714=ORIENTED_EDGE('',*,*,#4161,.F.);
#2715=ORIENTED_EDGE('',*,*,#4162,.T.);
#2716=ORIENTED_EDGE('',*,*,#3250,.T.);
#2717=ORIENTED_EDGE('',*,*,#3652,.F.);
#2718=ORIENTED_EDGE('',*,*,#3650,.T.);
#2719=ORIENTED_EDGE('',*,*,#3256,.F.);
#2720=ORIENTED_EDGE('',*,*,#4163,.F.);
#2721=ORIENTED_EDGE('',*,*,#4164,.T.);
#2722=ORIENTED_EDGE('',*,*,#3651,.T.);
#2723=ORIENTED_EDGE('',*,*,#4164,.F.);
#2724=ORIENTED_EDGE('',*,*,#4165,.F.);
#2725=ORIENTED_EDGE('',*,*,#4166,.F.);
#2726=ORIENTED_EDGE('',*,*,#4167,.F.);
#2727=ORIENTED_EDGE('',*,*,#4168,.F.);
#2728=ORIENTED_EDGE('',*,*,#4169,.T.);
#2729=ORIENTED_EDGE('',*,*,#4161,.T.);
#2730=ORIENTED_EDGE('',*,*,#3254,.F.);
#2731=ORIENTED_EDGE('',*,*,#4170,.F.);
#2732=ORIENTED_EDGE('',*,*,#4166,.T.);
#2733=ORIENTED_EDGE('',*,*,#4171,.T.);
#2734=ORIENTED_EDGE('',*,*,#3253,.F.);
#2735=ORIENTED_EDGE('',*,*,#4172,.F.);
#2736=ORIENTED_EDGE('',*,*,#4167,.T.);
#2737=ORIENTED_EDGE('',*,*,#4170,.T.);
#2738=ORIENTED_EDGE('',*,*,#3252,.F.);
#2739=ORIENTED_EDGE('',*,*,#4173,.F.);
#2740=ORIENTED_EDGE('',*,*,#4168,.T.);
#2741=ORIENTED_EDGE('',*,*,#4172,.T.);
#2742=ORIENTED_EDGE('',*,*,#3251,.T.);
#2743=ORIENTED_EDGE('',*,*,#4162,.F.);
#2744=ORIENTED_EDGE('',*,*,#4169,.F.);
#2745=ORIENTED_EDGE('',*,*,#4173,.T.);
#2746=ORIENTED_EDGE('',*,*,#3255,.F.);
#2747=ORIENTED_EDGE('',*,*,#4171,.F.);
#2748=ORIENTED_EDGE('',*,*,#4165,.T.);
#2749=ORIENTED_EDGE('',*,*,#4163,.T.);
#2750=ORIENTED_EDGE('',*,*,#3281,.T.);
#2751=ORIENTED_EDGE('',*,*,#4174,.T.);
#2752=ORIENTED_EDGE('',*,*,#4175,.T.);
#2753=ORIENTED_EDGE('',*,*,#3187,.F.);
#2754=ORIENTED_EDGE('',*,*,#3282,.T.);
#2755=ORIENTED_EDGE('',*,*,#3196,.F.);
#2756=ORIENTED_EDGE('',*,*,#4176,.F.);
#2757=ORIENTED_EDGE('',*,*,#4177,.T.);
#2758=ORIENTED_EDGE('',*,*,#3283,.T.);
#2759=ORIENTED_EDGE('',*,*,#4177,.F.);
#2760=ORIENTED_EDGE('',*,*,#4178,.F.);
#2761=ORIENTED_EDGE('',*,*,#4179,.F.);
#2762=ORIENTED_EDGE('',*,*,#4180,.F.);
#2763=ORIENTED_EDGE('',*,*,#4181,.F.);
#2764=ORIENTED_EDGE('',*,*,#4182,.F.);
#2765=ORIENTED_EDGE('',*,*,#4183,.F.);
#2766=ORIENTED_EDGE('',*,*,#4184,.F.);
#2767=ORIENTED_EDGE('',*,*,#4185,.F.);
#2768=ORIENTED_EDGE('',*,*,#4174,.F.);
#2769=ORIENTED_EDGE('',*,*,#3191,.F.);
#2770=ORIENTED_EDGE('',*,*,#4186,.F.);
#2771=ORIENTED_EDGE('',*,*,#4182,.T.);
#2772=ORIENTED_EDGE('',*,*,#4187,.T.);
#2773=ORIENTED_EDGE('',*,*,#3190,.F.);
#2774=ORIENTED_EDGE('',*,*,#4188,.F.);
#2775=ORIENTED_EDGE('',*,*,#4183,.T.);
#2776=ORIENTED_EDGE('',*,*,#4186,.T.);
#2777=ORIENTED_EDGE('',*,*,#3189,.F.);
#2778=ORIENTED_EDGE('',*,*,#4189,.F.);
#2779=ORIENTED_EDGE('',*,*,#4184,.T.);
#2780=ORIENTED_EDGE('',*,*,#4188,.T.);
#2781=ORIENTED_EDGE('',*,*,#3188,.F.);
#2782=ORIENTED_EDGE('',*,*,#4175,.F.);
#2783=ORIENTED_EDGE('',*,*,#4185,.T.);
#2784=ORIENTED_EDGE('',*,*,#4189,.T.);
#2785=ORIENTED_EDGE('',*,*,#3195,.F.);
#2786=ORIENTED_EDGE('',*,*,#4190,.F.);
#2787=ORIENTED_EDGE('',*,*,#4178,.T.);
#2788=ORIENTED_EDGE('',*,*,#4176,.T.);
#2789=ORIENTED_EDGE('',*,*,#3194,.F.);
#2790=ORIENTED_EDGE('',*,*,#4191,.F.);
#2791=ORIENTED_EDGE('',*,*,#4179,.T.);
#2792=ORIENTED_EDGE('',*,*,#4190,.T.);
#2793=ORIENTED_EDGE('',*,*,#3193,.F.);
#2794=ORIENTED_EDGE('',*,*,#4192,.F.);
#2795=ORIENTED_EDGE('',*,*,#4180,.T.);
#2796=ORIENTED_EDGE('',*,*,#4191,.T.);
#2797=ORIENTED_EDGE('',*,*,#3192,.F.);
#2798=ORIENTED_EDGE('',*,*,#4187,.F.);
#2799=ORIENTED_EDGE('',*,*,#4181,.T.);
#2800=ORIENTED_EDGE('',*,*,#4192,.T.);
#2801=ORIENTED_EDGE('',*,*,#3177,.F.);
#2802=ORIENTED_EDGE('',*,*,#4193,.F.);
#2803=ORIENTED_EDGE('',*,*,#4194,.T.);
#2804=ORIENTED_EDGE('',*,*,#4195,.T.);
#2805=ORIENTED_EDGE('',*,*,#3176,.F.);
#2806=ORIENTED_EDGE('',*,*,#4196,.F.);
#2807=ORIENTED_EDGE('',*,*,#4197,.T.);
#2808=ORIENTED_EDGE('',*,*,#4193,.T.);
#2809=ORIENTED_EDGE('',*,*,#3185,.F.);
#2810=ORIENTED_EDGE('',*,*,#4198,.F.);
#2811=ORIENTED_EDGE('',*,*,#4199,.T.);
#2812=ORIENTED_EDGE('',*,*,#4196,.T.);
#2813=ORIENTED_EDGE('',*,*,#3184,.F.);
#2814=ORIENTED_EDGE('',*,*,#4200,.F.);
#2815=ORIENTED_EDGE('',*,*,#4201,.T.);
#2816=ORIENTED_EDGE('',*,*,#4198,.T.);
#2817=ORIENTED_EDGE('',*,*,#3183,.F.);
#2818=ORIENTED_EDGE('',*,*,#4202,.F.);
#2819=ORIENTED_EDGE('',*,*,#4203,.T.);
#2820=ORIENTED_EDGE('',*,*,#4200,.T.);
#2821=ORIENTED_EDGE('',*,*,#3182,.F.);
#2822=ORIENTED_EDGE('',*,*,#4204,.F.);
#2823=ORIENTED_EDGE('',*,*,#4205,.T.);
#2824=ORIENTED_EDGE('',*,*,#4202,.T.);
#2825=ORIENTED_EDGE('',*,*,#3181,.F.);
#2826=ORIENTED_EDGE('',*,*,#4206,.F.);
#2827=ORIENTED_EDGE('',*,*,#4207,.T.);
#2828=ORIENTED_EDGE('',*,*,#4204,.T.);
#2829=ORIENTED_EDGE('',*,*,#3180,.F.);
#2830=ORIENTED_EDGE('',*,*,#4208,.F.);
#2831=ORIENTED_EDGE('',*,*,#4209,.T.);
#2832=ORIENTED_EDGE('',*,*,#4206,.T.);
#2833=ORIENTED_EDGE('',*,*,#3179,.F.);
#2834=ORIENTED_EDGE('',*,*,#4210,.F.);
#2835=ORIENTED_EDGE('',*,*,#4211,.T.);
#2836=ORIENTED_EDGE('',*,*,#4208,.T.);
#2837=ORIENTED_EDGE('',*,*,#3178,.F.);
#2838=ORIENTED_EDGE('',*,*,#4195,.F.);
#2839=ORIENTED_EDGE('',*,*,#4212,.T.);
#2840=ORIENTED_EDGE('',*,*,#4210,.T.);
#2841=ORIENTED_EDGE('',*,*,#4194,.F.);
#2842=ORIENTED_EDGE('',*,*,#4197,.F.);
#2843=ORIENTED_EDGE('',*,*,#4199,.F.);
#2844=ORIENTED_EDGE('',*,*,#4201,.F.);
#2845=ORIENTED_EDGE('',*,*,#4203,.F.);
#2846=ORIENTED_EDGE('',*,*,#4205,.F.);
#2847=ORIENTED_EDGE('',*,*,#4207,.F.);
#2848=ORIENTED_EDGE('',*,*,#4209,.F.);
#2849=ORIENTED_EDGE('',*,*,#4211,.F.);
#2850=ORIENTED_EDGE('',*,*,#4212,.F.);
#2851=ORIENTED_EDGE('',*,*,#3041,.T.);
#2852=ORIENTED_EDGE('',*,*,#3230,.F.);
#2853=ORIENTED_EDGE('',*,*,#2981,.F.);
#2854=ORIENTED_EDGE('',*,*,#2960,.T.);
#2855=ORIENTED_EDGE('',*,*,#4213,.F.);
#2856=ORIENTED_EDGE('',*,*,#4214,.F.);
#2857=ORIENTED_EDGE('',*,*,#4215,.T.);
#2858=ORIENTED_EDGE('',*,*,#2965,.T.);
#2859=ORIENTED_EDGE('',*,*,#4216,.F.);
#2860=ORIENTED_EDGE('',*,*,#4217,.F.);
#2861=ORIENTED_EDGE('',*,*,#4213,.T.);
#2862=ORIENTED_EDGE('',*,*,#2964,.T.);
#2863=ORIENTED_EDGE('',*,*,#4218,.F.);
#2864=ORIENTED_EDGE('',*,*,#4219,.F.);
#2865=ORIENTED_EDGE('',*,*,#4216,.T.);
#2866=ORIENTED_EDGE('',*,*,#2963,.T.);
#2867=ORIENTED_EDGE('',*,*,#4220,.F.);
#2868=ORIENTED_EDGE('',*,*,#4221,.F.);
#2869=ORIENTED_EDGE('',*,*,#4218,.T.);
#2870=ORIENTED_EDGE('',*,*,#2962,.T.);
#2871=ORIENTED_EDGE('',*,*,#4222,.F.);
#2872=ORIENTED_EDGE('',*,*,#4223,.F.);
#2873=ORIENTED_EDGE('',*,*,#4220,.T.);
#2874=ORIENTED_EDGE('',*,*,#2961,.T.);
#2875=ORIENTED_EDGE('',*,*,#4215,.F.);
#2876=ORIENTED_EDGE('',*,*,#4224,.F.);
#2877=ORIENTED_EDGE('',*,*,#4222,.T.);
#2878=ORIENTED_EDGE('',*,*,#4214,.T.);
#2879=ORIENTED_EDGE('',*,*,#4217,.T.);
#2880=ORIENTED_EDGE('',*,*,#4219,.T.);
#2881=ORIENTED_EDGE('',*,*,#4221,.T.);
#2882=ORIENTED_EDGE('',*,*,#4223,.T.);
#2883=ORIENTED_EDGE('',*,*,#4224,.T.);
#2884=ORIENTED_EDGE('',*,*,#2950,.T.);
#2885=ORIENTED_EDGE('',*,*,#4225,.F.);
#2886=ORIENTED_EDGE('',*,*,#4226,.F.);
#2887=ORIENTED_EDGE('',*,*,#4227,.T.);
#2888=ORIENTED_EDGE('',*,*,#2959,.T.);
#2889=ORIENTED_EDGE('',*,*,#4228,.F.);
#2890=ORIENTED_EDGE('',*,*,#4229,.F.);
#2891=ORIENTED_EDGE('',*,*,#4225,.T.);
#2892=ORIENTED_EDGE('',*,*,#2958,.T.);
#2893=ORIENTED_EDGE('',*,*,#4230,.F.);
#2894=ORIENTED_EDGE('',*,*,#4231,.F.);
#2895=ORIENTED_EDGE('',*,*,#4228,.T.);
#2896=ORIENTED_EDGE('',*,*,#2957,.T.);
#2897=ORIENTED_EDGE('',*,*,#4232,.F.);
#2898=ORIENTED_EDGE('',*,*,#4233,.F.);
#2899=ORIENTED_EDGE('',*,*,#4230,.T.);
#2900=ORIENTED_EDGE('',*,*,#2956,.T.);
#2901=ORIENTED_EDGE('',*,*,#4234,.F.);
#2902=ORIENTED_EDGE('',*,*,#4235,.F.);
#2903=ORIENTED_EDGE('',*,*,#4232,.T.);
#2904=ORIENTED_EDGE('',*,*,#2955,.T.);
#2905=ORIENTED_EDGE('',*,*,#4236,.F.);
#2906=ORIENTED_EDGE('',*,*,#4237,.F.);
#2907=ORIENTED_EDGE('',*,*,#4234,.T.);
#2908=ORIENTED_EDGE('',*,*,#2954,.T.);
#2909=ORIENTED_EDGE('',*,*,#4238,.F.);
#2910=ORIENTED_EDGE('',*,*,#4239,.F.);
#2911=ORIENTED_EDGE('',*,*,#4236,.T.);
#2912=ORIENTED_EDGE('',*,*,#2953,.T.);
#2913=ORIENTED_EDGE('',*,*,#4240,.F.);
#2914=ORIENTED_EDGE('',*,*,#4241,.F.);
#2915=ORIENTED_EDGE('',*,*,#4238,.T.);
#2916=ORIENTED_EDGE('',*,*,#2952,.T.);
#2917=ORIENTED_EDGE('',*,*,#4242,.F.);
#2918=ORIENTED_EDGE('',*,*,#4243,.F.);
#2919=ORIENTED_EDGE('',*,*,#4240,.T.);
#2920=ORIENTED_EDGE('',*,*,#2951,.T.);
#2921=ORIENTED_EDGE('',*,*,#4227,.F.);
#2922=ORIENTED_EDGE('',*,*,#4244,.F.);
#2923=ORIENTED_EDGE('',*,*,#4242,.T.);
#2924=ORIENTED_EDGE('',*,*,#4226,.T.);
#2925=ORIENTED_EDGE('',*,*,#4229,.T.);
#2926=ORIENTED_EDGE('',*,*,#4231,.T.);
#2927=ORIENTED_EDGE('',*,*,#4233,.T.);
#2928=ORIENTED_EDGE('',*,*,#4235,.T.);
#2929=ORIENTED_EDGE('',*,*,#4237,.T.);
#2930=ORIENTED_EDGE('',*,*,#4239,.T.);
#2931=ORIENTED_EDGE('',*,*,#4241,.T.);
#2932=ORIENTED_EDGE('',*,*,#4243,.T.);
#2933=ORIENTED_EDGE('',*,*,#4244,.T.);
#2934=ORIENTED_EDGE('',*,*,#3013,.T.);
#2935=ORIENTED_EDGE('',*,*,#2997,.F.);
#2936=ORIENTED_EDGE('',*,*,#4245,.F.);
#2937=ORIENTED_EDGE('',*,*,#3612,.F.);
#2938=ORIENTED_EDGE('',*,*,#4245,.T.);
#2939=ORIENTED_EDGE('',*,*,#2996,.F.);
#2940=ORIENTED_EDGE('',*,*,#4246,.F.);
#2941=ORIENTED_EDGE('',*,*,#3613,.F.);
#2942=ORIENTED_EDGE('',*,*,#3614,.T.);
#2943=ORIENTED_EDGE('',*,*,#4246,.T.);
#2944=ORIENTED_EDGE('',*,*,#3012,.T.);
#2945=ORIENTED_EDGE('',*,*,#4247,.F.);
#2946=ORIENTED_EDGE('',*,*,#3603,.T.);
#2947=ORIENTED_EDGE('',*,*,#3615,.T.);
#2948=ORIENTED_EDGE('',*,*,#4247,.T.);
#2949=ORIENTED_EDGE('',*,*,#3011,.T.);
#2950=EDGE_CURVE('',#4248,#4249,#5104,.T.);
#2951=EDGE_CURVE('',#4250,#4248,#5105,.T.);
#2952=EDGE_CURVE('',#4251,#4250,#5106,.T.);
#2953=EDGE_CURVE('',#4252,#4251,#5107,.T.);
#2954=EDGE_CURVE('',#4253,#4252,#5108,.T.);
#2955=EDGE_CURVE('',#4254,#4253,#5109,.T.);
#2956=EDGE_CURVE('',#4255,#4254,#5110,.T.);
#2957=EDGE_CURVE('',#4256,#4255,#5111,.T.);
#2958=EDGE_CURVE('',#4257,#4256,#5112,.T.);
#2959=EDGE_CURVE('',#4249,#4257,#5113,.T.);
#2960=EDGE_CURVE('',#4258,#4259,#5114,.T.);
#2961=EDGE_CURVE('',#4260,#4258,#5115,.T.);
#2962=EDGE_CURVE('',#4261,#4260,#5116,.T.);
#2963=EDGE_CURVE('',#4262,#4261,#5117,.T.);
#2964=EDGE_CURVE('',#4263,#4262,#5118,.T.);
#2965=EDGE_CURVE('',#4259,#4263,#5119,.T.);
#2966=EDGE_CURVE('',#4264,#4264,#164,.T.);
#2967=EDGE_CURVE('',#4265,#4266,#5120,.T.);
#2968=EDGE_CURVE('',#4267,#4265,#165,.T.);
#2969=EDGE_CURVE('',#4268,#4267,#5121,.T.);
#2970=EDGE_CURVE('',#4269,#4268,#5122,.T.);
#2971=EDGE_CURVE('',#4270,#4269,#5123,.T.);
#2972=EDGE_CURVE('',#4271,#4270,#5124,.T.);
#2973=EDGE_CURVE('',#4272,#4271,#5125,.T.);
#2974=EDGE_CURVE('',#4273,#4272,#5126,.T.);
#2975=EDGE_CURVE('',#4274,#4273,#5127,.T.);
#2976=EDGE_CURVE('',#4275,#4274,#5128,.T.);
#2977=EDGE_CURVE('',#4276,#4275,#5129,.T.);
#2978=EDGE_CURVE('',#4266,#4276,#5130,.T.);
#2979=EDGE_CURVE('',#4277,#4277,#166,.T.);
#2980=EDGE_CURVE('',#4278,#4279,#5131,.T.);
#2981=EDGE_CURVE('',#4279,#4280,#5132,.T.);
#2982=EDGE_CURVE('',#4280,#4281,#5133,.T.);
#2983=EDGE_CURVE('',#4282,#4281,#5134,.T.);
#2984=EDGE_CURVE('',#4283,#4282,#5135,.T.);
#2985=EDGE_CURVE('',#4284,#4283,#5136,.T.);
#2986=EDGE_CURVE('',#4285,#4284,#5137,.T.);
#2987=EDGE_CURVE('',#4286,#4285,#5138,.T.);
#2988=EDGE_CURVE('',#4286,#4287,#167,.F.);
#2989=EDGE_CURVE('',#4288,#4287,#5139,.T.);
#2990=EDGE_CURVE('',#4288,#4289,#168,.F.);
#2991=EDGE_CURVE('',#4290,#4289,#5140,.T.);
#2992=EDGE_CURVE('',#4291,#4290,#5141,.T.);
#2993=EDGE_CURVE('',#4292,#4291,#5142,.T.);
#2994=EDGE_CURVE('',#4292,#4293,#5143,.T.);
#2995=EDGE_CURVE('',#4278,#4293,#5144,.T.);
#2996=EDGE_CURVE('',#4294,#4295,#5145,.T.);
#2997=EDGE_CURVE('',#4295,#4296,#5146,.T.);
#2998=EDGE_CURVE('',#4297,#4296,#5147,.T.);
#2999=EDGE_CURVE('',#4297,#4298,#169,.F.);
#3000=EDGE_CURVE('',#4299,#4298,#5148,.T.);
#3001=EDGE_CURVE('',#4299,#4300,#170,.F.);
#3002=EDGE_CURVE('',#4301,#4300,#5149,.T.);
#3003=EDGE_CURVE('',#4301,#4302,#171,.T.);
#3004=EDGE_CURVE('',#4302,#4303,#5150,.T.);
#3005=EDGE_CURVE('',#4303,#4304,#172,.F.);
#3006=EDGE_CURVE('',#4304,#4305,#5151,.T.);
#3007=EDGE_CURVE('',#4305,#4306,#173,.F.);
#3008=EDGE_CURVE('',#4306,#4307,#5152,.T.);
#3009=EDGE_CURVE('',#4307,#4308,#174,.F.);
#3010=EDGE_CURVE('',#4308,#4309,#5153,.T.);
#3011=EDGE_CURVE('',#4310,#4309,#5154,.T.);
#3012=EDGE_CURVE('',#4294,#4310,#5155,.T.);
#3013=EDGE_CURVE('',#4311,#4296,#5156,.T.);
#3014=EDGE_CURVE('',#4312,#4311,#5157,.T.);
#3015=EDGE_CURVE('',#4312,#4297,#5158,.T.);
#3016=EDGE_CURVE('',#4313,#4313,#175,.T.);
#3017=EDGE_CURVE('',#4314,#4315,#176,.F.);
#3018=EDGE_CURVE('',#4267,#4314,#5159,.F.);
#3019=EDGE_CURVE('',#4265,#4315,#5160,.F.);
#3020=EDGE_CURVE('',#4316,#4314,#5161,.T.);
#3021=EDGE_CURVE('',#4316,#4268,#5162,.T.);
#3022=EDGE_CURVE('',#4317,#4270,#5163,.T.);
#3023=EDGE_CURVE('',#4318,#4317,#5164,.T.);
#3024=EDGE_CURVE('',#4318,#4271,#5165,.T.);
#3025=EDGE_CURVE('',#4319,#4269,#5166,.T.);
#3026=EDGE_CURVE('',#4317,#4319,#5167,.T.);
#3027=EDGE_CURVE('',#4319,#4316,#5168,.T.);
#3028=EDGE_CURVE('',#4320,#4266,#5169,.T.);
#3029=EDGE_CURVE('',#4315,#4320,#5170,.T.);
#3030=EDGE_CURVE('',#4321,#4276,#5171,.T.);
#3031=EDGE_CURVE('',#4320,#4321,#5172,.T.);
#3032=EDGE_CURVE('',#4322,#4275,#5173,.T.);
#3033=EDGE_CURVE('',#4321,#4322,#5174,.T.);
#3034=EDGE_CURVE('',#4323,#4274,#5175,.T.);
#3035=EDGE_CURVE('',#4322,#4323,#5176,.T.);
#3036=EDGE_CURVE('',#4324,#4273,#5177,.T.);
#3037=EDGE_CURVE('',#4323,#4324,#5178,.T.);
#3038=EDGE_CURVE('',#4325,#4272,#5179,.T.);
#3039=EDGE_CURVE('',#4324,#4325,#5180,.T.);
#3040=EDGE_CURVE('',#4325,#4318,#5181,.T.);
#3041=EDGE_CURVE('',#4279,#4326,#5182,.T.);
#3042=EDGE_CURVE('',#4278,#4327,#5183,.T.);
#3043=EDGE_CURVE('',#4327,#4326,#5184,.T.);
#3044=EDGE_CURVE('',#4328,#4329,#5185,.T.);
#3045=EDGE_CURVE('',#4330,#4328,#5186,.T.);
#3046=EDGE_CURVE('',#4331,#4330,#5187,.T.);
#3047=EDGE_CURVE('',#4332,#4331,#5188,.T.);
#3048=EDGE_CURVE('',#4333,#4332,#5189,.T.);
#3049=EDGE_CURVE('',#4334,#4333,#5190,.T.);
#3050=EDGE_CURVE('',#4335,#4334,#5191,.T.);
#3051=EDGE_CURVE('',#4336,#4335,#5192,.T.);
#3052=EDGE_CURVE('',#4337,#4336,#5193,.T.);
#3053=EDGE_CURVE('',#4329,#4337,#5194,.T.);
#3054=EDGE_CURVE('',#4338,#4339,#5195,.T.);
#3055=EDGE_CURVE('',#4340,#4338,#5196,.T.);
#3056=EDGE_CURVE('',#4341,#4340,#5197,.T.);
#3057=EDGE_CURVE('',#4342,#4341,#5198,.T.);
#3058=EDGE_CURVE('',#4343,#4342,#5199,.T.);
#3059=EDGE_CURVE('',#4344,#4343,#5200,.T.);
#3060=EDGE_CURVE('',#4345,#4344,#5201,.T.);
#3061=EDGE_CURVE('',#4346,#4345,#5202,.T.);
#3062=EDGE_CURVE('',#4347,#4346,#5203,.T.);
#3063=EDGE_CURVE('',#4339,#4347,#5204,.T.);
#3064=EDGE_CURVE('',#4348,#4348,#177,.T.);
#3065=EDGE_CURVE('',#4349,#4350,#5205,.T.);
#3066=EDGE_CURVE('',#4350,#4351,#5206,.T.);
#3067=EDGE_CURVE('',#4351,#4352,#5207,.T.);
#3068=EDGE_CURVE('',#4352,#4353,#5208,.T.);
#3069=EDGE_CURVE('',#4353,#4354,#5209,.T.);
#3070=EDGE_CURVE('',#4354,#4355,#5210,.T.);
#3071=EDGE_CURVE('',#4355,#4356,#5211,.T.);
#3072=EDGE_CURVE('',#4356,#4357,#5212,.T.);
#3073=EDGE_CURVE('',#4357,#4358,#5213,.T.);
#3074=EDGE_CURVE('',#4358,#4349,#5214,.T.);
#3075=EDGE_CURVE('',#4359,#4360,#5215,.T.);
#3076=EDGE_CURVE('',#4360,#4361,#5216,.T.);
#3077=EDGE_CURVE('',#4361,#4362,#5217,.T.);
#3078=EDGE_CURVE('',#4362,#4363,#5218,.T.);
#3079=EDGE_CURVE('',#4363,#4364,#5219,.T.);
#3080=EDGE_CURVE('',#4364,#4365,#5220,.T.);
#3081=EDGE_CURVE('',#4365,#4366,#5221,.T.);
#3082=EDGE_CURVE('',#4366,#4367,#5222,.T.);
#3083=EDGE_CURVE('',#4367,#4368,#5223,.T.);
#3084=EDGE_CURVE('',#4368,#4359,#5224,.T.);
#3085=EDGE_CURVE('',#4369,#4370,#5225,.T.);
#3086=EDGE_CURVE('',#4370,#4371,#5226,.T.);
#3087=EDGE_CURVE('',#4371,#4372,#5227,.T.);
#3088=EDGE_CURVE('',#4372,#4373,#5228,.T.);
#3089=EDGE_CURVE('',#4373,#4374,#5229,.T.);
#3090=EDGE_CURVE('',#4374,#4375,#5230,.T.);
#3091=EDGE_CURVE('',#4375,#4376,#5231,.T.);
#3092=EDGE_CURVE('',#4376,#4377,#5232,.T.);
#3093=EDGE_CURVE('',#4377,#4378,#5233,.T.);
#3094=EDGE_CURVE('',#4378,#4369,#5234,.T.);
#3095=EDGE_CURVE('',#4379,#4380,#5235,.T.);
#3096=EDGE_CURVE('',#4380,#4381,#5236,.T.);
#3097=EDGE_CURVE('',#4381,#4382,#5237,.T.);
#3098=EDGE_CURVE('',#4382,#4383,#5238,.T.);
#3099=EDGE_CURVE('',#4383,#4384,#5239,.T.);
#3100=EDGE_CURVE('',#4384,#4385,#5240,.T.);
#3101=EDGE_CURVE('',#4385,#4386,#5241,.T.);
#3102=EDGE_CURVE('',#4387,#4386,#5242,.T.);
#3103=EDGE_CURVE('',#4388,#4387,#5243,.T.);
#3104=EDGE_CURVE('',#4388,#4379,#5244,.T.);
#3105=EDGE_CURVE('',#4389,#4390,#5245,.T.);
#3106=EDGE_CURVE('',#4390,#4391,#5246,.T.);
#3107=EDGE_CURVE('',#4391,#4392,#5247,.T.);
#3108=EDGE_CURVE('',#4392,#4393,#5248,.T.);
#3109=EDGE_CURVE('',#4393,#4394,#5249,.T.);
#3110=EDGE_CURVE('',#4394,#4395,#5250,.T.);
#3111=EDGE_CURVE('',#4395,#4396,#5251,.T.);
#3112=EDGE_CURVE('',#4396,#4397,#5252,.T.);
#3113=EDGE_CURVE('',#4397,#4398,#5253,.T.);
#3114=EDGE_CURVE('',#4398,#4389,#5254,.T.);
#3115=EDGE_CURVE('',#4399,#4400,#5255,.T.);
#3116=EDGE_CURVE('',#4400,#4401,#5256,.T.);
#3117=EDGE_CURVE('',#4401,#4402,#5257,.T.);
#3118=EDGE_CURVE('',#4402,#4403,#5258,.T.);
#3119=EDGE_CURVE('',#4403,#4404,#5259,.T.);
#3120=EDGE_CURVE('',#4404,#4405,#5260,.T.);
#3121=EDGE_CURVE('',#4405,#4406,#5261,.T.);
#3122=EDGE_CURVE('',#4406,#4407,#5262,.T.);
#3123=EDGE_CURVE('',#4407,#4408,#5263,.T.);
#3124=EDGE_CURVE('',#4408,#4399,#5264,.T.);
#3125=EDGE_CURVE('',#4409,#4410,#5265,.T.);
#3126=EDGE_CURVE('',#4410,#4411,#5266,.T.);
#3127=EDGE_CURVE('',#4411,#4412,#5267,.T.);
#3128=EDGE_CURVE('',#4412,#4413,#5268,.T.);
#3129=EDGE_CURVE('',#4413,#4414,#5269,.T.);
#3130=EDGE_CURVE('',#4414,#4415,#5270,.T.);
#3131=EDGE_CURVE('',#4415,#4416,#5271,.T.);
#3132=EDGE_CURVE('',#4417,#4416,#5272,.T.);
#3133=EDGE_CURVE('',#4418,#4417,#5273,.T.);
#3134=EDGE_CURVE('',#4418,#4409,#5274,.T.);
#3135=EDGE_CURVE('',#4419,#4420,#178,.T.);
#3136=EDGE_CURVE('',#4419,#4421,#5275,.T.);
#3137=EDGE_CURVE('',#4421,#4422,#5276,.T.);
#3138=EDGE_CURVE('',#4422,#4423,#5277,.T.);
#3139=EDGE_CURVE('',#4423,#4424,#5278,.T.);
#3140=EDGE_CURVE('',#4424,#4425,#5279,.T.);
#3141=EDGE_CURVE('',#4425,#4426,#5280,.T.);
#3142=EDGE_CURVE('',#4426,#4427,#5281,.T.);
#3143=EDGE_CURVE('',#4427,#4428,#5282,.T.);
#3144=EDGE_CURVE('',#4428,#4429,#5283,.T.);
#3145=EDGE_CURVE('',#4429,#4420,#5284,.T.);
#3146=EDGE_CURVE('',#4430,#4431,#5285,.T.);
#3147=EDGE_CURVE('',#4431,#4432,#5286,.T.);
#3148=EDGE_CURVE('',#4432,#4433,#5287,.T.);
#3149=EDGE_CURVE('',#4433,#4434,#5288,.T.);
#3150=EDGE_CURVE('',#4434,#4435,#5289,.T.);
#3151=EDGE_CURVE('',#4435,#4436,#5290,.T.);
#3152=EDGE_CURVE('',#4436,#4437,#5291,.T.);
#3153=EDGE_CURVE('',#4437,#4438,#5292,.T.);
#3154=EDGE_CURVE('',#4438,#4439,#5293,.T.);
#3155=EDGE_CURVE('',#4439,#4430,#5294,.T.);
#3156=EDGE_CURVE('',#4440,#4441,#5295,.T.);
#3157=EDGE_CURVE('',#4441,#4442,#5296,.T.);
#3158=EDGE_CURVE('',#4442,#4443,#5297,.T.);
#3159=EDGE_CURVE('',#4443,#4444,#5298,.T.);
#3160=EDGE_CURVE('',#4444,#4445,#5299,.T.);
#3161=EDGE_CURVE('',#4445,#4446,#5300,.T.);
#3162=EDGE_CURVE('',#4446,#4447,#5301,.T.);
#3163=EDGE_CURVE('',#4447,#4448,#5302,.T.);
#3164=EDGE_CURVE('',#4448,#4449,#5303,.T.);
#3165=EDGE_CURVE('',#4449,#4440,#5304,.T.);
#3166=EDGE_CURVE('',#4450,#4451,#5305,.T.);
#3167=EDGE_CURVE('',#4451,#4452,#5306,.T.);
#3168=EDGE_CURVE('',#4452,#4453,#5307,.T.);
#3169=EDGE_CURVE('',#4453,#4454,#5308,.T.);
#3170=EDGE_CURVE('',#4454,#4455,#5309,.T.);
#3171=EDGE_CURVE('',#4455,#4456,#5310,.T.);
#3172=EDGE_CURVE('',#4456,#4457,#5311,.T.);
#3173=EDGE_CURVE('',#4457,#4458,#5312,.T.);
#3174=EDGE_CURVE('',#4458,#4459,#5313,.T.);
#3175=EDGE_CURVE('',#4459,#4450,#5314,.T.);
#3176=EDGE_CURVE('',#4460,#4461,#5315,.T.);
#3177=EDGE_CURVE('',#4461,#4462,#5316,.T.);
#3178=EDGE_CURVE('',#4462,#4463,#5317,.T.);
#3179=EDGE_CURVE('',#4463,#4464,#5318,.T.);
#3180=EDGE_CURVE('',#4464,#4465,#5319,.T.);
#3181=EDGE_CURVE('',#4465,#4466,#5320,.T.);
#3182=EDGE_CURVE('',#4466,#4467,#5321,.T.);
#3183=EDGE_CURVE('',#4467,#4468,#5322,.T.);
#3184=EDGE_CURVE('',#4468,#4469,#5323,.T.);
#3185=EDGE_CURVE('',#4469,#4460,#5324,.T.);
#3186=EDGE_CURVE('',#4470,#4471,#179,.T.);
#3187=EDGE_CURVE('',#4470,#4472,#5325,.T.);
#3188=EDGE_CURVE('',#4472,#4473,#5326,.T.);
#3189=EDGE_CURVE('',#4473,#4474,#5327,.T.);
#3190=EDGE_CURVE('',#4474,#4475,#5328,.T.);
#3191=EDGE_CURVE('',#4475,#4476,#5329,.T.);
#3192=EDGE_CURVE('',#4476,#4477,#5330,.T.);
#3193=EDGE_CURVE('',#4477,#4478,#5331,.T.);
#3194=EDGE_CURVE('',#4478,#4479,#5332,.T.);
#3195=EDGE_CURVE('',#4479,#4480,#5333,.T.);
#3196=EDGE_CURVE('',#4480,#4471,#5334,.T.);
#3197=EDGE_CURVE('',#4481,#4482,#5335,.T.);
#3198=EDGE_CURVE('',#4482,#4483,#5336,.T.);
#3199=EDGE_CURVE('',#4483,#4484,#5337,.T.);
#3200=EDGE_CURVE('',#4485,#4484,#44,.F.);
#3201=EDGE_CURVE('',#4486,#4485,#5338,.T.);
#3202=EDGE_CURVE('',#4486,#4487,#45,.F.);
#3203=EDGE_CURVE('',#4488,#4487,#5339,.T.);
#3204=EDGE_CURVE('',#4489,#4488,#46,.T.);
#3205=EDGE_CURVE('',#4489,#4490,#5340,.T.);
#3206=EDGE_CURVE('',#4490,#4491,#5341,.T.);
#3207=EDGE_CURVE('',#4492,#4491,#5342,.T.);
#3208=EDGE_CURVE('',#4493,#4492,#5343,.T.);
#3209=EDGE_CURVE('',#4493,#4494,#5344,.T.);
#3210=EDGE_CURVE('',#4494,#4495,#5345,.T.);
#3211=EDGE_CURVE('',#4495,#4496,#5346,.T.);
#3212=EDGE_CURVE('',#4496,#4497,#5347,.T.);
#3213=EDGE_CURVE('',#4498,#4497,#5348,.T.);
#3214=EDGE_CURVE('',#4498,#4499,#5349,.T.);
#3215=EDGE_CURVE('',#4500,#4499,#5350,.T.);
#3216=EDGE_CURVE('',#4501,#4500,#5351,.T.);
#3217=EDGE_CURVE('',#4501,#4502,#5352,.T.);
#3218=EDGE_CURVE('',#4502,#4503,#5353,.T.);
#3219=EDGE_CURVE('',#4503,#4504,#5354,.T.);
#3220=EDGE_CURVE('',#4505,#4504,#5355,.T.);
#3221=EDGE_CURVE('',#4506,#4505,#5356,.T.);
#3222=EDGE_CURVE('',#4507,#4506,#5357,.T.);
#3223=EDGE_CURVE('',#4507,#4508,#5358,.T.);
#3224=EDGE_CURVE('',#4508,#4509,#5359,.T.);
#3225=EDGE_CURVE('',#4509,#4510,#5360,.T.);
#3226=EDGE_CURVE('',#4510,#4511,#5361,.T.);
#3227=EDGE_CURVE('',#4512,#4511,#5362,.T.);
#3228=EDGE_CURVE('',#4512,#4513,#5363,.T.);
#3229=EDGE_CURVE('',#4513,#4281,#5364,.T.);
#3230=EDGE_CURVE('',#4280,#4326,#5365,.T.);
#3231=EDGE_CURVE('',#4327,#4514,#5366,.T.);
#3232=EDGE_CURVE('',#4514,#4515,#5367,.T.);
#3233=EDGE_CURVE('',#4516,#4515,#5368,.T.);
#3234=EDGE_CURVE('',#4517,#4516,#5369,.T.);
#3235=EDGE_CURVE('',#4518,#4517,#5370,.T.);
#3236=EDGE_CURVE('',#4519,#4518,#5371,.T.);
#3237=EDGE_CURVE('',#4519,#4520,#5372,.T.);
#3238=EDGE_CURVE('',#4521,#4520,#5373,.T.);
#3239=EDGE_CURVE('',#4521,#4522,#5374,.T.);
#3240=EDGE_CURVE('',#4522,#4523,#5375,.T.);
#3241=EDGE_CURVE('',#4524,#4523,#47,.F.);
#3242=EDGE_CURVE('',#4524,#4525,#5376,.T.);
#3243=EDGE_CURVE('',#4525,#4526,#48,.F.);
#3244=EDGE_CURVE('',#4527,#4526,#5377,.T.);
#3245=EDGE_CURVE('',#4527,#4528,#5378,.T.);
#3246=EDGE_CURVE('',#4528,#4529,#5379,.T.);
#3247=EDGE_CURVE('',#4529,#4481,#5380,.T.);
#3248=EDGE_CURVE('',#4530,#4531,#5381,.T.);
#3249=EDGE_CURVE('',#4532,#4530,#5382,.T.);
#3250=EDGE_CURVE('',#4533,#4532,#5383,.T.);
#3251=EDGE_CURVE('',#4534,#4533,#5384,.T.);
#3252=EDGE_CURVE('',#4534,#4535,#5385,.T.);
#3253=EDGE_CURVE('',#4535,#4536,#5386,.T.);
#3254=EDGE_CURVE('',#4536,#4537,#5387,.T.);
#3255=EDGE_CURVE('',#4537,#4538,#5388,.T.);
#3256=EDGE_CURVE('',#4538,#4539,#5389,.T.);
#3257=EDGE_CURVE('',#4540,#4539,#5390,.T.);
#3258=EDGE_CURVE('',#4541,#4540,#49,.F.);
#3259=EDGE_CURVE('',#4541,#4542,#5391,.T.);
#3260=EDGE_CURVE('',#4543,#4542,#5392,.T.);
#3261=EDGE_CURVE('',#4544,#4543,#5393,.T.);
#3262=EDGE_CURVE('',#4545,#4544,#5394,.T.);
#3263=EDGE_CURVE('',#4546,#4545,#5395,.T.);
#3264=EDGE_CURVE('',#4547,#4546,#5396,.T.);
#3265=EDGE_CURVE('',#4548,#4547,#5397,.T.);
#3266=EDGE_CURVE('',#4549,#4548,#5398,.T.);
#3267=EDGE_CURVE('',#4550,#4549,#5399,.T.);
#3268=EDGE_CURVE('',#4551,#4550,#5400,.T.);
#3269=EDGE_CURVE('',#4551,#4552,#5401,.T.);
#3270=EDGE_CURVE('',#4552,#4553,#5402,.T.);
#3271=EDGE_CURVE('',#4554,#4553,#5403,.T.);
#3272=EDGE_CURVE('',#4555,#4554,#5404,.T.);
#3273=EDGE_CURVE('',#4555,#4556,#5405,.T.);
#3274=EDGE_CURVE('',#4557,#4556,#5406,.T.);
#3275=EDGE_CURVE('',#4557,#4558,#5407,.T.);
#3276=EDGE_CURVE('',#4558,#4559,#5408,.T.);
#3277=EDGE_CURVE('',#4560,#4559,#5409,.T.);
#3278=EDGE_CURVE('',#4531,#4560,#5410,.T.);
#3279=EDGE_CURVE('',#4561,#4561,#180,.T.);
#3280=EDGE_CURVE('',#4562,#4562,#181,.T.);
#3281=EDGE_CURVE('',#4470,#4563,#5411,.F.);
#3282=EDGE_CURVE('',#4564,#4471,#5412,.T.);
#3283=EDGE_CURVE('',#4563,#4564,#182,.F.);
#3284=EDGE_CURVE('',#4565,#4566,#5413,.T.);
#3285=EDGE_CURVE('',#4565,#4567,#50,.T.);
#3286=EDGE_CURVE('',#4567,#4568,#5414,.T.);
#3287=EDGE_CURVE('',#4568,#4566,#39,.T.);
#3288=EDGE_CURVE('',#4483,#4569,#5415,.T.);
#3289=EDGE_CURVE('',#4569,#4570,#5416,.T.);
#3290=EDGE_CURVE('',#4570,#4571,#5417,.T.);
#3291=EDGE_CURVE('',#4572,#4571,#5418,.T.);
#3292=EDGE_CURVE('',#4484,#4572,#5419,.T.);
#3293=EDGE_CURVE('',#4573,#4570,#51,.T.);
#3294=EDGE_CURVE('',#4573,#4574,#5420,.T.);
#3295=EDGE_CURVE('',#4574,#4571,#183,.T.);
#3296=EDGE_CURVE('',#4527,#4575,#5421,.T.);
#3297=EDGE_CURVE('',#4526,#4576,#5422,.T.);
#3298=EDGE_CURVE('',#4576,#4574,#5423,.T.);
#3299=EDGE_CURVE('',#4575,#4573,#5424,.T.);
#3300=EDGE_CURVE('',#4577,#4578,#5425,.T.);
#3301=EDGE_CURVE('',#4578,#4579,#5426,.T.);
#3302=EDGE_CURVE('',#4580,#4579,#5427,.T.);
#3303=EDGE_CURVE('',#4581,#4580,#5428,.T.);
#3304=EDGE_CURVE('',#4582,#4581,#5429,.T.);
#3305=EDGE_CURVE('',#4582,#4577,#5430,.T.);
#3306=EDGE_CURVE('',#4582,#4583,#5431,.T.);
#3307=EDGE_CURVE('',#4581,#4584,#5432,.T.);
#3308=EDGE_CURVE('',#4585,#4584,#5433,.T.);
#3309=EDGE_CURVE('',#4586,#4585,#5434,.T.);
#3310=EDGE_CURVE('',#4586,#4587,#5435,.T.);
#3311=EDGE_CURVE('',#4587,#4488,#5436,.F.);
#3312=EDGE_CURVE('',#4487,#4588,#5437,.T.);
#3313=EDGE_CURVE('',#4588,#4589,#5438,.T.);
#3314=EDGE_CURVE('',#4590,#4589,#5439,.T.);
#3315=EDGE_CURVE('',#4590,#4591,#5440,.T.);
#3316=EDGE_CURVE('',#4592,#4591,#5441,.T.);
#3317=EDGE_CURVE('',#4592,#4593,#5442,.T.);
#3318=EDGE_CURVE('',#4594,#4593,#5443,.T.);
#3319=EDGE_CURVE('',#4583,#4594,#5444,.T.);
#3320=EDGE_CURVE('',#4595,#4596,#5445,.T.);
#3321=EDGE_CURVE('',#4595,#4594,#52,.T.);
#3322=EDGE_CURVE('',#4593,#4596,#40,.F.);
#3323=EDGE_CURVE('',#4585,#4597,#5446,.T.);
#3324=EDGE_CURVE('',#4597,#4598,#5447,.T.);
#3325=EDGE_CURVE('',#4599,#4598,#5448,.T.);
#3326=EDGE_CURVE('',#4599,#4586,#184,.F.);
#3327=EDGE_CURVE('',#4489,#4600,#53,.F.);
#3328=EDGE_CURVE('',#4587,#4601,#41,.T.);
#3329=EDGE_CURVE('',#4601,#4602,#185,.T.);
#3330=EDGE_CURVE('',#4603,#4602,#5449,.T.);
#3331=EDGE_CURVE('',#4600,#4603,#54,.F.);
#3332=EDGE_CURVE('',#4604,#4491,#5450,.T.);
#3333=EDGE_CURVE('',#4603,#4604,#5451,.T.);
#3334=EDGE_CURVE('',#4602,#4605,#5452,.T.);
#3335=EDGE_CURVE('',#4605,#4606,#5453,.F.);
#3336=EDGE_CURVE('',#4606,#4285,#5454,.T.);
#3337=EDGE_CURVE('',#4284,#4500,#5455,.T.);
#3338=EDGE_CURVE('',#4607,#4499,#5456,.T.);
#3339=EDGE_CURVE('',#4608,#4607,#5457,.T.);
#3340=EDGE_CURVE('',#4608,#4492,#5458,.T.);
#3341=EDGE_CURVE('',#4609,#4609,#186,.T.);
#3342=EDGE_CURVE('',#4419,#4610,#5459,.F.);
#3343=EDGE_CURVE('',#4611,#4420,#5460,.T.);
#3344=EDGE_CURVE('',#4610,#4611,#187,.F.);
#3345=EDGE_CURVE('',#4502,#4612,#5461,.T.);
#3346=EDGE_CURVE('',#4501,#4283,#5462,.T.);
#3347=EDGE_CURVE('',#4513,#4282,#5463,.T.);
#3348=EDGE_CURVE('',#4512,#4613,#5464,.T.);
#3349=EDGE_CURVE('',#4612,#4613,#5465,.T.);
#3350=EDGE_CURVE('',#4606,#4614,#5466,.T.);
#3351=EDGE_CURVE('',#4615,#4614,#5467,.T.);
#3352=EDGE_CURVE('',#4615,#4616,#5468,.T.);
#3353=EDGE_CURVE('',#4617,#4616,#5469,.T.);
#3354=EDGE_CURVE('',#4617,#4618,#5470,.F.);
#3355=EDGE_CURVE('',#4618,#4286,#5471,.T.);
#3356=EDGE_CURVE('',#4619,#4615,#5472,.T.);
#3357=EDGE_CURVE('',#4620,#4619,#5473,.T.);
#3358=EDGE_CURVE('',#4616,#4620,#5474,.T.);
#3359=EDGE_CURVE('',#4546,#4619,#5475,.T.);
#3360=EDGE_CURVE('',#4545,#4621,#5476,.T.);
#3361=EDGE_CURVE('',#4622,#4621,#5477,.T.);
#3362=EDGE_CURVE('',#4620,#4622,#5478,.T.);
#3363=EDGE_CURVE('',#4623,#4623,#188,.T.);
#3364=EDGE_CURVE('',#4624,#4624,#189,.T.);
#3365=EDGE_CURVE('',#4625,#4625,#190,.T.);
#3366=EDGE_CURVE('',#4626,#4626,#191,.T.);
#3367=EDGE_CURVE('',#4627,#4628,#5479,.T.);
#3368=EDGE_CURVE('',#4627,#4629,#192,.F.);
#3369=EDGE_CURVE('',#4629,#4630,#5480,.T.);
#3370=EDGE_CURVE('',#4630,#4631,#193,.F.);
#3371=EDGE_CURVE('',#4631,#4632,#5481,.T.);
#3372=EDGE_CURVE('',#4628,#4632,#5482,.T.);
#3373=EDGE_CURVE('',#4633,#4634,#5483,.T.);
#3374=EDGE_CURVE('',#4633,#4635,#5484,.T.);
#3375=EDGE_CURVE('',#4635,#4636,#5485,.T.);
#3376=EDGE_CURVE('',#4636,#4637,#5486,.T.);
#3377=EDGE_CURVE('',#4637,#4638,#5487,.T.);
#3378=EDGE_CURVE('',#4638,#4639,#5488,.T.);
#3379=EDGE_CURVE('',#4639,#4640,#5489,.T.);
#3380=EDGE_CURVE('',#4634,#4640,#5490,.T.);
#3381=EDGE_CURVE('',#4641,#4642,#5491,.T.);
#3382=EDGE_CURVE('',#4641,#4643,#5492,.T.);
#3383=EDGE_CURVE('',#4643,#4644,#5493,.T.);
#3384=EDGE_CURVE('',#4642,#4644,#5494,.T.);
#3385=EDGE_CURVE('',#4643,#4645,#5495,.T.);
#3386=EDGE_CURVE('',#4645,#4646,#194,.F.);
#3387=EDGE_CURVE('',#4646,#4647,#5496,.T.);
#3388=EDGE_CURVE('',#4647,#4648,#5497,.T.);
#3389=EDGE_CURVE('',#4649,#4648,#5498,.T.);
#3390=EDGE_CURVE('',#4649,#4650,#195,.F.);
#3391=EDGE_CURVE('',#4650,#4651,#5499,.T.);
#3392=EDGE_CURVE('',#4651,#4652,#196,.F.);
#3393=EDGE_CURVE('',#4652,#4653,#5500,.T.);
#3394=EDGE_CURVE('',#4653,#4654,#5501,.T.);
#3395=EDGE_CURVE('',#4655,#4654,#5502,.T.);
#3396=EDGE_CURVE('',#4655,#4656,#197,.F.);
#3397=EDGE_CURVE('',#4656,#4657,#5503,.T.);
#3398=EDGE_CURVE('',#4657,#4658,#198,.F.);
#3399=EDGE_CURVE('',#4658,#4659,#5504,.T.);
#3400=EDGE_CURVE('',#4659,#4660,#5505,.T.);
#3401=EDGE_CURVE('',#4661,#4660,#5506,.T.);
#3402=EDGE_CURVE('',#4661,#4662,#199,.F.);
#3403=EDGE_CURVE('',#4662,#4663,#5507,.T.);
#3404=EDGE_CURVE('',#4663,#4664,#200,.F.);
#3405=EDGE_CURVE('',#4664,#4665,#5508,.T.);
#3406=EDGE_CURVE('',#4665,#4666,#5509,.T.);
#3407=EDGE_CURVE('',#4666,#4667,#5510,.T.);
#3408=EDGE_CURVE('',#4644,#4667,#5511,.T.);
#3409=EDGE_CURVE('',#4542,#4668,#5512,.T.);
#3410=EDGE_CURVE('',#4668,#4669,#5513,.T.);
#3411=EDGE_CURVE('',#4670,#4669,#5514,.T.);
#3412=EDGE_CURVE('',#4670,#4671,#201,.F.);
#3413=EDGE_CURVE('',#4641,#4671,#5515,.T.);
#3414=EDGE_CURVE('',#4672,#4642,#5516,.T.);
#3415=EDGE_CURVE('',#4543,#4672,#5517,.T.);
#3416=EDGE_CURVE('',#4673,#4674,#5518,.T.);
#3417=EDGE_CURVE('',#4674,#4675,#5519,.T.);
#3418=EDGE_CURVE('',#4675,#4676,#202,.F.);
#3419=EDGE_CURVE('',#4677,#4676,#5520,.T.);
#3420=EDGE_CURVE('',#4677,#4678,#203,.T.);
#3421=EDGE_CURVE('',#4678,#4679,#5521,.F.);
#3422=EDGE_CURVE('',#4679,#4680,#204,.T.);
#3423=EDGE_CURVE('',#4680,#4681,#5522,.F.);
#3424=EDGE_CURVE('',#4681,#4682,#205,.T.);
#3425=EDGE_CURVE('',#4682,#4683,#5523,.T.);
#3426=EDGE_CURVE('',#4683,#4673,#206,.T.);
#3427=EDGE_CURVE('',#4684,#4685,#5524,.F.);
#3428=EDGE_CURVE('',#4686,#4684,#5525,.T.);
#3429=EDGE_CURVE('',#4686,#4687,#5526,.F.);
#3430=EDGE_CURVE('',#4687,#4677,#42,.T.);
#3431=EDGE_CURVE('',#4676,#4685,#43,.T.);
#3432=EDGE_CURVE('',#4688,#4689,#5527,.T.);
#3433=EDGE_CURVE('',#4688,#4617,#207,.F.);
#3434=EDGE_CURVE('',#4690,#4622,#5528,.T.);
#3435=EDGE_CURVE('',#4291,#4690,#5529,.T.);
#3436=EDGE_CURVE('',#4691,#4290,#5530,.T.);
#3437=EDGE_CURVE('',#4691,#4689,#208,.F.);
#3438=EDGE_CURVE('',#4692,#4693,#209,.T.);
#3439=EDGE_CURVE('',#4693,#4694,#5531,.T.);
#3440=EDGE_CURVE('',#4694,#4695,#210,.T.);
#3441=EDGE_CURVE('',#4696,#4695,#211,.T.);
#3442=EDGE_CURVE('',#4697,#4696,#5532,.T.);
#3443=EDGE_CURVE('',#4697,#4698,#212,.T.);
#3444=EDGE_CURVE('',#4699,#4698,#5533,.T.);
#3445=EDGE_CURVE('',#4699,#4700,#213,.T.);
#3446=EDGE_CURVE('',#4701,#4700,#214,.T.);
#3447=EDGE_CURVE('',#4701,#4692,#5534,.T.);
#3448=EDGE_CURVE('',#4702,#4702,#215,.T.);
#3449=EDGE_CURVE('',#4703,#4704,#5535,.T.);
#3450=EDGE_CURVE('',#4703,#4705,#216,.F.);
#3451=EDGE_CURVE('',#4705,#4706,#5536,.T.);
#3452=EDGE_CURVE('',#4706,#4707,#217,.F.);
#3453=EDGE_CURVE('',#4707,#4708,#5537,.T.);
#3454=EDGE_CURVE('',#4708,#4709,#218,.F.);
#3455=EDGE_CURVE('',#4710,#4709,#5538,.T.);
#3456=EDGE_CURVE('',#4710,#4704,#219,.F.);
#3457=EDGE_CURVE('',#4711,#4711,#220,.T.);
#3458=EDGE_CURVE('',#4712,#4690,#5539,.T.);
#3459=EDGE_CURVE('',#4712,#4713,#5540,.T.);
#3460=EDGE_CURVE('',#4713,#4292,#5541,.T.);
#3461=EDGE_CURVE('',#4293,#4714,#5542,.T.);
#3462=EDGE_CURVE('',#4715,#4714,#5543,.T.);
#3463=EDGE_CURVE('',#4716,#4715,#5544,.T.);
#3464=EDGE_CURVE('',#4514,#4716,#5545,.T.);
#3465=EDGE_CURVE('',#4516,#4717,#5546,.T.);
#3466=EDGE_CURVE('',#4515,#4718,#5547,.T.);
#3467=EDGE_CURVE('',#4717,#4718,#5548,.T.);
#3468=EDGE_CURVE('',#4517,#4719,#5549,.T.);
#3469=EDGE_CURVE('',#4719,#4717,#5550,.T.);
#3470=EDGE_CURVE('',#4518,#4720,#5551,.T.);
#3471=EDGE_CURVE('',#4720,#4719,#5552,.T.);
#3472=EDGE_CURVE('',#4721,#4720,#5553,.T.);
#3473=EDGE_CURVE('',#4721,#4722,#5554,.T.);
#3474=EDGE_CURVE('',#4722,#4519,#5555,.T.);
#3475=EDGE_CURVE('',#4544,#4723,#5556,.T.);
#3476=EDGE_CURVE('',#4723,#4672,#5557,.T.);
#3477=EDGE_CURVE('',#4621,#4723,#5558,.T.);
#3478=EDGE_CURVE('',#4716,#4718,#5559,.T.);
#3479=EDGE_CURVE('',#4724,#4725,#5560,.T.);
#3480=EDGE_CURVE('',#4725,#4722,#5561,.T.);
#3481=EDGE_CURVE('',#4667,#4721,#5562,.T.);
#3482=EDGE_CURVE('',#4666,#4724,#5563,.T.);
#3483=EDGE_CURVE('',#4521,#4724,#5564,.T.);
#3484=EDGE_CURVE('',#4520,#4725,#5565,.T.);
#3485=EDGE_CURVE('',#4726,#4727,#5566,.T.);
#3486=EDGE_CURVE('',#4726,#4728,#221,.F.);
#3487=EDGE_CURVE('',#4729,#4728,#5567,.T.);
#3488=EDGE_CURVE('',#4729,#4730,#222,.F.);
#3489=EDGE_CURVE('',#4731,#4730,#5568,.T.);
#3490=EDGE_CURVE('',#4731,#4732,#223,.F.);
#3491=EDGE_CURVE('',#4733,#4732,#5569,.T.);
#3492=EDGE_CURVE('',#4733,#4727,#224,.F.);
#3493=EDGE_CURVE('',#4734,#4734,#225,.T.);
#3494=EDGE_CURVE('',#4735,#4736,#5570,.T.);
#3495=EDGE_CURVE('',#4735,#4737,#226,.F.);
#3496=EDGE_CURVE('',#4737,#4738,#5571,.T.);
#3497=EDGE_CURVE('',#4738,#4739,#227,.F.);
#3498=EDGE_CURVE('',#4739,#4740,#5572,.T.);
#3499=EDGE_CURVE('',#4740,#4741,#228,.F.);
#3500=EDGE_CURVE('',#4742,#4741,#5573,.T.);
#3501=EDGE_CURVE('',#4742,#4736,#229,.F.);
#3502=EDGE_CURVE('',#4743,#4743,#230,.T.);
#3503=EDGE_CURVE('',#4744,#4744,#231,.T.);
#3504=EDGE_CURVE('',#4745,#4746,#5574,.T.);
#3505=EDGE_CURVE('',#4746,#4747,#232,.F.);
#3506=EDGE_CURVE('',#4747,#4669,#5575,.T.);
#3507=EDGE_CURVE('',#4668,#4748,#5576,.T.);
#3508=EDGE_CURVE('',#4749,#4748,#233,.T.);
#3509=EDGE_CURVE('',#4750,#4749,#5577,.T.);
#3510=EDGE_CURVE('',#4750,#4634,#234,.T.);
#3511=EDGE_CURVE('',#4640,#4591,#235,.T.);
#3512=EDGE_CURVE('',#4590,#4751,#5578,.T.);
#3513=EDGE_CURVE('',#4751,#4752,#5579,.T.);
#3514=EDGE_CURVE('',#4752,#4686,#236,.T.);
#3515=EDGE_CURVE('',#4684,#4753,#237,.T.);
#3516=EDGE_CURVE('',#4754,#4753,#5580,.T.);
#3517=EDGE_CURVE('',#4572,#4754,#238,.T.);
#3518=EDGE_CURVE('',#4576,#4755,#239,.T.);
#3519=EDGE_CURVE('',#4755,#4756,#5581,.T.);
#3520=EDGE_CURVE('',#4757,#4756,#240,.T.);
#3521=EDGE_CURVE('',#4757,#4522,#5582,.T.);
#3522=EDGE_CURVE('',#4758,#4665,#5583,.T.);
#3523=EDGE_CURVE('',#4758,#4759,#241,.F.);
#3524=EDGE_CURVE('',#4760,#4759,#5584,.T.);
#3525=EDGE_CURVE('',#4760,#4761,#242,.F.);
#3526=EDGE_CURVE('',#4660,#4761,#5585,.T.);
#3527=EDGE_CURVE('',#4762,#4659,#5586,.T.);
#3528=EDGE_CURVE('',#4762,#4763,#243,.F.);
#3529=EDGE_CURVE('',#4764,#4763,#5587,.T.);
#3530=EDGE_CURVE('',#4764,#4765,#244,.F.);
#3531=EDGE_CURVE('',#4654,#4765,#5588,.T.);
#3532=EDGE_CURVE('',#4766,#4653,#5589,.T.);
#3533=EDGE_CURVE('',#4766,#4767,#245,.F.);
#3534=EDGE_CURVE('',#4768,#4767,#5590,.T.);
#3535=EDGE_CURVE('',#4768,#4769,#246,.F.);
#3536=EDGE_CURVE('',#4648,#4769,#5591,.T.);
#3537=EDGE_CURVE('',#4770,#4647,#5592,.T.);
#3538=EDGE_CURVE('',#4770,#4745,#247,.F.);
#3539=EDGE_CURVE('',#4714,#4713,#5593,.T.);
#3540=EDGE_CURVE('',#4715,#4712,#5594,.T.);
#3541=EDGE_CURVE('',#4771,#4771,#55,.F.);
#3542=EDGE_CURVE('',#4772,#4772,#56,.F.);
#3543=EDGE_CURVE('',#4773,#4773,#57,.F.);
#3544=EDGE_CURVE('',#4774,#4774,#58,.F.);
#3545=EDGE_CURVE('',#4775,#4776,#5595,.T.);
#3546=EDGE_CURVE('',#4777,#4775,#248,.T.);
#3547=EDGE_CURVE('',#4778,#4777,#5596,.T.);
#3548=EDGE_CURVE('',#4778,#4779,#249,.T.);
#3549=EDGE_CURVE('',#4780,#4779,#250,.T.);
#3550=EDGE_CURVE('',#4780,#4781,#5597,.T.);
#3551=EDGE_CURVE('',#4782,#4781,#251,.T.);
#3552=EDGE_CURVE('',#4782,#4783,#5598,.T.);
#3553=EDGE_CURVE('',#4783,#4784,#252,.T.);
#3554=EDGE_CURVE('',#4776,#4784,#253,.T.);
#3555=EDGE_CURVE('',#4693,#4775,#5599,.T.);
#3556=EDGE_CURVE('',#4692,#4777,#5600,.T.);
#3557=EDGE_CURVE('',#4694,#4776,#5601,.T.);
#3558=EDGE_CURVE('',#4695,#4784,#5602,.T.);
#3559=EDGE_CURVE('',#4696,#4783,#5603,.T.);
#3560=EDGE_CURVE('',#4697,#4782,#5604,.T.);
#3561=EDGE_CURVE('',#4698,#4781,#5605,.T.);
#3562=EDGE_CURVE('',#4699,#4780,#5606,.T.);
#3563=EDGE_CURVE('',#4700,#4779,#5607,.T.);
#3564=EDGE_CURVE('',#4701,#4778,#5608,.T.);
#3565=EDGE_CURVE('',#4785,#4785,#254,.F.);
#3566=EDGE_CURVE('',#4786,#4786,#255,.T.);
#3567=EDGE_CURVE('',#4787,#4787,#256,.F.);
#3568=EDGE_CURVE('',#4788,#4788,#257,.T.);
#3569=EDGE_CURVE('',#4705,#4789,#5609,.F.);
#3570=EDGE_CURVE('',#4789,#4790,#5610,.T.);
#3571=EDGE_CURVE('',#4790,#4706,#5611,.T.);
#3572=EDGE_CURVE('',#4704,#4791,#5612,.F.);
#3573=EDGE_CURVE('',#4791,#4792,#5613,.F.);
#3574=EDGE_CURVE('',#4792,#4703,#5614,.T.);
#3575=EDGE_CURVE('',#4751,#4793,#5615,.T.);
#3576=EDGE_CURVE('',#4793,#4794,#5616,.F.);
#3577=EDGE_CURVE('',#4794,#4710,#5617,.T.);
#3578=EDGE_CURVE('',#4709,#4752,#5618,.F.);
#3579=EDGE_CURVE('',#4707,#4795,#5619,.F.);
#3580=EDGE_CURVE('',#4795,#4796,#5620,.T.);
#3581=EDGE_CURVE('',#4796,#4708,#5621,.T.);
#3582=EDGE_CURVE('',#4589,#4674,#5622,.T.);
#3583=EDGE_CURVE('',#4674,#4793,#258,.T.);
#3584=EDGE_CURVE('',#4790,#4795,#259,.F.);
#3585=EDGE_CURVE('',#4794,#4791,#260,.F.);
#3586=EDGE_CURVE('',#4792,#4789,#261,.F.);
#3587=EDGE_CURVE('',#4796,#4687,#262,.F.);
#3588=EDGE_CURVE('',#4678,#4796,#263,.T.);
#3589=EDGE_CURVE('',#4679,#4795,#264,.T.);
#3590=EDGE_CURVE('',#4680,#4790,#265,.T.);
#3591=EDGE_CURVE('',#4681,#4789,#266,.T.);
#3592=EDGE_CURVE('',#4682,#4792,#267,.T.);
#3593=EDGE_CURVE('',#4683,#4791,#268,.T.);
#3594=EDGE_CURVE('',#4673,#4794,#269,.T.);
#3595=EDGE_CURVE('',#4797,#4797,#270,.T.);
#3596=EDGE_CURVE('',#4798,#4798,#271,.T.);
#3597=EDGE_CURVE('',#4300,#4799,#5623,.F.);
#3598=EDGE_CURVE('',#4800,#4799,#5624,.T.);
#3599=EDGE_CURVE('',#4800,#4301,#5625,.T.);
#3600=EDGE_CURVE('',#4298,#4801,#5626,.F.);
#3601=EDGE_CURVE('',#4802,#4801,#5627,.T.);
#3602=EDGE_CURVE('',#4802,#4299,#5628,.T.);
#3603=EDGE_CURVE('',#4309,#4803,#5629,.T.);
#3604=EDGE_CURVE('',#4308,#4804,#5630,.F.);
#3605=EDGE_CURVE('',#4804,#4803,#5631,.T.);
#3606=EDGE_CURVE('',#4805,#4806,#5632,.T.);
#3607=EDGE_CURVE('',#4806,#4307,#5633,.T.);
#3608=EDGE_CURVE('',#4306,#4805,#5634,.F.);
#3609=EDGE_CURVE('',#4304,#4807,#5635,.T.);
#3610=EDGE_CURVE('',#4807,#4808,#5636,.T.);
#3611=EDGE_CURVE('',#4808,#4305,#5637,.T.);
#3612=EDGE_CURVE('',#4311,#4809,#5638,.T.);
#3613=EDGE_CURVE('',#4809,#4810,#5639,.T.);
#3614=EDGE_CURVE('',#4811,#4810,#5640,.T.);
#3615=EDGE_CURVE('',#4803,#4811,#5641,.T.);
#3616=EDGE_CURVE('',#4804,#4806,#272,.T.);
#3617=EDGE_CURVE('',#4805,#4808,#273,.T.);
#3618=EDGE_CURVE('',#4807,#4812,#274,.T.);
#3619=EDGE_CURVE('',#4812,#4813,#5642,.T.);
#3620=EDGE_CURVE('',#4813,#4800,#275,.F.);
#3621=EDGE_CURVE('',#4799,#4802,#276,.T.);
#3622=EDGE_CURVE('',#4801,#4312,#277,.T.);
#3623=EDGE_CURVE('',#4814,#4814,#278,.T.);
#3624=EDGE_CURVE('',#4815,#4815,#279,.T.);
#3625=EDGE_CURVE('',#4816,#4816,#280,.T.);
#3626=EDGE_CURVE('',#4817,#4817,#281,.T.);
#3627=EDGE_CURVE('',#4302,#4813,#5643,.F.);
#3628=EDGE_CURVE('',#4812,#4303,#5644,.F.);
#3629=EDGE_CURVE('',#4289,#4818,#5645,.F.);
#3630=EDGE_CURVE('',#4818,#4691,#5646,.F.);
#3631=EDGE_CURVE('',#4287,#4819,#5647,.F.);
#3632=EDGE_CURVE('',#4819,#4820,#5648,.F.);
#3633=EDGE_CURVE('',#4820,#4288,#5649,.T.);
#3634=EDGE_CURVE('',#4689,#4821,#5650,.T.);
#3635=EDGE_CURVE('',#4821,#4822,#5651,.T.);
#3636=EDGE_CURVE('',#4822,#4688,#5652,.T.);
#3637=EDGE_CURVE('',#4820,#4818,#282,.T.);
#3638=EDGE_CURVE('',#4618,#4819,#283,.T.);
#3639=EDGE_CURVE('',#4618,#4822,#284,.T.);
#3640=EDGE_CURVE('',#4819,#4822,#285,.T.);
#3641=EDGE_CURVE('',#4820,#4821,#286,.T.);
#3642=EDGE_CURVE('',#4818,#4821,#287,.T.);
#3643=EDGE_CURVE('',#4823,#4823,#288,.T.);
#3644=EDGE_CURVE('',#4824,#4824,#289,.T.);
#3645=EDGE_CURVE('',#4530,#4825,#5653,.T.);
#3646=EDGE_CURVE('',#4565,#4825,#5654,.T.);
#3647=EDGE_CURVE('',#4566,#4826,#5655,.T.);
#3648=EDGE_CURVE('',#4826,#4750,#5656,.T.);
#3649=EDGE_CURVE('',#4540,#4749,#5657,.T.);
#3650=EDGE_CURVE('',#4827,#4539,#5658,.T.);
#3651=EDGE_CURVE('',#4828,#4827,#5659,.T.);
#3652=EDGE_CURVE('',#4828,#4532,#5660,.T.);
#3653=EDGE_CURVE('',#4556,#4829,#5661,.T.);
#3654=EDGE_CURVE('',#4830,#4555,#5662,.T.);
#3655=EDGE_CURVE('',#4830,#4595,#5663,.T.);
#3656=EDGE_CURVE('',#4596,#4831,#290,.F.);
#3657=EDGE_CURVE('',#4832,#4831,#5664,.T.);
#3658=EDGE_CURVE('',#4832,#4568,#291,.F.);
#3659=EDGE_CURVE('',#4567,#4829,#5665,.T.);
#3660=EDGE_CURVE('',#4685,#4588,#292,.T.);
#3661=EDGE_CURVE('',#4486,#4753,#5666,.T.);
#3662=EDGE_CURVE('',#4485,#4754,#5667,.T.);
#3663=EDGE_CURVE('',#4525,#4755,#5668,.T.);
#3664=EDGE_CURVE('',#4524,#4756,#5669,.T.);
#3665=EDGE_CURVE('',#4523,#4757,#5670,.T.);
#3666=EDGE_CURVE('',#4541,#4748,#5671,.T.);
#3667=EDGE_CURVE('',#4769,#4833,#5672,.F.);
#3668=EDGE_CURVE('',#4833,#4649,#5673,.F.);
#3669=EDGE_CURVE('',#4767,#4834,#5674,.F.);
#3670=EDGE_CURVE('',#4834,#4835,#5675,.F.);
#3671=EDGE_CURVE('',#4835,#4768,#5676,.T.);
#3672=EDGE_CURVE('',#4652,#4836,#5677,.F.);
#3673=EDGE_CURVE('',#4836,#4766,#5678,.T.);
#3674=EDGE_CURVE('',#4837,#4838,#5679,.T.);
#3675=EDGE_CURVE('',#4838,#4651,#5680,.T.);
#3676=EDGE_CURVE('',#4650,#4837,#5681,.T.);
#3677=EDGE_CURVE('',#4765,#4839,#5682,.F.);
#3678=EDGE_CURVE('',#4839,#4655,#5683,.F.);
#3679=EDGE_CURVE('',#4763,#4840,#5684,.F.);
#3680=EDGE_CURVE('',#4840,#4841,#5685,.F.);
#3681=EDGE_CURVE('',#4841,#4764,#5686,.T.);
#3682=EDGE_CURVE('',#4658,#4842,#5687,.F.);
#3683=EDGE_CURVE('',#4842,#4762,#5688,.T.);
#3684=EDGE_CURVE('',#4843,#4844,#5689,.T.);
#3685=EDGE_CURVE('',#4844,#4657,#5690,.T.);
#3686=EDGE_CURVE('',#4656,#4843,#5691,.T.);
#3687=EDGE_CURVE('',#4761,#4845,#5692,.F.);
#3688=EDGE_CURVE('',#4845,#4661,#5693,.F.);
#3689=EDGE_CURVE('',#4759,#4846,#5694,.F.);
#3690=EDGE_CURVE('',#4846,#4847,#5695,.F.);
#3691=EDGE_CURVE('',#4847,#4760,#5696,.T.);
#3692=EDGE_CURVE('',#4664,#4848,#5697,.F.);
#3693=EDGE_CURVE('',#4848,#4758,#5698,.T.);
#3694=EDGE_CURVE('',#4849,#4850,#5699,.T.);
#3695=EDGE_CURVE('',#4850,#4663,#5700,.T.);
#3696=EDGE_CURVE('',#4662,#4849,#5701,.T.);
#3697=EDGE_CURVE('',#4747,#4851,#5702,.F.);
#3698=EDGE_CURVE('',#4851,#4670,#5703,.T.);
#3699=EDGE_CURVE('',#4745,#4852,#5704,.F.);
#3700=EDGE_CURVE('',#4852,#4853,#5705,.T.);
#3701=EDGE_CURVE('',#4853,#4746,#5706,.T.);
#3702=EDGE_CURVE('',#4646,#4854,#5707,.F.);
#3703=EDGE_CURVE('',#4854,#4770,#5708,.T.);
#3704=EDGE_CURVE('',#4855,#4856,#5709,.F.);
#3705=EDGE_CURVE('',#4856,#4645,#5710,.T.);
#3706=EDGE_CURVE('',#4671,#4855,#5711,.F.);
#3707=EDGE_CURVE('',#4841,#4839,#293,.T.);
#3708=EDGE_CURVE('',#4847,#4845,#294,.T.);
#3709=EDGE_CURVE('',#4848,#4846,#295,.T.);
#3710=EDGE_CURVE('',#4842,#4840,#296,.T.);
#3711=EDGE_CURVE('',#4836,#4834,#297,.T.);
#3712=EDGE_CURVE('',#4853,#4851,#298,.T.);
#3713=EDGE_CURVE('',#4854,#4852,#299,.F.);
#3714=EDGE_CURVE('',#4835,#4833,#300,.T.);
#3715=EDGE_CURVE('',#4855,#4851,#301,.T.);
#3716=EDGE_CURVE('',#4855,#4853,#302,.T.);
#3717=EDGE_CURVE('',#4856,#4852,#303,.T.);
#3718=EDGE_CURVE('',#4856,#4854,#304,.T.);
#3719=EDGE_CURVE('',#4849,#4845,#305,.T.);
#3720=EDGE_CURVE('',#4849,#4847,#306,.T.);
#3721=EDGE_CURVE('',#4850,#4846,#307,.T.);
#3722=EDGE_CURVE('',#4850,#4848,#308,.T.);
#3723=EDGE_CURVE('',#4843,#4839,#309,.T.);
#3724=EDGE_CURVE('',#4843,#4841,#310,.T.);
#3725=EDGE_CURVE('',#4844,#4840,#311,.T.);
#3726=EDGE_CURVE('',#4844,#4842,#312,.T.);
#3727=EDGE_CURVE('',#4837,#4833,#313,.T.);
#3728=EDGE_CURVE('',#4837,#4835,#314,.T.);
#3729=EDGE_CURVE('',#4838,#4834,#315,.T.);
#3730=EDGE_CURVE('',#4838,#4836,#316,.T.);
#3731=EDGE_CURVE('',#4639,#4592,#317,.T.);
#3732=EDGE_CURVE('',#4826,#4633,#318,.T.);
#3733=EDGE_CURVE('',#4857,#4858,#5712,.F.);
#3734=EDGE_CURVE('',#4858,#4832,#5713,.F.);
#3735=EDGE_CURVE('',#4831,#4859,#5714,.F.);
#3736=EDGE_CURVE('',#4859,#4860,#5715,.F.);
#3737=EDGE_CURVE('',#4860,#4630,#5716,.F.);
#3738=EDGE_CURVE('',#4629,#4857,#5717,.F.);
#3739=EDGE_CURVE('',#4861,#4861,#319,.F.);
#3740=EDGE_CURVE('',#4862,#4862,#320,.F.);
#3741=EDGE_CURVE('',#4863,#4864,#5718,.F.);
#3742=EDGE_CURVE('',#4864,#4865,#5719,.F.);
#3743=EDGE_CURVE('',#4865,#4866,#5720,.T.);
#3744=EDGE_CURVE('',#4866,#4863,#5721,.T.);
#3745=EDGE_CURVE('',#4867,#4868,#5722,.F.);
#3746=EDGE_CURVE('',#4868,#4740,#5723,.T.);
#3747=EDGE_CURVE('',#4739,#4867,#5724,.F.);
#3748=EDGE_CURVE('',#4741,#4869,#5725,.F.);
#3749=EDGE_CURVE('',#4869,#4870,#5726,.T.);
#3750=EDGE_CURVE('',#4870,#4742,#5727,.T.);
#3751=EDGE_CURVE('',#4737,#4871,#5728,.F.);
#3752=EDGE_CURVE('',#4871,#4872,#5729,.F.);
#3753=EDGE_CURVE('',#4872,#4738,#5730,.T.);
#3754=EDGE_CURVE('',#4736,#4873,#5731,.F.);
#3755=EDGE_CURVE('',#4873,#4874,#5732,.T.);
#3756=EDGE_CURVE('',#4874,#4735,#5733,.T.);
#3757=EDGE_CURVE('',#4875,#4875,#321,.F.);
#3758=EDGE_CURVE('',#4876,#4877,#322,.T.);
#3759=EDGE_CURVE('',#4877,#4878,#5734,.F.);
#3760=EDGE_CURVE('',#4878,#4879,#323,.T.);
#3761=EDGE_CURVE('',#4879,#4880,#5735,.F.);
#3762=EDGE_CURVE('',#4880,#4881,#324,.T.);
#3763=EDGE_CURVE('',#4881,#4882,#5736,.F.);
#3764=EDGE_CURVE('',#4882,#4883,#325,.T.);
#3765=EDGE_CURVE('',#4883,#4876,#5737,.F.);
#3766=EDGE_CURVE('',#4728,#4884,#5738,.F.);
#3767=EDGE_CURVE('',#4884,#4885,#5739,.T.);
#3768=EDGE_CURVE('',#4885,#4729,#5740,.T.);
#3769=EDGE_CURVE('',#4730,#4886,#5741,.F.);
#3770=EDGE_CURVE('',#4886,#4887,#5742,.T.);
#3771=EDGE_CURVE('',#4887,#4731,#5743,.T.);
#3772=EDGE_CURVE('',#4732,#4888,#5744,.F.);
#3773=EDGE_CURVE('',#4888,#4889,#5745,.T.);
#3774=EDGE_CURVE('',#4889,#4733,#5746,.T.);
#3775=EDGE_CURVE('',#4727,#4890,#5747,.F.);
#3776=EDGE_CURVE('',#4890,#4891,#5748,.T.);
#3777=EDGE_CURVE('',#4891,#4726,#5749,.T.);
#3778=EDGE_CURVE('',#4889,#4890,#326,.F.);
#3779=EDGE_CURVE('',#4887,#4888,#327,.F.);
#3780=EDGE_CURVE('',#4885,#4886,#328,.F.);
#3781=EDGE_CURVE('',#4891,#4884,#329,.F.);
#3782=EDGE_CURVE('',#4882,#4886,#330,.T.);
#3783=EDGE_CURVE('',#4887,#4881,#331,.T.);
#3784=EDGE_CURVE('',#4888,#4880,#332,.T.);
#3785=EDGE_CURVE('',#4883,#4885,#333,.T.);
#3786=EDGE_CURVE('',#4889,#4879,#334,.T.);
#3787=EDGE_CURVE('',#4876,#4884,#335,.T.);
#3788=EDGE_CURVE('',#4890,#4878,#336,.T.);
#3789=EDGE_CURVE('',#4877,#4891,#337,.T.);
#3790=EDGE_CURVE('',#4588,#4675,#5750,.T.);
#3791=EDGE_CURVE('',#4871,#4874,#338,.T.);
#3792=EDGE_CURVE('',#4871,#4863,#339,.F.);
#3793=EDGE_CURVE('',#4863,#4874,#340,.F.);
#3794=EDGE_CURVE('',#4873,#4870,#341,.T.);
#3795=EDGE_CURVE('',#4864,#4873,#342,.T.);
#3796=EDGE_CURVE('',#4872,#4866,#343,.T.);
#3797=EDGE_CURVE('',#4867,#4872,#344,.T.);
#3798=EDGE_CURVE('',#4864,#4870,#345,.F.);
#3799=EDGE_CURVE('',#4867,#4866,#346,.F.);
#3800=EDGE_CURVE('',#4865,#4869,#347,.T.);
#3801=EDGE_CURVE('',#4868,#4865,#348,.T.);
#3802=EDGE_CURVE('',#4868,#4869,#349,.F.);
#3803=EDGE_CURVE('',#4635,#4627,#5751,.T.);
#3804=EDGE_CURVE('',#4636,#4628,#5752,.T.);
#3805=EDGE_CURVE('',#4631,#4638,#5753,.T.);
#3806=EDGE_CURVE('',#4632,#4637,#5754,.T.);
#3807=EDGE_CURVE('',#4860,#4638,#59,.T.);
#3808=EDGE_CURVE('',#4635,#4857,#60,.F.);
#3809=EDGE_CURVE('',#4858,#4633,#61,.T.);
#3810=EDGE_CURVE('',#4858,#4826,#62,.T.);
#3811=EDGE_CURVE('',#4859,#4592,#63,.F.);
#3812=EDGE_CURVE('',#4859,#4639,#64,.F.);
#3813=EDGE_CURVE('',#4892,#4892,#350,.T.);
#3814=EDGE_CURVE('',#4893,#4893,#351,.T.);
#3815=EDGE_CURVE('',#4894,#4894,#352,.T.);
#3816=EDGE_CURVE('',#4895,#4895,#353,.T.);
#3817=EDGE_CURVE('',#4896,#4897,#5755,.T.);
#3818=EDGE_CURVE('',#4896,#4550,#5756,.T.);
#3819=EDGE_CURVE('',#4549,#4898,#5757,.T.);
#3820=EDGE_CURVE('',#4899,#4898,#5758,.T.);
#3821=EDGE_CURVE('',#4899,#4547,#5759,.T.);
#3822=EDGE_CURVE('',#4614,#4900,#5760,.F.);
#3823=EDGE_CURVE('',#4900,#4598,#5761,.T.);
#3824=EDGE_CURVE('',#4901,#4597,#5762,.T.);
#3825=EDGE_CURVE('',#4901,#4580,#5763,.T.);
#3826=EDGE_CURVE('',#4897,#4579,#5764,.T.);
#3827=EDGE_CURVE('',#4900,#4605,#5765,.T.);
#3828=EDGE_CURVE('',#4601,#4599,#5766,.F.);
#3829=EDGE_CURVE('',#4612,#4902,#5767,.T.);
#3830=EDGE_CURVE('',#4902,#4503,#5768,.T.);
#3831=EDGE_CURVE('',#4903,#4511,#5769,.T.);
#3832=EDGE_CURVE('',#4613,#4903,#5770,.T.);
#3833=EDGE_CURVE('',#4904,#4903,#5771,.T.);
#3834=EDGE_CURVE('',#4905,#4904,#5772,.T.);
#3835=EDGE_CURVE('',#4906,#4905,#5773,.T.);
#3836=EDGE_CURVE('',#4907,#4906,#5774,.T.);
#3837=EDGE_CURVE('',#4907,#4908,#5775,.T.);
#3838=EDGE_CURVE('',#4908,#4909,#5776,.T.);
#3839=EDGE_CURVE('',#4909,#4910,#5777,.T.);
#3840=EDGE_CURVE('',#4902,#4910,#5778,.T.);
#3841=EDGE_CURVE('',#4907,#4507,#5779,.T.);
#3842=EDGE_CURVE('',#4906,#4508,#5780,.T.);
#3843=EDGE_CURVE('',#4908,#4506,#5781,.T.);
#3844=EDGE_CURVE('',#4909,#4505,#5782,.T.);
#3845=EDGE_CURVE('',#4910,#4504,#5783,.T.);
#3846=EDGE_CURVE('',#4904,#4510,#5784,.T.);
#3847=EDGE_CURVE('',#4905,#4509,#5785,.T.);
#3848=EDGE_CURVE('',#4911,#4350,#5786,.T.);
#3849=EDGE_CURVE('',#4911,#4912,#5787,.T.);
#3850=EDGE_CURVE('',#4912,#4351,#5788,.T.);
#3851=EDGE_CURVE('',#4913,#4349,#5789,.T.);
#3852=EDGE_CURVE('',#4913,#4911,#5790,.T.);
#3853=EDGE_CURVE('',#4914,#4358,#5791,.T.);
#3854=EDGE_CURVE('',#4914,#4913,#5792,.T.);
#3855=EDGE_CURVE('',#4915,#4357,#5793,.T.);
#3856=EDGE_CURVE('',#4915,#4914,#5794,.T.);
#3857=EDGE_CURVE('',#4916,#4356,#5795,.T.);
#3858=EDGE_CURVE('',#4916,#4915,#5796,.T.);
#3859=EDGE_CURVE('',#4917,#4355,#5797,.T.);
#3860=EDGE_CURVE('',#4917,#4916,#5798,.T.);
#3861=EDGE_CURVE('',#4918,#4354,#5799,.T.);
#3862=EDGE_CURVE('',#4918,#4917,#5800,.T.);
#3863=EDGE_CURVE('',#4919,#4353,#5801,.T.);
#3864=EDGE_CURVE('',#4919,#4918,#5802,.T.);
#3865=EDGE_CURVE('',#4920,#4352,#5803,.T.);
#3866=EDGE_CURVE('',#4920,#4919,#5804,.T.);
#3867=EDGE_CURVE('',#4912,#4920,#5805,.T.);
#3868=EDGE_CURVE('',#4921,#4360,#5806,.T.);
#3869=EDGE_CURVE('',#4921,#4922,#5807,.T.);
#3870=EDGE_CURVE('',#4922,#4361,#5808,.T.);
#3871=EDGE_CURVE('',#4923,#4359,#5809,.T.);
#3872=EDGE_CURVE('',#4923,#4921,#5810,.T.);
#3873=EDGE_CURVE('',#4924,#4368,#5811,.T.);
#3874=EDGE_CURVE('',#4924,#4923,#5812,.T.);
#3875=EDGE_CURVE('',#4925,#4367,#5813,.T.);
#3876=EDGE_CURVE('',#4925,#4924,#5814,.T.);
#3877=EDGE_CURVE('',#4926,#4366,#5815,.T.);
#3878=EDGE_CURVE('',#4926,#4925,#5816,.T.);
#3879=EDGE_CURVE('',#4927,#4365,#5817,.T.);
#3880=EDGE_CURVE('',#4927,#4926,#5818,.T.);
#3881=EDGE_CURVE('',#4928,#4364,#5819,.T.);
#3882=EDGE_CURVE('',#4928,#4927,#5820,.T.);
#3883=EDGE_CURVE('',#4929,#4363,#5821,.T.);
#3884=EDGE_CURVE('',#4929,#4928,#5822,.T.);
#3885=EDGE_CURVE('',#4930,#4362,#5823,.T.);
#3886=EDGE_CURVE('',#4930,#4929,#5824,.T.);
#3887=EDGE_CURVE('',#4922,#4930,#5825,.T.);
#3888=EDGE_CURVE('',#4931,#4370,#5826,.T.);
#3889=EDGE_CURVE('',#4931,#4932,#5827,.T.);
#3890=EDGE_CURVE('',#4932,#4371,#5828,.T.);
#3891=EDGE_CURVE('',#4933,#4369,#5829,.T.);
#3892=EDGE_CURVE('',#4933,#4931,#5830,.T.);
#3893=EDGE_CURVE('',#4934,#4378,#5831,.T.);
#3894=EDGE_CURVE('',#4934,#4933,#5832,.T.);
#3895=EDGE_CURVE('',#4935,#4377,#5833,.T.);
#3896=EDGE_CURVE('',#4935,#4934,#5834,.T.);
#3897=EDGE_CURVE('',#4936,#4376,#5835,.T.);
#3898=EDGE_CURVE('',#4936,#4935,#5836,.T.);
#3899=EDGE_CURVE('',#4937,#4375,#5837,.T.);
#3900=EDGE_CURVE('',#4937,#4936,#5838,.T.);
#3901=EDGE_CURVE('',#4938,#4374,#5839,.T.);
#3902=EDGE_CURVE('',#4938,#4937,#5840,.T.);
#3903=EDGE_CURVE('',#4939,#4373,#5841,.T.);
#3904=EDGE_CURVE('',#4939,#4938,#5842,.T.);
#3905=EDGE_CURVE('',#4940,#4372,#5843,.T.);
#3906=EDGE_CURVE('',#4940,#4939,#5844,.T.);
#3907=EDGE_CURVE('',#4932,#4940,#5845,.T.);
#3908=EDGE_CURVE('',#4941,#4339,#5846,.T.);
#3909=EDGE_CURVE('',#4942,#4941,#5847,.T.);
#3910=EDGE_CURVE('',#4942,#4338,#5848,.T.);
#3911=EDGE_CURVE('',#4943,#4347,#5849,.T.);
#3912=EDGE_CURVE('',#4941,#4943,#5850,.T.);
#3913=EDGE_CURVE('',#4944,#4346,#5851,.T.);
#3914=EDGE_CURVE('',#4943,#4944,#5852,.T.);
#3915=EDGE_CURVE('',#4945,#4345,#5853,.T.);
#3916=EDGE_CURVE('',#4944,#4945,#5854,.T.);
#3917=EDGE_CURVE('',#4946,#4344,#5855,.T.);
#3918=EDGE_CURVE('',#4945,#4946,#5856,.T.);
#3919=EDGE_CURVE('',#4947,#4343,#5857,.T.);
#3920=EDGE_CURVE('',#4946,#4947,#5858,.T.);
#3921=EDGE_CURVE('',#4948,#4342,#5859,.T.);
#3922=EDGE_CURVE('',#4947,#4948,#5860,.T.);
#3923=EDGE_CURVE('',#4949,#4341,#5861,.T.);
#3924=EDGE_CURVE('',#4948,#4949,#5862,.T.);
#3925=EDGE_CURVE('',#4950,#4340,#5863,.T.);
#3926=EDGE_CURVE('',#4949,#4950,#5864,.T.);
#3927=EDGE_CURVE('',#4950,#4942,#5865,.T.);
#3928=EDGE_CURVE('',#4951,#4380,#5866,.T.);
#3929=EDGE_CURVE('',#4951,#4952,#5867,.T.);
#3930=EDGE_CURVE('',#4952,#4381,#5868,.T.);
#3931=EDGE_CURVE('',#4953,#4379,#5869,.T.);
#3932=EDGE_CURVE('',#4953,#4951,#5870,.T.);
#3933=EDGE_CURVE('',#4954,#4388,#5871,.T.);
#3934=EDGE_CURVE('',#4954,#4953,#5872,.T.);
#3935=EDGE_CURVE('',#4955,#4387,#5873,.T.);
#3936=EDGE_CURVE('',#4954,#4955,#5874,.T.);
#3937=EDGE_CURVE('',#4956,#4386,#5875,.T.);
#3938=EDGE_CURVE('',#4955,#4956,#5876,.T.);
#3939=EDGE_CURVE('',#4957,#4385,#5877,.T.);
#3940=EDGE_CURVE('',#4957,#4956,#5878,.T.);
#3941=EDGE_CURVE('',#4958,#4384,#5879,.T.);
#3942=EDGE_CURVE('',#4958,#4957,#5880,.T.);
#3943=EDGE_CURVE('',#4959,#4383,#5881,.T.);
#3944=EDGE_CURVE('',#4959,#4958,#5882,.T.);
#3945=EDGE_CURVE('',#4960,#4382,#5883,.T.);
#3946=EDGE_CURVE('',#4960,#4959,#5884,.T.);
#3947=EDGE_CURVE('',#4952,#4960,#5885,.T.);
#3948=EDGE_CURVE('',#4961,#4607,#5886,.T.);
#3949=EDGE_CURVE('',#4961,#4962,#5887,.T.);
#3950=EDGE_CURVE('',#4963,#4962,#5888,.T.);
#3951=EDGE_CURVE('',#4964,#4963,#5889,.T.);
#3952=EDGE_CURVE('',#4965,#4964,#5890,.T.);
#3953=EDGE_CURVE('',#4966,#4965,#5891,.T.);
#3954=EDGE_CURVE('',#4966,#4608,#5892,.T.);
#3955=EDGE_CURVE('',#4961,#4498,#5893,.T.);
#3956=EDGE_CURVE('',#4966,#4493,#5894,.T.);
#3957=EDGE_CURVE('',#4965,#4494,#5895,.T.);
#3958=EDGE_CURVE('',#4964,#4495,#5896,.T.);
#3959=EDGE_CURVE('',#4963,#4496,#5897,.T.);
#3960=EDGE_CURVE('',#4962,#4497,#5898,.T.);
#3961=EDGE_CURVE('',#4967,#4548,#5899,.T.);
#3962=EDGE_CURVE('',#4898,#4967,#5900,.T.);
#3963=EDGE_CURVE('',#4967,#4899,#5901,.T.);
#3964=EDGE_CURVE('',#4610,#4968,#5902,.T.);
#3965=EDGE_CURVE('',#4968,#4421,#5903,.T.);
#3966=EDGE_CURVE('',#4969,#4429,#5904,.T.);
#3967=EDGE_CURVE('',#4969,#4611,#5905,.T.);
#3968=EDGE_CURVE('',#4970,#4969,#5906,.T.);
#3969=EDGE_CURVE('',#4971,#4970,#5907,.T.);
#3970=EDGE_CURVE('',#4972,#4971,#5908,.T.);
#3971=EDGE_CURVE('',#4973,#4972,#5909,.T.);
#3972=EDGE_CURVE('',#4974,#4973,#5910,.T.);
#3973=EDGE_CURVE('',#4975,#4974,#5911,.T.);
#3974=EDGE_CURVE('',#4976,#4975,#5912,.T.);
#3975=EDGE_CURVE('',#4968,#4976,#5913,.T.);
#3976=EDGE_CURVE('',#4974,#4424,#5914,.T.);
#3977=EDGE_CURVE('',#4973,#4425,#5915,.T.);
#3978=EDGE_CURVE('',#4975,#4423,#5916,.T.);
#3979=EDGE_CURVE('',#4976,#4422,#5917,.T.);
#3980=EDGE_CURVE('',#4970,#4428,#5918,.T.);
#3981=EDGE_CURVE('',#4971,#4427,#5919,.T.);
#3982=EDGE_CURVE('',#4972,#4426,#5920,.T.);
#3983=EDGE_CURVE('',#4977,#4390,#5921,.T.);
#3984=EDGE_CURVE('',#4977,#4978,#5922,.T.);
#3985=EDGE_CURVE('',#4978,#4391,#5923,.T.);
#3986=EDGE_CURVE('',#4979,#4389,#5924,.T.);
#3987=EDGE_CURVE('',#4979,#4977,#5925,.T.);
#3988=EDGE_CURVE('',#4980,#4398,#5926,.T.);
#3989=EDGE_CURVE('',#4980,#4979,#5927,.T.);
#3990=EDGE_CURVE('',#4981,#4397,#5928,.T.);
#3991=EDGE_CURVE('',#4981,#4980,#5929,.T.);
#3992=EDGE_CURVE('',#4982,#4396,#5930,.T.);
#3993=EDGE_CURVE('',#4982,#4981,#5931,.T.);
#3994=EDGE_CURVE('',#4983,#4395,#5932,.T.);
#3995=EDGE_CURVE('',#4983,#4982,#5933,.T.);
#3996=EDGE_CURVE('',#4984,#4394,#5934,.T.);
#3997=EDGE_CURVE('',#4984,#4983,#5935,.T.);
#3998=EDGE_CURVE('',#4985,#4393,#5936,.T.);
#3999=EDGE_CURVE('',#4985,#4984,#5937,.T.);
#4000=EDGE_CURVE('',#4986,#4392,#5938,.T.);
#4001=EDGE_CURVE('',#4986,#4985,#5939,.T.);
#4002=EDGE_CURVE('',#4978,#4986,#5940,.T.);
#4003=EDGE_CURVE('',#4987,#4400,#5941,.T.);
#4004=EDGE_CURVE('',#4987,#4988,#5942,.T.);
#4005=EDGE_CURVE('',#4988,#4401,#5943,.T.);
#4006=EDGE_CURVE('',#4989,#4399,#5944,.T.);
#4007=EDGE_CURVE('',#4989,#4987,#5945,.T.);
#4008=EDGE_CURVE('',#4990,#4408,#5946,.T.);
#4009=EDGE_CURVE('',#4990,#4989,#5947,.T.);
#4010=EDGE_CURVE('',#4991,#4407,#5948,.T.);
#4011=EDGE_CURVE('',#4991,#4990,#5949,.T.);
#4012=EDGE_CURVE('',#4992,#4406,#5950,.T.);
#4013=EDGE_CURVE('',#4992,#4991,#5951,.T.);
#4014=EDGE_CURVE('',#4993,#4405,#5952,.T.);
#4015=EDGE_CURVE('',#4993,#4992,#5953,.T.);
#4016=EDGE_CURVE('',#4994,#4404,#5954,.T.);
#4017=EDGE_CURVE('',#4994,#4993,#5955,.T.);
#4018=EDGE_CURVE('',#4995,#4403,#5956,.T.);
#4019=EDGE_CURVE('',#4995,#4994,#5957,.T.);
#4020=EDGE_CURVE('',#4996,#4402,#5958,.T.);
#4021=EDGE_CURVE('',#4996,#4995,#5959,.T.);
#4022=EDGE_CURVE('',#4988,#4996,#5960,.T.);
#4023=EDGE_CURVE('',#4997,#4329,#5961,.T.);
#4024=EDGE_CURVE('',#4998,#4997,#5962,.T.);
#4025=EDGE_CURVE('',#4998,#4328,#5963,.T.);
#4026=EDGE_CURVE('',#4999,#4337,#5964,.T.);
#4027=EDGE_CURVE('',#4997,#4999,#5965,.T.);
#4028=EDGE_CURVE('',#5000,#4336,#5966,.T.);
#4029=EDGE_CURVE('',#4999,#5000,#5967,.T.);
#4030=EDGE_CURVE('',#5001,#4335,#5968,.T.);
#4031=EDGE_CURVE('',#5000,#5001,#5969,.T.);
#4032=EDGE_CURVE('',#5002,#4334,#5970,.T.);
#4033=EDGE_CURVE('',#5001,#5002,#5971,.T.);
#4034=EDGE_CURVE('',#5003,#4333,#5972,.T.);
#4035=EDGE_CURVE('',#5002,#5003,#5973,.T.);
#4036=EDGE_CURVE('',#5004,#4332,#5974,.T.);
#4037=EDGE_CURVE('',#5003,#5004,#5975,.T.);
#4038=EDGE_CURVE('',#5005,#4331,#5976,.T.);
#4039=EDGE_CURVE('',#5004,#5005,#5977,.T.);
#4040=EDGE_CURVE('',#5006,#4330,#5978,.T.);
#4041=EDGE_CURVE('',#5005,#5006,#5979,.T.);
#4042=EDGE_CURVE('',#5006,#4998,#5980,.T.);
#4043=EDGE_CURVE('',#5007,#4410,#5981,.T.);
#4044=EDGE_CURVE('',#5007,#5008,#5982,.T.);
#4045=EDGE_CURVE('',#5008,#4411,#5983,.T.);
#4046=EDGE_CURVE('',#5009,#4409,#5984,.T.);
#4047=EDGE_CURVE('',#5009,#5007,#5985,.T.);
#4048=EDGE_CURVE('',#5010,#4418,#5986,.T.);
#4049=EDGE_CURVE('',#5010,#5009,#5987,.T.);
#4050=EDGE_CURVE('',#5011,#4417,#5988,.T.);
#4051=EDGE_CURVE('',#5010,#5011,#5989,.T.);
#4052=EDGE_CURVE('',#5012,#4416,#5990,.T.);
#4053=EDGE_CURVE('',#5011,#5012,#5991,.T.);
#4054=EDGE_CURVE('',#5013,#4415,#5992,.T.);
#4055=EDGE_CURVE('',#5013,#5012,#5993,.T.);
#4056=EDGE_CURVE('',#5014,#4414,#5994,.T.);
#4057=EDGE_CURVE('',#5014,#5013,#5995,.T.);
#4058=EDGE_CURVE('',#5015,#4413,#5996,.T.);
#4059=EDGE_CURVE('',#5015,#5014,#5997,.T.);
#4060=EDGE_CURVE('',#5016,#4412,#5998,.T.);
#4061=EDGE_CURVE('',#5016,#5015,#5999,.T.);
#4062=EDGE_CURVE('',#5008,#5016,#6000,.T.);
#4063=EDGE_CURVE('',#5017,#4604,#6001,.T.);
#4064=EDGE_CURVE('',#4600,#5017,#6002,.T.);
#4065=EDGE_CURVE('',#5017,#4490,#6003,.T.);
#4066=EDGE_CURVE('',#4584,#4901,#6004,.T.);
#4067=EDGE_CURVE('',#4583,#5018,#6005,.T.);
#4068=EDGE_CURVE('',#5018,#4577,#6006,.T.);
#4069=EDGE_CURVE('',#5019,#4896,#6007,.T.);
#4070=EDGE_CURVE('',#5019,#4551,#6008,.T.);
#4071=EDGE_CURVE('',#5020,#4578,#6009,.T.);
#4072=EDGE_CURVE('',#5020,#4897,#6010,.T.);
#4073=EDGE_CURVE('',#4830,#5021,#6011,.T.);
#4074=EDGE_CURVE('',#5021,#5022,#6012,.T.);
#4075=EDGE_CURVE('',#5023,#5022,#6013,.T.);
#4076=EDGE_CURVE('',#5019,#5023,#6014,.T.);
#4077=EDGE_CURVE('',#5018,#5020,#6015,.T.);
#4078=EDGE_CURVE('',#5021,#4554,#6016,.T.);
#4079=EDGE_CURVE('',#5022,#4553,#6017,.T.);
#4080=EDGE_CURVE('',#5023,#4552,#6018,.T.);
#4081=EDGE_CURVE('',#5024,#4431,#6019,.T.);
#4082=EDGE_CURVE('',#5024,#5025,#6020,.T.);
#4083=EDGE_CURVE('',#5025,#4432,#6021,.T.);
#4084=EDGE_CURVE('',#5026,#4430,#6022,.T.);
#4085=EDGE_CURVE('',#5026,#5024,#6023,.T.);
#4086=EDGE_CURVE('',#5027,#4439,#6024,.T.);
#4087=EDGE_CURVE('',#5027,#5026,#6025,.T.);
#4088=EDGE_CURVE('',#5028,#4438,#6026,.T.);
#4089=EDGE_CURVE('',#5028,#5027,#6027,.T.);
#4090=EDGE_CURVE('',#5029,#4437,#6028,.T.);
#4091=EDGE_CURVE('',#5029,#5028,#6029,.T.);
#4092=EDGE_CURVE('',#5030,#4436,#6030,.T.);
#4093=EDGE_CURVE('',#5030,#5029,#6031,.T.);
#4094=EDGE_CURVE('',#5031,#4435,#6032,.T.);
#4095=EDGE_CURVE('',#5031,#5030,#6033,.T.);
#4096=EDGE_CURVE('',#5032,#4434,#6034,.T.);
#4097=EDGE_CURVE('',#5032,#5031,#6035,.T.);
#4098=EDGE_CURVE('',#5033,#4433,#6036,.T.);
#4099=EDGE_CURVE('',#5033,#5032,#6037,.T.);
#4100=EDGE_CURVE('',#5025,#5033,#6038,.T.);
#4101=EDGE_CURVE('',#5034,#4441,#6039,.T.);
#4102=EDGE_CURVE('',#5034,#5035,#6040,.T.);
#4103=EDGE_CURVE('',#5035,#4442,#6041,.T.);
#4104=EDGE_CURVE('',#5036,#4440,#6042,.T.);
#4105=EDGE_CURVE('',#5036,#5034,#6043,.T.);
#4106=EDGE_CURVE('',#5037,#4449,#6044,.T.);
#4107=EDGE_CURVE('',#5037,#5036,#6045,.T.);
#4108=EDGE_CURVE('',#5038,#4448,#6046,.T.);
#4109=EDGE_CURVE('',#5038,#5037,#6047,.T.);
#4110=EDGE_CURVE('',#5039,#4447,#6048,.T.);
#4111=EDGE_CURVE('',#5039,#5038,#6049,.T.);
#4112=EDGE_CURVE('',#5040,#4446,#6050,.T.);
#4113=EDGE_CURVE('',#5040,#5039,#6051,.T.);
#4114=EDGE_CURVE('',#5041,#4445,#6052,.T.);
#4115=EDGE_CURVE('',#5041,#5040,#6053,.T.);
#4116=EDGE_CURVE('',#5042,#4444,#6054,.T.);
#4117=EDGE_CURVE('',#5042,#5041,#6055,.T.);
#4118=EDGE_CURVE('',#5043,#4443,#6056,.T.);
#4119=EDGE_CURVE('',#5043,#5042,#6057,.T.);
#4120=EDGE_CURVE('',#5035,#5043,#6058,.T.);
#4121=EDGE_CURVE('',#5044,#4451,#6059,.T.);
#4122=EDGE_CURVE('',#5044,#5045,#6060,.T.);
#4123=EDGE_CURVE('',#5045,#4452,#6061,.T.);
#4124=EDGE_CURVE('',#5046,#4450,#6062,.T.);
#4125=EDGE_CURVE('',#5046,#5044,#6063,.T.);
#4126=EDGE_CURVE('',#5047,#4459,#6064,.T.);
#4127=EDGE_CURVE('',#5047,#5046,#6065,.T.);
#4128=EDGE_CURVE('',#5048,#4458,#6066,.T.);
#4129=EDGE_CURVE('',#5048,#5047,#6067,.T.);
#4130=EDGE_CURVE('',#5049,#4457,#6068,.T.);
#4131=EDGE_CURVE('',#5049,#5048,#6069,.T.);
#4132=EDGE_CURVE('',#5050,#4456,#6070,.T.);
#4133=EDGE_CURVE('',#5050,#5049,#6071,.T.);
#4134=EDGE_CURVE('',#5051,#4455,#6072,.T.);
#4135=EDGE_CURVE('',#5051,#5050,#6073,.T.);
#4136=EDGE_CURVE('',#5052,#4454,#6074,.T.);
#4137=EDGE_CURVE('',#5052,#5051,#6075,.T.);
#4138=EDGE_CURVE('',#5053,#4453,#6076,.T.);
#4139=EDGE_CURVE('',#5053,#5052,#6077,.T.);
#4140=EDGE_CURVE('',#5045,#5053,#6078,.T.);
#4141=EDGE_CURVE('',#4575,#5054,#6079,.T.);
#4142=EDGE_CURVE('',#5054,#4528,#6080,.T.);
#4143=EDGE_CURVE('',#5055,#4482,#6081,.T.);
#4144=EDGE_CURVE('',#5055,#4569,#6082,.T.);
#4145=EDGE_CURVE('',#5056,#4481,#6083,.T.);
#4146=EDGE_CURVE('',#5056,#5055,#6084,.T.);
#4147=EDGE_CURVE('',#5057,#4529,#6085,.T.);
#4148=EDGE_CURVE('',#5057,#5056,#6086,.T.);
#4149=EDGE_CURVE('',#5054,#5057,#6087,.T.);
#4150=EDGE_CURVE('',#5058,#4531,#6088,.T.);
#4151=EDGE_CURVE('',#4825,#5058,#6089,.T.);
#4152=EDGE_CURVE('',#5058,#5059,#6090,.T.);
#4153=EDGE_CURVE('',#5059,#5060,#6091,.T.);
#4154=EDGE_CURVE('',#5061,#5060,#6092,.T.);
#4155=EDGE_CURVE('',#5062,#5061,#6093,.T.);
#4156=EDGE_CURVE('',#5062,#4829,#6094,.T.);
#4157=EDGE_CURVE('',#5059,#4560,#6095,.T.);
#4158=EDGE_CURVE('',#5060,#4559,#6096,.T.);
#4159=EDGE_CURVE('',#5061,#4558,#6097,.T.);
#4160=EDGE_CURVE('',#5062,#4557,#6098,.T.);
#4161=EDGE_CURVE('',#5063,#4828,#6099,.T.);
#4162=EDGE_CURVE('',#5063,#4533,#6100,.T.);
#4163=EDGE_CURVE('',#5064,#4538,#6101,.T.);
#4164=EDGE_CURVE('',#5064,#4827,#6102,.T.);
#4165=EDGE_CURVE('',#5065,#5064,#6103,.T.);
#4166=EDGE_CURVE('',#5066,#5065,#6104,.T.);
#4167=EDGE_CURVE('',#5067,#5066,#6105,.T.);
#4168=EDGE_CURVE('',#5068,#5067,#6106,.T.);
#4169=EDGE_CURVE('',#5068,#5063,#6107,.T.);
#4170=EDGE_CURVE('',#5066,#4536,#6108,.T.);
#4171=EDGE_CURVE('',#5065,#4537,#6109,.T.);
#4172=EDGE_CURVE('',#5067,#4535,#6110,.T.);
#4173=EDGE_CURVE('',#5068,#4534,#6111,.T.);
#4174=EDGE_CURVE('',#4563,#5069,#6112,.T.);
#4175=EDGE_CURVE('',#5069,#4472,#6113,.T.);
#4176=EDGE_CURVE('',#5070,#4480,#6114,.T.);
#4177=EDGE_CURVE('',#5070,#4564,#6115,.T.);
#4178=EDGE_CURVE('',#5071,#5070,#6116,.T.);
#4179=EDGE_CURVE('',#5072,#5071,#6117,.T.);
#4180=EDGE_CURVE('',#5073,#5072,#6118,.T.);
#4181=EDGE_CURVE('',#5074,#5073,#6119,.T.);
#4182=EDGE_CURVE('',#5075,#5074,#6120,.T.);
#4183=EDGE_CURVE('',#5076,#5075,#6121,.T.);
#4184=EDGE_CURVE('',#5077,#5076,#6122,.T.);
#4185=EDGE_CURVE('',#5069,#5077,#6123,.T.);
#4186=EDGE_CURVE('',#5075,#4475,#6124,.T.);
#4187=EDGE_CURVE('',#5074,#4476,#6125,.T.);
#4188=EDGE_CURVE('',#5076,#4474,#6126,.T.);
#4189=EDGE_CURVE('',#5077,#4473,#6127,.T.);
#4190=EDGE_CURVE('',#5071,#4479,#6128,.T.);
#4191=EDGE_CURVE('',#5072,#4478,#6129,.T.);
#4192=EDGE_CURVE('',#5073,#4477,#6130,.T.);
#4193=EDGE_CURVE('',#5078,#4461,#6131,.T.);
#4194=EDGE_CURVE('',#5078,#5079,#6132,.T.);
#4195=EDGE_CURVE('',#5079,#4462,#6133,.T.);
#4196=EDGE_CURVE('',#5080,#4460,#6134,.T.);
#4197=EDGE_CURVE('',#5080,#5078,#6135,.T.);
#4198=EDGE_CURVE('',#5081,#4469,#6136,.T.);
#4199=EDGE_CURVE('',#5081,#5080,#6137,.T.);
#4200=EDGE_CURVE('',#5082,#4468,#6138,.T.);
#4201=EDGE_CURVE('',#5082,#5081,#6139,.T.);
#4202=EDGE_CURVE('',#5083,#4467,#6140,.T.);
#4203=EDGE_CURVE('',#5083,#5082,#6141,.T.);
#4204=EDGE_CURVE('',#5084,#4466,#6142,.T.);
#4205=EDGE_CURVE('',#5084,#5083,#6143,.T.);
#4206=EDGE_CURVE('',#5085,#4465,#6144,.T.);
#4207=EDGE_CURVE('',#5085,#5084,#6145,.T.);
#4208=EDGE_CURVE('',#5086,#4464,#6146,.T.);
#4209=EDGE_CURVE('',#5086,#5085,#6147,.T.);
#4210=EDGE_CURVE('',#5087,#4463,#6148,.T.);
#4211=EDGE_CURVE('',#5087,#5086,#6149,.T.);
#4212=EDGE_CURVE('',#5079,#5087,#6150,.T.);
#4213=EDGE_CURVE('',#5088,#4259,#6151,.T.);
#4214=EDGE_CURVE('',#5089,#5088,#6152,.T.);
#4215=EDGE_CURVE('',#5089,#4258,#6153,.T.);
#4216=EDGE_CURVE('',#5090,#4263,#6154,.T.);
#4217=EDGE_CURVE('',#5088,#5090,#6155,.T.);
#4218=EDGE_CURVE('',#5091,#4262,#6156,.T.);
#4219=EDGE_CURVE('',#5090,#5091,#6157,.T.);
#4220=EDGE_CURVE('',#5092,#4261,#6158,.T.);
#4221=EDGE_CURVE('',#5091,#5092,#6159,.T.);
#4222=EDGE_CURVE('',#5093,#4260,#6160,.T.);
#4223=EDGE_CURVE('',#5092,#5093,#6161,.T.);
#4224=EDGE_CURVE('',#5093,#5089,#6162,.T.);
#4225=EDGE_CURVE('',#5094,#4249,#6163,.T.);
#4226=EDGE_CURVE('',#5095,#5094,#6164,.T.);
#4227=EDGE_CURVE('',#5095,#4248,#6165,.T.);
#4228=EDGE_CURVE('',#5096,#4257,#6166,.T.);
#4229=EDGE_CURVE('',#5094,#5096,#6167,.T.);
#4230=EDGE_CURVE('',#5097,#4256,#6168,.T.);
#4231=EDGE_CURVE('',#5096,#5097,#6169,.T.);
#4232=EDGE_CURVE('',#5098,#4255,#6170,.T.);
#4233=EDGE_CURVE('',#5097,#5098,#6171,.T.);
#4234=EDGE_CURVE('',#5099,#4254,#6172,.T.);
#4235=EDGE_CURVE('',#5098,#5099,#6173,.T.);
#4236=EDGE_CURVE('',#5100,#4253,#6174,.T.);
#4237=EDGE_CURVE('',#5099,#5100,#6175,.T.);
#4238=EDGE_CURVE('',#5101,#4252,#6176,.T.);
#4239=EDGE_CURVE('',#5100,#5101,#6177,.T.);
#4240=EDGE_CURVE('',#5102,#4251,#6178,.T.);
#4241=EDGE_CURVE('',#5101,#5102,#6179,.T.);
#4242=EDGE_CURVE('',#5103,#4250,#6180,.T.);
#4243=EDGE_CURVE('',#5102,#5103,#6181,.T.);
#4244=EDGE_CURVE('',#5103,#5095,#6182,.T.);
#4245=EDGE_CURVE('',#4809,#4295,#6183,.T.);
#4246=EDGE_CURVE('',#4810,#4294,#6184,.T.);
#4247=EDGE_CURVE('',#4811,#4310,#6185,.T.);
#4248=VERTEX_POINT('',#12496);
#4249=VERTEX_POINT('',#12497);
#4250=VERTEX_POINT('',#12499);
#4251=VERTEX_POINT('',#12501);
#4252=VERTEX_POINT('',#12503);
#4253=VERTEX_POINT('',#12505);
#4254=VERTEX_POINT('',#12507);
#4255=VERTEX_POINT('',#12509);
#4256=VERTEX_POINT('',#12511);
#4257=VERTEX_POINT('',#12513);
#4258=VERTEX_POINT('',#12516);
#4259=VERTEX_POINT('',#12517);
#4260=VERTEX_POINT('',#12519);
#4261=VERTEX_POINT('',#12521);
#4262=VERTEX_POINT('',#12523);
#4263=VERTEX_POINT('',#12525);
#4264=VERTEX_POINT('',#12528);
#4265=VERTEX_POINT('',#12530);
#4266=VERTEX_POINT('',#12531);
#4267=VERTEX_POINT('',#12533);
#4268=VERTEX_POINT('',#12535);
#4269=VERTEX_POINT('',#12537);
#4270=VERTEX_POINT('',#12539);
#4271=VERTEX_POINT('',#12541);
#4272=VERTEX_POINT('',#12543);
#4273=VERTEX_POINT('',#12545);
#4274=VERTEX_POINT('',#12547);
#4275=VERTEX_POINT('',#12549);
#4276=VERTEX_POINT('',#12551);
#4277=VERTEX_POINT('',#12554);
#4278=VERTEX_POINT('',#12556);
#4279=VERTEX_POINT('',#12557);
#4280=VERTEX_POINT('',#12559);
#4281=VERTEX_POINT('',#12561);
#4282=VERTEX_POINT('',#12563);
#4283=VERTEX_POINT('',#12565);
#4284=VERTEX_POINT('',#12567);
#4285=VERTEX_POINT('',#12569);
#4286=VERTEX_POINT('',#12571);
#4287=VERTEX_POINT('',#12573);
#4288=VERTEX_POINT('',#12575);
#4289=VERTEX_POINT('',#12577);
#4290=VERTEX_POINT('',#12579);
#4291=VERTEX_POINT('',#12581);
#4292=VERTEX_POINT('',#12583);
#4293=VERTEX_POINT('',#12585);
#4294=VERTEX_POINT('',#12588);
#4295=VERTEX_POINT('',#12589);
#4296=VERTEX_POINT('',#12591);
#4297=VERTEX_POINT('',#12593);
#4298=VERTEX_POINT('',#12595);
#4299=VERTEX_POINT('',#12597);
#4300=VERTEX_POINT('',#12599);
#4301=VERTEX_POINT('',#12601);
#4302=VERTEX_POINT('',#12603);
#4303=VERTEX_POINT('',#12605);
#4304=VERTEX_POINT('',#12607);
#4305=VERTEX_POINT('',#12609);
#4306=VERTEX_POINT('',#12611);
#4307=VERTEX_POINT('',#12613);
#4308=VERTEX_POINT('',#12615);
#4309=VERTEX_POINT('',#12617);
#4310=VERTEX_POINT('',#12619);
#4311=VERTEX_POINT('',#12623);
#4312=VERTEX_POINT('',#12625);
#4313=VERTEX_POINT('',#12629);
#4314=VERTEX_POINT('',#12631);
#4315=VERTEX_POINT('',#12632);
#4316=VERTEX_POINT('',#12637);
#4317=VERTEX_POINT('',#12641);
#4318=VERTEX_POINT('',#12643);
#4319=VERTEX_POINT('',#12647);
#4320=VERTEX_POINT('',#12653);
#4321=VERTEX_POINT('',#12657);
#4322=VERTEX_POINT('',#12661);
#4323=VERTEX_POINT('',#12665);
#4324=VERTEX_POINT('',#12669);
#4325=VERTEX_POINT('',#12673);
#4326=VERTEX_POINT('',#12680);
#4327=VERTEX_POINT('',#12682);
#4328=VERTEX_POINT('',#12686);
#4329=VERTEX_POINT('',#12687);
#4330=VERTEX_POINT('',#12689);
#4331=VERTEX_POINT('',#12691);
#4332=VERTEX_POINT('',#12693);
#4333=VERTEX_POINT('',#12695);
#4334=VERTEX_POINT('',#12697);
#4335=VERTEX_POINT('',#12699);
#4336=VERTEX_POINT('',#12701);
#4337=VERTEX_POINT('',#12703);
#4338=VERTEX_POINT('',#12706);
#4339=VERTEX_POINT('',#12707);
#4340=VERTEX_POINT('',#12709);
#4341=VERTEX_POINT('',#12711);
#4342=VERTEX_POINT('',#12713);
#4343=VERTEX_POINT('',#12715);
#4344=VERTEX_POINT('',#12717);
#4345=VERTEX_POINT('',#12719);
#4346=VERTEX_POINT('',#12721);
#4347=VERTEX_POINT('',#12723);
#4348=VERTEX_POINT('',#12726);
#4349=VERTEX_POINT('',#12728);
#4350=VERTEX_POINT('',#12729);
#4351=VERTEX_POINT('',#12731);
#4352=VERTEX_POINT('',#12733);
#4353=VERTEX_POINT('',#12735);
#4354=VERTEX_POINT('',#12737);
#4355=VERTEX_POINT('',#12739);
#4356=VERTEX_POINT('',#12741);
#4357=VERTEX_POINT('',#12743);
#4358=VERTEX_POINT('',#12745);
#4359=VERTEX_POINT('',#12748);
#4360=VERTEX_POINT('',#12749);
#4361=VERTEX_POINT('',#12751);
#4362=VERTEX_POINT('',#12753);
#4363=VERTEX_POINT('',#12755);
#4364=VERTEX_POINT('',#12757);
#4365=VERTEX_POINT('',#12759);
#4366=VERTEX_POINT('',#12761);
#4367=VERTEX_POINT('',#12763);
#4368=VERTEX_POINT('',#12765);
#4369=VERTEX_POINT('',#12768);
#4370=VERTEX_POINT('',#12769);
#4371=VERTEX_POINT('',#12771);
#4372=VERTEX_POINT('',#12773);
#4373=VERTEX_POINT('',#12775);
#4374=VERTEX_POINT('',#12777);
#4375=VERTEX_POINT('',#12779);
#4376=VERTEX_POINT('',#12781);
#4377=VERTEX_POINT('',#12783);
#4378=VERTEX_POINT('',#12785);
#4379=VERTEX_POINT('',#12788);
#4380=VERTEX_POINT('',#12789);
#4381=VERTEX_POINT('',#12791);
#4382=VERTEX_POINT('',#12793);
#4383=VERTEX_POINT('',#12795);
#4384=VERTEX_POINT('',#12797);
#4385=VERTEX_POINT('',#12799);
#4386=VERTEX_POINT('',#12801);
#4387=VERTEX_POINT('',#12803);
#4388=VERTEX_POINT('',#12805);
#4389=VERTEX_POINT('',#12808);
#4390=VERTEX_POINT('',#12809);
#4391=VERTEX_POINT('',#12811);
#4392=VERTEX_POINT('',#12813);
#4393=VERTEX_POINT('',#12815);
#4394=VERTEX_POINT('',#12817);
#4395=VERTEX_POINT('',#12819);
#4396=VERTEX_POINT('',#12821);
#4397=VERTEX_POINT('',#12823);
#4398=VERTEX_POINT('',#12825);
#4399=VERTEX_POINT('',#12828);
#4400=VERTEX_POINT('',#12829);
#4401=VERTEX_POINT('',#12831);
#4402=VERTEX_POINT('',#12833);
#4403=VERTEX_POINT('',#12835);
#4404=VERTEX_POINT('',#12837);
#4405=VERTEX_POINT('',#12839);
#4406=VERTEX_POINT('',#12841);
#4407=VERTEX_POINT('',#12843);
#4408=VERTEX_POINT('',#12845);
#4409=VERTEX_POINT('',#12848);
#4410=VERTEX_POINT('',#12849);
#4411=VERTEX_POINT('',#12851);
#4412=VERTEX_POINT('',#12853);
#4413=VERTEX_POINT('',#12855);
#4414=VERTEX_POINT('',#12857);
#4415=VERTEX_POINT('',#12859);
#4416=VERTEX_POINT('',#12861);
#4417=VERTEX_POINT('',#12863);
#4418=VERTEX_POINT('',#12865);
#4419=VERTEX_POINT('',#12868);
#4420=VERTEX_POINT('',#12869);
#4421=VERTEX_POINT('',#12871);
#4422=VERTEX_POINT('',#12873);
#4423=VERTEX_POINT('',#12875);
#4424=VERTEX_POINT('',#12877);
#4425=VERTEX_POINT('',#12879);
#4426=VERTEX_POINT('',#12881);
#4427=VERTEX_POINT('',#12883);
#4428=VERTEX_POINT('',#12885);
#4429=VERTEX_POINT('',#12887);
#4430=VERTEX_POINT('',#12890);
#4431=VERTEX_POINT('',#12891);
#4432=VERTEX_POINT('',#12893);
#4433=VERTEX_POINT('',#12895);
#4434=VERTEX_POINT('',#12897);
#4435=VERTEX_POINT('',#12899);
#4436=VERTEX_POINT('',#12901);
#4437=VERTEX_POINT('',#12903);
#4438=VERTEX_POINT('',#12905);
#4439=VERTEX_POINT('',#12907);
#4440=VERTEX_POINT('',#12910);
#4441=VERTEX_POINT('',#12911);
#4442=VERTEX_POINT('',#12913);
#4443=VERTEX_POINT('',#12915);
#4444=VERTEX_POINT('',#12917);
#4445=VERTEX_POINT('',#12919);
#4446=VERTEX_POINT('',#12921);
#4447=VERTEX_POINT('',#12923);
#4448=VERTEX_POINT('',#12925);
#4449=VERTEX_POINT('',#12927);
#4450=VERTEX_POINT('',#12930);
#4451=VERTEX_POINT('',#12931);
#4452=VERTEX_POINT('',#12933);
#4453=VERTEX_POINT('',#12935);
#4454=VERTEX_POINT('',#12937);
#4455=VERTEX_POINT('',#12939);
#4456=VERTEX_POINT('',#12941);
#4457=VERTEX_POINT('',#12943);
#4458=VERTEX_POINT('',#12945);
#4459=VERTEX_POINT('',#12947);
#4460=VERTEX_POINT('',#12950);
#4461=VERTEX_POINT('',#12951);
#4462=VERTEX_POINT('',#12953);
#4463=VERTEX_POINT('',#12955);
#4464=VERTEX_POINT('',#12957);
#4465=VERTEX_POINT('',#12959);
#4466=VERTEX_POINT('',#12961);
#4467=VERTEX_POINT('',#12963);
#4468=VERTEX_POINT('',#12965);
#4469=VERTEX_POINT('',#12967);
#4470=VERTEX_POINT('',#12970);
#4471=VERTEX_POINT('',#12971);
#4472=VERTEX_POINT('',#12973);
#4473=VERTEX_POINT('',#12975);
#4474=VERTEX_POINT('',#12977);
#4475=VERTEX_POINT('',#12979);
#4476=VERTEX_POINT('',#12981);
#4477=VERTEX_POINT('',#12983);
#4478=VERTEX_POINT('',#12985);
#4479=VERTEX_POINT('',#12987);
#4480=VERTEX_POINT('',#12989);
#4481=VERTEX_POINT('',#12992);
#4482=VERTEX_POINT('',#12993);
#4483=VERTEX_POINT('',#12995);
#4484=VERTEX_POINT('',#12997);
#4485=VERTEX_POINT('',#12999);
#4486=VERTEX_POINT('',#13001);
#4487=VERTEX_POINT('',#13003);
#4488=VERTEX_POINT('',#13005);
#4489=VERTEX_POINT('',#13007);
#4490=VERTEX_POINT('',#13009);
#4491=VERTEX_POINT('',#13011);
#4492=VERTEX_POINT('',#13013);
#4493=VERTEX_POINT('',#13015);
#4494=VERTEX_POINT('',#13017);
#4495=VERTEX_POINT('',#13019);
#4496=VERTEX_POINT('',#13021);
#4497=VERTEX_POINT('',#13023);
#4498=VERTEX_POINT('',#13025);
#4499=VERTEX_POINT('',#13027);
#4500=VERTEX_POINT('',#13029);
#4501=VERTEX_POINT('',#13031);
#4502=VERTEX_POINT('',#13033);
#4503=VERTEX_POINT('',#13035);
#4504=VERTEX_POINT('',#13037);
#4505=VERTEX_POINT('',#13039);
#4506=VERTEX_POINT('',#13041);
#4507=VERTEX_POINT('',#13043);
#4508=VERTEX_POINT('',#13045);
#4509=VERTEX_POINT('',#13047);
#4510=VERTEX_POINT('',#13049);
#4511=VERTEX_POINT('',#13051);
#4512=VERTEX_POINT('',#13053);
#4513=VERTEX_POINT('',#13055);
#4514=VERTEX_POINT('',#13059);
#4515=VERTEX_POINT('',#13061);
#4516=VERTEX_POINT('',#13063);
#4517=VERTEX_POINT('',#13065);
#4518=VERTEX_POINT('',#13067);
#4519=VERTEX_POINT('',#13069);
#4520=VERTEX_POINT('',#13071);
#4521=VERTEX_POINT('',#13073);
#4522=VERTEX_POINT('',#13075);
#4523=VERTEX_POINT('',#13077);
#4524=VERTEX_POINT('',#13079);
#4525=VERTEX_POINT('',#13081);
#4526=VERTEX_POINT('',#13083);
#4527=VERTEX_POINT('',#13085);
#4528=VERTEX_POINT('',#13087);
#4529=VERTEX_POINT('',#13089);
#4530=VERTEX_POINT('',#13093);
#4531=VERTEX_POINT('',#13094);
#4532=VERTEX_POINT('',#13096);
#4533=VERTEX_POINT('',#13098);
#4534=VERTEX_POINT('',#13100);
#4535=VERTEX_POINT('',#13102);
#4536=VERTEX_POINT('',#13104);
#4537=VERTEX_POINT('',#13106);
#4538=VERTEX_POINT('',#13108);
#4539=VERTEX_POINT('',#13110);
#4540=VERTEX_POINT('',#13112);
#4541=VERTEX_POINT('',#13114);
#4542=VERTEX_POINT('',#13116);
#4543=VERTEX_POINT('',#13118);
#4544=VERTEX_POINT('',#13120);
#4545=VERTEX_POINT('',#13122);
#4546=VERTEX_POINT('',#13124);
#4547=VERTEX_POINT('',#13126);
#4548=VERTEX_POINT('',#13128);
#4549=VERTEX_POINT('',#13130);
#4550=VERTEX_POINT('',#13132);
#4551=VERTEX_POINT('',#13134);
#4552=VERTEX_POINT('',#13136);
#4553=VERTEX_POINT('',#13138);
#4554=VERTEX_POINT('',#13140);
#4555=VERTEX_POINT('',#13142);
#4556=VERTEX_POINT('',#13144);
#4557=VERTEX_POINT('',#13146);
#4558=VERTEX_POINT('',#13148);
#4559=VERTEX_POINT('',#13150);
#4560=VERTEX_POINT('',#13152);
#4561=VERTEX_POINT('',#13155);
#4562=VERTEX_POINT('',#13158);
#4563=VERTEX_POINT('',#13160);
#4564=VERTEX_POINT('',#13162);
#4565=VERTEX_POINT('',#13166);
#4566=VERTEX_POINT('',#13167);
#4567=VERTEX_POINT('',#13169);
#4568=VERTEX_POINT('',#13171);
#4569=VERTEX_POINT('',#13179);
#4570=VERTEX_POINT('',#13181);
#4571=VERTEX_POINT('',#13183);
#4572=VERTEX_POINT('',#13185);
#4573=VERTEX_POINT('',#13189);
#4574=VERTEX_POINT('',#13191);
#4575=VERTEX_POINT('',#13195);
#4576=VERTEX_POINT('',#13197);
#4577=VERTEX_POINT('',#13202);
#4578=VERTEX_POINT('',#13203);
#4579=VERTEX_POINT('',#13205);
#4580=VERTEX_POINT('',#13207);
#4581=VERTEX_POINT('',#13209);
#4582=VERTEX_POINT('',#13211);
#4583=VERTEX_POINT('',#13215);
#4584=VERTEX_POINT('',#13217);
#4585=VERTEX_POINT('',#13219);
#4586=VERTEX_POINT('',#13221);
#4587=VERTEX_POINT('',#13223);
#4588=VERTEX_POINT('',#13226);
#4589=VERTEX_POINT('',#13228);
#4590=VERTEX_POINT('',#13230);
#4591=VERTEX_POINT('',#13232);
#4592=VERTEX_POINT('',#13234);
#4593=VERTEX_POINT('',#13236);
#4594=VERTEX_POINT('',#13238);
#4595=VERTEX_POINT('',#13242);
#4596=VERTEX_POINT('',#13243);
#4597=VERTEX_POINT('',#13252);
#4598=VERTEX_POINT('',#13254);
#4599=VERTEX_POINT('',#13256);
#4600=VERTEX_POINT('',#13260);
#4601=VERTEX_POINT('',#13266);
#4602=VERTEX_POINT('',#13268);
#4603=VERTEX_POINT('',#13270);
#4604=VERTEX_POINT('',#13274);
#4605=VERTEX_POINT('',#13277);
#4606=VERTEX_POINT('',#13279);
#4607=VERTEX_POINT('',#13283);
#4608=VERTEX_POINT('',#13285);
#4609=VERTEX_POINT('',#13289);
#4610=VERTEX_POINT('',#13291);
#4611=VERTEX_POINT('',#13293);
#4612=VERTEX_POINT('',#13297);
#4613=VERTEX_POINT('',#13301);
#4614=VERTEX_POINT('',#13305);
#4615=VERTEX_POINT('',#13307);
#4616=VERTEX_POINT('',#13309);
#4617=VERTEX_POINT('',#13311);
#4618=VERTEX_POINT('',#13313);
#4619=VERTEX_POINT('',#13317);
#4620=VERTEX_POINT('',#13319);
#4621=VERTEX_POINT('',#13324);
#4622=VERTEX_POINT('',#13326);
#4623=VERTEX_POINT('',#13329);
#4624=VERTEX_POINT('',#13331);
#4625=VERTEX_POINT('',#13333);
#4626=VERTEX_POINT('',#13335);
#4627=VERTEX_POINT('',#13337);
#4628=VERTEX_POINT('',#13338);
#4629=VERTEX_POINT('',#13340);
#4630=VERTEX_POINT('',#13342);
#4631=VERTEX_POINT('',#13344);
#4632=VERTEX_POINT('',#13346);
#4633=VERTEX_POINT('',#13350);
#4634=VERTEX_POINT('',#13351);
#4635=VERTEX_POINT('',#13353);
#4636=VERTEX_POINT('',#13355);
#4637=VERTEX_POINT('',#13357);
#4638=VERTEX_POINT('',#13359);
#4639=VERTEX_POINT('',#13361);
#4640=VERTEX_POINT('',#13363);
#4641=VERTEX_POINT('',#13367);
#4642=VERTEX_POINT('',#13368);
#4643=VERTEX_POINT('',#13370);
#4644=VERTEX_POINT('',#13372);
#4645=VERTEX_POINT('',#13376);
#4646=VERTEX_POINT('',#13378);
#4647=VERTEX_POINT('',#13380);
#4648=VERTEX_POINT('',#13382);
#4649=VERTEX_POINT('',#13384);
#4650=VERTEX_POINT('',#13386);
#4651=VERTEX_POINT('',#13388);
#4652=VERTEX_POINT('',#13390);
#4653=VERTEX_POINT('',#13392);
#4654=VERTEX_POINT('',#13394);
#4655=VERTEX_POINT('',#13396);
#4656=VERTEX_POINT('',#13398);
#4657=VERTEX_POINT('',#13400);
#4658=VERTEX_POINT('',#13402);
#4659=VERTEX_POINT('',#13404);
#4660=VERTEX_POINT('',#13406);
#4661=VERTEX_POINT('',#13408);
#4662=VERTEX_POINT('',#13410);
#4663=VERTEX_POINT('',#13412);
#4664=VERTEX_POINT('',#13414);
#4665=VERTEX_POINT('',#13416);
#4666=VERTEX_POINT('',#13418);
#4667=VERTEX_POINT('',#13420);
#4668=VERTEX_POINT('',#13424);
#4669=VERTEX_POINT('',#13426);
#4670=VERTEX_POINT('',#13428);
#4671=VERTEX_POINT('',#13430);
#4672=VERTEX_POINT('',#13433);
#4673=VERTEX_POINT('',#13437);
#4674=VERTEX_POINT('',#13438);
#4675=VERTEX_POINT('',#13440);
#4676=VERTEX_POINT('',#13442);
#4677=VERTEX_POINT('',#13444);
#4678=VERTEX_POINT('',#13446);
#4679=VERTEX_POINT('',#13448);
#4680=VERTEX_POINT('',#13450);
#4681=VERTEX_POINT('',#13452);
#4682=VERTEX_POINT('',#13454);
#4683=VERTEX_POINT('',#13456);
#4684=VERTEX_POINT('',#13460);
#4685=VERTEX_POINT('',#13461);
#4686=VERTEX_POINT('',#13463);
#4687=VERTEX_POINT('',#13465);
#4688=VERTEX_POINT('',#13477);
#4689=VERTEX_POINT('',#13478);
#4690=VERTEX_POINT('',#13481);
#4691=VERTEX_POINT('',#13484);
#4692=VERTEX_POINT('',#13488);
#4693=VERTEX_POINT('',#13489);
#4694=VERTEX_POINT('',#13491);
#4695=VERTEX_POINT('',#13493);
#4696=VERTEX_POINT('',#13495);
#4697=VERTEX_POINT('',#13497);
#4698=VERTEX_POINT('',#13499);
#4699=VERTEX_POINT('',#13501);
#4700=VERTEX_POINT('',#13503);
#4701=VERTEX_POINT('',#13505);
#4702=VERTEX_POINT('',#13508);
#4703=VERTEX_POINT('',#13510);
#4704=VERTEX_POINT('',#13511);
#4705=VERTEX_POINT('',#13513);
#4706=VERTEX_POINT('',#13515);
#4707=VERTEX_POINT('',#13517);
#4708=VERTEX_POINT('',#13519);
#4709=VERTEX_POINT('',#13521);
#4710=VERTEX_POINT('',#13523);
#4711=VERTEX_POINT('',#13526);
#4712=VERTEX_POINT('',#13529);
#4713=VERTEX_POINT('',#13531);
#4714=VERTEX_POINT('',#13535);
#4715=VERTEX_POINT('',#13537);
#4716=VERTEX_POINT('',#13539);
#4717=VERTEX_POINT('',#13545);
#4718=VERTEX_POINT('',#13547);
#4719=VERTEX_POINT('',#13551);
#4720=VERTEX_POINT('',#13555);
#4721=VERTEX_POINT('',#13559);
#4722=VERTEX_POINT('',#13561);
#4723=VERTEX_POINT('',#13565);
#4724=VERTEX_POINT('',#13573);
#4725=VERTEX_POINT('',#13574);
#4726=VERTEX_POINT('',#13583);
#4727=VERTEX_POINT('',#13584);
#4728=VERTEX_POINT('',#13586);
#4729=VERTEX_POINT('',#13588);
#4730=VERTEX_POINT('',#13590);
#4731=VERTEX_POINT('',#13592);
#4732=VERTEX_POINT('',#13594);
#4733=VERTEX_POINT('',#13596);
#4734=VERTEX_POINT('',#13599);
#4735=VERTEX_POINT('',#13601);
#4736=VERTEX_POINT('',#13602);
#4737=VERTEX_POINT('',#13604);
#4738=VERTEX_POINT('',#13606);
#4739=VERTEX_POINT('',#13608);
#4740=VERTEX_POINT('',#13610);
#4741=VERTEX_POINT('',#13612);
#4742=VERTEX_POINT('',#13614);
#4743=VERTEX_POINT('',#13617);
#4744=VERTEX_POINT('',#13619);
#4745=VERTEX_POINT('',#13621);
#4746=VERTEX_POINT('',#13622);
#4747=VERTEX_POINT('',#13624);
#4748=VERTEX_POINT('',#13627);
#4749=VERTEX_POINT('',#13629);
#4750=VERTEX_POINT('',#13631);
#4751=VERTEX_POINT('',#13635);
#4752=VERTEX_POINT('',#13637);
#4753=VERTEX_POINT('',#13640);
#4754=VERTEX_POINT('',#13642);
#4755=VERTEX_POINT('',#13645);
#4756=VERTEX_POINT('',#13647);
#4757=VERTEX_POINT('',#13649);
#4758=VERTEX_POINT('',#13652);
#4759=VERTEX_POINT('',#13654);
#4760=VERTEX_POINT('',#13656);
#4761=VERTEX_POINT('',#13658);
#4762=VERTEX_POINT('',#13661);
#4763=VERTEX_POINT('',#13663);
#4764=VERTEX_POINT('',#13665);
#4765=VERTEX_POINT('',#13667);
#4766=VERTEX_POINT('',#13670);
#4767=VERTEX_POINT('',#13672);
#4768=VERTEX_POINT('',#13674);
#4769=VERTEX_POINT('',#13676);
#4770=VERTEX_POINT('',#13679);
#4771=VERTEX_POINT('',#13688);
#4772=VERTEX_POINT('',#13690);
#4773=VERTEX_POINT('',#13692);
#4774=VERTEX_POINT('',#13694);
#4775=VERTEX_POINT('',#13696);
#4776=VERTEX_POINT('',#13697);
#4777=VERTEX_POINT('',#13699);
#4778=VERTEX_POINT('',#13701);
#4779=VERTEX_POINT('',#13703);
#4780=VERTEX_POINT('',#13705);
#4781=VERTEX_POINT('',#13707);
#4782=VERTEX_POINT('',#13709);
#4783=VERTEX_POINT('',#13711);
#4784=VERTEX_POINT('',#13713);
#4785=VERTEX_POINT('',#13737);
#4786=VERTEX_POINT('',#13740);
#4787=VERTEX_POINT('',#13743);
#4788=VERTEX_POINT('',#13746);
#4789=VERTEX_POINT('',#13749);
#4790=VERTEX_POINT('',#13751);
#4791=VERTEX_POINT('',#13755);
#4792=VERTEX_POINT('',#13757);
#4793=VERTEX_POINT('',#13761);
#4794=VERTEX_POINT('',#13763);
#4795=VERTEX_POINT('',#13768);
#4796=VERTEX_POINT('',#13770);
#4797=VERTEX_POINT('',#13804);
#4798=VERTEX_POINT('',#13808);
#4799=VERTEX_POINT('',#13812);
#4800=VERTEX_POINT('',#13814);
#4801=VERTEX_POINT('',#13818);
#4802=VERTEX_POINT('',#13820);
#4803=VERTEX_POINT('',#13824);
#4804=VERTEX_POINT('',#13826);
#4805=VERTEX_POINT('',#13830);
#4806=VERTEX_POINT('',#13831);
#4807=VERTEX_POINT('',#13836);
#4808=VERTEX_POINT('',#13838);
#4809=VERTEX_POINT('',#13842);
#4810=VERTEX_POINT('',#13844);
#4811=VERTEX_POINT('',#13846);
#4812=VERTEX_POINT('',#13851);
#4813=VERTEX_POINT('',#13853);
#4814=VERTEX_POINT('',#13858);
#4815=VERTEX_POINT('',#13860);
#4816=VERTEX_POINT('',#13862);
#4817=VERTEX_POINT('',#13864);
#4818=VERTEX_POINT('',#13876);
#4819=VERTEX_POINT('',#13880);
#4820=VERTEX_POINT('',#13882);
#4821=VERTEX_POINT('',#13886);
#4822=VERTEX_POINT('',#13888);
#4823=VERTEX_POINT('',#13909);
#4824=VERTEX_POINT('',#13914);
#4825=VERTEX_POINT('',#13918);
#4826=VERTEX_POINT('',#13921);
#4827=VERTEX_POINT('',#13925);
#4828=VERTEX_POINT('',#13927);
#4829=VERTEX_POINT('',#13931);
#4830=VERTEX_POINT('',#13933);
#4831=VERTEX_POINT('',#13936);
#4832=VERTEX_POINT('',#13938);
#4833=VERTEX_POINT('',#13959);
#4834=VERTEX_POINT('',#13963);
#4835=VERTEX_POINT('',#13965);
#4836=VERTEX_POINT('',#13969);
#4837=VERTEX_POINT('',#13973);
#4838=VERTEX_POINT('',#13974);
#4839=VERTEX_POINT('',#13979);
#4840=VERTEX_POINT('',#13983);
#4841=VERTEX_POINT('',#13985);
#4842=VERTEX_POINT('',#13989);
#4843=VERTEX_POINT('',#13993);
#4844=VERTEX_POINT('',#13994);
#4845=VERTEX_POINT('',#13999);
#4846=VERTEX_POINT('',#14003);
#4847=VERTEX_POINT('',#14005);
#4848=VERTEX_POINT('',#14009);
#4849=VERTEX_POINT('',#14013);
#4850=VERTEX_POINT('',#14014);
#4851=VERTEX_POINT('',#14019);
#4852=VERTEX_POINT('',#14023);
#4853=VERTEX_POINT('',#14025);
#4854=VERTEX_POINT('',#14029);
#4855=VERTEX_POINT('',#14033);
#4856=VERTEX_POINT('',#14034);
#4857=VERTEX_POINT('',#14095);
#4858=VERTEX_POINT('',#14096);
#4859=VERTEX_POINT('',#14099);
#4860=VERTEX_POINT('',#14101);
#4861=VERTEX_POINT('',#14106);
#4862=VERTEX_POINT('',#14110);
#4863=VERTEX_POINT('',#14114);
#4864=VERTEX_POINT('',#14115);
#4865=VERTEX_POINT('',#14117);
#4866=VERTEX_POINT('',#14119);
#4867=VERTEX_POINT('',#14123);
#4868=VERTEX_POINT('',#14124);
#4869=VERTEX_POINT('',#14129);
#4870=VERTEX_POINT('',#14131);
#4871=VERTEX_POINT('',#14135);
#4872=VERTEX_POINT('',#14137);
#4873=VERTEX_POINT('',#14141);
#4874=VERTEX_POINT('',#14143);
#4875=VERTEX_POINT('',#14147);
#4876=VERTEX_POINT('',#14151);
#4877=VERTEX_POINT('',#14152);
#4878=VERTEX_POINT('',#14154);
#4879=VERTEX_POINT('',#14156);
#4880=VERTEX_POINT('',#14158);
#4881=VERTEX_POINT('',#14160);
#4882=VERTEX_POINT('',#14162);
#4883=VERTEX_POINT('',#14164);
#4884=VERTEX_POINT('',#14168);
#4885=VERTEX_POINT('',#14170);
#4886=VERTEX_POINT('',#14174);
#4887=VERTEX_POINT('',#14176);
#4888=VERTEX_POINT('',#14180);
#4889=VERTEX_POINT('',#14182);
#4890=VERTEX_POINT('',#14186);
#4891=VERTEX_POINT('',#14188);
#4892=VERTEX_POINT('',#14304);
#4893=VERTEX_POINT('',#14308);
#4894=VERTEX_POINT('',#14312);
#4895=VERTEX_POINT('',#14316);
#4896=VERTEX_POINT('',#14320);
#4897=VERTEX_POINT('',#14321);
#4898=VERTEX_POINT('',#14324);
#4899=VERTEX_POINT('',#14326);
#4900=VERTEX_POINT('',#14329);
#4901=VERTEX_POINT('',#14332);
#4902=VERTEX_POINT('',#14342);
#4903=VERTEX_POINT('',#14346);
#4904=VERTEX_POINT('',#14350);
#4905=VERTEX_POINT('',#14352);
#4906=VERTEX_POINT('',#14354);
#4907=VERTEX_POINT('',#14356);
#4908=VERTEX_POINT('',#14358);
#4909=VERTEX_POINT('',#14360);
#4910=VERTEX_POINT('',#14362);
#4911=VERTEX_POINT('',#14381);
#4912=VERTEX_POINT('',#14383);
#4913=VERTEX_POINT('',#14387);
#4914=VERTEX_POINT('',#14391);
#4915=VERTEX_POINT('',#14395);
#4916=VERTEX_POINT('',#14399);
#4917=VERTEX_POINT('',#14403);
#4918=VERTEX_POINT('',#14407);
#4919=VERTEX_POINT('',#14411);
#4920=VERTEX_POINT('',#14415);
#4921=VERTEX_POINT('',#14422);
#4922=VERTEX_POINT('',#14424);
#4923=VERTEX_POINT('',#14428);
#4924=VERTEX_POINT('',#14432);
#4925=VERTEX_POINT('',#14436);
#4926=VERTEX_POINT('',#14440);
#4927=VERTEX_POINT('',#14444);
#4928=VERTEX_POINT('',#14448);
#4929=VERTEX_POINT('',#14452);
#4930=VERTEX_POINT('',#14456);
#4931=VERTEX_POINT('',#14463);
#4932=VERTEX_POINT('',#14465);
#4933=VERTEX_POINT('',#14469);
#4934=VERTEX_POINT('',#14473);
#4935=VERTEX_POINT('',#14477);
#4936=VERTEX_POINT('',#14481);
#4937=VERTEX_POINT('',#14485);
#4938=VERTEX_POINT('',#14489);
#4939=VERTEX_POINT('',#14493);
#4940=VERTEX_POINT('',#14497);
#4941=VERTEX_POINT('',#14504);
#4942=VERTEX_POINT('',#14506);
#4943=VERTEX_POINT('',#14510);
#4944=VERTEX_POINT('',#14514);
#4945=VERTEX_POINT('',#14518);
#4946=VERTEX_POINT('',#14522);
#4947=VERTEX_POINT('',#14526);
#4948=VERTEX_POINT('',#14530);
#4949=VERTEX_POINT('',#14534);
#4950=VERTEX_POINT('',#14538);
#4951=VERTEX_POINT('',#14545);
#4952=VERTEX_POINT('',#14547);
#4953=VERTEX_POINT('',#14551);
#4954=VERTEX_POINT('',#14555);
#4955=VERTEX_POINT('',#14559);
#4956=VERTEX_POINT('',#14563);
#4957=VERTEX_POINT('',#14567);
#4958=VERTEX_POINT('',#14571);
#4959=VERTEX_POINT('',#14575);
#4960=VERTEX_POINT('',#14579);
#4961=VERTEX_POINT('',#14586);
#4962=VERTEX_POINT('',#14588);
#4963=VERTEX_POINT('',#14590);
#4964=VERTEX_POINT('',#14592);
#4965=VERTEX_POINT('',#14594);
#4966=VERTEX_POINT('',#14596);
#4967=VERTEX_POINT('',#14613);
#4968=VERTEX_POINT('',#14620);
#4969=VERTEX_POINT('',#14624);
#4970=VERTEX_POINT('',#14628);
#4971=VERTEX_POINT('',#14630);
#4972=VERTEX_POINT('',#14632);
#4973=VERTEX_POINT('',#14634);
#4974=VERTEX_POINT('',#14636);
#4975=VERTEX_POINT('',#14638);
#4976=VERTEX_POINT('',#14640);
#4977=VERTEX_POINT('',#14659);
#4978=VERTEX_POINT('',#14661);
#4979=VERTEX_POINT('',#14665);
#4980=VERTEX_POINT('',#14669);
#4981=VERTEX_POINT('',#14673);
#4982=VERTEX_POINT('',#14677);
#4983=VERTEX_POINT('',#14681);
#4984=VERTEX_POINT('',#14685);
#4985=VERTEX_POINT('',#14689);
#4986=VERTEX_POINT('',#14693);
#4987=VERTEX_POINT('',#14700);
#4988=VERTEX_POINT('',#14702);
#4989=VERTEX_POINT('',#14706);
#4990=VERTEX_POINT('',#14710);
#4991=VERTEX_POINT('',#14714);
#4992=VERTEX_POINT('',#14718);
#4993=VERTEX_POINT('',#14722);
#4994=VERTEX_POINT('',#14726);
#4995=VERTEX_POINT('',#14730);
#4996=VERTEX_POINT('',#14734);
#4997=VERTEX_POINT('',#14741);
#4998=VERTEX_POINT('',#14743);
#4999=VERTEX_POINT('',#14747);
#5000=VERTEX_POINT('',#14751);
#5001=VERTEX_POINT('',#14755);
#5002=VERTEX_POINT('',#14759);
#5003=VERTEX_POINT('',#14763);
#5004=VERTEX_POINT('',#14767);
#5005=VERTEX_POINT('',#14771);
#5006=VERTEX_POINT('',#14775);
#5007=VERTEX_POINT('',#14782);
#5008=VERTEX_POINT('',#14784);
#5009=VERTEX_POINT('',#14788);
#5010=VERTEX_POINT('',#14792);
#5011=VERTEX_POINT('',#14796);
#5012=VERTEX_POINT('',#14800);
#5013=VERTEX_POINT('',#14804);
#5014=VERTEX_POINT('',#14808);
#5015=VERTEX_POINT('',#14812);
#5016=VERTEX_POINT('',#14816);
#5017=VERTEX_POINT('',#14823);
#5018=VERTEX_POINT('',#14833);
#5019=VERTEX_POINT('',#14837);
#5020=VERTEX_POINT('',#14841);
#5021=VERTEX_POINT('',#14845);
#5022=VERTEX_POINT('',#14847);
#5023=VERTEX_POINT('',#14849);
#5024=VERTEX_POINT('',#14862);
#5025=VERTEX_POINT('',#14864);
#5026=VERTEX_POINT('',#14868);
#5027=VERTEX_POINT('',#14872);
#5028=VERTEX_POINT('',#14876);
#5029=VERTEX_POINT('',#14880);
#5030=VERTEX_POINT('',#14884);
#5031=VERTEX_POINT('',#14888);
#5032=VERTEX_POINT('',#14892);
#5033=VERTEX_POINT('',#14896);
#5034=VERTEX_POINT('',#14903);
#5035=VERTEX_POINT('',#14905);
#5036=VERTEX_POINT('',#14909);
#5037=VERTEX_POINT('',#14913);
#5038=VERTEX_POINT('',#14917);
#5039=VERTEX_POINT('',#14921);
#5040=VERTEX_POINT('',#14925);
#5041=VERTEX_POINT('',#14929);
#5042=VERTEX_POINT('',#14933);
#5043=VERTEX_POINT('',#14937);
#5044=VERTEX_POINT('',#14944);
#5045=VERTEX_POINT('',#14946);
#5046=VERTEX_POINT('',#14950);
#5047=VERTEX_POINT('',#14954);
#5048=VERTEX_POINT('',#14958);
#5049=VERTEX_POINT('',#14962);
#5050=VERTEX_POINT('',#14966);
#5051=VERTEX_POINT('',#14970);
#5052=VERTEX_POINT('',#14974);
#5053=VERTEX_POINT('',#14978);
#5054=VERTEX_POINT('',#14985);
#5055=VERTEX_POINT('',#14989);
#5056=VERTEX_POINT('',#14993);
#5057=VERTEX_POINT('',#14997);
#5058=VERTEX_POINT('',#15004);
#5059=VERTEX_POINT('',#15008);
#5060=VERTEX_POINT('',#15010);
#5061=VERTEX_POINT('',#15012);
#5062=VERTEX_POINT('',#15014);
#5063=VERTEX_POINT('',#15027);
#5064=VERTEX_POINT('',#15031);
#5065=VERTEX_POINT('',#15035);
#5066=VERTEX_POINT('',#15037);
#5067=VERTEX_POINT('',#15039);
#5068=VERTEX_POINT('',#15041);
#5069=VERTEX_POINT('',#15054);
#5070=VERTEX_POINT('',#15058);
#5071=VERTEX_POINT('',#15062);
#5072=VERTEX_POINT('',#15064);
#5073=VERTEX_POINT('',#15066);
#5074=VERTEX_POINT('',#15068);
#5075=VERTEX_POINT('',#15070);
#5076=VERTEX_POINT('',#15072);
#5077=VERTEX_POINT('',#15074);
#5078=VERTEX_POINT('',#15093);
#5079=VERTEX_POINT('',#15095);
#5080=VERTEX_POINT('',#15099);
#5081=VERTEX_POINT('',#15103);
#5082=VERTEX_POINT('',#15107);
#5083=VERTEX_POINT('',#15111);
#5084=VERTEX_POINT('',#15115);
#5085=VERTEX_POINT('',#15119);
#5086=VERTEX_POINT('',#15123);
#5087=VERTEX_POINT('',#15127);
#5088=VERTEX_POINT('',#15135);
#5089=VERTEX_POINT('',#15137);
#5090=VERTEX_POINT('',#15141);
#5091=VERTEX_POINT('',#15145);
#5092=VERTEX_POINT('',#15149);
#5093=VERTEX_POINT('',#15153);
#5094=VERTEX_POINT('',#15160);
#5095=VERTEX_POINT('',#15162);
#5096=VERTEX_POINT('',#15166);
#5097=VERTEX_POINT('',#15170);
#5098=VERTEX_POINT('',#15174);
#5099=VERTEX_POINT('',#15178);
#5100=VERTEX_POINT('',#15182);
#5101=VERTEX_POINT('',#15186);
#5102=VERTEX_POINT('',#15190);
#5103=VERTEX_POINT('',#15194);
#5104=LINE('',#12495,#6186);
#5105=LINE('',#12498,#6187);
#5106=LINE('',#12500,#6188);
#5107=LINE('',#12502,#6189);
#5108=LINE('',#12504,#6190);
#5109=LINE('',#12506,#6191);
#5110=LINE('',#12508,#6192);
#5111=LINE('',#12510,#6193);
#5112=LINE('',#12512,#6194);
#5113=LINE('',#12514,#6195);
#5114=LINE('',#12515,#6196);
#5115=LINE('',#12518,#6197);
#5116=LINE('',#12520,#6198);
#5117=LINE('',#12522,#6199);
#5118=LINE('',#12524,#6200);
#5119=LINE('',#12526,#6201);
#5120=LINE('',#12529,#6202);
#5121=LINE('',#12534,#6203);
#5122=LINE('',#12536,#6204);
#5123=LINE('',#12538,#6205);
#5124=LINE('',#12540,#6206);
#5125=LINE('',#12542,#6207);
#5126=LINE('',#12544,#6208);
#5127=LINE('',#12546,#6209);
#5128=LINE('',#12548,#6210);
#5129=LINE('',#12550,#6211);
#5130=LINE('',#12552,#6212);
#5131=LINE('',#12555,#6213);
#5132=LINE('',#12558,#6214);
#5133=LINE('',#12560,#6215);
#5134=LINE('',#12562,#6216);
#5135=LINE('',#12564,#6217);
#5136=LINE('',#12566,#6218);
#5137=LINE('',#12568,#6219);
#5138=LINE('',#12570,#6220);
#5139=LINE('',#12574,#6221);
#5140=LINE('',#12578,#6222);
#5141=LINE('',#12580,#6223);
#5142=LINE('',#12582,#6224);
#5143=LINE('',#12584,#6225);
#5144=LINE('',#12586,#6226);
#5145=LINE('',#12587,#6227);
#5146=LINE('',#12590,#6228);
#5147=LINE('',#12592,#6229);
#5148=LINE('',#12596,#6230);
#5149=LINE('',#12600,#6231);
#5150=LINE('',#12604,#6232);
#5151=LINE('',#12608,#6233);
#5152=LINE('',#12612,#6234);
#5153=LINE('',#12616,#6235);
#5154=LINE('',#12618,#6236);
#5155=LINE('',#12620,#6237);
#5156=LINE('',#12622,#6238);
#5157=LINE('',#12624,#6239);
#5158=LINE('',#12626,#6240);
#5159=LINE('',#12633,#6241);
#5160=LINE('',#12634,#6242);
#5161=LINE('',#12636,#6243);
#5162=LINE('',#12638,#6244);
#5163=LINE('',#12640,#6245);
#5164=LINE('',#12642,#6246);
#5165=LINE('',#12644,#6247);
#5166=LINE('',#12646,#6248);
#5167=LINE('',#12648,#6249);
#5168=LINE('',#12650,#6250);
#5169=LINE('',#12652,#6251);
#5170=LINE('',#12654,#6252);
#5171=LINE('',#12656,#6253);
#5172=LINE('',#12658,#6254);
#5173=LINE('',#12660,#6255);
#5174=LINE('',#12662,#6256);
#5175=LINE('',#12664,#6257);
#5176=LINE('',#12666,#6258);
#5177=LINE('',#12668,#6259);
#5178=LINE('',#12670,#6260);
#5179=LINE('',#12672,#6261);
#5180=LINE('',#12674,#6262);
#5181=LINE('',#12676,#6263);
#5182=LINE('',#12679,#6264);
#5183=LINE('',#12681,#6265);
#5184=LINE('',#12683,#6266);
#5185=LINE('',#12685,#6267);
#5186=LINE('',#12688,#6268);
#5187=LINE('',#12690,#6269);
#5188=LINE('',#12692,#6270);
#5189=LINE('',#12694,#6271);
#5190=LINE('',#12696,#6272);
#5191=LINE('',#12698,#6273);
#5192=LINE('',#12700,#6274);
#5193=LINE('',#12702,#6275);
#5194=LINE('',#12704,#6276);
#5195=LINE('',#12705,#6277);
#5196=LINE('',#12708,#6278);
#5197=LINE('',#12710,#6279);
#5198=LINE('',#12712,#6280);
#5199=LINE('',#12714,#6281);
#5200=LINE('',#12716,#6282);
#5201=LINE('',#12718,#6283);
#5202=LINE('',#12720,#6284);
#5203=LINE('',#12722,#6285);
#5204=LINE('',#12724,#6286);
#5205=LINE('',#12727,#6287);
#5206=LINE('',#12730,#6288);
#5207=LINE('',#12732,#6289);
#5208=LINE('',#12734,#6290);
#5209=LINE('',#12736,#6291);
#5210=LINE('',#12738,#6292);
#5211=LINE('',#12740,#6293);
#5212=LINE('',#12742,#6294);
#5213=LINE('',#12744,#6295);
#5214=LINE('',#12746,#6296);
#5215=LINE('',#12747,#6297);
#5216=LINE('',#12750,#6298);
#5217=LINE('',#12752,#6299);
#5218=LINE('',#12754,#6300);
#5219=LINE('',#12756,#6301);
#5220=LINE('',#12758,#6302);
#5221=LINE('',#12760,#6303);
#5222=LINE('',#12762,#6304);
#5223=LINE('',#12764,#6305);
#5224=LINE('',#12766,#6306);
#5225=LINE('',#12767,#6307);
#5226=LINE('',#12770,#6308);
#5227=LINE('',#12772,#6309);
#5228=LINE('',#12774,#6310);
#5229=LINE('',#12776,#6311);
#5230=LINE('',#12778,#6312);
#5231=LINE('',#12780,#6313);
#5232=LINE('',#12782,#6314);
#5233=LINE('',#12784,#6315);
#5234=LINE('',#12786,#6316);
#5235=LINE('',#12787,#6317);
#5236=LINE('',#12790,#6318);
#5237=LINE('',#12792,#6319);
#5238=LINE('',#12794,#6320);
#5239=LINE('',#12796,#6321);
#5240=LINE('',#12798,#6322);
#5241=LINE('',#12800,#6323);
#5242=LINE('',#12802,#6324);
#5243=LINE('',#12804,#6325);
#5244=LINE('',#12806,#6326);
#5245=LINE('',#12807,#6327);
#5246=LINE('',#12810,#6328);
#5247=LINE('',#12812,#6329);
#5248=LINE('',#12814,#6330);
#5249=LINE('',#12816,#6331);
#5250=LINE('',#12818,#6332);
#5251=LINE('',#12820,#6333);
#5252=LINE('',#12822,#6334);
#5253=LINE('',#12824,#6335);
#5254=LINE('',#12826,#6336);
#5255=LINE('',#12827,#6337);
#5256=LINE('',#12830,#6338);
#5257=LINE('',#12832,#6339);
#5258=LINE('',#12834,#6340);
#5259=LINE('',#12836,#6341);
#5260=LINE('',#12838,#6342);
#5261=LINE('',#12840,#6343);
#5262=LINE('',#12842,#6344);
#5263=LINE('',#12844,#6345);
#5264=LINE('',#12846,#6346);
#5265=LINE('',#12847,#6347);
#5266=LINE('',#12850,#6348);
#5267=LINE('',#12852,#6349);
#5268=LINE('',#12854,#6350);
#5269=LINE('',#12856,#6351);
#5270=LINE('',#12858,#6352);
#5271=LINE('',#12860,#6353);
#5272=LINE('',#12862,#6354);
#5273=LINE('',#12864,#6355);
#5274=LINE('',#12866,#6356);
#5275=LINE('',#12870,#6357);
#5276=LINE('',#12872,#6358);
#5277=LINE('',#12874,#6359);
#5278=LINE('',#12876,#6360);
#5279=LINE('',#12878,#6361);
#5280=LINE('',#12880,#6362);
#5281=LINE('',#12882,#6363);
#5282=LINE('',#12884,#6364);
#5283=LINE('',#12886,#6365);
#5284=LINE('',#12888,#6366);
#5285=LINE('',#12889,#6367);
#5286=LINE('',#12892,#6368);
#5287=LINE('',#12894,#6369);
#5288=LINE('',#12896,#6370);
#5289=LINE('',#12898,#6371);
#5290=LINE('',#12900,#6372);
#5291=LINE('',#12902,#6373);
#5292=LINE('',#12904,#6374);
#5293=LINE('',#12906,#6375);
#5294=LINE('',#12908,#6376);
#5295=LINE('',#12909,#6377);
#5296=LINE('',#12912,#6378);
#5297=LINE('',#12914,#6379);
#5298=LINE('',#12916,#6380);
#5299=LINE('',#12918,#6381);
#5300=LINE('',#12920,#6382);
#5301=LINE('',#12922,#6383);
#5302=LINE('',#12924,#6384);
#5303=LINE('',#12926,#6385);
#5304=LINE('',#12928,#6386);
#5305=LINE('',#12929,#6387);
#5306=LINE('',#12932,#6388);
#5307=LINE('',#12934,#6389);
#5308=LINE('',#12936,#6390);
#5309=LINE('',#12938,#6391);
#5310=LINE('',#12940,#6392);
#5311=LINE('',#12942,#6393);
#5312=LINE('',#12944,#6394);
#5313=LINE('',#12946,#6395);
#5314=LINE('',#12948,#6396);
#5315=LINE('',#12949,#6397);
#5316=LINE('',#12952,#6398);
#5317=LINE('',#12954,#6399);
#5318=LINE('',#12956,#6400);
#5319=LINE('',#12958,#6401);
#5320=LINE('',#12960,#6402);
#5321=LINE('',#12962,#6403);
#5322=LINE('',#12964,#6404);
#5323=LINE('',#12966,#6405);
#5324=LINE('',#12968,#6406);
#5325=LINE('',#12972,#6407);
#5326=LINE('',#12974,#6408);
#5327=LINE('',#12976,#6409);
#5328=LINE('',#12978,#6410);
#5329=LINE('',#12980,#6411);
#5330=LINE('',#12982,#6412);
#5331=LINE('',#12984,#6413);
#5332=LINE('',#12986,#6414);
#5333=LINE('',#12988,#6415);
#5334=LINE('',#12990,#6416);
#5335=LINE('',#12991,#6417);
#5336=LINE('',#12994,#6418);
#5337=LINE('',#12996,#6419);
#5338=LINE('',#13000,#6420);
#5339=LINE('',#13004,#6421);
#5340=LINE('',#13008,#6422);
#5341=LINE('',#13010,#6423);
#5342=LINE('',#13012,#6424);
#5343=LINE('',#13014,#6425);
#5344=LINE('',#13016,#6426);
#5345=LINE('',#13018,#6427);
#5346=LINE('',#13020,#6428);
#5347=LINE('',#13022,#6429);
#5348=LINE('',#13024,#6430);
#5349=LINE('',#13026,#6431);
#5350=LINE('',#13028,#6432);
#5351=LINE('',#13030,#6433);
#5352=LINE('',#13032,#6434);
#5353=LINE('',#13034,#6435);
#5354=LINE('',#13036,#6436);
#5355=LINE('',#13038,#6437);
#5356=LINE('',#13040,#6438);
#5357=LINE('',#13042,#6439);
#5358=LINE('',#13044,#6440);
#5359=LINE('',#13046,#6441);
#5360=LINE('',#13048,#6442);
#5361=LINE('',#13050,#6443);
#5362=LINE('',#13052,#6444);
#5363=LINE('',#13054,#6445);
#5364=LINE('',#13056,#6446);
#5365=LINE('',#13057,#6447);
#5366=LINE('',#13058,#6448);
#5367=LINE('',#13060,#6449);
#5368=LINE('',#13062,#6450);
#5369=LINE('',#13064,#6451);
#5370=LINE('',#13066,#6452);
#5371=LINE('',#13068,#6453);
#5372=LINE('',#13070,#6454);
#5373=LINE('',#13072,#6455);
#5374=LINE('',#13074,#6456);
#5375=LINE('',#13076,#6457);
#5376=LINE('',#13080,#6458);
#5377=LINE('',#13084,#6459);
#5378=LINE('',#13086,#6460);
#5379=LINE('',#13088,#6461);
#5380=LINE('',#13090,#6462);
#5381=LINE('',#13092,#6463);
#5382=LINE('',#13095,#6464);
#5383=LINE('',#13097,#6465);
#5384=LINE('',#13099,#6466);
#5385=LINE('',#13101,#6467);
#5386=LINE('',#13103,#6468);
#5387=LINE('',#13105,#6469);
#5388=LINE('',#13107,#6470);
#5389=LINE('',#13109,#6471);
#5390=LINE('',#13111,#6472);
#5391=LINE('',#13115,#6473);
#5392=LINE('',#13117,#6474);
#5393=LINE('',#13119,#6475);
#5394=LINE('',#13121,#6476);
#5395=LINE('',#13123,#6477);
#5396=LINE('',#13125,#6478);
#5397=LINE('',#13127,#6479);
#5398=LINE('',#13129,#6480);
#5399=LINE('',#13131,#6481);
#5400=LINE('',#13133,#6482);
#5401=LINE('',#13135,#6483);
#5402=LINE('',#13137,#6484);
#5403=LINE('',#13139,#6485);
#5404=LINE('',#13141,#6486);
#5405=LINE('',#13143,#6487);
#5406=LINE('',#13145,#6488);
#5407=LINE('',#13147,#6489);
#5408=LINE('',#13149,#6490);
#5409=LINE('',#13151,#6491);
#5410=LINE('',#13153,#6492);
#5411=LINE('',#13159,#6493);
#5412=LINE('',#13161,#6494);
#5413=LINE('',#13165,#6495);
#5414=LINE('',#13170,#6496);
#5415=LINE('',#13178,#6497);
#5416=LINE('',#13180,#6498);
#5417=LINE('',#13182,#6499);
#5418=LINE('',#13184,#6500);
#5419=LINE('',#13186,#6501);
#5420=LINE('',#13190,#6502);
#5421=LINE('',#13194,#6503);
#5422=LINE('',#13196,#6504);
#5423=LINE('',#13198,#6505);
#5424=LINE('',#13199,#6506);
#5425=LINE('',#13201,#6507);
#5426=LINE('',#13204,#6508);
#5427=LINE('',#13206,#6509);
#5428=LINE('',#13208,#6510);
#5429=LINE('',#13210,#6511);
#5430=LINE('',#13212,#6512);
#5431=LINE('',#13214,#6513);
#5432=LINE('',#13216,#6514);
#5433=LINE('',#13218,#6515);
#5434=LINE('',#13220,#6516);
#5435=LINE('',#13222,#6517);
#5436=LINE('',#13224,#6518);
#5437=LINE('',#13225,#6519);
#5438=LINE('',#13227,#6520);
#5439=LINE('',#13229,#6521);
#5440=LINE('',#13231,#6522);
#5441=LINE('',#13233,#6523);
#5442=LINE('',#13235,#6524);
#5443=LINE('',#13237,#6525);
#5444=LINE('',#13239,#6526);
#5445=LINE('',#13241,#6527);
#5446=LINE('',#13251,#6528);
#5447=LINE('',#13253,#6529);
#5448=LINE('',#13255,#6530);
#5449=LINE('',#13269,#6531);
#5450=LINE('',#13273,#6532);
#5451=LINE('',#13275,#6533);
#5452=LINE('',#13276,#6534);
#5453=LINE('',#13278,#6535);
#5454=LINE('',#13280,#6536);
#5455=LINE('',#13281,#6537);
#5456=LINE('',#13282,#6538);
#5457=LINE('',#13284,#6539);
#5458=LINE('',#13286,#6540);
#5459=LINE('',#13290,#6541);
#5460=LINE('',#13292,#6542);
#5461=LINE('',#13296,#6543);
#5462=LINE('',#13298,#6544);
#5463=LINE('',#13299,#6545);
#5464=LINE('',#13300,#6546);
#5465=LINE('',#13302,#6547);
#5466=LINE('',#13304,#6548);
#5467=LINE('',#13306,#6549);
#5468=LINE('',#13308,#6550);
#5469=LINE('',#13310,#6551);
#5470=LINE('',#13312,#6552);
#5471=LINE('',#13314,#6553);
#5472=LINE('',#13316,#6554);
#5473=LINE('',#13318,#6555);
#5474=LINE('',#13320,#6556);
#5475=LINE('',#13322,#6557);
#5476=LINE('',#13323,#6558);
#5477=LINE('',#13325,#6559);
#5478=LINE('',#13327,#6560);
#5479=LINE('',#13336,#6561);
#5480=LINE('',#13341,#6562);
#5481=LINE('',#13345,#6563);
#5482=LINE('',#13347,#6564);
#5483=LINE('',#13349,#6565);
#5484=LINE('',#13352,#6566);
#5485=LINE('',#13354,#6567);
#5486=LINE('',#13356,#6568);
#5487=LINE('',#13358,#6569);
#5488=LINE('',#13360,#6570);
#5489=LINE('',#13362,#6571);
#5490=LINE('',#13364,#6572);
#5491=LINE('',#13366,#6573);
#5492=LINE('',#13369,#6574);
#5493=LINE('',#13371,#6575);
#5494=LINE('',#13373,#6576);
#5495=LINE('',#13375,#6577);
#5496=LINE('',#13379,#6578);
#5497=LINE('',#13381,#6579);
#5498=LINE('',#13383,#6580);
#5499=LINE('',#13387,#6581);
#5500=LINE('',#13391,#6582);
#5501=LINE('',#13393,#6583);
#5502=LINE('',#13395,#6584);
#5503=LINE('',#13399,#6585);
#5504=LINE('',#13403,#6586);
#5505=LINE('',#13405,#6587);
#5506=LINE('',#13407,#6588);
#5507=LINE('',#13411,#6589);
#5508=LINE('',#13415,#6590);
#5509=LINE('',#13417,#6591);
#5510=LINE('',#13419,#6592);
#5511=LINE('',#13421,#6593);
#5512=LINE('',#13423,#6594);
#5513=LINE('',#13425,#6595);
#5514=LINE('',#13427,#6596);
#5515=LINE('',#13431,#6597);
#5516=LINE('',#13432,#6598);
#5517=LINE('',#13434,#6599);
#5518=LINE('',#13436,#6600);
#5519=LINE('',#13439,#6601);
#5520=LINE('',#13443,#6602);
#5521=LINE('',#13447,#6603);
#5522=LINE('',#13451,#6604);
#5523=LINE('',#13455,#6605);
#5524=LINE('',#13459,#6606);
#5525=LINE('',#13462,#6607);
#5526=LINE('',#13464,#6608);
#5527=LINE('',#13476,#6609);
#5528=LINE('',#13480,#6610);
#5529=LINE('',#13482,#6611);
#5530=LINE('',#13483,#6612);
#5531=LINE('',#13490,#6613);
#5532=LINE('',#13496,#6614);
#5533=LINE('',#13500,#6615);
#5534=LINE('',#13506,#6616);
#5535=LINE('',#13509,#6617);
#5536=LINE('',#13514,#6618);
#5537=LINE('',#13518,#6619);
#5538=LINE('',#13522,#6620);
#5539=LINE('',#13528,#6621);
#5540=LINE('',#13530,#6622);
#5541=LINE('',#13532,#6623);
#5542=LINE('',#13534,#6624);
#5543=LINE('',#13536,#6625);
#5544=LINE('',#13538,#6626);
#5545=LINE('',#13540,#6627);
#5546=LINE('',#13544,#6628);
#5547=LINE('',#13546,#6629);
#5548=LINE('',#13548,#6630);
#5549=LINE('',#13550,#6631);
#5550=LINE('',#13552,#6632);
#5551=LINE('',#13554,#6633);
#5552=LINE('',#13556,#6634);
#5553=LINE('',#13558,#6635);
#5554=LINE('',#13560,#6636);
#5555=LINE('',#13562,#6637);
#5556=LINE('',#13564,#6638);
#5557=LINE('',#13566,#6639);
#5558=LINE('',#13568,#6640);
#5559=LINE('',#13570,#6641);
#5560=LINE('',#13572,#6642);
#5561=LINE('',#13575,#6643);
#5562=LINE('',#13576,#6644);
#5563=LINE('',#13577,#6645);
#5564=LINE('',#13579,#6646);
#5565=LINE('',#13580,#6647);
#5566=LINE('',#13582,#6648);
#5567=LINE('',#13587,#6649);
#5568=LINE('',#13591,#6650);
#5569=LINE('',#13595,#6651);
#5570=LINE('',#13600,#6652);
#5571=LINE('',#13605,#6653);
#5572=LINE('',#13609,#6654);
#5573=LINE('',#13613,#6655);
#5574=LINE('',#13620,#6656);
#5575=LINE('',#13625,#6657);
#5576=LINE('',#13626,#6658);
#5577=LINE('',#13630,#6659);
#5578=LINE('',#13634,#6660);
#5579=LINE('',#13636,#6661);
#5580=LINE('',#13641,#6662);
#5581=LINE('',#13646,#6663);
#5582=LINE('',#13650,#6664);
#5583=LINE('',#13651,#6665);
#5584=LINE('',#13655,#6666);
#5585=LINE('',#13659,#6667);
#5586=LINE('',#13660,#6668);
#5587=LINE('',#13664,#6669);
#5588=LINE('',#13668,#6670);
#5589=LINE('',#13669,#6671);
#5590=LINE('',#13673,#6672);
#5591=LINE('',#13677,#6673);
#5592=LINE('',#13678,#6674);
#5593=LINE('',#13682,#6675);
#5594=LINE('',#13685,#6676);
#5595=LINE('',#13695,#6677);
#5596=LINE('',#13700,#6678);
#5597=LINE('',#13706,#6679);
#5598=LINE('',#13710,#6680);
#5599=LINE('',#13716,#6681);
#5600=LINE('',#13717,#6682);
#5601=LINE('',#13719,#6683);
#5602=LINE('',#13721,#6684);
#5603=LINE('',#13723,#6685);
#5604=LINE('',#13725,#6686);
#5605=LINE('',#13727,#6687);
#5606=LINE('',#13729,#6688);
#5607=LINE('',#13731,#6689);
#5608=LINE('',#13733,#6690);
#5609=LINE('',#13748,#6691);
#5610=LINE('',#13750,#6692);
#5611=LINE('',#13752,#6693);
#5612=LINE('',#13754,#6694);
#5613=LINE('',#13756,#6695);
#5614=LINE('',#13758,#6696);
#5615=LINE('',#13760,#6697);
#5616=LINE('',#13762,#6698);
#5617=LINE('',#13764,#6699);
#5618=LINE('',#13765,#6700);
#5619=LINE('',#13767,#6701);
#5620=LINE('',#13769,#6702);
#5621=LINE('',#13771,#6703);
#5622=LINE('',#13773,#6704);
#5623=LINE('',#13811,#6705);
#5624=LINE('',#13813,#6706);
#5625=LINE('',#13815,#6707);
#5626=LINE('',#13817,#6708);
#5627=LINE('',#13819,#6709);
#5628=LINE('',#13821,#6710);
#5629=LINE('',#13823,#6711);
#5630=LINE('',#13825,#6712);
#5631=LINE('',#13827,#6713);
#5632=LINE('',#13829,#6714);
#5633=LINE('',#13832,#6715);
#5634=LINE('',#13833,#6716);
#5635=LINE('',#13835,#6717);
#5636=LINE('',#13837,#6718);
#5637=LINE('',#13839,#6719);
#5638=LINE('',#13841,#6720);
#5639=LINE('',#13843,#6721);
#5640=LINE('',#13845,#6722);
#5641=LINE('',#13847,#6723);
#5642=LINE('',#13852,#6724);
#5643=LINE('',#13866,#6725);
#5644=LINE('',#13867,#6726);
#5645=LINE('',#13875,#6727);
#5646=LINE('',#13877,#6728);
#5647=LINE('',#13879,#6729);
#5648=LINE('',#13881,#6730);
#5649=LINE('',#13883,#6731);
#5650=LINE('',#13885,#6732);
#5651=LINE('',#13887,#6733);
#5652=LINE('',#13889,#6734);
#5653=LINE('',#13917,#6735);
#5654=LINE('',#13919,#6736);
#5655=LINE('',#13920,#6737);
#5656=LINE('',#13922,#6738);
#5657=LINE('',#13923,#6739);
#5658=LINE('',#13924,#6740);
#5659=LINE('',#13926,#6741);
#5660=LINE('',#13928,#6742);
#5661=LINE('',#13930,#6743);
#5662=LINE('',#13932,#6744);
#5663=LINE('',#13934,#6745);
#5664=LINE('',#13937,#6746);
#5665=LINE('',#13940,#6747);
#5666=LINE('',#13943,#6748);
#5667=LINE('',#13945,#6749);
#5668=LINE('',#13948,#6750);
#5669=LINE('',#13950,#6751);
#5670=LINE('',#13952,#6752);
#5671=LINE('',#13955,#6753);
#5672=LINE('',#13958,#6754);
#5673=LINE('',#13960,#6755);
#5674=LINE('',#13962,#6756);
#5675=LINE('',#13964,#6757);
#5676=LINE('',#13966,#6758);
#5677=LINE('',#13968,#6759);
#5678=LINE('',#13970,#6760);
#5679=LINE('',#13972,#6761);
#5680=LINE('',#13975,#6762);
#5681=LINE('',#13976,#6763);
#5682=LINE('',#13978,#6764);
#5683=LINE('',#13980,#6765);
#5684=LINE('',#13982,#6766);
#5685=LINE('',#13984,#6767);
#5686=LINE('',#13986,#6768);
#5687=LINE('',#13988,#6769);
#5688=LINE('',#13990,#6770);
#5689=LINE('',#13992,#6771);
#5690=LINE('',#13995,#6772);
#5691=LINE('',#13996,#6773);
#5692=LINE('',#13998,#6774);
#5693=LINE('',#14000,#6775);
#5694=LINE('',#14002,#6776);
#5695=LINE('',#14004,#6777);
#5696=LINE('',#14006,#6778);
#5697=LINE('',#14008,#6779);
#5698=LINE('',#14010,#6780);
#5699=LINE('',#14012,#6781);
#5700=LINE('',#14015,#6782);
#5701=LINE('',#14016,#6783);
#5702=LINE('',#14018,#6784);
#5703=LINE('',#14020,#6785);
#5704=LINE('',#14022,#6786);
#5705=LINE('',#14024,#6787);
#5706=LINE('',#14026,#6788);
#5707=LINE('',#14028,#6789);
#5708=LINE('',#14030,#6790);
#5709=LINE('',#14032,#6791);
#5710=LINE('',#14035,#6792);
#5711=LINE('',#14036,#6793);
#5712=LINE('',#14094,#6794);
#5713=LINE('',#14097,#6795);
#5714=LINE('',#14098,#6796);
#5715=LINE('',#14100,#6797);
#5716=LINE('',#14102,#6798);
#5717=LINE('',#14103,#6799);
#5718=LINE('',#14113,#6800);
#5719=LINE('',#14116,#6801);
#5720=LINE('',#14118,#6802);
#5721=LINE('',#14120,#6803);
#5722=LINE('',#14122,#6804);
#5723=LINE('',#14125,#6805);
#5724=LINE('',#14126,#6806);
#5725=LINE('',#14128,#6807);
#5726=LINE('',#14130,#6808);
#5727=LINE('',#14132,#6809);
#5728=LINE('',#14134,#6810);
#5729=LINE('',#14136,#6811);
#5730=LINE('',#14138,#6812);
#5731=LINE('',#14140,#6813);
#5732=LINE('',#14142,#6814);
#5733=LINE('',#14144,#6815);
#5734=LINE('',#14153,#6816);
#5735=LINE('',#14157,#6817);
#5736=LINE('',#14161,#6818);
#5737=LINE('',#14165,#6819);
#5738=LINE('',#14167,#6820);
#5739=LINE('',#14169,#6821);
#5740=LINE('',#14171,#6822);
#5741=LINE('',#14173,#6823);
#5742=LINE('',#14175,#6824);
#5743=LINE('',#14177,#6825);
#5744=LINE('',#14179,#6826);
#5745=LINE('',#14181,#6827);
#5746=LINE('',#14183,#6828);
#5747=LINE('',#14185,#6829);
#5748=LINE('',#14187,#6830);
#5749=LINE('',#14189,#6831);
#5750=LINE('',#14215,#6832);
#5751=LINE('',#14242,#6833);
#5752=LINE('',#14243,#6834);
#5753=LINE('',#14245,#6835);
#5754=LINE('',#14246,#6836);
#5755=LINE('',#14319,#6837);
#5756=LINE('',#14322,#6838);
#5757=LINE('',#14323,#6839);
#5758=LINE('',#14325,#6840);
#5759=LINE('',#14327,#6841);
#5760=LINE('',#14328,#6842);
#5761=LINE('',#14330,#6843);
#5762=LINE('',#14331,#6844);
#5763=LINE('',#14333,#6845);
#5764=LINE('',#14334,#6846);
#5765=LINE('',#14336,#6847);
#5766=LINE('',#14337,#6848);
#5767=LINE('',#14341,#6849);
#5768=LINE('',#14343,#6850);
#5769=LINE('',#14345,#6851);
#5770=LINE('',#14347,#6852);
#5771=LINE('',#14349,#6853);
#5772=LINE('',#14351,#6854);
#5773=LINE('',#14353,#6855);
#5774=LINE('',#14355,#6856);
#5775=LINE('',#14357,#6857);
#5776=LINE('',#14359,#6858);
#5777=LINE('',#14361,#6859);
#5778=LINE('',#14363,#6860);
#5779=LINE('',#14365,#6861);
#5780=LINE('',#14366,#6862);
#5781=LINE('',#14368,#6863);
#5782=LINE('',#14370,#6864);
#5783=LINE('',#14372,#6865);
#5784=LINE('',#14375,#6866);
#5785=LINE('',#14377,#6867);
#5786=LINE('',#14380,#6868);
#5787=LINE('',#14382,#6869);
#5788=LINE('',#14384,#6870);
#5789=LINE('',#14386,#6871);
#5790=LINE('',#14388,#6872);
#5791=LINE('',#14390,#6873);
#5792=LINE('',#14392,#6874);
#5793=LINE('',#14394,#6875);
#5794=LINE('',#14396,#6876);
#5795=LINE('',#14398,#6877);
#5796=LINE('',#14400,#6878);
#5797=LINE('',#14402,#6879);
#5798=LINE('',#14404,#6880);
#5799=LINE('',#14406,#6881);
#5800=LINE('',#14408,#6882);
#5801=LINE('',#14410,#6883);
#5802=LINE('',#14412,#6884);
#5803=LINE('',#14414,#6885);
#5804=LINE('',#14416,#6886);
#5805=LINE('',#14418,#6887);
#5806=LINE('',#14421,#6888);
#5807=LINE('',#14423,#6889);
#5808=LINE('',#14425,#6890);
#5809=LINE('',#14427,#6891);
#5810=LINE('',#14429,#6892);
#5811=LINE('',#14431,#6893);
#5812=LINE('',#14433,#6894);
#5813=LINE('',#14435,#6895);
#5814=LINE('',#14437,#6896);
#5815=LINE('',#14439,#6897);
#5816=LINE('',#14441,#6898);
#5817=LINE('',#14443,#6899);
#5818=LINE('',#14445,#6900);
#5819=LINE('',#14447,#6901);
#5820=LINE('',#14449,#6902);
#5821=LINE('',#14451,#6903);
#5822=LINE('',#14453,#6904);
#5823=LINE('',#14455,#6905);
#5824=LINE('',#14457,#6906);
#5825=LINE('',#14459,#6907);
#5826=LINE('',#14462,#6908);
#5827=LINE('',#14464,#6909);
#5828=LINE('',#14466,#6910);
#5829=LINE('',#14468,#6911);
#5830=LINE('',#14470,#6912);
#5831=LINE('',#14472,#6913);
#5832=LINE('',#14474,#6914);
#5833=LINE('',#14476,#6915);
#5834=LINE('',#14478,#6916);
#5835=LINE('',#14480,#6917);
#5836=LINE('',#14482,#6918);
#5837=LINE('',#14484,#6919);
#5838=LINE('',#14486,#6920);
#5839=LINE('',#14488,#6921);
#5840=LINE('',#14490,#6922);
#5841=LINE('',#14492,#6923);
#5842=LINE('',#14494,#6924);
#5843=LINE('',#14496,#6925);
#5844=LINE('',#14498,#6926);
#5845=LINE('',#14500,#6927);
#5846=LINE('',#14503,#6928);
#5847=LINE('',#14505,#6929);
#5848=LINE('',#14507,#6930);
#5849=LINE('',#14509,#6931);
#5850=LINE('',#14511,#6932);
#5851=LINE('',#14513,#6933);
#5852=LINE('',#14515,#6934);
#5853=LINE('',#14517,#6935);
#5854=LINE('',#14519,#6936);
#5855=LINE('',#14521,#6937);
#5856=LINE('',#14523,#6938);
#5857=LINE('',#14525,#6939);
#5858=LINE('',#14527,#6940);
#5859=LINE('',#14529,#6941);
#5860=LINE('',#14531,#6942);
#5861=LINE('',#14533,#6943);
#5862=LINE('',#14535,#6944);
#5863=LINE('',#14537,#6945);
#5864=LINE('',#14539,#6946);
#5865=LINE('',#14541,#6947);
#5866=LINE('',#14544,#6948);
#5867=LINE('',#14546,#6949);
#5868=LINE('',#14548,#6950);
#5869=LINE('',#14550,#6951);
#5870=LINE('',#14552,#6952);
#5871=LINE('',#14554,#6953);
#5872=LINE('',#14556,#6954);
#5873=LINE('',#14558,#6955);
#5874=LINE('',#14560,#6956);
#5875=LINE('',#14562,#6957);
#5876=LINE('',#14564,#6958);
#5877=LINE('',#14566,#6959);
#5878=LINE('',#14568,#6960);
#5879=LINE('',#14570,#6961);
#5880=LINE('',#14572,#6962);
#5881=LINE('',#14574,#6963);
#5882=LINE('',#14576,#6964);
#5883=LINE('',#14578,#6965);
#5884=LINE('',#14580,#6966);
#5885=LINE('',#14582,#6967);
#5886=LINE('',#14585,#6968);
#5887=LINE('',#14587,#6969);
#5888=LINE('',#14589,#6970);
#5889=LINE('',#14591,#6971);
#5890=LINE('',#14593,#6972);
#5891=LINE('',#14595,#6973);
#5892=LINE('',#14597,#6974);
#5893=LINE('',#14599,#6975);
#5894=LINE('',#14601,#6976);
#5895=LINE('',#14603,#6977);
#5896=LINE('',#14604,#6978);
#5897=LINE('',#14606,#6979);
#5898=LINE('',#14608,#6980);
#5899=LINE('',#14612,#6981);
#5900=LINE('',#14614,#6982);
#5901=LINE('',#14616,#6983);
#5902=LINE('',#14619,#6984);
#5903=LINE('',#14621,#6985);
#5904=LINE('',#14623,#6986);
#5905=LINE('',#14625,#6987);
#5906=LINE('',#14627,#6988);
#5907=LINE('',#14629,#6989);
#5908=LINE('',#14631,#6990);
#5909=LINE('',#14633,#6991);
#5910=LINE('',#14635,#6992);
#5911=LINE('',#14637,#6993);
#5912=LINE('',#14639,#6994);
#5913=LINE('',#14641,#6995);
#5914=LINE('',#14643,#6996);
#5915=LINE('',#14644,#6997);
#5916=LINE('',#14646,#6998);
#5917=LINE('',#14648,#6999);
#5918=LINE('',#14651,#7000);
#5919=LINE('',#14653,#7001);
#5920=LINE('',#14655,#7002);
#5921=LINE('',#14658,#7003);
#5922=LINE('',#14660,#7004);
#5923=LINE('',#14662,#7005);
#5924=LINE('',#14664,#7006);
#5925=LINE('',#14666,#7007);
#5926=LINE('',#14668,#7008);
#5927=LINE('',#14670,#7009);
#5928=LINE('',#14672,#7010);
#5929=LINE('',#14674,#7011);
#5930=LINE('',#14676,#7012);
#5931=LINE('',#14678,#7013);
#5932=LINE('',#14680,#7014);
#5933=LINE('',#14682,#7015);
#5934=LINE('',#14684,#7016);
#5935=LINE('',#14686,#7017);
#5936=LINE('',#14688,#7018);
#5937=LINE('',#14690,#7019);
#5938=LINE('',#14692,#7020);
#5939=LINE('',#14694,#7021);
#5940=LINE('',#14696,#7022);
#5941=LINE('',#14699,#7023);
#5942=LINE('',#14701,#7024);
#5943=LINE('',#14703,#7025);
#5944=LINE('',#14705,#7026);
#5945=LINE('',#14707,#7027);
#5946=LINE('',#14709,#7028);
#5947=LINE('',#14711,#7029);
#5948=LINE('',#14713,#7030);
#5949=LINE('',#14715,#7031);
#5950=LINE('',#14717,#7032);
#5951=LINE('',#14719,#7033);
#5952=LINE('',#14721,#7034);
#5953=LINE('',#14723,#7035);
#5954=LINE('',#14725,#7036);
#5955=LINE('',#14727,#7037);
#5956=LINE('',#14729,#7038);
#5957=LINE('',#14731,#7039);
#5958=LINE('',#14733,#7040);
#5959=LINE('',#14735,#7041);
#5960=LINE('',#14737,#7042);
#5961=LINE('',#14740,#7043);
#5962=LINE('',#14742,#7044);
#5963=LINE('',#14744,#7045);
#5964=LINE('',#14746,#7046);
#5965=LINE('',#14748,#7047);
#5966=LINE('',#14750,#7048);
#5967=LINE('',#14752,#7049);
#5968=LINE('',#14754,#7050);
#5969=LINE('',#14756,#7051);
#5970=LINE('',#14758,#7052);
#5971=LINE('',#14760,#7053);
#5972=LINE('',#14762,#7054);
#5973=LINE('',#14764,#7055);
#5974=LINE('',#14766,#7056);
#5975=LINE('',#14768,#7057);
#5976=LINE('',#14770,#7058);
#5977=LINE('',#14772,#7059);
#5978=LINE('',#14774,#7060);
#5979=LINE('',#14776,#7061);
#5980=LINE('',#14778,#7062);
#5981=LINE('',#14781,#7063);
#5982=LINE('',#14783,#7064);
#5983=LINE('',#14785,#7065);
#5984=LINE('',#14787,#7066);
#5985=LINE('',#14789,#7067);
#5986=LINE('',#14791,#7068);
#5987=LINE('',#14793,#7069);
#5988=LINE('',#14795,#7070);
#5989=LINE('',#14797,#7071);
#5990=LINE('',#14799,#7072);
#5991=LINE('',#14801,#7073);
#5992=LINE('',#14803,#7074);
#5993=LINE('',#14805,#7075);
#5994=LINE('',#14807,#7076);
#5995=LINE('',#14809,#7077);
#5996=LINE('',#14811,#7078);
#5997=LINE('',#14813,#7079);
#5998=LINE('',#14815,#7080);
#5999=LINE('',#14817,#7081);
#6000=LINE('',#14819,#7082);
#6001=LINE('',#14822,#7083);
#6002=LINE('',#14824,#7084);
#6003=LINE('',#14826,#7085);
#6004=LINE('',#14829,#7086);
#6005=LINE('',#14832,#7087);
#6006=LINE('',#14834,#7088);
#6007=LINE('',#14836,#7089);
#6008=LINE('',#14838,#7090);
#6009=LINE('',#14840,#7091);
#6010=LINE('',#14842,#7092);
#6011=LINE('',#14844,#7093);
#6012=LINE('',#14846,#7094);
#6013=LINE('',#14848,#7095);
#6014=LINE('',#14850,#7096);
#6015=LINE('',#14851,#7097);
#6016=LINE('',#14853,#7098);
#6017=LINE('',#14855,#7099);
#6018=LINE('',#14857,#7100);
#6019=LINE('',#14861,#7101);
#6020=LINE('',#14863,#7102);
#6021=LINE('',#14865,#7103);
#6022=LINE('',#14867,#7104);
#6023=LINE('',#14869,#7105);
#6024=LINE('',#14871,#7106);
#6025=LINE('',#14873,#7107);
#6026=LINE('',#14875,#7108);
#6027=LINE('',#14877,#7109);
#6028=LINE('',#14879,#7110);
#6029=LINE('',#14881,#7111);
#6030=LINE('',#14883,#7112);
#6031=LINE('',#14885,#7113);
#6032=LINE('',#14887,#7114);
#6033=LINE('',#14889,#7115);
#6034=LINE('',#14891,#7116);
#6035=LINE('',#14893,#7117);
#6036=LINE('',#14895,#7118);
#6037=LINE('',#14897,#7119);
#6038=LINE('',#14899,#7120);
#6039=LINE('',#14902,#7121);
#6040=LINE('',#14904,#7122);
#6041=LINE('',#14906,#7123);
#6042=LINE('',#14908,#7124);
#6043=LINE('',#14910,#7125);
#6044=LINE('',#14912,#7126);
#6045=LINE('',#14914,#7127);
#6046=LINE('',#14916,#7128);
#6047=LINE('',#14918,#7129);
#6048=LINE('',#14920,#7130);
#6049=LINE('',#14922,#7131);
#6050=LINE('',#14924,#7132);
#6051=LINE('',#14926,#7133);
#6052=LINE('',#14928,#7134);
#6053=LINE('',#14930,#7135);
#6054=LINE('',#14932,#7136);
#6055=LINE('',#14934,#7137);
#6056=LINE('',#14936,#7138);
#6057=LINE('',#14938,#7139);
#6058=LINE('',#14940,#7140);
#6059=LINE('',#14943,#7141);
#6060=LINE('',#14945,#7142);
#6061=LINE('',#14947,#7143);
#6062=LINE('',#14949,#7144);
#6063=LINE('',#14951,#7145);
#6064=LINE('',#14953,#7146);
#6065=LINE('',#14955,#7147);
#6066=LINE('',#14957,#7148);
#6067=LINE('',#14959,#7149);
#6068=LINE('',#14961,#7150);
#6069=LINE('',#14963,#7151);
#6070=LINE('',#14965,#7152);
#6071=LINE('',#14967,#7153);
#6072=LINE('',#14969,#7154);
#6073=LINE('',#14971,#7155);
#6074=LINE('',#14973,#7156);
#6075=LINE('',#14975,#7157);
#6076=LINE('',#14977,#7158);
#6077=LINE('',#14979,#7159);
#6078=LINE('',#14981,#7160);
#6079=LINE('',#14984,#7161);
#6080=LINE('',#14986,#7162);
#6081=LINE('',#14988,#7163);
#6082=LINE('',#14990,#7164);
#6083=LINE('',#14992,#7165);
#6084=LINE('',#14994,#7166);
#6085=LINE('',#14996,#7167);
#6086=LINE('',#14998,#7168);
#6087=LINE('',#15000,#7169);
#6088=LINE('',#15003,#7170);
#6089=LINE('',#15005,#7171);
#6090=LINE('',#15007,#7172);
#6091=LINE('',#15009,#7173);
#6092=LINE('',#15011,#7174);
#6093=LINE('',#15013,#7175);
#6094=LINE('',#15015,#7176);
#6095=LINE('',#15017,#7177);
#6096=LINE('',#15019,#7178);
#6097=LINE('',#15021,#7179);
#6098=LINE('',#15023,#7180);
#6099=LINE('',#15026,#7181);
#6100=LINE('',#15028,#7182);
#6101=LINE('',#15030,#7183);
#6102=LINE('',#15032,#7184);
#6103=LINE('',#15034,#7185);
#6104=LINE('',#15036,#7186);
#6105=LINE('',#15038,#7187);
#6106=LINE('',#15040,#7188);
#6107=LINE('',#15042,#7189);
#6108=LINE('',#15044,#7190);
#6109=LINE('',#15045,#7191);
#6110=LINE('',#15047,#7192);
#6111=LINE('',#15049,#7193);
#6112=LINE('',#15053,#7194);
#6113=LINE('',#15055,#7195);
#6114=LINE('',#15057,#7196);
#6115=LINE('',#15059,#7197);
#6116=LINE('',#15061,#7198);
#6117=LINE('',#15063,#7199);
#6118=LINE('',#15065,#7200);
#6119=LINE('',#15067,#7201);
#6120=LINE('',#15069,#7202);
#6121=LINE('',#15071,#7203);
#6122=LINE('',#15073,#7204);
#6123=LINE('',#15075,#7205);
#6124=LINE('',#15077,#7206);
#6125=LINE('',#15078,#7207);
#6126=LINE('',#15080,#7208);
#6127=LINE('',#15082,#7209);
#6128=LINE('',#15085,#7210);
#6129=LINE('',#15087,#7211);
#6130=LINE('',#15089,#7212);
#6131=LINE('',#15092,#7213);
#6132=LINE('',#15094,#7214);
#6133=LINE('',#15096,#7215);
#6134=LINE('',#15098,#7216);
#6135=LINE('',#15100,#7217);
#6136=LINE('',#15102,#7218);
#6137=LINE('',#15104,#7219);
#6138=LINE('',#15106,#7220);
#6139=LINE('',#15108,#7221);
#6140=LINE('',#15110,#7222);
#6141=LINE('',#15112,#7223);
#6142=LINE('',#15114,#7224);
#6143=LINE('',#15116,#7225);
#6144=LINE('',#15118,#7226);
#6145=LINE('',#15120,#7227);
#6146=LINE('',#15122,#7228);
#6147=LINE('',#15124,#7229);
#6148=LINE('',#15126,#7230);
#6149=LINE('',#15128,#7231);
#6150=LINE('',#15130,#7232);
#6151=LINE('',#15134,#7233);
#6152=LINE('',#15136,#7234);
#6153=LINE('',#15138,#7235);
#6154=LINE('',#15140,#7236);
#6155=LINE('',#15142,#7237);
#6156=LINE('',#15144,#7238);
#6157=LINE('',#15146,#7239);
#6158=LINE('',#15148,#7240);
#6159=LINE('',#15150,#7241);
#6160=LINE('',#15152,#7242);
#6161=LINE('',#15154,#7243);
#6162=LINE('',#15156,#7244);
#6163=LINE('',#15159,#7245);
#6164=LINE('',#15161,#7246);
#6165=LINE('',#15163,#7247);
#6166=LINE('',#15165,#7248);
#6167=LINE('',#15167,#7249);
#6168=LINE('',#15169,#7250);
#6169=LINE('',#15171,#7251);
#6170=LINE('',#15173,#7252);
#6171=LINE('',#15175,#7253);
#6172=LINE('',#15177,#7254);
#6173=LINE('',#15179,#7255);
#6174=LINE('',#15181,#7256);
#6175=LINE('',#15183,#7257);
#6176=LINE('',#15185,#7258);
#6177=LINE('',#15187,#7259);
#6178=LINE('',#15189,#7260);
#6179=LINE('',#15191,#7261);
#6180=LINE('',#15193,#7262);
#6181=LINE('',#15195,#7263);
#6182=LINE('',#15197,#7264);
#6183=LINE('',#15200,#7265);
#6184=LINE('',#15202,#7266);
#6185=LINE('',#15204,#7267);
#6186=VECTOR('',#9997,1.);
#6187=VECTOR('',#9998,1.);
#6188=VECTOR('',#9999,1.);
#6189=VECTOR('',#10000,1.);
#6190=VECTOR('',#10001,1.);
#6191=VECTOR('',#10002,1.);
#6192=VECTOR('',#10003,1.);
#6193=VECTOR('',#10004,1.);
#6194=VECTOR('',#10005,1.);
#6195=VECTOR('',#10006,1.);
#6196=VECTOR('',#10007,1.);
#6197=VECTOR('',#10008,1.);
#6198=VECTOR('',#10009,1.);
#6199=VECTOR('',#10010,1.);
#6200=VECTOR('',#10011,1.);
#6201=VECTOR('',#10012,1.);
#6202=VECTOR('',#10015,1.);
#6203=VECTOR('',#10018,1.);
#6204=VECTOR('',#10019,1.);
#6205=VECTOR('',#10020,1.);
#6206=VECTOR('',#10021,1.);
#6207=VECTOR('',#10022,1.);
#6208=VECTOR('',#10023,1.);
#6209=VECTOR('',#10024,1.);
#6210=VECTOR('',#10025,1.);
#6211=VECTOR('',#10026,1.);
#6212=VECTOR('',#10027,1.);
#6213=VECTOR('',#10030,1.);
#6214=VECTOR('',#10031,1.);
#6215=VECTOR('',#10032,1.);
#6216=VECTOR('',#10033,1.);
#6217=VECTOR('',#10034,1.);
#6218=VECTOR('',#10035,1.);
#6219=VECTOR('',#10036,1.);
#6220=VECTOR('',#10037,1.);
#6221=VECTOR('',#10040,1.);
#6222=VECTOR('',#10043,1.);
#6223=VECTOR('',#10044,1.);
#6224=VECTOR('',#10045,1.);
#6225=VECTOR('',#10046,1.);
#6226=VECTOR('',#10047,1.);
#6227=VECTOR('',#10048,1.);
#6228=VECTOR('',#10049,1.);
#6229=VECTOR('',#10050,1.);
#6230=VECTOR('',#10053,1.);
#6231=VECTOR('',#10056,1.);
#6232=VECTOR('',#10059,1.);
#6233=VECTOR('',#10062,1.);
#6234=VECTOR('',#10065,1.);
#6235=VECTOR('',#10068,1.);
#6236=VECTOR('',#10069,1.);
#6237=VECTOR('',#10070,1.);
#6238=VECTOR('',#10073,1.);
#6239=VECTOR('',#10074,1.);
#6240=VECTOR('',#10075,1.);
#6241=VECTOR('',#10082,1.);
#6242=VECTOR('',#10083,1.);
#6243=VECTOR('',#10086,1.);
#6244=VECTOR('',#10087,1.);
#6245=VECTOR('',#10090,1.);
#6246=VECTOR('',#10091,1.);
#6247=VECTOR('',#10092,1.);
#6248=VECTOR('',#10095,1.);
#6249=VECTOR('',#10096,1.);
#6250=VECTOR('',#10099,1.);
#6251=VECTOR('',#10102,1.);
#6252=VECTOR('',#10103,1.);
#6253=VECTOR('',#10106,1.);
#6254=VECTOR('',#10107,1.);
#6255=VECTOR('',#10110,1.);
#6256=VECTOR('',#10111,1.);
#6257=VECTOR('',#10114,1.);
#6258=VECTOR('',#10115,1.);
#6259=VECTOR('',#10118,1.);
#6260=VECTOR('',#10119,1.);
#6261=VECTOR('',#10122,1.);
#6262=VECTOR('',#10123,1.);
#6263=VECTOR('',#10126,1.);
#6264=VECTOR('',#10131,1.);
#6265=VECTOR('',#10132,1.);
#6266=VECTOR('',#10133,1.);
#6267=VECTOR('',#10136,1.);
#6268=VECTOR('',#10137,1.);
#6269=VECTOR('',#10138,1.);
#6270=VECTOR('',#10139,1.);
#6271=VECTOR('',#10140,1.);
#6272=VECTOR('',#10141,1.);
#6273=VECTOR('',#10142,1.);
#6274=VECTOR('',#10143,1.);
#6275=VECTOR('',#10144,1.);
#6276=VECTOR('',#10145,1.);
#6277=VECTOR('',#10146,1.);
#6278=VECTOR('',#10147,1.);
#6279=VECTOR('',#10148,1.);
#6280=VECTOR('',#10149,1.);
#6281=VECTOR('',#10150,1.);
#6282=VECTOR('',#10151,1.);
#6283=VECTOR('',#10152,1.);
#6284=VECTOR('',#10153,1.);
#6285=VECTOR('',#10154,1.);
#6286=VECTOR('',#10155,1.);
#6287=VECTOR('',#10158,1.);
#6288=VECTOR('',#10159,1.);
#6289=VECTOR('',#10160,1.);
#6290=VECTOR('',#10161,1.);
#6291=VECTOR('',#10162,1.);
#6292=VECTOR('',#10163,1.);
#6293=VECTOR('',#10164,1.);
#6294=VECTOR('',#10165,1.);
#6295=VECTOR('',#10166,1.);
#6296=VECTOR('',#10167,1.);
#6297=VECTOR('',#10168,1.);
#6298=VECTOR('',#10169,1.);
#6299=VECTOR('',#10170,1.);
#6300=VECTOR('',#10171,1.);
#6301=VECTOR('',#10172,1.);
#6302=VECTOR('',#10173,1.);
#6303=VECTOR('',#10174,1.);
#6304=VECTOR('',#10175,1.);
#6305=VECTOR('',#10176,1.);
#6306=VECTOR('',#10177,1.);
#6307=VECTOR('',#10178,1.);
#6308=VECTOR('',#10179,1.);
#6309=VECTOR('',#10180,1.);
#6310=VECTOR('',#10181,1.);
#6311=VECTOR('',#10182,1.);
#6312=VECTOR('',#10183,1.);
#6313=VECTOR('',#10184,1.);
#6314=VECTOR('',#10185,1.);
#6315=VECTOR('',#10186,1.);
#6316=VECTOR('',#10187,1.);
#6317=VECTOR('',#10188,1.);
#6318=VECTOR('',#10189,1.);
#6319=VECTOR('',#10190,1.);
#6320=VECTOR('',#10191,1.);
#6321=VECTOR('',#10192,1.);
#6322=VECTOR('',#10193,1.);
#6323=VECTOR('',#10194,1.);
#6324=VECTOR('',#10195,1.);
#6325=VECTOR('',#10196,1.);
#6326=VECTOR('',#10197,1.);
#6327=VECTOR('',#10198,1.);
#6328=VECTOR('',#10199,1.);
#6329=VECTOR('',#10200,1.);
#6330=VECTOR('',#10201,1.);
#6331=VECTOR('',#10202,1.);
#6332=VECTOR('',#10203,1.);
#6333=VECTOR('',#10204,1.);
#6334=VECTOR('',#10205,1.);
#6335=VECTOR('',#10206,1.);
#6336=VECTOR('',#10207,1.);
#6337=VECTOR('',#10208,1.);
#6338=VECTOR('',#10209,1.);
#6339=VECTOR('',#10210,1.);
#6340=VECTOR('',#10211,1.);
#6341=VECTOR('',#10212,1.);
#6342=VECTOR('',#10213,1.);
#6343=VECTOR('',#10214,1.);
#6344=VECTOR('',#10215,1.);
#6345=VECTOR('',#10216,1.);
#6346=VECTOR('',#10217,1.);
#6347=VECTOR('',#10218,1.);
#6348=VECTOR('',#10219,1.);
#6349=VECTOR('',#10220,1.);
#6350=VECTOR('',#10221,1.);
#6351=VECTOR('',#10222,1.);
#6352=VECTOR('',#10223,1.);
#6353=VECTOR('',#10224,1.);
#6354=VECTOR('',#10225,1.);
#6355=VECTOR('',#10226,1.);
#6356=VECTOR('',#10227,1.);
#6357=VECTOR('',#10230,1.);
#6358=VECTOR('',#10231,1.);
#6359=VECTOR('',#10232,1.);
#6360=VECTOR('',#10233,1.);
#6361=VECTOR('',#10234,1.);
#6362=VECTOR('',#10235,1.);
#6363=VECTOR('',#10236,1.);
#6364=VECTOR('',#10237,1.);
#6365=VECTOR('',#10238,1.);
#6366=VECTOR('',#10239,1.);
#6367=VECTOR('',#10240,1.);
#6368=VECTOR('',#10241,1.);
#6369=VECTOR('',#10242,1.);
#6370=VECTOR('',#10243,1.);
#6371=VECTOR('',#10244,1.);
#6372=VECTOR('',#10245,1.);
#6373=VECTOR('',#10246,1.);
#6374=VECTOR('',#10247,1.);
#6375=VECTOR('',#10248,1.);
#6376=VECTOR('',#10249,1.);
#6377=VECTOR('',#10250,1.);
#6378=VECTOR('',#10251,1.);
#6379=VECTOR('',#10252,1.);
#6380=VECTOR('',#10253,1.);
#6381=VECTOR('',#10254,1.);
#6382=VECTOR('',#10255,1.);
#6383=VECTOR('',#10256,1.);
#6384=VECTOR('',#10257,1.);
#6385=VECTOR('',#10258,1.);
#6386=VECTOR('',#10259,1.);
#6387=VECTOR('',#10260,1.);
#6388=VECTOR('',#10261,1.);
#6389=VECTOR('',#10262,1.);
#6390=VECTOR('',#10263,1.);
#6391=VECTOR('',#10264,1.);
#6392=VECTOR('',#10265,1.);
#6393=VECTOR('',#10266,1.);
#6394=VECTOR('',#10267,1.);
#6395=VECTOR('',#10268,1.);
#6396=VECTOR('',#10269,1.);
#6397=VECTOR('',#10270,1.);
#6398=VECTOR('',#10271,1.);
#6399=VECTOR('',#10272,1.);
#6400=VECTOR('',#10273,1.);
#6401=VECTOR('',#10274,1.);
#6402=VECTOR('',#10275,1.);
#6403=VECTOR('',#10276,1.);
#6404=VECTOR('',#10277,1.);
#6405=VECTOR('',#10278,1.);
#6406=VECTOR('',#10279,1.);
#6407=VECTOR('',#10282,1.);
#6408=VECTOR('',#10283,1.);
#6409=VECTOR('',#10284,1.);
#6410=VECTOR('',#10285,1.);
#6411=VECTOR('',#10286,1.);
#6412=VECTOR('',#10287,1.);
#6413=VECTOR('',#10288,1.);
#6414=VECTOR('',#10289,1.);
#6415=VECTOR('',#10290,1.);
#6416=VECTOR('',#10291,1.);
#6417=VECTOR('',#10292,1.);
#6418=VECTOR('',#10293,1.);
#6419=VECTOR('',#10294,1.);
#6420=VECTOR('',#10297,1.);
#6421=VECTOR('',#10300,1.);
#6422=VECTOR('',#10303,1.);
#6423=VECTOR('',#10304,1.);
#6424=VECTOR('',#10305,1.);
#6425=VECTOR('',#10306,1.);
#6426=VECTOR('',#10307,1.);
#6427=VECTOR('',#10308,1.);
#6428=VECTOR('',#10309,1.);
#6429=VECTOR('',#10310,1.);
#6430=VECTOR('',#10311,1.);
#6431=VECTOR('',#10312,1.);
#6432=VECTOR('',#10313,1.);
#6433=VECTOR('',#10314,1.);
#6434=VECTOR('',#10315,1.);
#6435=VECTOR('',#10316,1.);
#6436=VECTOR('',#10317,1.);
#6437=VECTOR('',#10318,1.);
#6438=VECTOR('',#10319,1.);
#6439=VECTOR('',#10320,1.);
#6440=VECTOR('',#10321,1.);
#6441=VECTOR('',#10322,1.);
#6442=VECTOR('',#10323,1.);
#6443=VECTOR('',#10324,1.);
#6444=VECTOR('',#10325,1.);
#6445=VECTOR('',#10326,1.);
#6446=VECTOR('',#10327,1.);
#6447=VECTOR('',#10328,1.);
#6448=VECTOR('',#10329,1.);
#6449=VECTOR('',#10330,1.);
#6450=VECTOR('',#10331,1.);
#6451=VECTOR('',#10332,1.);
#6452=VECTOR('',#10333,1.);
#6453=VECTOR('',#10334,1.);
#6454=VECTOR('',#10335,1.);
#6455=VECTOR('',#10336,1.);
#6456=VECTOR('',#10337,1.);
#6457=VECTOR('',#10338,1.);
#6458=VECTOR('',#10341,1.);
#6459=VECTOR('',#10344,1.);
#6460=VECTOR('',#10345,1.);
#6461=VECTOR('',#10346,1.);
#6462=VECTOR('',#10347,1.);
#6463=VECTOR('',#10350,1.);
#6464=VECTOR('',#10351,1.);
#6465=VECTOR('',#10352,1.);
#6466=VECTOR('',#10353,1.);
#6467=VECTOR('',#10354,1.);
#6468=VECTOR('',#10355,1.);
#6469=VECTOR('',#10356,1.);
#6470=VECTOR('',#10357,1.);
#6471=VECTOR('',#10358,1.);
#6472=VECTOR('',#10359,1.);
#6473=VECTOR('',#10362,1.);
#6474=VECTOR('',#10363,1.);
#6475=VECTOR('',#10364,1.);
#6476=VECTOR('',#10365,1.);
#6477=VECTOR('',#10366,1.);
#6478=VECTOR('',#10367,1.);
#6479=VECTOR('',#10368,1.);
#6480=VECTOR('',#10369,1.);
#6481=VECTOR('',#10370,1.);
#6482=VECTOR('',#10371,1.);
#6483=VECTOR('',#10372,1.);
#6484=VECTOR('',#10373,1.);
#6485=VECTOR('',#10374,1.);
#6486=VECTOR('',#10375,1.);
#6487=VECTOR('',#10376,1.);
#6488=VECTOR('',#10377,1.);
#6489=VECTOR('',#10378,1.);
#6490=VECTOR('',#10379,1.);
#6491=VECTOR('',#10380,1.);
#6492=VECTOR('',#10381,1.);
#6493=VECTOR('',#10388,1.);
#6494=VECTOR('',#10389,1.);
#6495=VECTOR('',#10394,1.);
#6496=VECTOR('',#10397,1.);
#6497=VECTOR('',#10400,1.);
#6498=VECTOR('',#10401,1.);
#6499=VECTOR('',#10402,1.);
#6500=VECTOR('',#10403,1.);
#6501=VECTOR('',#10404,1.);
#6502=VECTOR('',#10409,1.);
#6503=VECTOR('',#10414,1.);
#6504=VECTOR('',#10415,1.);
#6505=VECTOR('',#10416,1.);
#6506=VECTOR('',#10417,1.);
#6507=VECTOR('',#10420,1.);
#6508=VECTOR('',#10421,1.);
#6509=VECTOR('',#10422,1.);
#6510=VECTOR('',#10423,1.);
#6511=VECTOR('',#10424,1.);
#6512=VECTOR('',#10425,1.);
#6513=VECTOR('',#10428,1.);
#6514=VECTOR('',#10429,1.);
#6515=VECTOR('',#10430,1.);
#6516=VECTOR('',#10431,1.);
#6517=VECTOR('',#10432,1.);
#6518=VECTOR('',#10433,1.);
#6519=VECTOR('',#10434,1.);
#6520=VECTOR('',#10435,1.);
#6521=VECTOR('',#10436,1.);
#6522=VECTOR('',#10437,1.);
#6523=VECTOR('',#10438,1.);
#6524=VECTOR('',#10439,1.);
#6525=VECTOR('',#10440,1.);
#6526=VECTOR('',#10441,1.);
#6527=VECTOR('',#10444,1.);
#6528=VECTOR('',#10449,1.);
#6529=VECTOR('',#10450,1.);
#6530=VECTOR('',#10451,1.);
#6531=VECTOR('',#10460,1.);
#6532=VECTOR('',#10465,1.);
#6533=VECTOR('',#10466,1.);
#6534=VECTOR('',#10467,1.);
#6535=VECTOR('',#10468,1.);
#6536=VECTOR('',#10469,1.);
#6537=VECTOR('',#10470,1.);
#6538=VECTOR('',#10471,1.);
#6539=VECTOR('',#10472,1.);
#6540=VECTOR('',#10473,1.);
#6541=VECTOR('',#10478,1.);
#6542=VECTOR('',#10479,1.);
#6543=VECTOR('',#10484,1.);
#6544=VECTOR('',#10485,1.);
#6545=VECTOR('',#10486,1.);
#6546=VECTOR('',#10487,1.);
#6547=VECTOR('',#10488,1.);
#6548=VECTOR('',#10491,1.);
#6549=VECTOR('',#10492,1.);
#6550=VECTOR('',#10493,1.);
#6551=VECTOR('',#10494,1.);
#6552=VECTOR('',#10495,1.);
#6553=VECTOR('',#10496,1.);
#6554=VECTOR('',#10499,1.);
#6555=VECTOR('',#10500,1.);
#6556=VECTOR('',#10501,1.);
#6557=VECTOR('',#10504,1.);
#6558=VECTOR('',#10505,1.);
#6559=VECTOR('',#10506,1.);
#6560=VECTOR('',#10507,1.);
#6561=VECTOR('',#10516,1.);
#6562=VECTOR('',#10519,1.);
#6563=VECTOR('',#10522,1.);
#6564=VECTOR('',#10523,1.);
#6565=VECTOR('',#10526,1.);
#6566=VECTOR('',#10527,1.);
#6567=VECTOR('',#10528,1.);
#6568=VECTOR('',#10529,1.);
#6569=VECTOR('',#10530,1.);
#6570=VECTOR('',#10531,1.);
#6571=VECTOR('',#10532,1.);
#6572=VECTOR('',#10533,1.);
#6573=VECTOR('',#10536,1.);
#6574=VECTOR('',#10537,1.);
#6575=VECTOR('',#10538,1.);
#6576=VECTOR('',#10539,1.);
#6577=VECTOR('',#10542,1.);
#6578=VECTOR('',#10545,1.);
#6579=VECTOR('',#10546,1.);
#6580=VECTOR('',#10547,1.);
#6581=VECTOR('',#10550,1.);
#6582=VECTOR('',#10553,1.);
#6583=VECTOR('',#10554,1.);
#6584=VECTOR('',#10555,1.);
#6585=VECTOR('',#10558,1.);
#6586=VECTOR('',#10561,1.);
#6587=VECTOR('',#10562,1.);
#6588=VECTOR('',#10563,1.);
#6589=VECTOR('',#10566,1.);
#6590=VECTOR('',#10569,1.);
#6591=VECTOR('',#10570,1.);
#6592=VECTOR('',#10571,1.);
#6593=VECTOR('',#10572,1.);
#6594=VECTOR('',#10575,1.);
#6595=VECTOR('',#10576,1.);
#6596=VECTOR('',#10577,1.);
#6597=VECTOR('',#10580,1.);
#6598=VECTOR('',#10581,1.);
#6599=VECTOR('',#10582,1.);
#6600=VECTOR('',#10585,1.);
#6601=VECTOR('',#10586,1.);
#6602=VECTOR('',#10589,1.);
#6603=VECTOR('',#10592,1.);
#6604=VECTOR('',#10595,1.);
#6605=VECTOR('',#10598,1.);
#6606=VECTOR('',#10603,1.);
#6607=VECTOR('',#10604,1.);
#6608=VECTOR('',#10605,1.);
#6609=VECTOR('',#10608,1.);
#6610=VECTOR('',#10611,1.);
#6611=VECTOR('',#10612,1.);
#6612=VECTOR('',#10613,1.);
#6613=VECTOR('',#10620,1.);
#6614=VECTOR('',#10625,1.);
#6615=VECTOR('',#10628,1.);
#6616=VECTOR('',#10633,1.);
#6617=VECTOR('',#10636,1.);
#6618=VECTOR('',#10639,1.);
#6619=VECTOR('',#10642,1.);
#6620=VECTOR('',#10645,1.);
#6621=VECTOR('',#10652,1.);
#6622=VECTOR('',#10653,1.);
#6623=VECTOR('',#10654,1.);
#6624=VECTOR('',#10657,1.);
#6625=VECTOR('',#10658,1.);
#6626=VECTOR('',#10659,1.);
#6627=VECTOR('',#10660,1.);
#6628=VECTOR('',#10667,1.);
#6629=VECTOR('',#10668,1.);
#6630=VECTOR('',#10669,1.);
#6631=VECTOR('',#10672,1.);
#6632=VECTOR('',#10673,1.);
#6633=VECTOR('',#10676,1.);
#6634=VECTOR('',#10677,1.);
#6635=VECTOR('',#10680,1.);
#6636=VECTOR('',#10681,1.);
#6637=VECTOR('',#10682,1.);
#6638=VECTOR('',#10685,1.);
#6639=VECTOR('',#10686,1.);
#6640=VECTOR('',#10689,1.);
#6641=VECTOR('',#10692,1.);
#6642=VECTOR('',#10695,1.);
#6643=VECTOR('',#10696,1.);
#6644=VECTOR('',#10697,1.);
#6645=VECTOR('',#10698,1.);
#6646=VECTOR('',#10701,1.);
#6647=VECTOR('',#10702,1.);
#6648=VECTOR('',#10705,1.);
#6649=VECTOR('',#10708,1.);
#6650=VECTOR('',#10711,1.);
#6651=VECTOR('',#10714,1.);
#6652=VECTOR('',#10719,1.);
#6653=VECTOR('',#10722,1.);
#6654=VECTOR('',#10725,1.);
#6655=VECTOR('',#10728,1.);
#6656=VECTOR('',#10735,1.);
#6657=VECTOR('',#10738,1.);
#6658=VECTOR('',#10739,1.);
#6659=VECTOR('',#10742,1.);
#6660=VECTOR('',#10747,1.);
#6661=VECTOR('',#10748,1.);
#6662=VECTOR('',#10753,1.);
#6663=VECTOR('',#10758,1.);
#6664=VECTOR('',#10761,1.);
#6665=VECTOR('',#10762,1.);
#6666=VECTOR('',#10765,1.);
#6667=VECTOR('',#10768,1.);
#6668=VECTOR('',#10769,1.);
#6669=VECTOR('',#10772,1.);
#6670=VECTOR('',#10775,1.);
#6671=VECTOR('',#10776,1.);
#6672=VECTOR('',#10779,1.);
#6673=VECTOR('',#10782,1.);
#6674=VECTOR('',#10783,1.);
#6675=VECTOR('',#10788,1.);
#6676=VECTOR('',#10793,1.);
#6677=VECTOR('',#10804,1.);
#6678=VECTOR('',#10807,1.);
#6679=VECTOR('',#10812,1.);
#6680=VECTOR('',#10815,1.);
#6681=VECTOR('',#10822,1.);
#6682=VECTOR('',#10823,1.);
#6683=VECTOR('',#10826,1.);
#6684=VECTOR('',#10829,1.);
#6685=VECTOR('',#10832,1.);
#6686=VECTOR('',#10835,1.);
#6687=VECTOR('',#10838,1.);
#6688=VECTOR('',#10841,1.);
#6689=VECTOR('',#10844,1.);
#6690=VECTOR('',#10847,1.);
#6691=VECTOR('',#10868,1.);
#6692=VECTOR('',#10869,1.);
#6693=VECTOR('',#10870,1.);
#6694=VECTOR('',#10873,1.);
#6695=VECTOR('',#10874,1.);
#6696=VECTOR('',#10875,1.);
#6697=VECTOR('',#10878,1.);
#6698=VECTOR('',#10879,1.);
#6699=VECTOR('',#10880,1.);
#6700=VECTOR('',#10881,1.);
#6701=VECTOR('',#10884,1.);
#6702=VECTOR('',#10885,1.);
#6703=VECTOR('',#10886,1.);
#6704=VECTOR('',#10889,1.);
#6705=VECTOR('',#10960,1.);
#6706=VECTOR('',#10961,1.);
#6707=VECTOR('',#10962,1.);
#6708=VECTOR('',#10965,1.);
#6709=VECTOR('',#10966,1.);
#6710=VECTOR('',#10967,1.);
#6711=VECTOR('',#10970,1.);
#6712=VECTOR('',#10971,1.);
#6713=VECTOR('',#10972,1.);
#6714=VECTOR('',#10975,1.);
#6715=VECTOR('',#10976,1.);
#6716=VECTOR('',#10977,1.);
#6717=VECTOR('',#10980,1.);
#6718=VECTOR('',#10981,1.);
#6719=VECTOR('',#10982,1.);
#6720=VECTOR('',#10985,1.);
#6721=VECTOR('',#10986,1.);
#6722=VECTOR('',#10987,1.);
#6723=VECTOR('',#10988,1.);
#6724=VECTOR('',#10995,1.);
#6725=VECTOR('',#11012,1.);
#6726=VECTOR('',#11013,1.);
#6727=VECTOR('',#11028,1.);
#6728=VECTOR('',#11029,1.);
#6729=VECTOR('',#11032,1.);
#6730=VECTOR('',#11033,1.);
#6731=VECTOR('',#11034,1.);
#6732=VECTOR('',#11037,1.);
#6733=VECTOR('',#11038,1.);
#6734=VECTOR('',#11039,1.);
#6735=VECTOR('',#11090,1.);
#6736=VECTOR('',#11091,1.);
#6737=VECTOR('',#11092,1.);
#6738=VECTOR('',#11093,1.);
#6739=VECTOR('',#11094,1.);
#6740=VECTOR('',#11095,1.);
#6741=VECTOR('',#11096,1.);
#6742=VECTOR('',#11097,1.);
#6743=VECTOR('',#11100,1.);
#6744=VECTOR('',#11101,1.);
#6745=VECTOR('',#11102,1.);
#6746=VECTOR('',#11105,1.);
#6747=VECTOR('',#11108,1.);
#6748=VECTOR('',#11113,1.);
#6749=VECTOR('',#11116,1.);
#6750=VECTOR('',#11121,1.);
#6751=VECTOR('',#11124,1.);
#6752=VECTOR('',#11127,1.);
#6753=VECTOR('',#11132,1.);
#6754=VECTOR('',#11137,1.);
#6755=VECTOR('',#11138,1.);
#6756=VECTOR('',#11141,1.);
#6757=VECTOR('',#11142,1.);
#6758=VECTOR('',#11143,1.);
#6759=VECTOR('',#11146,1.);
#6760=VECTOR('',#11147,1.);
#6761=VECTOR('',#11150,1.);
#6762=VECTOR('',#11151,1.);
#6763=VECTOR('',#11152,1.);
#6764=VECTOR('',#11155,1.);
#6765=VECTOR('',#11156,1.);
#6766=VECTOR('',#11159,1.);
#6767=VECTOR('',#11160,1.);
#6768=VECTOR('',#11161,1.);
#6769=VECTOR('',#11164,1.);
#6770=VECTOR('',#11165,1.);
#6771=VECTOR('',#11168,1.);
#6772=VECTOR('',#11169,1.);
#6773=VECTOR('',#11170,1.);
#6774=VECTOR('',#11173,1.);
#6775=VECTOR('',#11174,1.);
#6776=VECTOR('',#11177,1.);
#6777=VECTOR('',#11178,1.);
#6778=VECTOR('',#11179,1.);
#6779=VECTOR('',#11182,1.);
#6780=VECTOR('',#11183,1.);
#6781=VECTOR('',#11186,1.);
#6782=VECTOR('',#11187,1.);
#6783=VECTOR('',#11188,1.);
#6784=VECTOR('',#11191,1.);
#6785=VECTOR('',#11192,1.);
#6786=VECTOR('',#11195,1.);
#6787=VECTOR('',#11196,1.);
#6788=VECTOR('',#11197,1.);
#6789=VECTOR('',#11200,1.);
#6790=VECTOR('',#11201,1.);
#6791=VECTOR('',#11204,1.);
#6792=VECTOR('',#11205,1.);
#6793=VECTOR('',#11206,1.);
#6794=VECTOR('',#11321,1.);
#6795=VECTOR('',#11322,1.);
#6796=VECTOR('',#11323,1.);
#6797=VECTOR('',#11324,1.);
#6798=VECTOR('',#11325,1.);
#6799=VECTOR('',#11326,1.);
#6800=VECTOR('',#11341,1.);
#6801=VECTOR('',#11342,1.);
#6802=VECTOR('',#11343,1.);
#6803=VECTOR('',#11344,1.);
#6804=VECTOR('',#11347,1.);
#6805=VECTOR('',#11348,1.);
#6806=VECTOR('',#11349,1.);
#6807=VECTOR('',#11352,1.);
#6808=VECTOR('',#11353,1.);
#6809=VECTOR('',#11354,1.);
#6810=VECTOR('',#11357,1.);
#6811=VECTOR('',#11358,1.);
#6812=VECTOR('',#11359,1.);
#6813=VECTOR('',#11362,1.);
#6814=VECTOR('',#11363,1.);
#6815=VECTOR('',#11364,1.);
#6816=VECTOR('',#11375,1.);
#6817=VECTOR('',#11378,1.);
#6818=VECTOR('',#11381,1.);
#6819=VECTOR('',#11384,1.);
#6820=VECTOR('',#11387,1.);
#6821=VECTOR('',#11388,1.);
#6822=VECTOR('',#11389,1.);
#6823=VECTOR('',#11392,1.);
#6824=VECTOR('',#11393,1.);
#6825=VECTOR('',#11394,1.);
#6826=VECTOR('',#11397,1.);
#6827=VECTOR('',#11398,1.);
#6828=VECTOR('',#11399,1.);
#6829=VECTOR('',#11402,1.);
#6830=VECTOR('',#11403,1.);
#6831=VECTOR('',#11404,1.);
#6832=VECTOR('',#11455,1.);
#6833=VECTOR('',#11508,1.);
#6834=VECTOR('',#11509,1.);
#6835=VECTOR('',#11512,1.);
#6836=VECTOR('',#11513,1.);
#6837=VECTOR('',#11566,1.);
#6838=VECTOR('',#11567,1.);
#6839=VECTOR('',#11568,1.);
#6840=VECTOR('',#11569,1.);
#6841=VECTOR('',#11570,1.);
#6842=VECTOR('',#11571,1.);
#6843=VECTOR('',#11572,1.);
#6844=VECTOR('',#11573,1.);
#6845=VECTOR('',#11574,1.);
#6846=VECTOR('',#11575,1.);
#6847=VECTOR('',#11578,1.);
#6848=VECTOR('',#11579,1.);
#6849=VECTOR('',#11586,1.);
#6850=VECTOR('',#11587,1.);
#6851=VECTOR('',#11590,1.);
#6852=VECTOR('',#11591,1.);
#6853=VECTOR('',#11594,1.);
#6854=VECTOR('',#11595,1.);
#6855=VECTOR('',#11596,1.);
#6856=VECTOR('',#11597,1.);
#6857=VECTOR('',#11598,1.);
#6858=VECTOR('',#11599,1.);
#6859=VECTOR('',#11600,1.);
#6860=VECTOR('',#11601,1.);
#6861=VECTOR('',#11604,1.);
#6862=VECTOR('',#11605,1.);
#6863=VECTOR('',#11608,1.);
#6864=VECTOR('',#11611,1.);
#6865=VECTOR('',#11614,1.);
#6866=VECTOR('',#11619,1.);
#6867=VECTOR('',#11622,1.);
#6868=VECTOR('',#11627,1.);
#6869=VECTOR('',#11628,1.);
#6870=VECTOR('',#11629,1.);
#6871=VECTOR('',#11632,1.);
#6872=VECTOR('',#11633,1.);
#6873=VECTOR('',#11636,1.);
#6874=VECTOR('',#11637,1.);
#6875=VECTOR('',#11640,1.);
#6876=VECTOR('',#11641,1.);
#6877=VECTOR('',#11644,1.);
#6878=VECTOR('',#11645,1.);
#6879=VECTOR('',#11648,1.);
#6880=VECTOR('',#11649,1.);
#6881=VECTOR('',#11652,1.);
#6882=VECTOR('',#11653,1.);
#6883=VECTOR('',#11656,1.);
#6884=VECTOR('',#11657,1.);
#6885=VECTOR('',#11660,1.);
#6886=VECTOR('',#11661,1.);
#6887=VECTOR('',#11664,1.);
#6888=VECTOR('',#11669,1.);
#6889=VECTOR('',#11670,1.);
#6890=VECTOR('',#11671,1.);
#6891=VECTOR('',#11674,1.);
#6892=VECTOR('',#11675,1.);
#6893=VECTOR('',#11678,1.);
#6894=VECTOR('',#11679,1.);
#6895=VECTOR('',#11682,1.);
#6896=VECTOR('',#11683,1.);
#6897=VECTOR('',#11686,1.);
#6898=VECTOR('',#11687,1.);
#6899=VECTOR('',#11690,1.);
#6900=VECTOR('',#11691,1.);
#6901=VECTOR('',#11694,1.);
#6902=VECTOR('',#11695,1.);
#6903=VECTOR('',#11698,1.);
#6904=VECTOR('',#11699,1.);
#6905=VECTOR('',#11702,1.);
#6906=VECTOR('',#11703,1.);
#6907=VECTOR('',#11706,1.);
#6908=VECTOR('',#11711,1.);
#6909=VECTOR('',#11712,1.);
#6910=VECTOR('',#11713,1.);
#6911=VECTOR('',#11716,1.);
#6912=VECTOR('',#11717,1.);
#6913=VECTOR('',#11720,1.);
#6914=VECTOR('',#11721,1.);
#6915=VECTOR('',#11724,1.);
#6916=VECTOR('',#11725,1.);
#6917=VECTOR('',#11728,1.);
#6918=VECTOR('',#11729,1.);
#6919=VECTOR('',#11732,1.);
#6920=VECTOR('',#11733,1.);
#6921=VECTOR('',#11736,1.);
#6922=VECTOR('',#11737,1.);
#6923=VECTOR('',#11740,1.);
#6924=VECTOR('',#11741,1.);
#6925=VECTOR('',#11744,1.);
#6926=VECTOR('',#11745,1.);
#6927=VECTOR('',#11748,1.);
#6928=VECTOR('',#11753,1.);
#6929=VECTOR('',#11754,1.);
#6930=VECTOR('',#11755,1.);
#6931=VECTOR('',#11758,1.);
#6932=VECTOR('',#11759,1.);
#6933=VECTOR('',#11762,1.);
#6934=VECTOR('',#11763,1.);
#6935=VECTOR('',#11766,1.);
#6936=VECTOR('',#11767,1.);
#6937=VECTOR('',#11770,1.);
#6938=VECTOR('',#11771,1.);
#6939=VECTOR('',#11774,1.);
#6940=VECTOR('',#11775,1.);
#6941=VECTOR('',#11778,1.);
#6942=VECTOR('',#11779,1.);
#6943=VECTOR('',#11782,1.);
#6944=VECTOR('',#11783,1.);
#6945=VECTOR('',#11786,1.);
#6946=VECTOR('',#11787,1.);
#6947=VECTOR('',#11790,1.);
#6948=VECTOR('',#11795,1.);
#6949=VECTOR('',#11796,1.);
#6950=VECTOR('',#11797,1.);
#6951=VECTOR('',#11800,1.);
#6952=VECTOR('',#11801,1.);
#6953=VECTOR('',#11804,1.);
#6954=VECTOR('',#11805,1.);
#6955=VECTOR('',#11808,1.);
#6956=VECTOR('',#11809,1.);
#6957=VECTOR('',#11812,1.);
#6958=VECTOR('',#11813,1.);
#6959=VECTOR('',#11816,1.);
#6960=VECTOR('',#11817,1.);
#6961=VECTOR('',#11820,1.);
#6962=VECTOR('',#11821,1.);
#6963=VECTOR('',#11824,1.);
#6964=VECTOR('',#11825,1.);
#6965=VECTOR('',#11828,1.);
#6966=VECTOR('',#11829,1.);
#6967=VECTOR('',#11832,1.);
#6968=VECTOR('',#11837,1.);
#6969=VECTOR('',#11838,1.);
#6970=VECTOR('',#11839,1.);
#6971=VECTOR('',#11840,1.);
#6972=VECTOR('',#11841,1.);
#6973=VECTOR('',#11842,1.);
#6974=VECTOR('',#11843,1.);
#6975=VECTOR('',#11846,1.);
#6976=VECTOR('',#11849,1.);
#6977=VECTOR('',#11852,1.);
#6978=VECTOR('',#11853,1.);
#6979=VECTOR('',#11856,1.);
#6980=VECTOR('',#11859,1.);
#6981=VECTOR('',#11866,1.);
#6982=VECTOR('',#11867,1.);
#6983=VECTOR('',#11870,1.);
#6984=VECTOR('',#11875,1.);
#6985=VECTOR('',#11876,1.);
#6986=VECTOR('',#11879,1.);
#6987=VECTOR('',#11880,1.);
#6988=VECTOR('',#11883,1.);
#6989=VECTOR('',#11884,1.);
#6990=VECTOR('',#11885,1.);
#6991=VECTOR('',#11886,1.);
#6992=VECTOR('',#11887,1.);
#6993=VECTOR('',#11888,1.);
#6994=VECTOR('',#11889,1.);
#6995=VECTOR('',#11890,1.);
#6996=VECTOR('',#11893,1.);
#6997=VECTOR('',#11894,1.);
#6998=VECTOR('',#11897,1.);
#6999=VECTOR('',#11900,1.);
#7000=VECTOR('',#11905,1.);
#7001=VECTOR('',#11908,1.);
#7002=VECTOR('',#11911,1.);
#7003=VECTOR('',#11916,1.);
#7004=VECTOR('',#11917,1.);
#7005=VECTOR('',#11918,1.);
#7006=VECTOR('',#11921,1.);
#7007=VECTOR('',#11922,1.);
#7008=VECTOR('',#11925,1.);
#7009=VECTOR('',#11926,1.);
#7010=VECTOR('',#11929,1.);
#7011=VECTOR('',#11930,1.);
#7012=VECTOR('',#11933,1.);
#7013=VECTOR('',#11934,1.);
#7014=VECTOR('',#11937,1.);
#7015=VECTOR('',#11938,1.);
#7016=VECTOR('',#11941,1.);
#7017=VECTOR('',#11942,1.);
#7018=VECTOR('',#11945,1.);
#7019=VECTOR('',#11946,1.);
#7020=VECTOR('',#11949,1.);
#7021=VECTOR('',#11950,1.);
#7022=VECTOR('',#11953,1.);
#7023=VECTOR('',#11958,1.);
#7024=VECTOR('',#11959,1.);
#7025=VECTOR('',#11960,1.);
#7026=VECTOR('',#11963,1.);
#7027=VECTOR('',#11964,1.);
#7028=VECTOR('',#11967,1.);
#7029=VECTOR('',#11968,1.);
#7030=VECTOR('',#11971,1.);
#7031=VECTOR('',#11972,1.);
#7032=VECTOR('',#11975,1.);
#7033=VECTOR('',#11976,1.);
#7034=VECTOR('',#11979,1.);
#7035=VECTOR('',#11980,1.);
#7036=VECTOR('',#11983,1.);
#7037=VECTOR('',#11984,1.);
#7038=VECTOR('',#11987,1.);
#7039=VECTOR('',#11988,1.);
#7040=VECTOR('',#11991,1.);
#7041=VECTOR('',#11992,1.);
#7042=VECTOR('',#11995,1.);
#7043=VECTOR('',#12000,1.);
#7044=VECTOR('',#12001,1.);
#7045=VECTOR('',#12002,1.);
#7046=VECTOR('',#12005,1.);
#7047=VECTOR('',#12006,1.);
#7048=VECTOR('',#12009,1.);
#7049=VECTOR('',#12010,1.);
#7050=VECTOR('',#12013,1.);
#7051=VECTOR('',#12014,1.);
#7052=VECTOR('',#12017,1.);
#7053=VECTOR('',#12018,1.);
#7054=VECTOR('',#12021,1.);
#7055=VECTOR('',#12022,1.);
#7056=VECTOR('',#12025,1.);
#7057=VECTOR('',#12026,1.);
#7058=VECTOR('',#12029,1.);
#7059=VECTOR('',#12030,1.);
#7060=VECTOR('',#12033,1.);
#7061=VECTOR('',#12034,1.);
#7062=VECTOR('',#12037,1.);
#7063=VECTOR('',#12042,1.);
#7064=VECTOR('',#12043,1.);
#7065=VECTOR('',#12044,1.);
#7066=VECTOR('',#12047,1.);
#7067=VECTOR('',#12048,1.);
#7068=VECTOR('',#12051,1.);
#7069=VECTOR('',#12052,1.);
#7070=VECTOR('',#12055,1.);
#7071=VECTOR('',#12056,1.);
#7072=VECTOR('',#12059,1.);
#7073=VECTOR('',#12060,1.);
#7074=VECTOR('',#12063,1.);
#7075=VECTOR('',#12064,1.);
#7076=VECTOR('',#12067,1.);
#7077=VECTOR('',#12068,1.);
#7078=VECTOR('',#12071,1.);
#7079=VECTOR('',#12072,1.);
#7080=VECTOR('',#12075,1.);
#7081=VECTOR('',#12076,1.);
#7082=VECTOR('',#12079,1.);
#7083=VECTOR('',#12084,1.);
#7084=VECTOR('',#12085,1.);
#7085=VECTOR('',#12088,1.);
#7086=VECTOR('',#12093,1.);
#7087=VECTOR('',#12098,1.);
#7088=VECTOR('',#12099,1.);
#7089=VECTOR('',#12102,1.);
#7090=VECTOR('',#12103,1.);
#7091=VECTOR('',#12106,1.);
#7092=VECTOR('',#12107,1.);
#7093=VECTOR('',#12110,1.);
#7094=VECTOR('',#12111,1.);
#7095=VECTOR('',#12112,1.);
#7096=VECTOR('',#12113,1.);
#7097=VECTOR('',#12114,1.);
#7098=VECTOR('',#12117,1.);
#7099=VECTOR('',#12120,1.);
#7100=VECTOR('',#12123,1.);
#7101=VECTOR('',#12130,1.);
#7102=VECTOR('',#12131,1.);
#7103=VECTOR('',#12132,1.);
#7104=VECTOR('',#12135,1.);
#7105=VECTOR('',#12136,1.);
#7106=VECTOR('',#12139,1.);
#7107=VECTOR('',#12140,1.);
#7108=VECTOR('',#12143,1.);
#7109=VECTOR('',#12144,1.);
#7110=VECTOR('',#12147,1.);
#7111=VECTOR('',#12148,1.);
#7112=VECTOR('',#12151,1.);
#7113=VECTOR('',#12152,1.);
#7114=VECTOR('',#12155,1.);
#7115=VECTOR('',#12156,1.);
#7116=VECTOR('',#12159,1.);
#7117=VECTOR('',#12160,1.);
#7118=VECTOR('',#12163,1.);
#7119=VECTOR('',#12164,1.);
#7120=VECTOR('',#12167,1.);
#7121=VECTOR('',#12172,1.);
#7122=VECTOR('',#12173,1.);
#7123=VECTOR('',#12174,1.);
#7124=VECTOR('',#12177,1.);
#7125=VECTOR('',#12178,1.);
#7126=VECTOR('',#12181,1.);
#7127=VECTOR('',#12182,1.);
#7128=VECTOR('',#12185,1.);
#7129=VECTOR('',#12186,1.);
#7130=VECTOR('',#12189,1.);
#7131=VECTOR('',#12190,1.);
#7132=VECTOR('',#12193,1.);
#7133=VECTOR('',#12194,1.);
#7134=VECTOR('',#12197,1.);
#7135=VECTOR('',#12198,1.);
#7136=VECTOR('',#12201,1.);
#7137=VECTOR('',#12202,1.);
#7138=VECTOR('',#12205,1.);
#7139=VECTOR('',#12206,1.);
#7140=VECTOR('',#12209,1.);
#7141=VECTOR('',#12214,1.);
#7142=VECTOR('',#12215,1.);
#7143=VECTOR('',#12216,1.);
#7144=VECTOR('',#12219,1.);
#7145=VECTOR('',#12220,1.);
#7146=VECTOR('',#12223,1.);
#7147=VECTOR('',#12224,1.);
#7148=VECTOR('',#12227,1.);
#7149=VECTOR('',#12228,1.);
#7150=VECTOR('',#12231,1.);
#7151=VECTOR('',#12232,1.);
#7152=VECTOR('',#12235,1.);
#7153=VECTOR('',#12236,1.);
#7154=VECTOR('',#12239,1.);
#7155=VECTOR('',#12240,1.);
#7156=VECTOR('',#12243,1.);
#7157=VECTOR('',#12244,1.);
#7158=VECTOR('',#12247,1.);
#7159=VECTOR('',#12248,1.);
#7160=VECTOR('',#12251,1.);
#7161=VECTOR('',#12256,1.);
#7162=VECTOR('',#12257,1.);
#7163=VECTOR('',#12260,1.);
#7164=VECTOR('',#12261,1.);
#7165=VECTOR('',#12264,1.);
#7166=VECTOR('',#12265,1.);
#7167=VECTOR('',#12268,1.);
#7168=VECTOR('',#12269,1.);
#7169=VECTOR('',#12272,1.);
#7170=VECTOR('',#12277,1.);
#7171=VECTOR('',#12278,1.);
#7172=VECTOR('',#12281,1.);
#7173=VECTOR('',#12282,1.);
#7174=VECTOR('',#12283,1.);
#7175=VECTOR('',#12284,1.);
#7176=VECTOR('',#12285,1.);
#7177=VECTOR('',#12288,1.);
#7178=VECTOR('',#12291,1.);
#7179=VECTOR('',#12294,1.);
#7180=VECTOR('',#12297,1.);
#7181=VECTOR('',#12302,1.);
#7182=VECTOR('',#12303,1.);
#7183=VECTOR('',#12306,1.);
#7184=VECTOR('',#12307,1.);
#7185=VECTOR('',#12310,1.);
#7186=VECTOR('',#12311,1.);
#7187=VECTOR('',#12312,1.);
#7188=VECTOR('',#12313,1.);
#7189=VECTOR('',#12314,1.);
#7190=VECTOR('',#12317,1.);
#7191=VECTOR('',#12318,1.);
#7192=VECTOR('',#12321,1.);
#7193=VECTOR('',#12324,1.);
#7194=VECTOR('',#12331,1.);
#7195=VECTOR('',#12332,1.);
#7196=VECTOR('',#12335,1.);
#7197=VECTOR('',#12336,1.);
#7198=VECTOR('',#12339,1.);
#7199=VECTOR('',#12340,1.);
#7200=VECTOR('',#12341,1.);
#7201=VECTOR('',#12342,1.);
#7202=VECTOR('',#12343,1.);
#7203=VECTOR('',#12344,1.);
#7204=VECTOR('',#12345,1.);
#7205=VECTOR('',#12346,1.);
#7206=VECTOR('',#12349,1.);
#7207=VECTOR('',#12350,1.);
#7208=VECTOR('',#12353,1.);
#7209=VECTOR('',#12356,1.);
#7210=VECTOR('',#12361,1.);
#7211=VECTOR('',#12364,1.);
#7212=VECTOR('',#12367,1.);
#7213=VECTOR('',#12372,1.);
#7214=VECTOR('',#12373,1.);
#7215=VECTOR('',#12374,1.);
#7216=VECTOR('',#12377,1.);
#7217=VECTOR('',#12378,1.);
#7218=VECTOR('',#12381,1.);
#7219=VECTOR('',#12382,1.);
#7220=VECTOR('',#12385,1.);
#7221=VECTOR('',#12386,1.);
#7222=VECTOR('',#12389,1.);
#7223=VECTOR('',#12390,1.);
#7224=VECTOR('',#12393,1.);
#7225=VECTOR('',#12394,1.);
#7226=VECTOR('',#12397,1.);
#7227=VECTOR('',#12398,1.);
#7228=VECTOR('',#12401,1.);
#7229=VECTOR('',#12402,1.);
#7230=VECTOR('',#12405,1.);
#7231=VECTOR('',#12406,1.);
#7232=VECTOR('',#12409,1.);
#7233=VECTOR('',#12416,1.);
#7234=VECTOR('',#12417,1.);
#7235=VECTOR('',#12418,1.);
#7236=VECTOR('',#12421,1.);
#7237=VECTOR('',#12422,1.);
#7238=VECTOR('',#12425,1.);
#7239=VECTOR('',#12426,1.);
#7240=VECTOR('',#12429,1.);
#7241=VECTOR('',#12430,1.);
#7242=VECTOR('',#12433,1.);
#7243=VECTOR('',#12434,1.);
#7244=VECTOR('',#12437,1.);
#7245=VECTOR('',#12442,1.);
#7246=VECTOR('',#12443,1.);
#7247=VECTOR('',#12444,1.);
#7248=VECTOR('',#12447,1.);
#7249=VECTOR('',#12448,1.);
#7250=VECTOR('',#12451,1.);
#7251=VECTOR('',#12452,1.);
#7252=VECTOR('',#12455,1.);
#7253=VECTOR('',#12456,1.);
#7254=VECTOR('',#12459,1.);
#7255=VECTOR('',#12460,1.);
#7256=VECTOR('',#12463,1.);
#7257=VECTOR('',#12464,1.);
#7258=VECTOR('',#12467,1.);
#7259=VECTOR('',#12468,1.);
#7260=VECTOR('',#12471,1.);
#7261=VECTOR('',#12472,1.);
#7262=VECTOR('',#12475,1.);
#7263=VECTOR('',#12476,1.);
#7264=VECTOR('',#12479,1.);
#7265=VECTOR('',#12484,1.);
#7266=VECTOR('',#12487,1.);
#7267=VECTOR('',#12490,1.);
#7268=EDGE_LOOP('',(#354,#355,#356,#357,#358,#359,#360,#361,#362,#363));
#7269=EDGE_LOOP('',(#364,#365,#366,#367,#368,#369));
#7270=EDGE_LOOP('',(#370));
#7271=EDGE_LOOP('',(#371,#372,#373,#374,#375,#376,#377,#378,#379,#380,#381,#382));
#7272=EDGE_LOOP('',(#383));
#7273=EDGE_LOOP('',(#384,#385,#386,#387,#388,#389,#390,#391,#392,#393,#394,#395,#396,#397,#398,#399));
#7274=EDGE_LOOP('',(#400,#401,#402,#403,#404,#405,#406,#407,#408,#409,#410,#411,#412,#413,#414,#415,#416));
#7275=EDGE_LOOP('',(#417,#418,#419,#420));
#7276=EDGE_LOOP('',(#421));
#7277=EDGE_LOOP('',(#422,#423,#424,#425));
#7278=EDGE_LOOP('',(#426,#427,#428,#429));
#7279=EDGE_LOOP('',(#430,#431,#432,#433));
#7280=EDGE_LOOP('',(#434,#435,#436,#437));
#7281=EDGE_LOOP('',(#438,#439,#440,#441));
#7282=EDGE_LOOP('',(#442,#443,#444,#445));
#7283=EDGE_LOOP('',(#446,#447,#448,#449));
#7284=EDGE_LOOP('',(#450,#451,#452,#453));
#7285=EDGE_LOOP('',(#454,#455,#456,#457));
#7286=EDGE_LOOP('',(#458,#459,#460,#461));
#7287=EDGE_LOOP('',(#462,#463,#464,#465));
#7288=EDGE_LOOP('',(#466,#467,#468,#469));
#7289=EDGE_LOOP('',(#470,#471,#472,#473,#474,#475,#476,#477,#478,#479,#480,#481));
#7290=EDGE_LOOP('',(#482,#483,#484,#485));
#7291=EDGE_LOOP('',(#486,#487,#488,#489,#490,#491,#492,#493,#494,#495));
#7292=EDGE_LOOP('',(#496,#497,#498,#499,#500,#501,#502,#503,#504,#505));
#7293=EDGE_LOOP('',(#506));
#7294=EDGE_LOOP('',(#507,#508,#509,#510,#511,#512,#513,#514,#515,#516));
#7295=EDGE_LOOP('',(#517,#518,#519,#520,#521,#522,#523,#524,#525,#526));
#7296=EDGE_LOOP('',(#527,#528,#529,#530,#531,#532,#533,#534,#535,#536));
#7297=EDGE_LOOP('',(#537,#538,#539,#540,#541,#542,#543,#544,#545,#546));
#7298=EDGE_LOOP('',(#547,#548,#549,#550,#551,#552,#553,#554,#555,#556));
#7299=EDGE_LOOP('',(#557,#558,#559,#560,#561,#562,#563,#564,#565,#566));
#7300=EDGE_LOOP('',(#567,#568,#569,#570,#571,#572,#573,#574,#575,#576));
#7301=EDGE_LOOP('',(#577,#578,#579,#580,#581,#582,#583,#584,#585,#586,#587));
#7302=EDGE_LOOP('',(#588,#589,#590,#591,#592,#593,#594,#595,#596,#597));
#7303=EDGE_LOOP('',(#598,#599,#600,#601,#602,#603,#604,#605,#606,#607));
#7304=EDGE_LOOP('',(#608,#609,#610,#611,#612,#613,#614,#615,#616,#617));
#7305=EDGE_LOOP('',(#618,#619,#620,#621,#622,#623,#624,#625,#626,#627));
#7306=EDGE_LOOP('',(#628,#629,#630,#631,#632,#633,#634,#635,#636,#637,#638));
#7307=EDGE_LOOP('',(#639,#640,#641,#642,#643,#644,#645,#646,#647,#648,#649,#650,#651,#652,#653,#654,#655,#656,#657,#658,#659,#660,#661,#662,#663,#664,#665,#666,#667,#668,#669,#670,#671,#672,#673,#674,#675,#676,#677,#678,#679,#680,#681,#682,#683,#684,#685,#686,#687,#688,#689,#690,#691));
#7308=EDGE_LOOP('',(#692,#693,#694,#695,#696,#697,#698,#699,#700,#701,#702,#703,#704,#705,#706,#707,#708,#709,#710,#711,#712,#713,#714,#715,#716,#717,#718,#719,#720,#721,#722));
#7309=EDGE_LOOP('',(#723));
#7310=EDGE_LOOP('',(#724));
#7311=EDGE_LOOP('',(#725,#726,#727,#728));
#7312=EDGE_LOOP('',(#729,#730,#731,#732));
#7313=EDGE_LOOP('',(#733,#734,#735,#736,#737,#738));
#7314=EDGE_LOOP('',(#739,#740,#741,#742));
#7315=EDGE_LOOP('',(#743,#744,#745,#746,#747,#748));
#7316=EDGE_LOOP('',(#749,#750,#751,#752,#753,#754));
#7317=EDGE_LOOP('',(#755,#756,#757,#758,#759,#760,#761,#762,#763,#764,#765,#766,#767,#768,#769,#770));
#7318=EDGE_LOOP('',(#771,#772,#773,#774));
#7319=EDGE_LOOP('',(#775,#776,#777,#778,#779));
#7320=EDGE_LOOP('',(#780,#781,#782,#783,#784,#785,#786));
#7321=EDGE_LOOP('',(#787,#788,#789,#790,#791,#792,#793,#794,#795,#796,#797,#798,#799));
#7322=EDGE_LOOP('',(#800));
#7323=EDGE_LOOP('',(#801,#802,#803,#804));
#7324=EDGE_LOOP('',(#805,#806,#807,#808,#809,#810,#811,#812));
#7325=EDGE_LOOP('',(#813,#814,#815,#816,#817,#818,#819,#820));
#7326=EDGE_LOOP('',(#821,#822,#823,#824));
#7327=EDGE_LOOP('',(#825,#826,#827,#828,#829,#830));
#7328=EDGE_LOOP('',(#831));
#7329=EDGE_LOOP('',(#832));
#7330=EDGE_LOOP('',(#833));
#7331=EDGE_LOOP('',(#834));
#7332=EDGE_LOOP('',(#835,#836,#837,#838,#839,#840));
#7333=EDGE_LOOP('',(#841,#842,#843,#844,#845,#846,#847,#848));
#7334=EDGE_LOOP('',(#849,#850,#851,#852));
#7335=EDGE_LOOP('',(#853,#854,#855,#856,#857,#858,#859,#860,#861,#862,#863,#864,#865,#866,#867,#868,#869,#870,#871,#872,#873,#874,#875,#876,#877));
#7336=EDGE_LOOP('',(#878,#879,#880,#881,#882,#883,#884,#885,#886));
#7337=EDGE_LOOP('',(#887,#888,#889,#890,#891,#892,#893,#894,#895,#896,#897));
#7338=EDGE_LOOP('',(#898,#899,#900,#901,#902,#903));
#7339=EDGE_LOOP('',(#904,#905,#906,#907,#908,#909,#910,#911,#912,#913));
#7340=EDGE_LOOP('',(#914,#915,#916,#917,#918,#919,#920,#921,#922,#923));
#7341=EDGE_LOOP('',(#924));
#7342=EDGE_LOOP('',(#925,#926,#927,#928,#929,#930,#931,#932));
#7343=EDGE_LOOP('',(#933));
#7344=EDGE_LOOP('',(#934,#935,#936,#937,#938));
#7345=EDGE_LOOP('',(#939,#940,#941,#942,#943,#944,#945));
#7346=EDGE_LOOP('',(#946,#947,#948,#949));
#7347=EDGE_LOOP('',(#950,#951,#952));
#7348=EDGE_LOOP('',(#953,#954,#955,#956));
#7349=EDGE_LOOP('',(#957,#958,#959,#960));
#7350=EDGE_LOOP('',(#961,#962,#963,#964));
#7351=EDGE_LOOP('',(#965,#966,#967,#968,#969));
#7352=EDGE_LOOP('',(#970,#971,#972,#973));
#7353=EDGE_LOOP('',(#974,#975,#976,#977));
#7354=EDGE_LOOP('',(#978,#979,#980,#981));
#7355=EDGE_LOOP('',(#982,#983,#984,#985,#986,#987));
#7356=EDGE_LOOP('',(#988,#989,#990,#991));
#7357=EDGE_LOOP('',(#992,#993,#994,#995,#996,#997,#998,#999));
#7358=EDGE_LOOP('',(#1000));
#7359=EDGE_LOOP('',(#1001,#1002,#1003,#1004,#1005,#1006,#1007,#1008));
#7360=EDGE_LOOP('',(#1009));
#7361=EDGE_LOOP('',(#1010));
#7362=EDGE_LOOP('',(#1011,#1012,#1013,#1014,#1015,#1016,#1017,#1018,#1019,#1020,#1021,#1022,#1023,#1024,#1025,#1026,#1027,#1028,#1029,#1030,#1031,#1032,#1033,#1034,#1035,#1036,#1037,#1038,#1039,#1040,#1041,#1042,#1043,#1044,#1045,#1046,#1047,#1048,#1049,#1050,#1051,#1052,#1053,#1054,#1055,#1056,#1057,#1058,#1059));
#7363=EDGE_LOOP('',(#1060,#1061,#1062,#1063));
#7364=EDGE_LOOP('',(#1064,#1065,#1066,#1067));
#7365=EDGE_LOOP('',(#1068,#1069,#1070,#1071));
#7366=EDGE_LOOP('',(#1072));
#7367=EDGE_LOOP('',(#1073));
#7368=EDGE_LOOP('',(#1074));
#7369=EDGE_LOOP('',(#1075));
#7370=EDGE_LOOP('',(#1076,#1077,#1078,#1079,#1080,#1081,#1082,#1083,#1084,#1085));
#7371=EDGE_LOOP('',(#1086,#1087,#1088,#1089,#1090,#1091,#1092,#1093,#1094,#1095,#1096,#1097,#1098,#1099,#1100,#1101));
#7372=EDGE_LOOP('',(#1102,#1103,#1104,#1105));
#7373=EDGE_LOOP('',(#1106,#1107,#1108,#1109));
#7374=EDGE_LOOP('',(#1110,#1111,#1112,#1113));
#7375=EDGE_LOOP('',(#1114,#1115,#1116,#1117));
#7376=EDGE_LOOP('',(#1118,#1119,#1120,#1121));
#7377=EDGE_LOOP('',(#1122,#1123,#1124,#1125));
#7378=EDGE_LOOP('',(#1126,#1127,#1128,#1129));
#7379=EDGE_LOOP('',(#1130,#1131,#1132,#1133));
#7380=EDGE_LOOP('',(#1134,#1135,#1136,#1137));
#7381=EDGE_LOOP('',(#1138,#1139,#1140,#1141));
#7382=EDGE_LOOP('',(#1142));
#7383=EDGE_LOOP('',(#1143));
#7384=EDGE_LOOP('',(#1144));
#7385=EDGE_LOOP('',(#1145));
#7386=EDGE_LOOP('',(#1146));
#7387=EDGE_LOOP('',(#1147));
#7388=EDGE_LOOP('',(#1148,#1149,#1150,#1151));
#7389=EDGE_LOOP('',(#1152,#1153,#1154,#1155));
#7390=EDGE_LOOP('',(#1156,#1157,#1158,#1159,#1160,#1161));
#7391=EDGE_LOOP('',(#1162,#1163,#1164,#1165));
#7392=EDGE_LOOP('',(#1166,#1167,#1168,#1169,#1170));
#7393=EDGE_LOOP('',(#1171,#1172,#1173,#1174));
#7394=EDGE_LOOP('',(#1175,#1176,#1177,#1178));
#7395=EDGE_LOOP('',(#1179,#1180,#1181,#1182));
#7396=EDGE_LOOP('',(#1183,#1184,#1185,#1186,#1187,#1188));
#7397=EDGE_LOOP('',(#1189,#1190,#1191,#1192));
#7398=EDGE_LOOP('',(#1193,#1194,#1195,#1196));
#7399=EDGE_LOOP('',(#1197,#1198,#1199,#1200));
#7400=EDGE_LOOP('',(#1201,#1202,#1203,#1204));
#7401=EDGE_LOOP('',(#1205,#1206,#1207,#1208));
#7402=EDGE_LOOP('',(#1209,#1210,#1211,#1212));
#7403=EDGE_LOOP('',(#1213,#1214,#1215,#1216));
#7404=EDGE_LOOP('',(#1217,#1218,#1219,#1220));
#7405=EDGE_LOOP('',(#1221));
#7406=EDGE_LOOP('',(#1222));
#7407=EDGE_LOOP('',(#1223));
#7408=EDGE_LOOP('',(#1224));
#7409=EDGE_LOOP('',(#1225));
#7410=EDGE_LOOP('',(#1226));
#7411=EDGE_LOOP('',(#1227));
#7412=EDGE_LOOP('',(#1228));
#7413=EDGE_LOOP('',(#1229));
#7414=EDGE_LOOP('',(#1230));
#7415=EDGE_LOOP('',(#1231));
#7416=EDGE_LOOP('',(#1232));
#7417=EDGE_LOOP('',(#1233,#1234,#1235,#1236));
#7418=EDGE_LOOP('',(#1237,#1238,#1239,#1240));
#7419=EDGE_LOOP('',(#1241,#1242,#1243,#1244));
#7420=EDGE_LOOP('',(#1245,#1246,#1247,#1248));
#7421=EDGE_LOOP('',(#1249,#1250,#1251,#1252));
#7422=EDGE_LOOP('',(#1253,#1254,#1255,#1256,#1257,#1258,#1259,#1260,#1261,#1262,#1263,#1264,#1265,#1266,#1267,#1268,#1269));
#7423=EDGE_LOOP('',(#1270));
#7424=EDGE_LOOP('',(#1271));
#7425=EDGE_LOOP('',(#1272));
#7426=EDGE_LOOP('',(#1273));
#7427=EDGE_LOOP('',(#1274,#1275,#1276,#1277));
#7428=EDGE_LOOP('',(#1278,#1279,#1280,#1281));
#7429=EDGE_LOOP('',(#1282,#1283,#1284,#1285));
#7430=EDGE_LOOP('',(#1286,#1287,#1288,#1289));
#7431=EDGE_LOOP('',(#1290,#1291,#1292,#1293));
#7432=EDGE_LOOP('',(#1294,#1295,#1296,#1297));
#7433=EDGE_LOOP('',(#1298,#1299,#1300,#1301));
#7434=EDGE_LOOP('',(#1302,#1303,#1304,#1305));
#7435=EDGE_LOOP('',(#1306,#1307,#1308,#1309));
#7436=EDGE_LOOP('',(#1310,#1311,#1312,#1313));
#7437=EDGE_LOOP('',(#1314,#1315,#1316,#1317));
#7438=EDGE_LOOP('',(#1318,#1319,#1320,#1321));
#7439=EDGE_LOOP('',(#1322,#1323,#1324,#1325));
#7440=EDGE_LOOP('',(#1326,#1327,#1328));
#7441=EDGE_LOOP('',(#1329,#1330,#1331,#1332));
#7442=EDGE_LOOP('',(#1333,#1334,#1335));
#7443=EDGE_LOOP('',(#1336,#1337,#1338,#1339));
#7444=EDGE_LOOP('',(#1340));
#7445=EDGE_LOOP('',(#1341));
#7446=EDGE_LOOP('',(#1342));
#7447=EDGE_LOOP('',(#1343));
#7448=EDGE_LOOP('',(#1344));
#7449=EDGE_LOOP('',(#1345));
#7450=EDGE_LOOP('',(#1346));
#7451=EDGE_LOOP('',(#1347));
#7452=EDGE_LOOP('',(#1348));
#7453=EDGE_LOOP('',(#1349));
#7454=EDGE_LOOP('',(#1350));
#7455=EDGE_LOOP('',(#1351));
#7456=EDGE_LOOP('',(#1352));
#7457=EDGE_LOOP('',(#1353));
#7458=EDGE_LOOP('',(#1354));
#7459=EDGE_LOOP('',(#1355,#1356,#1357,#1358,#1359,#1360,#1361,#1362,#1363,#1364,#1365,#1366));
#7460=EDGE_LOOP('',(#1367,#1368,#1369,#1370,#1371,#1372,#1373,#1374,#1375,#1376));
#7461=EDGE_LOOP('',(#1377,#1378,#1379,#1380,#1381,#1382));
#7462=EDGE_LOOP('',(#1383,#1384,#1385,#1386));
#7463=EDGE_LOOP('',(#1387,#1388,#1389,#1390));
#7464=EDGE_LOOP('',(#1391,#1392,#1393,#1394));
#7465=EDGE_LOOP('',(#1395,#1396,#1397,#1398));
#7466=EDGE_LOOP('',(#1399,#1400,#1401,#1402));
#7467=EDGE_LOOP('',(#1403,#1404,#1405));
#7468=EDGE_LOOP('',(#1406,#1407,#1408,#1409));
#7469=EDGE_LOOP('',(#1410,#1411,#1412,#1413));
#7470=EDGE_LOOP('',(#1414,#1415,#1416,#1417));
#7471=EDGE_LOOP('',(#1418,#1419,#1420,#1421));
#7472=EDGE_LOOP('',(#1422,#1423,#1424,#1425));
#7473=EDGE_LOOP('',(#1426,#1427,#1428,#1429));
#7474=EDGE_LOOP('',(#1430,#1431,#1432,#1433));
#7475=EDGE_LOOP('',(#1434,#1435,#1436,#1437));
#7476=EDGE_LOOP('',(#1438,#1439,#1440,#1441));
#7477=EDGE_LOOP('',(#1442,#1443,#1444,#1445));
#7478=EDGE_LOOP('',(#1446,#1447,#1448,#1449));
#7479=EDGE_LOOP('',(#1450,#1451,#1452,#1453));
#7480=EDGE_LOOP('',(#1454,#1455,#1456,#1457));
#7481=EDGE_LOOP('',(#1458,#1459,#1460,#1461));
#7482=EDGE_LOOP('',(#1462,#1463,#1464,#1465));
#7483=EDGE_LOOP('',(#1466,#1467,#1468,#1469));
#7484=EDGE_LOOP('',(#1470,#1471,#1472,#1473));
#7485=EDGE_LOOP('',(#1474,#1475,#1476,#1477,#1478,#1479));
#7486=EDGE_LOOP('',(#1480,#1481,#1482,#1483));
#7487=EDGE_LOOP('',(#1484,#1485,#1486,#1487));
#7488=EDGE_LOOP('',(#1488,#1489,#1490,#1491));
#7489=EDGE_LOOP('',(#1492,#1493,#1494,#1495));
#7490=EDGE_LOOP('',(#1496,#1497,#1498,#1499));
#7491=EDGE_LOOP('',(#1500,#1501,#1502,#1503));
#7492=EDGE_LOOP('',(#1504,#1505,#1506,#1507));
#7493=EDGE_LOOP('',(#1508,#1509,#1510,#1511));
#7494=EDGE_LOOP('',(#1512,#1513,#1514,#1515));
#7495=EDGE_LOOP('',(#1516,#1517,#1518));
#7496=EDGE_LOOP('',(#1519,#1520,#1521,#1522));
#7497=EDGE_LOOP('',(#1523,#1524,#1525));
#7498=EDGE_LOOP('',(#1526,#1527,#1528,#1529));
#7499=EDGE_LOOP('',(#1530,#1531,#1532,#1533));
#7500=EDGE_LOOP('',(#1534,#1535,#1536));
#7501=EDGE_LOOP('',(#1537,#1538,#1539,#1540));
#7502=EDGE_LOOP('',(#1541,#1542,#1543));
#7503=EDGE_LOOP('',(#1544,#1545,#1546,#1547));
#7504=EDGE_LOOP('',(#1548,#1549,#1550,#1551));
#7505=EDGE_LOOP('',(#1552,#1553,#1554));
#7506=EDGE_LOOP('',(#1555,#1556,#1557,#1558));
#7507=EDGE_LOOP('',(#1559,#1560,#1561));
#7508=EDGE_LOOP('',(#1562,#1563,#1564,#1565));
#7509=EDGE_LOOP('',(#1566,#1567,#1568,#1569));
#7510=EDGE_LOOP('',(#1570,#1571,#1572));
#7511=EDGE_LOOP('',(#1573,#1574,#1575,#1576));
#7512=EDGE_LOOP('',(#1577,#1578,#1579));
#7513=EDGE_LOOP('',(#1580,#1581,#1582,#1583));
#7514=EDGE_LOOP('',(#1584,#1585,#1586,#1587));
#7515=EDGE_LOOP('',(#1588,#1589,#1590,#1591));
#7516=EDGE_LOOP('',(#1592,#1593,#1594,#1595,#1596,#1597,#1598,#1599));
#7517=EDGE_LOOP('',(#1600));
#7518=EDGE_LOOP('',(#1601));
#7519=EDGE_LOOP('',(#1602));
#7520=EDGE_LOOP('',(#1603));
#7521=EDGE_LOOP('',(#1604));
#7522=EDGE_LOOP('',(#1605));
#7523=EDGE_LOOP('',(#1606,#1607,#1608,#1609));
#7524=EDGE_LOOP('',(#1610,#1611,#1612,#1613));
#7525=EDGE_LOOP('',(#1614,#1615,#1616,#1617));
#7526=EDGE_LOOP('',(#1618,#1619,#1620,#1621));
#7527=EDGE_LOOP('',(#1622,#1623,#1624,#1625));
#7528=EDGE_LOOP('',(#1626));
#7529=EDGE_LOOP('',(#1627));
#7530=EDGE_LOOP('',(#1628));
#7531=EDGE_LOOP('',(#1629,#1630,#1631,#1632,#1633,#1634,#1635,#1636));
#7532=EDGE_LOOP('',(#1637,#1638,#1639,#1640));
#7533=EDGE_LOOP('',(#1641,#1642,#1643,#1644));
#7534=EDGE_LOOP('',(#1645,#1646,#1647,#1648));
#7535=EDGE_LOOP('',(#1649,#1650,#1651,#1652));
#7536=EDGE_LOOP('',(#1653,#1654,#1655,#1656));
#7537=EDGE_LOOP('',(#1657,#1658,#1659,#1660));
#7538=EDGE_LOOP('',(#1661,#1662,#1663,#1664));
#7539=EDGE_LOOP('',(#1665,#1666,#1667,#1668));
#7540=EDGE_LOOP('',(#1669,#1670,#1671,#1672));
#7541=EDGE_LOOP('',(#1673,#1674,#1675,#1676));
#7542=EDGE_LOOP('',(#1677,#1678,#1679,#1680));
#7543=EDGE_LOOP('',(#1681,#1682,#1683,#1684));
#7544=EDGE_LOOP('',(#1685,#1686,#1687,#1688));
#7545=EDGE_LOOP('',(#1689,#1690,#1691,#1692));
#7546=EDGE_LOOP('',(#1693,#1694,#1695,#1696));
#7547=EDGE_LOOP('',(#1697,#1698,#1699,#1700));
#7548=EDGE_LOOP('',(#1701,#1702,#1703,#1704));
#7549=EDGE_LOOP('',(#1705,#1706,#1707,#1708));
#7550=EDGE_LOOP('',(#1709,#1710,#1711,#1712));
#7551=EDGE_LOOP('',(#1713,#1714,#1715));
#7552=EDGE_LOOP('',(#1716,#1717,#1718,#1719));
#7553=EDGE_LOOP('',(#1720,#1721,#1722,#1723));
#7554=EDGE_LOOP('',(#1724,#1725,#1726,#1727));
#7555=EDGE_LOOP('',(#1728,#1729,#1730,#1731));
#7556=EDGE_LOOP('',(#1732,#1733,#1734));
#7557=EDGE_LOOP('',(#1735,#1736,#1737));
#7558=EDGE_LOOP('',(#1738,#1739,#1740,#1741));
#7559=EDGE_LOOP('',(#1742,#1743,#1744,#1745));
#7560=EDGE_LOOP('',(#1746,#1747,#1748));
#7561=EDGE_LOOP('',(#1749,#1750,#1751,#1752));
#7562=EDGE_LOOP('',(#1753,#1754,#1755,#1756));
#7563=EDGE_LOOP('',(#1757,#1758,#1759,#1760));
#7564=EDGE_LOOP('',(#1761,#1762,#1763,#1764));
#7565=EDGE_LOOP('',(#1765,#1766,#1767,#1768));
#7566=EDGE_LOOP('',(#1769,#1770,#1771,#1772));
#7567=EDGE_LOOP('',(#1773,#1774,#1775,#1776));
#7568=EDGE_LOOP('',(#1777,#1778,#1779));
#7569=EDGE_LOOP('',(#1780,#1781,#1782,#1783,#1784));
#7570=EDGE_LOOP('',(#1785,#1786,#1787,#1788,#1789));
#7571=EDGE_LOOP('',(#1790,#1791,#1792));
#7572=EDGE_LOOP('',(#1793,#1794,#1795,#1796));
#7573=EDGE_LOOP('',(#1797));
#7574=EDGE_LOOP('',(#1798));
#7575=EDGE_LOOP('',(#1799));
#7576=EDGE_LOOP('',(#1800));
#7577=EDGE_LOOP('',(#1801));
#7578=EDGE_LOOP('',(#1802));
#7579=EDGE_LOOP('',(#1803));
#7580=EDGE_LOOP('',(#1804));
#7581=EDGE_LOOP('',(#1805));
#7582=EDGE_LOOP('',(#1806));
#7583=EDGE_LOOP('',(#1807));
#7584=EDGE_LOOP('',(#1808));
#7585=EDGE_LOOP('',(#1809,#1810,#1811,#1812,#1813,#1814,#1815,#1816,#1817,#1818,#1819,#1820,#1821,#1822,#1823,#1824,#1825));
#7586=EDGE_LOOP('',(#1826,#1827,#1828,#1829,#1830,#1831));
#7587=EDGE_LOOP('',(#1832,#1833,#1834,#1835));
#7588=EDGE_LOOP('',(#1836,#1837,#1838,#1839));
#7589=EDGE_LOOP('',(#1840,#1841,#1842,#1843));
#7590=EDGE_LOOP('',(#1844,#1845,#1846,#1847));
#7591=EDGE_LOOP('',(#1848,#1849,#1850,#1851,#1852,#1853,#1854,#1855,#1856,#1857,#1858));
#7592=EDGE_LOOP('',(#1859,#1860,#1861,#1862));
#7593=EDGE_LOOP('',(#1863,#1864,#1865,#1866));
#7594=EDGE_LOOP('',(#1867,#1868,#1869,#1870));
#7595=EDGE_LOOP('',(#1871,#1872,#1873,#1874));
#7596=EDGE_LOOP('',(#1875,#1876,#1877,#1878));
#7597=EDGE_LOOP('',(#1879,#1880,#1881,#1882));
#7598=EDGE_LOOP('',(#1883,#1884,#1885,#1886));
#7599=EDGE_LOOP('',(#1887,#1888,#1889,#1890));
#7600=EDGE_LOOP('',(#1891,#1892,#1893,#1894));
#7601=EDGE_LOOP('',(#1895,#1896,#1897,#1898));
#7602=EDGE_LOOP('',(#1899,#1900,#1901,#1902));
#7603=EDGE_LOOP('',(#1903,#1904,#1905,#1906));
#7604=EDGE_LOOP('',(#1907,#1908,#1909,#1910));
#7605=EDGE_LOOP('',(#1911,#1912,#1913,#1914));
#7606=EDGE_LOOP('',(#1915,#1916,#1917,#1918));
#7607=EDGE_LOOP('',(#1919,#1920,#1921,#1922));
#7608=EDGE_LOOP('',(#1923,#1924,#1925,#1926));
#7609=EDGE_LOOP('',(#1927,#1928,#1929,#1930));
#7610=EDGE_LOOP('',(#1931,#1932,#1933,#1934,#1935,#1936,#1937,#1938,#1939,#1940));
#7611=EDGE_LOOP('',(#1941,#1942,#1943,#1944));
#7612=EDGE_LOOP('',(#1945,#1946,#1947,#1948));
#7613=EDGE_LOOP('',(#1949,#1950,#1951,#1952));
#7614=EDGE_LOOP('',(#1953,#1954,#1955,#1956));
#7615=EDGE_LOOP('',(#1957,#1958,#1959,#1960));
#7616=EDGE_LOOP('',(#1961,#1962,#1963,#1964));
#7617=EDGE_LOOP('',(#1965,#1966,#1967,#1968));
#7618=EDGE_LOOP('',(#1969,#1970,#1971,#1972));
#7619=EDGE_LOOP('',(#1973,#1974,#1975,#1976));
#7620=EDGE_LOOP('',(#1977,#1978,#1979,#1980));
#7621=EDGE_LOOP('',(#1981,#1982,#1983,#1984,#1985,#1986,#1987,#1988,#1989,#1990));
#7622=EDGE_LOOP('',(#1991,#1992,#1993,#1994));
#7623=EDGE_LOOP('',(#1995,#1996,#1997,#1998));
#7624=EDGE_LOOP('',(#1999,#2000,#2001,#2002));
#7625=EDGE_LOOP('',(#2003,#2004,#2005,#2006));
#7626=EDGE_LOOP('',(#2007,#2008,#2009,#2010));
#7627=EDGE_LOOP('',(#2011,#2012,#2013,#2014));
#7628=EDGE_LOOP('',(#2015,#2016,#2017,#2018));
#7629=EDGE_LOOP('',(#2019,#2020,#2021,#2022));
#7630=EDGE_LOOP('',(#2023,#2024,#2025,#2026));
#7631=EDGE_LOOP('',(#2027,#2028,#2029,#2030));
#7632=EDGE_LOOP('',(#2031,#2032,#2033,#2034,#2035,#2036,#2037,#2038,#2039,#2040));
#7633=EDGE_LOOP('',(#2041,#2042,#2043,#2044));
#7634=EDGE_LOOP('',(#2045,#2046,#2047,#2048));
#7635=EDGE_LOOP('',(#2049,#2050,#2051,#2052));
#7636=EDGE_LOOP('',(#2053,#2054,#2055,#2056));
#7637=EDGE_LOOP('',(#2057,#2058,#2059,#2060));
#7638=EDGE_LOOP('',(#2061,#2062,#2063,#2064));
#7639=EDGE_LOOP('',(#2065,#2066,#2067,#2068));
#7640=EDGE_LOOP('',(#2069,#2070,#2071,#2072));
#7641=EDGE_LOOP('',(#2073,#2074,#2075,#2076));
#7642=EDGE_LOOP('',(#2077,#2078,#2079,#2080));
#7643=EDGE_LOOP('',(#2081,#2082,#2083,#2084,#2085,#2086,#2087,#2088,#2089,#2090));
#7644=EDGE_LOOP('',(#2091,#2092,#2093,#2094));
#7645=EDGE_LOOP('',(#2095,#2096,#2097,#2098));
#7646=EDGE_LOOP('',(#2099,#2100,#2101,#2102));
#7647=EDGE_LOOP('',(#2103,#2104,#2105,#2106));
#7648=EDGE_LOOP('',(#2107,#2108,#2109,#2110));
#7649=EDGE_LOOP('',(#2111,#2112,#2113,#2114));
#7650=EDGE_LOOP('',(#2115,#2116,#2117,#2118));
#7651=EDGE_LOOP('',(#2119,#2120,#2121,#2122));
#7652=EDGE_LOOP('',(#2123,#2124,#2125,#2126));
#7653=EDGE_LOOP('',(#2127,#2128,#2129,#2130));
#7654=EDGE_LOOP('',(#2131,#2132,#2133,#2134,#2135,#2136,#2137,#2138,#2139,#2140));
#7655=EDGE_LOOP('',(#2141,#2142,#2143,#2144,#2145,#2146,#2147,#2148));
#7656=EDGE_LOOP('',(#2149,#2150,#2151,#2152));
#7657=EDGE_LOOP('',(#2153,#2154,#2155,#2156));
#7658=EDGE_LOOP('',(#2157,#2158,#2159,#2160));
#7659=EDGE_LOOP('',(#2161,#2162,#2163,#2164));
#7660=EDGE_LOOP('',(#2165,#2166,#2167,#2168));
#7661=EDGE_LOOP('',(#2169,#2170,#2171,#2172));
#7662=EDGE_LOOP('',(#2173,#2174,#2175,#2176));
#7663=EDGE_LOOP('',(#2177,#2178,#2179,#2180));
#7664=EDGE_LOOP('',(#2181,#2182,#2183,#2184));
#7665=EDGE_LOOP('',(#2185,#2186,#2187));
#7666=EDGE_LOOP('',(#2188,#2189,#2190,#2191));
#7667=EDGE_LOOP('',(#2192,#2193,#2194,#2195));
#7668=EDGE_LOOP('',(#2196,#2197,#2198,#2199,#2200,#2201,#2202,#2203,#2204,#2205,#2206));
#7669=EDGE_LOOP('',(#2207,#2208,#2209,#2210));
#7670=EDGE_LOOP('',(#2211,#2212,#2213,#2214));
#7671=EDGE_LOOP('',(#2215,#2216,#2217,#2218));
#7672=EDGE_LOOP('',(#2219,#2220,#2221,#2222));
#7673=EDGE_LOOP('',(#2223,#2224,#2225,#2226));
#7674=EDGE_LOOP('',(#2227,#2228,#2229,#2230));
#7675=EDGE_LOOP('',(#2231,#2232,#2233,#2234));
#7676=EDGE_LOOP('',(#2235,#2236,#2237,#2238));
#7677=EDGE_LOOP('',(#2239,#2240,#2241,#2242));
#7678=EDGE_LOOP('',(#2243,#2244,#2245,#2246));
#7679=EDGE_LOOP('',(#2247,#2248,#2249,#2250));
#7680=EDGE_LOOP('',(#2251,#2252,#2253,#2254));
#7681=EDGE_LOOP('',(#2255,#2256,#2257,#2258));
#7682=EDGE_LOOP('',(#2259,#2260,#2261,#2262));
#7683=EDGE_LOOP('',(#2263,#2264,#2265,#2266));
#7684=EDGE_LOOP('',(#2267,#2268,#2269,#2270));
#7685=EDGE_LOOP('',(#2271,#2272,#2273,#2274));
#7686=EDGE_LOOP('',(#2275,#2276,#2277,#2278));
#7687=EDGE_LOOP('',(#2279,#2280,#2281,#2282,#2283,#2284,#2285,#2286,#2287,#2288));
#7688=EDGE_LOOP('',(#2289,#2290,#2291,#2292));
#7689=EDGE_LOOP('',(#2293,#2294,#2295,#2296));
#7690=EDGE_LOOP('',(#2297,#2298,#2299,#2300));
#7691=EDGE_LOOP('',(#2301,#2302,#2303,#2304));
#7692=EDGE_LOOP('',(#2305,#2306,#2307,#2308));
#7693=EDGE_LOOP('',(#2309,#2310,#2311,#2312));
#7694=EDGE_LOOP('',(#2313,#2314,#2315,#2316));
#7695=EDGE_LOOP('',(#2317,#2318,#2319,#2320));
#7696=EDGE_LOOP('',(#2321,#2322,#2323,#2324));
#7697=EDGE_LOOP('',(#2325,#2326,#2327,#2328));
#7698=EDGE_LOOP('',(#2329,#2330,#2331,#2332,#2333,#2334,#2335,#2336,#2337,#2338));
#7699=EDGE_LOOP('',(#2339,#2340,#2341,#2342));
#7700=EDGE_LOOP('',(#2343,#2344,#2345,#2346));
#7701=EDGE_LOOP('',(#2347,#2348,#2349,#2350));
#7702=EDGE_LOOP('',(#2351,#2352,#2353,#2354));
#7703=EDGE_LOOP('',(#2355,#2356,#2357,#2358));
#7704=EDGE_LOOP('',(#2359,#2360,#2361,#2362));
#7705=EDGE_LOOP('',(#2363,#2364,#2365,#2366));
#7706=EDGE_LOOP('',(#2367,#2368,#2369,#2370));
#7707=EDGE_LOOP('',(#2371,#2372,#2373,#2374));
#7708=EDGE_LOOP('',(#2375,#2376,#2377,#2378));
#7709=EDGE_LOOP('',(#2379,#2380,#2381,#2382,#2383,#2384,#2385,#2386,#2387,#2388));
#7710=EDGE_LOOP('',(#2389,#2390,#2391,#2392));
#7711=EDGE_LOOP('',(#2393,#2394,#2395,#2396));
#7712=EDGE_LOOP('',(#2397,#2398,#2399,#2400));
#7713=EDGE_LOOP('',(#2401,#2402,#2403,#2404));
#7714=EDGE_LOOP('',(#2405,#2406,#2407,#2408));
#7715=EDGE_LOOP('',(#2409,#2410,#2411,#2412));
#7716=EDGE_LOOP('',(#2413,#2414,#2415,#2416));
#7717=EDGE_LOOP('',(#2417,#2418,#2419,#2420));
#7718=EDGE_LOOP('',(#2421,#2422,#2423,#2424));
#7719=EDGE_LOOP('',(#2425,#2426,#2427,#2428));
#7720=EDGE_LOOP('',(#2429,#2430,#2431,#2432,#2433,#2434,#2435,#2436,#2437,#2438));
#7721=EDGE_LOOP('',(#2439,#2440,#2441,#2442));
#7722=EDGE_LOOP('',(#2443,#2444,#2445,#2446));
#7723=EDGE_LOOP('',(#2447,#2448,#2449,#2450));
#7724=EDGE_LOOP('',(#2451,#2452,#2453,#2454));
#7725=EDGE_LOOP('',(#2455,#2456,#2457,#2458));
#7726=EDGE_LOOP('',(#2459,#2460,#2461,#2462));
#7727=EDGE_LOOP('',(#2463,#2464,#2465,#2466));
#7728=EDGE_LOOP('',(#2467,#2468,#2469,#2470));
#7729=EDGE_LOOP('',(#2471,#2472,#2473,#2474,#2475,#2476,#2477,#2478,#2479,#2480,#2481,#2482));
#7730=EDGE_LOOP('',(#2483,#2484,#2485,#2486));
#7731=EDGE_LOOP('',(#2487,#2488,#2489,#2490));
#7732=EDGE_LOOP('',(#2491,#2492,#2493,#2494));
#7733=EDGE_LOOP('',(#2495,#2496,#2497,#2498));
#7734=EDGE_LOOP('',(#2499,#2500,#2501,#2502));
#7735=EDGE_LOOP('',(#2503,#2504,#2505,#2506));
#7736=EDGE_LOOP('',(#2507,#2508,#2509,#2510));
#7737=EDGE_LOOP('',(#2511,#2512,#2513,#2514));
#7738=EDGE_LOOP('',(#2515,#2516,#2517,#2518));
#7739=EDGE_LOOP('',(#2519,#2520,#2521,#2522));
#7740=EDGE_LOOP('',(#2523,#2524,#2525,#2526));
#7741=EDGE_LOOP('',(#2527,#2528,#2529,#2530));
#7742=EDGE_LOOP('',(#2531,#2532,#2533,#2534));
#7743=EDGE_LOOP('',(#2535,#2536,#2537,#2538));
#7744=EDGE_LOOP('',(#2539,#2540,#2541,#2542));
#7745=EDGE_LOOP('',(#2543,#2544,#2545,#2546,#2547,#2548,#2549,#2550,#2551,#2552));
#7746=EDGE_LOOP('',(#2553,#2554,#2555,#2556));
#7747=EDGE_LOOP('',(#2557,#2558,#2559,#2560));
#7748=EDGE_LOOP('',(#2561,#2562,#2563,#2564));
#7749=EDGE_LOOP('',(#2565,#2566,#2567,#2568));
#7750=EDGE_LOOP('',(#2569,#2570,#2571,#2572));
#7751=EDGE_LOOP('',(#2573,#2574,#2575,#2576));
#7752=EDGE_LOOP('',(#2577,#2578,#2579,#2580));
#7753=EDGE_LOOP('',(#2581,#2582,#2583,#2584));
#7754=EDGE_LOOP('',(#2585,#2586,#2587,#2588));
#7755=EDGE_LOOP('',(#2589,#2590,#2591,#2592));
#7756=EDGE_LOOP('',(#2593,#2594,#2595,#2596,#2597,#2598,#2599,#2600,#2601,#2602));
#7757=EDGE_LOOP('',(#2603,#2604,#2605,#2606));
#7758=EDGE_LOOP('',(#2607,#2608,#2609,#2610));
#7759=EDGE_LOOP('',(#2611,#2612,#2613,#2614));
#7760=EDGE_LOOP('',(#2615,#2616,#2617,#2618));
#7761=EDGE_LOOP('',(#2619,#2620,#2621,#2622));
#7762=EDGE_LOOP('',(#2623,#2624,#2625,#2626));
#7763=EDGE_LOOP('',(#2627,#2628,#2629,#2630));
#7764=EDGE_LOOP('',(#2631,#2632,#2633,#2634));
#7765=EDGE_LOOP('',(#2635,#2636,#2637,#2638));
#7766=EDGE_LOOP('',(#2639,#2640,#2641,#2642));
#7767=EDGE_LOOP('',(#2643,#2644,#2645,#2646,#2647,#2648,#2649,#2650,#2651,#2652));
#7768=EDGE_LOOP('',(#2653,#2654,#2655,#2656));
#7769=EDGE_LOOP('',(#2657,#2658,#2659,#2660));
#7770=EDGE_LOOP('',(#2661,#2662,#2663,#2664));
#7771=EDGE_LOOP('',(#2665,#2666,#2667,#2668));
#7772=EDGE_LOOP('',(#2669,#2670,#2671,#2672));
#7773=EDGE_LOOP('',(#2673,#2674,#2675,#2676,#2677,#2678,#2679,#2680));
#7774=EDGE_LOOP('',(#2681,#2682,#2683,#2684));
#7775=EDGE_LOOP('',(#2685,#2686,#2687,#2688,#2689,#2690,#2691,#2692,#2693));
#7776=EDGE_LOOP('',(#2694,#2695,#2696,#2697));
#7777=EDGE_LOOP('',(#2698,#2699,#2700,#2701));
#7778=EDGE_LOOP('',(#2702,#2703,#2704,#2705));
#7779=EDGE_LOOP('',(#2706,#2707,#2708,#2709));
#7780=EDGE_LOOP('',(#2710,#2711,#2712,#2713));
#7781=EDGE_LOOP('',(#2714,#2715,#2716,#2717));
#7782=EDGE_LOOP('',(#2718,#2719,#2720,#2721));
#7783=EDGE_LOOP('',(#2722,#2723,#2724,#2725,#2726,#2727,#2728,#2729));
#7784=EDGE_LOOP('',(#2730,#2731,#2732,#2733));
#7785=EDGE_LOOP('',(#2734,#2735,#2736,#2737));
#7786=EDGE_LOOP('',(#2738,#2739,#2740,#2741));
#7787=EDGE_LOOP('',(#2742,#2743,#2744,#2745));
#7788=EDGE_LOOP('',(#2746,#2747,#2748,#2749));
#7789=EDGE_LOOP('',(#2750,#2751,#2752,#2753));
#7790=EDGE_LOOP('',(#2754,#2755,#2756,#2757));
#7791=EDGE_LOOP('',(#2758,#2759,#2760,#2761,#2762,#2763,#2764,#2765,#2766,#2767,#2768));
#7792=EDGE_LOOP('',(#2769,#2770,#2771,#2772));
#7793=EDGE_LOOP('',(#2773,#2774,#2775,#2776));
#7794=EDGE_LOOP('',(#2777,#2778,#2779,#2780));
#7795=EDGE_LOOP('',(#2781,#2782,#2783,#2784));
#7796=EDGE_LOOP('',(#2785,#2786,#2787,#2788));
#7797=EDGE_LOOP('',(#2789,#2790,#2791,#2792));
#7798=EDGE_LOOP('',(#2793,#2794,#2795,#2796));
#7799=EDGE_LOOP('',(#2797,#2798,#2799,#2800));
#7800=EDGE_LOOP('',(#2801,#2802,#2803,#2804));
#7801=EDGE_LOOP('',(#2805,#2806,#2807,#2808));
#7802=EDGE_LOOP('',(#2809,#2810,#2811,#2812));
#7803=EDGE_LOOP('',(#2813,#2814,#2815,#2816));
#7804=EDGE_LOOP('',(#2817,#2818,#2819,#2820));
#7805=EDGE_LOOP('',(#2821,#2822,#2823,#2824));
#7806=EDGE_LOOP('',(#2825,#2826,#2827,#2828));
#7807=EDGE_LOOP('',(#2829,#2830,#2831,#2832));
#7808=EDGE_LOOP('',(#2833,#2834,#2835,#2836));
#7809=EDGE_LOOP('',(#2837,#2838,#2839,#2840));
#7810=EDGE_LOOP('',(#2841,#2842,#2843,#2844,#2845,#2846,#2847,#2848,#2849,#2850));
#7811=EDGE_LOOP('',(#2851,#2852,#2853));
#7812=EDGE_LOOP('',(#2854,#2855,#2856,#2857));
#7813=EDGE_LOOP('',(#2858,#2859,#2860,#2861));
#7814=EDGE_LOOP('',(#2862,#2863,#2864,#2865));
#7815=EDGE_LOOP('',(#2866,#2867,#2868,#2869));
#7816=EDGE_LOOP('',(#2870,#2871,#2872,#2873));
#7817=EDGE_LOOP('',(#2874,#2875,#2876,#2877));
#7818=EDGE_LOOP('',(#2878,#2879,#2880,#2881,#2882,#2883));
#7819=EDGE_LOOP('',(#2884,#2885,#2886,#2887));
#7820=EDGE_LOOP('',(#2888,#2889,#2890,#2891));
#7821=EDGE_LOOP('',(#2892,#2893,#2894,#2895));
#7822=EDGE_LOOP('',(#2896,#2897,#2898,#2899));
#7823=EDGE_LOOP('',(#2900,#2901,#2902,#2903));
#7824=EDGE_LOOP('',(#2904,#2905,#2906,#2907));
#7825=EDGE_LOOP('',(#2908,#2909,#2910,#2911));
#7826=EDGE_LOOP('',(#2912,#2913,#2914,#2915));
#7827=EDGE_LOOP('',(#2916,#2917,#2918,#2919));
#7828=EDGE_LOOP('',(#2920,#2921,#2922,#2923));
#7829=EDGE_LOOP('',(#2924,#2925,#2926,#2927,#2928,#2929,#2930,#2931,#2932,#2933));
#7830=EDGE_LOOP('',(#2934,#2935,#2936,#2937));
#7831=EDGE_LOOP('',(#2938,#2939,#2940,#2941));
#7832=EDGE_LOOP('',(#2942,#2943,#2944,#2945));
#7833=EDGE_LOOP('',(#2946,#2947,#2948,#2949));
#7834=FACE_BOUND('',#7268,.T.);
#7835=FACE_BOUND('',#7269,.T.);
#7836=FACE_BOUND('',#7270,.T.);
#7837=FACE_BOUND('',#7271,.T.);
#7838=FACE_BOUND('',#7272,.T.);
#7839=FACE_BOUND('',#7273,.T.);
#7840=FACE_BOUND('',#7274,.T.);
#7841=FACE_BOUND('',#7275,.T.);
#7842=FACE_BOUND('',#7276,.T.);
#7843=FACE_BOUND('',#7277,.T.);
#7844=FACE_BOUND('',#7278,.T.);
#7845=FACE_BOUND('',#7279,.T.);
#7846=FACE_BOUND('',#7280,.T.);
#7847=FACE_BOUND('',#7281,.T.);
#7848=FACE_BOUND('',#7282,.T.);
#7849=FACE_BOUND('',#7283,.T.);
#7850=FACE_BOUND('',#7284,.T.);
#7851=FACE_BOUND('',#7285,.T.);
#7852=FACE_BOUND('',#7286,.T.);
#7853=FACE_BOUND('',#7287,.T.);
#7854=FACE_BOUND('',#7288,.T.);
#7855=FACE_BOUND('',#7289,.T.);
#7856=FACE_BOUND('',#7290,.T.);
#7857=FACE_BOUND('',#7291,.T.);
#7858=FACE_BOUND('',#7292,.T.);
#7859=FACE_BOUND('',#7293,.T.);
#7860=FACE_BOUND('',#7294,.T.);
#7861=FACE_BOUND('',#7295,.T.);
#7862=FACE_BOUND('',#7296,.T.);
#7863=FACE_BOUND('',#7297,.T.);
#7864=FACE_BOUND('',#7298,.T.);
#7865=FACE_BOUND('',#7299,.T.);
#7866=FACE_BOUND('',#7300,.T.);
#7867=FACE_BOUND('',#7301,.T.);
#7868=FACE_BOUND('',#7302,.T.);
#7869=FACE_BOUND('',#7303,.T.);
#7870=FACE_BOUND('',#7304,.T.);
#7871=FACE_BOUND('',#7305,.T.);
#7872=FACE_BOUND('',#7306,.T.);
#7873=FACE_BOUND('',#7307,.T.);
#7874=FACE_BOUND('',#7308,.T.);
#7875=FACE_BOUND('',#7309,.T.);
#7876=FACE_BOUND('',#7310,.T.);
#7877=FACE_BOUND('',#7311,.T.);
#7878=FACE_BOUND('',#7312,.T.);
#7879=FACE_BOUND('',#7313,.T.);
#7880=FACE_BOUND('',#7314,.T.);
#7881=FACE_BOUND('',#7315,.T.);
#7882=FACE_BOUND('',#7316,.T.);
#7883=FACE_BOUND('',#7317,.T.);
#7884=FACE_BOUND('',#7318,.T.);
#7885=FACE_BOUND('',#7319,.T.);
#7886=FACE_BOUND('',#7320,.T.);
#7887=FACE_BOUND('',#7321,.T.);
#7888=FACE_BOUND('',#7322,.T.);
#7889=FACE_BOUND('',#7323,.T.);
#7890=FACE_BOUND('',#7324,.T.);
#7891=FACE_BOUND('',#7325,.T.);
#7892=FACE_BOUND('',#7326,.T.);
#7893=FACE_BOUND('',#7327,.T.);
#7894=FACE_BOUND('',#7328,.T.);
#7895=FACE_BOUND('',#7329,.T.);
#7896=FACE_BOUND('',#7330,.T.);
#7897=FACE_BOUND('',#7331,.T.);
#7898=FACE_BOUND('',#7332,.T.);
#7899=FACE_BOUND('',#7333,.T.);
#7900=FACE_BOUND('',#7334,.T.);
#7901=FACE_BOUND('',#7335,.T.);
#7902=FACE_BOUND('',#7336,.T.);
#7903=FACE_BOUND('',#7337,.T.);
#7904=FACE_BOUND('',#7338,.T.);
#7905=FACE_BOUND('',#7339,.T.);
#7906=FACE_BOUND('',#7340,.T.);
#7907=FACE_BOUND('',#7341,.T.);
#7908=FACE_BOUND('',#7342,.T.);
#7909=FACE_BOUND('',#7343,.T.);
#7910=FACE_BOUND('',#7344,.T.);
#7911=FACE_BOUND('',#7345,.T.);
#7912=FACE_BOUND('',#7346,.T.);
#7913=FACE_BOUND('',#7347,.T.);
#7914=FACE_BOUND('',#7348,.T.);
#7915=FACE_BOUND('',#7349,.T.);
#7916=FACE_BOUND('',#7350,.T.);
#7917=FACE_BOUND('',#7351,.T.);
#7918=FACE_BOUND('',#7352,.T.);
#7919=FACE_BOUND('',#7353,.T.);
#7920=FACE_BOUND('',#7354,.T.);
#7921=FACE_BOUND('',#7355,.T.);
#7922=FACE_BOUND('',#7356,.T.);
#7923=FACE_BOUND('',#7357,.T.);
#7924=FACE_BOUND('',#7358,.T.);
#7925=FACE_BOUND('',#7359,.T.);
#7926=FACE_BOUND('',#7360,.T.);
#7927=FACE_BOUND('',#7361,.T.);
#7928=FACE_BOUND('',#7362,.T.);
#7929=FACE_BOUND('',#7363,.T.);
#7930=FACE_BOUND('',#7364,.T.);
#7931=FACE_BOUND('',#7365,.T.);
#7932=FACE_BOUND('',#7366,.T.);
#7933=FACE_BOUND('',#7367,.T.);
#7934=FACE_BOUND('',#7368,.T.);
#7935=FACE_BOUND('',#7369,.T.);
#7936=FACE_BOUND('',#7370,.T.);
#7937=FACE_BOUND('',#7371,.T.);
#7938=FACE_BOUND('',#7372,.T.);
#7939=FACE_BOUND('',#7373,.T.);
#7940=FACE_BOUND('',#7374,.T.);
#7941=FACE_BOUND('',#7375,.T.);
#7942=FACE_BOUND('',#7376,.T.);
#7943=FACE_BOUND('',#7377,.T.);
#7944=FACE_BOUND('',#7378,.T.);
#7945=FACE_BOUND('',#7379,.T.);
#7946=FACE_BOUND('',#7380,.T.);
#7947=FACE_BOUND('',#7381,.T.);
#7948=FACE_BOUND('',#7382,.T.);
#7949=FACE_BOUND('',#7383,.T.);
#7950=FACE_BOUND('',#7384,.T.);
#7951=FACE_BOUND('',#7385,.T.);
#7952=FACE_BOUND('',#7386,.T.);
#7953=FACE_BOUND('',#7387,.T.);
#7954=FACE_BOUND('',#7388,.T.);
#7955=FACE_BOUND('',#7389,.T.);
#7956=FACE_BOUND('',#7390,.T.);
#7957=FACE_BOUND('',#7391,.T.);
#7958=FACE_BOUND('',#7392,.T.);
#7959=FACE_BOUND('',#7393,.T.);
#7960=FACE_BOUND('',#7394,.T.);
#7961=FACE_BOUND('',#7395,.T.);
#7962=FACE_BOUND('',#7396,.T.);
#7963=FACE_BOUND('',#7397,.T.);
#7964=FACE_BOUND('',#7398,.T.);
#7965=FACE_BOUND('',#7399,.T.);
#7966=FACE_BOUND('',#7400,.T.);
#7967=FACE_BOUND('',#7401,.T.);
#7968=FACE_BOUND('',#7402,.T.);
#7969=FACE_BOUND('',#7403,.T.);
#7970=FACE_BOUND('',#7404,.T.);
#7971=FACE_BOUND('',#7405,.T.);
#7972=FACE_BOUND('',#7406,.T.);
#7973=FACE_BOUND('',#7407,.T.);
#7974=FACE_BOUND('',#7408,.T.);
#7975=FACE_BOUND('',#7409,.T.);
#7976=FACE_BOUND('',#7410,.T.);
#7977=FACE_BOUND('',#7411,.T.);
#7978=FACE_BOUND('',#7412,.T.);
#7979=FACE_BOUND('',#7413,.T.);
#7980=FACE_BOUND('',#7414,.T.);
#7981=FACE_BOUND('',#7415,.T.);
#7982=FACE_BOUND('',#7416,.T.);
#7983=FACE_BOUND('',#7417,.T.);
#7984=FACE_BOUND('',#7418,.T.);
#7985=FACE_BOUND('',#7419,.T.);
#7986=FACE_BOUND('',#7420,.T.);
#7987=FACE_BOUND('',#7421,.T.);
#7988=FACE_BOUND('',#7422,.T.);
#7989=FACE_BOUND('',#7423,.T.);
#7990=FACE_BOUND('',#7424,.T.);
#7991=FACE_BOUND('',#7425,.T.);
#7992=FACE_BOUND('',#7426,.T.);
#7993=FACE_BOUND('',#7427,.T.);
#7994=FACE_BOUND('',#7428,.T.);
#7995=FACE_BOUND('',#7429,.T.);
#7996=FACE_BOUND('',#7430,.T.);
#7997=FACE_BOUND('',#7431,.T.);
#7998=FACE_BOUND('',#7432,.T.);
#7999=FACE_BOUND('',#7433,.T.);
#8000=FACE_BOUND('',#7434,.T.);
#8001=FACE_BOUND('',#7435,.T.);
#8002=FACE_BOUND('',#7436,.T.);
#8003=FACE_BOUND('',#7437,.T.);
#8004=FACE_BOUND('',#7438,.T.);
#8005=FACE_BOUND('',#7439,.T.);
#8006=FACE_BOUND('',#7440,.T.);
#8007=FACE_BOUND('',#7441,.T.);
#8008=FACE_BOUND('',#7442,.T.);
#8009=FACE_BOUND('',#7443,.T.);
#8010=FACE_BOUND('',#7444,.T.);
#8011=FACE_BOUND('',#7445,.T.);
#8012=FACE_BOUND('',#7446,.T.);
#8013=FACE_BOUND('',#7447,.T.);
#8014=FACE_BOUND('',#7448,.T.);
#8015=FACE_BOUND('',#7449,.T.);
#8016=FACE_BOUND('',#7450,.T.);
#8017=FACE_BOUND('',#7451,.T.);
#8018=FACE_BOUND('',#7452,.T.);
#8019=FACE_BOUND('',#7453,.T.);
#8020=FACE_BOUND('',#7454,.T.);
#8021=FACE_BOUND('',#7455,.T.);
#8022=FACE_BOUND('',#7456,.T.);
#8023=FACE_BOUND('',#7457,.T.);
#8024=FACE_BOUND('',#7458,.T.);
#8025=FACE_BOUND('',#7459,.T.);
#8026=FACE_BOUND('',#7460,.T.);
#8027=FACE_BOUND('',#7461,.T.);
#8028=FACE_BOUND('',#7462,.T.);
#8029=FACE_BOUND('',#7463,.T.);
#8030=FACE_BOUND('',#7464,.T.);
#8031=FACE_BOUND('',#7465,.T.);
#8032=FACE_BOUND('',#7466,.T.);
#8033=FACE_BOUND('',#7467,.T.);
#8034=FACE_BOUND('',#7468,.T.);
#8035=FACE_BOUND('',#7469,.T.);
#8036=FACE_BOUND('',#7470,.T.);
#8037=FACE_BOUND('',#7471,.T.);
#8038=FACE_BOUND('',#7472,.T.);
#8039=FACE_BOUND('',#7473,.T.);
#8040=FACE_BOUND('',#7474,.T.);
#8041=FACE_BOUND('',#7475,.T.);
#8042=FACE_BOUND('',#7476,.T.);
#8043=FACE_BOUND('',#7477,.T.);
#8044=FACE_BOUND('',#7478,.T.);
#8045=FACE_BOUND('',#7479,.T.);
#8046=FACE_BOUND('',#7480,.T.);
#8047=FACE_BOUND('',#7481,.T.);
#8048=FACE_BOUND('',#7482,.T.);
#8049=FACE_BOUND('',#7483,.T.);
#8050=FACE_BOUND('',#7484,.T.);
#8051=FACE_BOUND('',#7485,.T.);
#8052=FACE_BOUND('',#7486,.T.);
#8053=FACE_BOUND('',#7487,.T.);
#8054=FACE_BOUND('',#7488,.T.);
#8055=FACE_BOUND('',#7489,.T.);
#8056=FACE_BOUND('',#7490,.T.);
#8057=FACE_BOUND('',#7491,.T.);
#8058=FACE_BOUND('',#7492,.T.);
#8059=FACE_BOUND('',#7493,.T.);
#8060=FACE_BOUND('',#7494,.T.);
#8061=FACE_BOUND('',#7495,.T.);
#8062=FACE_BOUND('',#7496,.T.);
#8063=FACE_BOUND('',#7497,.T.);
#8064=FACE_BOUND('',#7498,.T.);
#8065=FACE_BOUND('',#7499,.T.);
#8066=FACE_BOUND('',#7500,.T.);
#8067=FACE_BOUND('',#7501,.T.);
#8068=FACE_BOUND('',#7502,.T.);
#8069=FACE_BOUND('',#7503,.T.);
#8070=FACE_BOUND('',#7504,.T.);
#8071=FACE_BOUND('',#7505,.T.);
#8072=FACE_BOUND('',#7506,.T.);
#8073=FACE_BOUND('',#7507,.T.);
#8074=FACE_BOUND('',#7508,.T.);
#8075=FACE_BOUND('',#7509,.T.);
#8076=FACE_BOUND('',#7510,.T.);
#8077=FACE_BOUND('',#7511,.T.);
#8078=FACE_BOUND('',#7512,.T.);
#8079=FACE_BOUND('',#7513,.T.);
#8080=FACE_BOUND('',#7514,.T.);
#8081=FACE_BOUND('',#7515,.T.);
#8082=FACE_BOUND('',#7516,.T.);
#8083=FACE_BOUND('',#7517,.T.);
#8084=FACE_BOUND('',#7518,.T.);
#8085=FACE_BOUND('',#7519,.T.);
#8086=FACE_BOUND('',#7520,.T.);
#8087=FACE_BOUND('',#7521,.T.);
#8088=FACE_BOUND('',#7522,.T.);
#8089=FACE_BOUND('',#7523,.T.);
#8090=FACE_BOUND('',#7524,.T.);
#8091=FACE_BOUND('',#7525,.T.);
#8092=FACE_BOUND('',#7526,.T.);
#8093=FACE_BOUND('',#7527,.T.);
#8094=FACE_BOUND('',#7528,.T.);
#8095=FACE_BOUND('',#7529,.T.);
#8096=FACE_BOUND('',#7530,.T.);
#8097=FACE_BOUND('',#7531,.T.);
#8098=FACE_BOUND('',#7532,.T.);
#8099=FACE_BOUND('',#7533,.T.);
#8100=FACE_BOUND('',#7534,.T.);
#8101=FACE_BOUND('',#7535,.T.);
#8102=FACE_BOUND('',#7536,.T.);
#8103=FACE_BOUND('',#7537,.T.);
#8104=FACE_BOUND('',#7538,.T.);
#8105=FACE_BOUND('',#7539,.T.);
#8106=FACE_BOUND('',#7540,.T.);
#8107=FACE_BOUND('',#7541,.T.);
#8108=FACE_BOUND('',#7542,.T.);
#8109=FACE_BOUND('',#7543,.T.);
#8110=FACE_BOUND('',#7544,.T.);
#8111=FACE_BOUND('',#7545,.T.);
#8112=FACE_BOUND('',#7546,.T.);
#8113=FACE_BOUND('',#7547,.T.);
#8114=FACE_BOUND('',#7548,.T.);
#8115=FACE_BOUND('',#7549,.T.);
#8116=FACE_BOUND('',#7550,.T.);
#8117=FACE_BOUND('',#7551,.T.);
#8118=FACE_BOUND('',#7552,.T.);
#8119=FACE_BOUND('',#7553,.T.);
#8120=FACE_BOUND('',#7554,.T.);
#8121=FACE_BOUND('',#7555,.T.);
#8122=FACE_BOUND('',#7556,.T.);
#8123=FACE_BOUND('',#7557,.T.);
#8124=FACE_BOUND('',#7558,.T.);
#8125=FACE_BOUND('',#7559,.T.);
#8126=FACE_BOUND('',#7560,.T.);
#8127=FACE_BOUND('',#7561,.T.);
#8128=FACE_BOUND('',#7562,.T.);
#8129=FACE_BOUND('',#7563,.T.);
#8130=FACE_BOUND('',#7564,.T.);
#8131=FACE_BOUND('',#7565,.T.);
#8132=FACE_BOUND('',#7566,.T.);
#8133=FACE_BOUND('',#7567,.T.);
#8134=FACE_BOUND('',#7568,.T.);
#8135=FACE_BOUND('',#7569,.T.);
#8136=FACE_BOUND('',#7570,.T.);
#8137=FACE_BOUND('',#7571,.T.);
#8138=FACE_BOUND('',#7572,.T.);
#8139=FACE_BOUND('',#7573,.T.);
#8140=FACE_BOUND('',#7574,.T.);
#8141=FACE_BOUND('',#7575,.T.);
#8142=FACE_BOUND('',#7576,.T.);
#8143=FACE_BOUND('',#7577,.T.);
#8144=FACE_BOUND('',#7578,.T.);
#8145=FACE_BOUND('',#7579,.T.);
#8146=FACE_BOUND('',#7580,.T.);
#8147=FACE_BOUND('',#7581,.T.);
#8148=FACE_BOUND('',#7582,.T.);
#8149=FACE_BOUND('',#7583,.T.);
#8150=FACE_BOUND('',#7584,.T.);
#8151=FACE_BOUND('',#7585,.T.);
#8152=FACE_BOUND('',#7586,.T.);
#8153=FACE_BOUND('',#7587,.T.);
#8154=FACE_BOUND('',#7588,.T.);
#8155=FACE_BOUND('',#7589,.T.);
#8156=FACE_BOUND('',#7590,.T.);
#8157=FACE_BOUND('',#7591,.T.);
#8158=FACE_BOUND('',#7592,.T.);
#8159=FACE_BOUND('',#7593,.T.);
#8160=FACE_BOUND('',#7594,.T.);
#8161=FACE_BOUND('',#7595,.T.);
#8162=FACE_BOUND('',#7596,.T.);
#8163=FACE_BOUND('',#7597,.T.);
#8164=FACE_BOUND('',#7598,.T.);
#8165=FACE_BOUND('',#7599,.T.);
#8166=FACE_BOUND('',#7600,.T.);
#8167=FACE_BOUND('',#7601,.T.);
#8168=FACE_BOUND('',#7602,.T.);
#8169=FACE_BOUND('',#7603,.T.);
#8170=FACE_BOUND('',#7604,.T.);
#8171=FACE_BOUND('',#7605,.T.);
#8172=FACE_BOUND('',#7606,.T.);
#8173=FACE_BOUND('',#7607,.T.);
#8174=FACE_BOUND('',#7608,.T.);
#8175=FACE_BOUND('',#7609,.T.);
#8176=FACE_BOUND('',#7610,.T.);
#8177=FACE_BOUND('',#7611,.T.);
#8178=FACE_BOUND('',#7612,.T.);
#8179=FACE_BOUND('',#7613,.T.);
#8180=FACE_BOUND('',#7614,.T.);
#8181=FACE_BOUND('',#7615,.T.);
#8182=FACE_BOUND('',#7616,.T.);
#8183=FACE_BOUND('',#7617,.T.);
#8184=FACE_BOUND('',#7618,.T.);
#8185=FACE_BOUND('',#7619,.T.);
#8186=FACE_BOUND('',#7620,.T.);
#8187=FACE_BOUND('',#7621,.T.);
#8188=FACE_BOUND('',#7622,.T.);
#8189=FACE_BOUND('',#7623,.T.);
#8190=FACE_BOUND('',#7624,.T.);
#8191=FACE_BOUND('',#7625,.T.);
#8192=FACE_BOUND('',#7626,.T.);
#8193=FACE_BOUND('',#7627,.T.);
#8194=FACE_BOUND('',#7628,.T.);
#8195=FACE_BOUND('',#7629,.T.);
#8196=FACE_BOUND('',#7630,.T.);
#8197=FACE_BOUND('',#7631,.T.);
#8198=FACE_BOUND('',#7632,.T.);
#8199=FACE_BOUND('',#7633,.T.);
#8200=FACE_BOUND('',#7634,.T.);
#8201=FACE_BOUND('',#7635,.T.);
#8202=FACE_BOUND('',#7636,.T.);
#8203=FACE_BOUND('',#7637,.T.);
#8204=FACE_BOUND('',#7638,.T.);
#8205=FACE_BOUND('',#7639,.T.);
#8206=FACE_BOUND('',#7640,.T.);
#8207=FACE_BOUND('',#7641,.T.);
#8208=FACE_BOUND('',#7642,.T.);
#8209=FACE_BOUND('',#7643,.T.);
#8210=FACE_BOUND('',#7644,.T.);
#8211=FACE_BOUND('',#7645,.T.);
#8212=FACE_BOUND('',#7646,.T.);
#8213=FACE_BOUND('',#7647,.T.);
#8214=FACE_BOUND('',#7648,.T.);
#8215=FACE_BOUND('',#7649,.T.);
#8216=FACE_BOUND('',#7650,.T.);
#8217=FACE_BOUND('',#7651,.T.);
#8218=FACE_BOUND('',#7652,.T.);
#8219=FACE_BOUND('',#7653,.T.);
#8220=FACE_BOUND('',#7654,.T.);
#8221=FACE_BOUND('',#7655,.T.);
#8222=FACE_BOUND('',#7656,.T.);
#8223=FACE_BOUND('',#7657,.T.);
#8224=FACE_BOUND('',#7658,.T.);
#8225=FACE_BOUND('',#7659,.T.);
#8226=FACE_BOUND('',#7660,.T.);
#8227=FACE_BOUND('',#7661,.T.);
#8228=FACE_BOUND('',#7662,.T.);
#8229=FACE_BOUND('',#7663,.T.);
#8230=FACE_BOUND('',#7664,.T.);
#8231=FACE_BOUND('',#7665,.T.);
#8232=FACE_BOUND('',#7666,.T.);
#8233=FACE_BOUND('',#7667,.T.);
#8234=FACE_BOUND('',#7668,.T.);
#8235=FACE_BOUND('',#7669,.T.);
#8236=FACE_BOUND('',#7670,.T.);
#8237=FACE_BOUND('',#7671,.T.);
#8238=FACE_BOUND('',#7672,.T.);
#8239=FACE_BOUND('',#7673,.T.);
#8240=FACE_BOUND('',#7674,.T.);
#8241=FACE_BOUND('',#7675,.T.);
#8242=FACE_BOUND('',#7676,.T.);
#8243=FACE_BOUND('',#7677,.T.);
#8244=FACE_BOUND('',#7678,.T.);
#8245=FACE_BOUND('',#7679,.T.);
#8246=FACE_BOUND('',#7680,.T.);
#8247=FACE_BOUND('',#7681,.T.);
#8248=FACE_BOUND('',#7682,.T.);
#8249=FACE_BOUND('',#7683,.T.);
#8250=FACE_BOUND('',#7684,.T.);
#8251=FACE_BOUND('',#7685,.T.);
#8252=FACE_BOUND('',#7686,.T.);
#8253=FACE_BOUND('',#7687,.T.);
#8254=FACE_BOUND('',#7688,.T.);
#8255=FACE_BOUND('',#7689,.T.);
#8256=FACE_BOUND('',#7690,.T.);
#8257=FACE_BOUND('',#7691,.T.);
#8258=FACE_BOUND('',#7692,.T.);
#8259=FACE_BOUND('',#7693,.T.);
#8260=FACE_BOUND('',#7694,.T.);
#8261=FACE_BOUND('',#7695,.T.);
#8262=FACE_BOUND('',#7696,.T.);
#8263=FACE_BOUND('',#7697,.T.);
#8264=FACE_BOUND('',#7698,.T.);
#8265=FACE_BOUND('',#7699,.T.);
#8266=FACE_BOUND('',#7700,.T.);
#8267=FACE_BOUND('',#7701,.T.);
#8268=FACE_BOUND('',#7702,.T.);
#8269=FACE_BOUND('',#7703,.T.);
#8270=FACE_BOUND('',#7704,.T.);
#8271=FACE_BOUND('',#7705,.T.);
#8272=FACE_BOUND('',#7706,.T.);
#8273=FACE_BOUND('',#7707,.T.);
#8274=FACE_BOUND('',#7708,.T.);
#8275=FACE_BOUND('',#7709,.T.);
#8276=FACE_BOUND('',#7710,.T.);
#8277=FACE_BOUND('',#7711,.T.);
#8278=FACE_BOUND('',#7712,.T.);
#8279=FACE_BOUND('',#7713,.T.);
#8280=FACE_BOUND('',#7714,.T.);
#8281=FACE_BOUND('',#7715,.T.);
#8282=FACE_BOUND('',#7716,.T.);
#8283=FACE_BOUND('',#7717,.T.);
#8284=FACE_BOUND('',#7718,.T.);
#8285=FACE_BOUND('',#7719,.T.);
#8286=FACE_BOUND('',#7720,.T.);
#8287=FACE_BOUND('',#7721,.T.);
#8288=FACE_BOUND('',#7722,.T.);
#8289=FACE_BOUND('',#7723,.T.);
#8290=FACE_BOUND('',#7724,.T.);
#8291=FACE_BOUND('',#7725,.T.);
#8292=FACE_BOUND('',#7726,.T.);
#8293=FACE_BOUND('',#7727,.T.);
#8294=FACE_BOUND('',#7728,.T.);
#8295=FACE_BOUND('',#7729,.T.);
#8296=FACE_BOUND('',#7730,.T.);
#8297=FACE_BOUND('',#7731,.T.);
#8298=FACE_BOUND('',#7732,.T.);
#8299=FACE_BOUND('',#7733,.T.);
#8300=FACE_BOUND('',#7734,.T.);
#8301=FACE_BOUND('',#7735,.T.);
#8302=FACE_BOUND('',#7736,.T.);
#8303=FACE_BOUND('',#7737,.T.);
#8304=FACE_BOUND('',#7738,.T.);
#8305=FACE_BOUND('',#7739,.T.);
#8306=FACE_BOUND('',#7740,.T.);
#8307=FACE_BOUND('',#7741,.T.);
#8308=FACE_BOUND('',#7742,.T.);
#8309=FACE_BOUND('',#7743,.T.);
#8310=FACE_BOUND('',#7744,.T.);
#8311=FACE_BOUND('',#7745,.T.);
#8312=FACE_BOUND('',#7746,.T.);
#8313=FACE_BOUND('',#7747,.T.);
#8314=FACE_BOUND('',#7748,.T.);
#8315=FACE_BOUND('',#7749,.T.);
#8316=FACE_BOUND('',#7750,.T.);
#8317=FACE_BOUND('',#7751,.T.);
#8318=FACE_BOUND('',#7752,.T.);
#8319=FACE_BOUND('',#7753,.T.);
#8320=FACE_BOUND('',#7754,.T.);
#8321=FACE_BOUND('',#7755,.T.);
#8322=FACE_BOUND('',#7756,.T.);
#8323=FACE_BOUND('',#7757,.T.);
#8324=FACE_BOUND('',#7758,.T.);
#8325=FACE_BOUND('',#7759,.T.);
#8326=FACE_BOUND('',#7760,.T.);
#8327=FACE_BOUND('',#7761,.T.);
#8328=FACE_BOUND('',#7762,.T.);
#8329=FACE_BOUND('',#7763,.T.);
#8330=FACE_BOUND('',#7764,.T.);
#8331=FACE_BOUND('',#7765,.T.);
#8332=FACE_BOUND('',#7766,.T.);
#8333=FACE_BOUND('',#7767,.T.);
#8334=FACE_BOUND('',#7768,.T.);
#8335=FACE_BOUND('',#7769,.T.);
#8336=FACE_BOUND('',#7770,.T.);
#8337=FACE_BOUND('',#7771,.T.);
#8338=FACE_BOUND('',#7772,.T.);
#8339=FACE_BOUND('',#7773,.T.);
#8340=FACE_BOUND('',#7774,.T.);
#8341=FACE_BOUND('',#7775,.T.);
#8342=FACE_BOUND('',#7776,.T.);
#8343=FACE_BOUND('',#7777,.T.);
#8344=FACE_BOUND('',#7778,.T.);
#8345=FACE_BOUND('',#7779,.T.);
#8346=FACE_BOUND('',#7780,.T.);
#8347=FACE_BOUND('',#7781,.T.);
#8348=FACE_BOUND('',#7782,.T.);
#8349=FACE_BOUND('',#7783,.T.);
#8350=FACE_BOUND('',#7784,.T.);
#8351=FACE_BOUND('',#7785,.T.);
#8352=FACE_BOUND('',#7786,.T.);
#8353=FACE_BOUND('',#7787,.T.);
#8354=FACE_BOUND('',#7788,.T.);
#8355=FACE_BOUND('',#7789,.T.);
#8356=FACE_BOUND('',#7790,.T.);
#8357=FACE_BOUND('',#7791,.T.);
#8358=FACE_BOUND('',#7792,.T.);
#8359=FACE_BOUND('',#7793,.T.);
#8360=FACE_BOUND('',#7794,.T.);
#8361=FACE_BOUND('',#7795,.T.);
#8362=FACE_BOUND('',#7796,.T.);
#8363=FACE_BOUND('',#7797,.T.);
#8364=FACE_BOUND('',#7798,.T.);
#8365=FACE_BOUND('',#7799,.T.);
#8366=FACE_BOUND('',#7800,.T.);
#8367=FACE_BOUND('',#7801,.T.);
#8368=FACE_BOUND('',#7802,.T.);
#8369=FACE_BOUND('',#7803,.T.);
#8370=FACE_BOUND('',#7804,.T.);
#8371=FACE_BOUND('',#7805,.T.);
#8372=FACE_BOUND('',#7806,.T.);
#8373=FACE_BOUND('',#7807,.T.);
#8374=FACE_BOUND('',#7808,.T.);
#8375=FACE_BOUND('',#7809,.T.);
#8376=FACE_BOUND('',#7810,.T.);
#8377=FACE_BOUND('',#7811,.T.);
#8378=FACE_BOUND('',#7812,.T.);
#8379=FACE_BOUND('',#7813,.T.);
#8380=FACE_BOUND('',#7814,.T.);
#8381=FACE_BOUND('',#7815,.T.);
#8382=FACE_BOUND('',#7816,.T.);
#8383=FACE_BOUND('',#7817,.T.);
#8384=FACE_BOUND('',#7818,.T.);
#8385=FACE_BOUND('',#7819,.T.);
#8386=FACE_BOUND('',#7820,.T.);
#8387=FACE_BOUND('',#7821,.T.);
#8388=FACE_BOUND('',#7822,.T.);
#8389=FACE_BOUND('',#7823,.T.);
#8390=FACE_BOUND('',#7824,.T.);
#8391=FACE_BOUND('',#7825,.T.);
#8392=FACE_BOUND('',#7826,.T.);
#8393=FACE_BOUND('',#7827,.T.);
#8394=FACE_BOUND('',#7828,.T.);
#8395=FACE_BOUND('',#7829,.T.);
#8396=FACE_BOUND('',#7830,.T.);
#8397=FACE_BOUND('',#7831,.T.);
#8398=FACE_BOUND('',#7832,.T.);
#8399=FACE_BOUND('',#7833,.T.);
#8400=PLANE('',#9285);
#8401=PLANE('',#9297);
#8402=PLANE('',#9301);
#8403=PLANE('',#9302);
#8404=PLANE('',#9303);
#8405=PLANE('',#9304);
#8406=PLANE('',#9305);
#8407=PLANE('',#9306);
#8408=PLANE('',#9307);
#8409=PLANE('',#9308);
#8410=PLANE('',#9309);
#8411=PLANE('',#9310);
#8412=PLANE('',#9311);
#8413=PLANE('',#9312);
#8414=PLANE('',#9313);
#8415=PLANE('',#9314);
#8416=PLANE('',#9323);
#8417=PLANE('',#9331);
#8418=PLANE('',#9335);
#8419=PLANE('',#9336);
#8420=PLANE('',#9337);
#8421=PLANE('',#9340);
#8422=PLANE('',#9346);
#8423=PLANE('',#9350);
#8424=PLANE('',#9351);
#8425=PLANE('',#9352);
#8426=PLANE('',#9353);
#8427=PLANE('',#9360);
#8428=PLANE('',#9361);
#8429=PLANE('',#9362);
#8430=PLANE('',#9370);
#8431=PLANE('',#9372);
#8432=PLANE('',#9378);
#8433=PLANE('',#9379);
#8434=PLANE('',#9382);
#8435=PLANE('',#9395);
#8436=PLANE('',#9396);
#8437=PLANE('',#9397);
#8438=PLANE('',#9398);
#8439=PLANE('',#9399);
#8440=PLANE('',#9400);
#8441=PLANE('',#9401);
#8442=PLANE('',#9402);
#8443=PLANE('',#9403);
#8444=PLANE('',#9404);
#8445=PLANE('',#9405);
#8446=PLANE('',#9406);
#8447=PLANE('',#9407);
#8448=PLANE('',#9408);
#8449=PLANE('',#9436);
#8450=PLANE('',#9437);
#8451=PLANE('',#9438);
#8452=PLANE('',#9439);
#8453=PLANE('',#9451);
#8454=PLANE('',#9454);
#8455=PLANE('',#9456);
#8456=PLANE('',#9459);
#8457=PLANE('',#9462);
#8458=PLANE('',#9466);
#8459=PLANE('',#9468);
#8460=PLANE('',#9469);
#8461=PLANE('',#9470);
#8462=PLANE('',#9471);
#8463=PLANE('',#9472);
#8464=PLANE('',#9499);
#8465=PLANE('',#9500);
#8466=PLANE('',#9503);
#8467=PLANE('',#9506);
#8468=PLANE('',#9507);
#8469=PLANE('',#9508);
#8470=PLANE('',#9509);
#8471=PLANE('',#9510);
#8472=PLANE('',#9511);
#8473=PLANE('',#9512);
#8474=PLANE('',#9523);
#8475=PLANE('',#9530);
#8476=PLANE('',#9531);
#8477=PLANE('',#9532);
#8478=PLANE('',#9552);
#8479=PLANE('',#9553);
#8480=PLANE('',#9556);
#8481=PLANE('',#9557);
#8482=PLANE('',#9558);
#8483=PLANE('',#9563);
#8484=PLANE('',#9566);
#8485=PLANE('',#9568);
#8486=PLANE('',#9569);
#8487=PLANE('',#9571);
#8488=PLANE('',#9572);
#8489=PLANE('',#9573);
#8490=PLANE('',#9574);
#8491=PLANE('',#9575);
#8492=PLANE('',#9576);
#8493=PLANE('',#9577);
#8494=PLANE('',#9578);
#8495=PLANE('',#9579);
#8496=PLANE('',#9580);
#8497=PLANE('',#9581);
#8498=PLANE('',#9582);
#8499=PLANE('',#9583);
#8500=PLANE('',#9584);
#8501=PLANE('',#9585);
#8502=PLANE('',#9586);
#8503=PLANE('',#9643);
#8504=PLANE('',#9644);
#8505=PLANE('',#9647);
#8506=PLANE('',#9650);
#8507=PLANE('',#9651);
#8508=PLANE('',#9652);
#8509=PLANE('',#9653);
#8510=PLANE('',#9654);
#8511=PLANE('',#9655);
#8512=PLANE('',#9658);
#8513=PLANE('',#9663);
#8514=PLANE('',#9664);
#8515=PLANE('',#9665);
#8516=PLANE('',#9666);
#8517=PLANE('',#9692);
#8518=PLANE('',#9717);
#8519=PLANE('',#9718);
#8520=PLANE('',#9719);
#8521=PLANE('',#9734);
#8522=PLANE('',#9737);
#8523=PLANE('',#9740);
#8524=PLANE('',#9743);
#8525=PLANE('',#9744);
#8526=PLANE('',#9745);
#8527=PLANE('',#9747);
#8528=PLANE('',#9748);
#8529=PLANE('',#9749);
#8530=PLANE('',#9750);
#8531=PLANE('',#9751);
#8532=PLANE('',#9752);
#8533=PLANE('',#9753);
#8534=PLANE('',#9754);
#8535=PLANE('',#9755);
#8536=PLANE('',#9756);
#8537=PLANE('',#9757);
#8538=PLANE('',#9758);
#8539=PLANE('',#9759);
#8540=PLANE('',#9760);
#8541=PLANE('',#9761);
#8542=PLANE('',#9762);
#8543=PLANE('',#9763);
#8544=PLANE('',#9764);
#8545=PLANE('',#9765);
#8546=PLANE('',#9766);
#8547=PLANE('',#9767);
#8548=PLANE('',#9768);
#8549=PLANE('',#9769);
#8550=PLANE('',#9770);
#8551=PLANE('',#9771);
#8552=PLANE('',#9772);
#8553=PLANE('',#9773);
#8554=PLANE('',#9774);
#8555=PLANE('',#9775);
#8556=PLANE('',#9776);
#8557=PLANE('',#9777);
#8558=PLANE('',#9778);
#8559=PLANE('',#9779);
#8560=PLANE('',#9780);
#8561=PLANE('',#9781);
#8562=PLANE('',#9782);
#8563=PLANE('',#9783);
#8564=PLANE('',#9784);
#8565=PLANE('',#9785);
#8566=PLANE('',#9786);
#8567=PLANE('',#9787);
#8568=PLANE('',#9788);
#8569=PLANE('',#9789);
#8570=PLANE('',#9790);
#8571=PLANE('',#9791);
#8572=PLANE('',#9792);
#8573=PLANE('',#9793);
#8574=PLANE('',#9794);
#8575=PLANE('',#9795);
#8576=PLANE('',#9796);
#8577=PLANE('',#9797);
#8578=PLANE('',#9798);
#8579=PLANE('',#9799);
#8580=PLANE('',#9800);
#8581=PLANE('',#9801);
#8582=PLANE('',#9802);
#8583=PLANE('',#9803);
#8584=PLANE('',#9804);
#8585=PLANE('',#9805);
#8586=PLANE('',#9806);
#8587=PLANE('',#9807);
#8588=PLANE('',#9808);
#8589=PLANE('',#9809);
#8590=PLANE('',#9810);
#8591=PLANE('',#9811);
#8592=PLANE('',#9812);
#8593=PLANE('',#9813);
#8594=PLANE('',#9814);
#8595=PLANE('',#9815);
#8596=PLANE('',#9816);
#8597=PLANE('',#9817);
#8598=PLANE('',#9818);
#8599=PLANE('',#9819);
#8600=PLANE('',#9820);
#8601=PLANE('',#9821);
#8602=PLANE('',#9822);
#8603=PLANE('',#9823);
#8604=PLANE('',#9824);
#8605=PLANE('',#9825);
#8606=PLANE('',#9826);
#8607=PLANE('',#9827);
#8608=PLANE('',#9828);
#8609=PLANE('',#9829);
#8610=PLANE('',#9830);
#8611=PLANE('',#9831);
#8612=PLANE('',#9832);
#8613=PLANE('',#9833);
#8614=PLANE('',#9834);
#8615=PLANE('',#9835);
#8616=PLANE('',#9836);
#8617=PLANE('',#9837);
#8618=PLANE('',#9838);
#8619=PLANE('',#9839);
#8620=PLANE('',#9840);
#8621=PLANE('',#9841);
#8622=PLANE('',#9842);
#8623=PLANE('',#9843);
#8624=PLANE('',#9844);
#8625=PLANE('',#9845);
#8626=PLANE('',#9846);
#8627=PLANE('',#9847);
#8628=PLANE('',#9848);
#8629=PLANE('',#9849);
#8630=PLANE('',#9850);
#8631=PLANE('',#9851);
#8632=PLANE('',#9852);
#8633=PLANE('',#9853);
#8634=PLANE('',#9854);
#8635=PLANE('',#9855);
#8636=PLANE('',#9856);
#8637=PLANE('',#9857);
#8638=PLANE('',#9858);
#8639=PLANE('',#9859);
#8640=PLANE('',#9860);
#8641=PLANE('',#9861);
#8642=PLANE('',#9862);
#8643=PLANE('',#9863);
#8644=PLANE('',#9864);
#8645=PLANE('',#9865);
#8646=PLANE('',#9866);
#8647=PLANE('',#9867);
#8648=PLANE('',#9868);
#8649=PLANE('',#9869);
#8650=PLANE('',#9870);
#8651=PLANE('',#9871);
#8652=PLANE('',#9872);
#8653=PLANE('',#9873);
#8654=PLANE('',#9874);
#8655=PLANE('',#9875);
#8656=PLANE('',#9876);
#8657=PLANE('',#9877);
#8658=PLANE('',#9878);
#8659=PLANE('',#9879);
#8660=PLANE('',#9880);
#8661=PLANE('',#9881);
#8662=PLANE('',#9882);
#8663=PLANE('',#9883);
#8664=PLANE('',#9884);
#8665=PLANE('',#9885);
#8666=PLANE('',#9886);
#8667=PLANE('',#9887);
#8668=PLANE('',#9888);
#8669=PLANE('',#9889);
#8670=PLANE('',#9890);
#8671=PLANE('',#9891);
#8672=PLANE('',#9892);
#8673=PLANE('',#9893);
#8674=PLANE('',#9894);
#8675=PLANE('',#9895);
#8676=PLANE('',#9896);
#8677=PLANE('',#9897);
#8678=PLANE('',#9898);
#8679=PLANE('',#9899);
#8680=PLANE('',#9900);
#8681=PLANE('',#9901);
#8682=PLANE('',#9902);
#8683=PLANE('',#9903);
#8684=PLANE('',#9904);
#8685=PLANE('',#9905);
#8686=PLANE('',#9906);
#8687=PLANE('',#9907);
#8688=PLANE('',#9908);
#8689=PLANE('',#9909);
#8690=PLANE('',#9910);
#8691=PLANE('',#9911);
#8692=PLANE('',#9912);
#8693=PLANE('',#9913);
#8694=PLANE('',#9914);
#8695=PLANE('',#9915);
#8696=PLANE('',#9916);
#8697=PLANE('',#9917);
#8698=PLANE('',#9918);
#8699=PLANE('',#9919);
#8700=PLANE('',#9920);
#8701=PLANE('',#9921);
#8702=PLANE('',#9922);
#8703=PLANE('',#9923);
#8704=PLANE('',#9924);
#8705=PLANE('',#9925);
#8706=PLANE('',#9926);
#8707=PLANE('',#9927);
#8708=PLANE('',#9928);
#8709=PLANE('',#9929);
#8710=PLANE('',#9930);
#8711=PLANE('',#9931);
#8712=PLANE('',#9932);
#8713=PLANE('',#9933);
#8714=PLANE('',#9934);
#8715=PLANE('',#9935);
#8716=PLANE('',#9936);
#8717=PLANE('',#9937);
#8718=PLANE('',#9938);
#8719=PLANE('',#9939);
#8720=PLANE('',#9940);
#8721=PLANE('',#9941);
#8722=PLANE('',#9942);
#8723=PLANE('',#9943);
#8724=PLANE('',#9944);
#8725=PLANE('',#9945);
#8726=PLANE('',#9946);
#8727=PLANE('',#9947);
#8728=PLANE('',#9948);
#8729=PLANE('',#9949);
#8730=PLANE('',#9950);
#8731=PLANE('',#9951);
#8732=PLANE('',#9952);
#8733=PLANE('',#9953);
#8734=PLANE('',#9954);
#8735=PLANE('',#9955);
#8736=PLANE('',#9956);
#8737=PLANE('',#9957);
#8738=PLANE('',#9958);
#8739=PLANE('',#9959);
#8740=PLANE('',#9960);
#8741=PLANE('',#9961);
#8742=PLANE('',#9962);
#8743=PLANE('',#9963);
#8744=PLANE('',#9964);
#8745=PLANE('',#9965);
#8746=PLANE('',#9966);
#8747=PLANE('',#9967);
#8748=PLANE('',#9968);
#8749=PLANE('',#9969);
#8750=PLANE('',#9970);
#8751=PLANE('',#9971);
#8752=PLANE('',#9972);
#8753=PLANE('',#9973);
#8754=PLANE('',#9974);
#8755=PLANE('',#9975);
#8756=PLANE('',#9976);
#8757=PLANE('',#9977);
#8758=PLANE('',#9978);
#8759=PLANE('',#9979);
#8760=PLANE('',#9980);
#8761=PLANE('',#9981);
#8762=PLANE('',#9982);
#8763=PLANE('',#9983);
#8764=PLANE('',#9984);
#8765=PLANE('',#9985);
#8766=PLANE('',#9986);
#8767=PLANE('',#9987);
#8768=PLANE('',#9988);
#8769=PLANE('',#9989);
#8770=PLANE('',#9990);
#8771=PLANE('',#9991);
#8772=PLANE('',#9992);
#8773=ADVANCED_FACE('',(#7834,#7835,#7836,#7837,#7838,#7839,#7840),#8400,.T.);
#8774=ADVANCED_FACE('',(#7841),#8401,.F.);
#8775=ADVANCED_FACE('',(#7842,#7843),#65,.F.);
#8776=ADVANCED_FACE('',(#7844),#8402,.F.);
#8777=ADVANCED_FACE('',(#7845),#8403,.F.);
#8778=ADVANCED_FACE('',(#7846),#8404,.F.);
#8779=ADVANCED_FACE('',(#7847),#8405,.F.);
#8780=ADVANCED_FACE('',(#7848),#8406,.F.);
#8781=ADVANCED_FACE('',(#7849),#8407,.F.);
#8782=ADVANCED_FACE('',(#7850),#8408,.F.);
#8783=ADVANCED_FACE('',(#7851),#8409,.F.);
#8784=ADVANCED_FACE('',(#7852),#8410,.F.);
#8785=ADVANCED_FACE('',(#7853),#8411,.F.);
#8786=ADVANCED_FACE('',(#7854),#8412,.F.);
#8787=ADVANCED_FACE('',(#7855),#8413,.T.);
#8788=ADVANCED_FACE('',(#7856),#8414,.F.);
#8789=ADVANCED_FACE('',(#7857,#7858,#7859,#7860,#7861,#7862,#7863,#7864,#7865,#7866,#7867,#7868,#7869,#7870,#7871,#7872,#7873),#8415,.T.);
#8790=ADVANCED_FACE('',(#7874,#7875),#8416,.T.);
#8791=ADVANCED_FACE('',(#7876,#7877),#66,.F.);
#8792=ADVANCED_FACE('',(#7878),#67,.F.);
#8793=ADVANCED_FACE('',(#7879),#8417,.T.);
#8794=ADVANCED_FACE('',(#7880),#68,.T.);
#8795=ADVANCED_FACE('',(#7881),#8418,.F.);
#8796=ADVANCED_FACE('',(#7882),#8419,.T.);
#8797=ADVANCED_FACE('',(#7883),#8420,.F.);
#8798=ADVANCED_FACE('',(#7884),#69,.F.);
#8799=ADVANCED_FACE('',(#7885),#8421,.T.);
#8800=ADVANCED_FACE('',(#7886),#70,.F.);
#8801=ADVANCED_FACE('',(#7887),#8422,.F.);
#8802=ADVANCED_FACE('',(#7888,#7889),#71,.F.);
#8803=ADVANCED_FACE('',(#7890),#8423,.F.);
#8804=ADVANCED_FACE('',(#7891),#8424,.F.);
#8805=ADVANCED_FACE('',(#7892),#8425,.T.);
#8806=ADVANCED_FACE('',(#7893,#7894,#7895,#7896,#7897,#7898),#8426,.T.);
#8807=ADVANCED_FACE('',(#7899),#8427,.T.);
#8808=ADVANCED_FACE('',(#7900),#8428,.T.);
#8809=ADVANCED_FACE('',(#7901),#8429,.T.);
#8810=ADVANCED_FACE('',(#7902),#8430,.T.);
#8811=ADVANCED_FACE('',(#7903),#8431,.T.);
#8812=ADVANCED_FACE('',(#7904),#8432,.F.);
#8813=ADVANCED_FACE('',(#7905),#8433,.T.);
#8814=ADVANCED_FACE('',(#7906,#7907,#7908,#7909),#8434,.T.);
#8815=ADVANCED_FACE('',(#7910),#8435,.T.);
#8816=ADVANCED_FACE('',(#7911),#8436,.T.);
#8817=ADVANCED_FACE('',(#7912),#8437,.T.);
#8818=ADVANCED_FACE('',(#7913),#8438,.F.);
#8819=ADVANCED_FACE('',(#7914),#8439,.T.);
#8820=ADVANCED_FACE('',(#7915),#8440,.T.);
#8821=ADVANCED_FACE('',(#7916),#8441,.T.);
#8822=ADVANCED_FACE('',(#7917),#8442,.T.);
#8823=ADVANCED_FACE('',(#7918),#8443,.T.);
#8824=ADVANCED_FACE('',(#7919),#8444,.T.);
#8825=ADVANCED_FACE('',(#7920),#8445,.F.);
#8826=ADVANCED_FACE('',(#7921),#8446,.T.);
#8827=ADVANCED_FACE('',(#7922),#8447,.F.);
#8828=ADVANCED_FACE('',(#7923,#7924,#7925,#7926,#7927,#7928),#8448,.T.);
#8829=ADVANCED_FACE('',(#7929),#8449,.T.);
#8830=ADVANCED_FACE('',(#7930),#8450,.T.);
#8831=ADVANCED_FACE('',(#7931),#8451,.F.);
#8832=ADVANCED_FACE('',(#7932,#7933,#7934,#7935,#7936,#7937),#8452,.F.);
#8833=ADVANCED_FACE('',(#7938),#72,.F.);
#8834=ADVANCED_FACE('',(#7939),#8453,.F.);
#8835=ADVANCED_FACE('',(#7940),#73,.F.);
#8836=ADVANCED_FACE('',(#7941),#74,.T.);
#8837=ADVANCED_FACE('',(#7942),#8454,.T.);
#8838=ADVANCED_FACE('',(#7943),#75,.F.);
#8839=ADVANCED_FACE('',(#7944),#8455,.T.);
#8840=ADVANCED_FACE('',(#7945),#76,.F.);
#8841=ADVANCED_FACE('',(#7946),#77,.T.);
#8842=ADVANCED_FACE('',(#7947),#8456,.F.);
#8843=ADVANCED_FACE('',(#7948,#7949),#78,.F.);
#8844=ADVANCED_FACE('',(#7950),#8457,.T.);
#8845=ADVANCED_FACE('',(#7951,#7952),#79,.F.);
#8846=ADVANCED_FACE('',(#7953),#8458,.T.);
#8847=ADVANCED_FACE('',(#7954),#8459,.T.);
#8848=ADVANCED_FACE('',(#7955),#8460,.F.);
#8849=ADVANCED_FACE('',(#7956),#8461,.F.);
#8850=ADVANCED_FACE('',(#7957),#8462,.T.);
#8851=ADVANCED_FACE('',(#7958),#8463,.F.);
#8852=ADVANCED_FACE('',(#7959),#80,.F.);
#8853=ADVANCED_FACE('',(#7960),#81,.F.);
#8854=ADVANCED_FACE('',(#7961),#82,.F.);
#8855=ADVANCED_FACE('',(#7962),#83,.F.);
#8856=ADVANCED_FACE('',(#7963),#31,.F.);
#8857=ADVANCED_FACE('',(#7964),#84,.F.);
#8858=ADVANCED_FACE('',(#7965),#32,.F.);
#8859=ADVANCED_FACE('',(#7966),#85,.F.);
#8860=ADVANCED_FACE('',(#7967),#33,.F.);
#8861=ADVANCED_FACE('',(#7968),#86,.F.);
#8862=ADVANCED_FACE('',(#7969),#34,.F.);
#8863=ADVANCED_FACE('',(#7970),#87,.F.);
#8864=ADVANCED_FACE('',(#7971,#7972),#29,.F.);
#8865=ADVANCED_FACE('',(#7973,#7974),#30,.F.);
#8866=ADVANCED_FACE('',(#7975),#8464,.T.);
#8867=ADVANCED_FACE('',(#7976),#8465,.T.);
#8868=ADVANCED_FACE('',(#7977,#7978),#88,.F.);
#8869=ADVANCED_FACE('',(#7979),#8466,.T.);
#8870=ADVANCED_FACE('',(#7980,#7981),#89,.F.);
#8871=ADVANCED_FACE('',(#7982),#8467,.T.);
#8872=ADVANCED_FACE('',(#7983),#8468,.F.);
#8873=ADVANCED_FACE('',(#7984),#8469,.F.);
#8874=ADVANCED_FACE('',(#7985),#8470,.T.);
#8875=ADVANCED_FACE('',(#7986),#8471,.T.);
#8876=ADVANCED_FACE('',(#7987),#8472,.T.);
#8877=ADVANCED_FACE('',(#7988,#7989,#7990,#7991,#7992),#8473,.T.);
#8878=ADVANCED_FACE('',(#7993),#8474,.T.);
#8879=ADVANCED_FACE('',(#7994),#90,.F.);
#8880=ADVANCED_FACE('',(#7995),#91,.F.);
#8881=ADVANCED_FACE('',(#7996),#92,.T.);
#8882=ADVANCED_FACE('',(#7997),#93,.F.);
#8883=ADVANCED_FACE('',(#7998),#94,.F.);
#8884=ADVANCED_FACE('',(#7999),#95,.F.);
#8885=ADVANCED_FACE('',(#8000),#8475,.F.);
#8886=ADVANCED_FACE('',(#8001),#8476,.F.);
#8887=ADVANCED_FACE('',(#8002),#8477,.T.);
#8888=ADVANCED_FACE('',(#8003),#96,.F.);
#8889=ADVANCED_FACE('',(#8004),#97,.F.);
#8890=ADVANCED_FACE('',(#8005),#98,.F.);
#8891=ADVANCED_FACE('',(#8006),#15,.F.);
#8892=ADVANCED_FACE('',(#8007),#99,.F.);
#8893=ADVANCED_FACE('',(#8008),#16,.F.);
#8894=ADVANCED_FACE('',(#8009),#100,.F.);
#8895=ADVANCED_FACE('',(#8010,#8011),#101,.F.);
#8896=ADVANCED_FACE('',(#8012,#8013),#102,.F.);
#8897=ADVANCED_FACE('',(#8014,#8015),#103,.F.);
#8898=ADVANCED_FACE('',(#8016,#8017),#104,.F.);
#8899=ADVANCED_FACE('',(#8018,#8019),#105,.F.);
#8900=ADVANCED_FACE('',(#8020),#8478,.T.);
#8901=ADVANCED_FACE('',(#8021),#8479,.T.);
#8902=ADVANCED_FACE('',(#8022,#8023),#106,.F.);
#8903=ADVANCED_FACE('',(#8024),#8480,.T.);
#8904=ADVANCED_FACE('',(#8025),#8481,.F.);
#8905=ADVANCED_FACE('',(#8026),#8482,.T.);
#8906=ADVANCED_FACE('',(#8027),#107,.F.);
#8907=ADVANCED_FACE('',(#8028),#8483,.F.);
#8908=ADVANCED_FACE('',(#8029),#108,.T.);
#8909=ADVANCED_FACE('',(#8030),#109,.F.);
#8910=ADVANCED_FACE('',(#8031),#8484,.T.);
#8911=ADVANCED_FACE('',(#8032),#110,.T.);
#8912=ADVANCED_FACE('',(#8033),#8485,.T.);
#8913=ADVANCED_FACE('',(#8034),#8486,.T.);
#8914=ADVANCED_FACE('',(#8035),#111,.T.);
#8915=ADVANCED_FACE('',(#8036),#8487,.F.);
#8916=ADVANCED_FACE('',(#8037),#8488,.F.);
#8917=ADVANCED_FACE('',(#8038),#8489,.F.);
#8918=ADVANCED_FACE('',(#8039),#8490,.T.);
#8919=ADVANCED_FACE('',(#8040),#8491,.F.);
#8920=ADVANCED_FACE('',(#8041),#8492,.F.);
#8921=ADVANCED_FACE('',(#8042),#8493,.F.);
#8922=ADVANCED_FACE('',(#8043),#8494,.T.);
#8923=ADVANCED_FACE('',(#8044),#8495,.F.);
#8924=ADVANCED_FACE('',(#8045),#8496,.F.);
#8925=ADVANCED_FACE('',(#8046),#8497,.F.);
#8926=ADVANCED_FACE('',(#8047),#8498,.T.);
#8927=ADVANCED_FACE('',(#8048),#8499,.T.);
#8928=ADVANCED_FACE('',(#8049),#8500,.T.);
#8929=ADVANCED_FACE('',(#8050),#8501,.F.);
#8930=ADVANCED_FACE('',(#8051),#8502,.T.);
#8931=ADVANCED_FACE('',(#8052),#112,.F.);
#8932=ADVANCED_FACE('',(#8053),#113,.F.);
#8933=ADVANCED_FACE('',(#8054),#114,.F.);
#8934=ADVANCED_FACE('',(#8055),#115,.F.);
#8935=ADVANCED_FACE('',(#8056),#116,.F.);
#8936=ADVANCED_FACE('',(#8057),#117,.F.);
#8937=ADVANCED_FACE('',(#8058),#118,.F.);
#8938=ADVANCED_FACE('',(#8059),#119,.F.);
#8939=ADVANCED_FACE('',(#8060),#120,.F.);
#8940=ADVANCED_FACE('',(#8061),#17,.F.);
#8941=ADVANCED_FACE('',(#8062),#121,.F.);
#8942=ADVANCED_FACE('',(#8063),#18,.F.);
#8943=ADVANCED_FACE('',(#8064),#122,.F.);
#8944=ADVANCED_FACE('',(#8065),#123,.F.);
#8945=ADVANCED_FACE('',(#8066),#19,.F.);
#8946=ADVANCED_FACE('',(#8067),#124,.F.);
#8947=ADVANCED_FACE('',(#8068),#20,.F.);
#8948=ADVANCED_FACE('',(#8069),#125,.F.);
#8949=ADVANCED_FACE('',(#8070),#126,.F.);
#8950=ADVANCED_FACE('',(#8071),#21,.F.);
#8951=ADVANCED_FACE('',(#8072),#127,.F.);
#8952=ADVANCED_FACE('',(#8073),#22,.F.);
#8953=ADVANCED_FACE('',(#8074),#128,.F.);
#8954=ADVANCED_FACE('',(#8075),#129,.F.);
#8955=ADVANCED_FACE('',(#8076),#23,.F.);
#8956=ADVANCED_FACE('',(#8077),#130,.F.);
#8957=ADVANCED_FACE('',(#8078),#24,.F.);
#8958=ADVANCED_FACE('',(#8079),#131,.F.);
#8959=ADVANCED_FACE('',(#8080),#132,.F.);
#8960=ADVANCED_FACE('',(#8081),#133,.F.);
#8961=ADVANCED_FACE('',(#8082),#8503,.F.);
#8962=ADVANCED_FACE('',(#8083),#8504,.T.);
#8963=ADVANCED_FACE('',(#8084,#8085),#134,.F.);
#8964=ADVANCED_FACE('',(#8086),#8505,.T.);
#8965=ADVANCED_FACE('',(#8087,#8088),#135,.F.);
#8966=ADVANCED_FACE('',(#8089),#8506,.T.);
#8967=ADVANCED_FACE('',(#8090),#8507,.T.);
#8968=ADVANCED_FACE('',(#8091),#8508,.F.);
#8969=ADVANCED_FACE('',(#8092),#8509,.T.);
#8970=ADVANCED_FACE('',(#8093),#8510,.F.);
#8971=ADVANCED_FACE('',(#8094),#8511,.T.);
#8972=ADVANCED_FACE('',(#8095,#8096),#136,.F.);
#8973=ADVANCED_FACE('',(#8097),#8512,.T.);
#8974=ADVANCED_FACE('',(#8098),#8513,.F.);
#8975=ADVANCED_FACE('',(#8099),#8514,.F.);
#8976=ADVANCED_FACE('',(#8100),#8515,.F.);
#8977=ADVANCED_FACE('',(#8101),#8516,.F.);
#8978=ADVANCED_FACE('',(#8102),#137,.F.);
#8979=ADVANCED_FACE('',(#8103),#138,.F.);
#8980=ADVANCED_FACE('',(#8104),#139,.F.);
#8981=ADVANCED_FACE('',(#8105),#140,.F.);
#8982=ADVANCED_FACE('',(#8106),#141,.F.);
#8983=ADVANCED_FACE('',(#8107),#35,.F.);
#8984=ADVANCED_FACE('',(#8108),#36,.F.);
#8985=ADVANCED_FACE('',(#8109),#142,.F.);
#8986=ADVANCED_FACE('',(#8110),#143,.F.);
#8987=ADVANCED_FACE('',(#8111),#37,.F.);
#8988=ADVANCED_FACE('',(#8112),#38,.F.);
#8989=ADVANCED_FACE('',(#8113),#144,.F.);
#8990=ADVANCED_FACE('',(#8114),#14,.F.);
#8991=ADVANCED_FACE('',(#8115),#8517,.T.);
#8992=ADVANCED_FACE('',(#8116),#145,.F.);
#8993=ADVANCED_FACE('',(#8117),#25,.F.);
#8994=ADVANCED_FACE('',(#8118),#146,.F.);
#8995=ADVANCED_FACE('',(#8119),#147,.F.);
#8996=ADVANCED_FACE('',(#8120),#148,.F.);
#8997=ADVANCED_FACE('',(#8121),#149,.F.);
#8998=ADVANCED_FACE('',(#8122),#26,.F.);
#8999=ADVANCED_FACE('',(#8123),#27,.F.);
#9000=ADVANCED_FACE('',(#8124),#150,.F.);
#9001=ADVANCED_FACE('',(#8125),#151,.F.);
#9002=ADVANCED_FACE('',(#8126),#28,.F.);
#9003=ADVANCED_FACE('',(#8127),#152,.F.);
#9004=ADVANCED_FACE('',(#8128),#8518,.T.);
#9005=ADVANCED_FACE('',(#8129),#8519,.T.);
#9006=ADVANCED_FACE('',(#8130),#8520,.T.);
#9007=ADVANCED_FACE('',(#8131),#153,.F.);
#9008=ADVANCED_FACE('',(#8132),#154,.F.);
#9009=ADVANCED_FACE('',(#8133),#155,.F.);
#9010=ADVANCED_FACE('',(#8134),#12,.F.);
#9011=ADVANCED_FACE('',(#8135),#156,.F.);
#9012=ADVANCED_FACE('',(#8136),#157,.F.);
#9013=ADVANCED_FACE('',(#8137),#13,.F.);
#9014=ADVANCED_FACE('',(#8138),#158,.F.);
#9015=ADVANCED_FACE('',(#8139,#8140),#159,.F.);
#9016=ADVANCED_FACE('',(#8141),#8521,.T.);
#9017=ADVANCED_FACE('',(#8142,#8143),#160,.F.);
#9018=ADVANCED_FACE('',(#8144),#8522,.T.);
#9019=ADVANCED_FACE('',(#8145,#8146),#161,.F.);
#9020=ADVANCED_FACE('',(#8147),#8523,.T.);
#9021=ADVANCED_FACE('',(#8148,#8149),#162,.F.);
#9022=ADVANCED_FACE('',(#8150),#8524,.T.);
#9023=ADVANCED_FACE('',(#8151),#8525,.F.);
#9024=ADVANCED_FACE('',(#8152),#8526,.F.);
#9025=ADVANCED_FACE('',(#8153),#163,.T.);
#9026=ADVANCED_FACE('',(#8154),#8527,.F.);
#9027=ADVANCED_FACE('',(#8155),#8528,.T.);
#9028=ADVANCED_FACE('',(#8156),#8529,.F.);
#9029=ADVANCED_FACE('',(#8157),#8530,.T.);
#9030=ADVANCED_FACE('',(#8158),#8531,.T.);
#9031=ADVANCED_FACE('',(#8159),#8532,.F.);
#9032=ADVANCED_FACE('',(#8160),#8533,.F.);
#9033=ADVANCED_FACE('',(#8161),#8534,.F.);
#9034=ADVANCED_FACE('',(#8162),#8535,.T.);
#9035=ADVANCED_FACE('',(#8163),#8536,.T.);
#9036=ADVANCED_FACE('',(#8164),#8537,.T.);
#9037=ADVANCED_FACE('',(#8165),#8538,.T.);
#9038=ADVANCED_FACE('',(#8166),#8539,.T.);
#9039=ADVANCED_FACE('',(#8167),#8540,.T.);
#9040=ADVANCED_FACE('',(#8168),#8541,.T.);
#9041=ADVANCED_FACE('',(#8169),#8542,.T.);
#9042=ADVANCED_FACE('',(#8170),#8543,.T.);
#9043=ADVANCED_FACE('',(#8171),#8544,.T.);
#9044=ADVANCED_FACE('',(#8172),#8545,.T.);
#9045=ADVANCED_FACE('',(#8173),#8546,.T.);
#9046=ADVANCED_FACE('',(#8174),#8547,.T.);
#9047=ADVANCED_FACE('',(#8175),#8548,.T.);
#9048=ADVANCED_FACE('',(#8176),#8549,.T.);
#9049=ADVANCED_FACE('',(#8177),#8550,.T.);
#9050=ADVANCED_FACE('',(#8178),#8551,.T.);
#9051=ADVANCED_FACE('',(#8179),#8552,.T.);
#9052=ADVANCED_FACE('',(#8180),#8553,.T.);
#9053=ADVANCED_FACE('',(#8181),#8554,.T.);
#9054=ADVANCED_FACE('',(#8182),#8555,.T.);
#9055=ADVANCED_FACE('',(#8183),#8556,.T.);
#9056=ADVANCED_FACE('',(#8184),#8557,.T.);
#9057=ADVANCED_FACE('',(#8185),#8558,.T.);
#9058=ADVANCED_FACE('',(#8186),#8559,.T.);
#9059=ADVANCED_FACE('',(#8187),#8560,.T.);
#9060=ADVANCED_FACE('',(#8188),#8561,.T.);
#9061=ADVANCED_FACE('',(#8189),#8562,.T.);
#9062=ADVANCED_FACE('',(#8190),#8563,.T.);
#9063=ADVANCED_FACE('',(#8191),#8564,.T.);
#9064=ADVANCED_FACE('',(#8192),#8565,.T.);
#9065=ADVANCED_FACE('',(#8193),#8566,.T.);
#9066=ADVANCED_FACE('',(#8194),#8567,.T.);
#9067=ADVANCED_FACE('',(#8195),#8568,.T.);
#9068=ADVANCED_FACE('',(#8196),#8569,.T.);
#9069=ADVANCED_FACE('',(#8197),#8570,.T.);
#9070=ADVANCED_FACE('',(#8198),#8571,.T.);
#9071=ADVANCED_FACE('',(#8199),#8572,.F.);
#9072=ADVANCED_FACE('',(#8200),#8573,.F.);
#9073=ADVANCED_FACE('',(#8201),#8574,.F.);
#9074=ADVANCED_FACE('',(#8202),#8575,.F.);
#9075=ADVANCED_FACE('',(#8203),#8576,.F.);
#9076=ADVANCED_FACE('',(#8204),#8577,.F.);
#9077=ADVANCED_FACE('',(#8205),#8578,.F.);
#9078=ADVANCED_FACE('',(#8206),#8579,.F.);
#9079=ADVANCED_FACE('',(#8207),#8580,.F.);
#9080=ADVANCED_FACE('',(#8208),#8581,.F.);
#9081=ADVANCED_FACE('',(#8209),#8582,.T.);
#9082=ADVANCED_FACE('',(#8210),#8583,.T.);
#9083=ADVANCED_FACE('',(#8211),#8584,.T.);
#9084=ADVANCED_FACE('',(#8212),#8585,.T.);
#9085=ADVANCED_FACE('',(#8213),#8586,.F.);
#9086=ADVANCED_FACE('',(#8214),#8587,.F.);
#9087=ADVANCED_FACE('',(#8215),#8588,.T.);
#9088=ADVANCED_FACE('',(#8216),#8589,.T.);
#9089=ADVANCED_FACE('',(#8217),#8590,.T.);
#9090=ADVANCED_FACE('',(#8218),#8591,.T.);
#9091=ADVANCED_FACE('',(#8219),#8592,.T.);
#9092=ADVANCED_FACE('',(#8220),#8593,.T.);
#9093=ADVANCED_FACE('',(#8221),#8594,.T.);
#9094=ADVANCED_FACE('',(#8222),#8595,.T.);
#9095=ADVANCED_FACE('',(#8223),#8596,.F.);
#9096=ADVANCED_FACE('',(#8224),#8597,.T.);
#9097=ADVANCED_FACE('',(#8225),#8598,.T.);
#9098=ADVANCED_FACE('',(#8226),#8599,.T.);
#9099=ADVANCED_FACE('',(#8227),#8600,.F.);
#9100=ADVANCED_FACE('',(#8228),#8601,.T.);
#9101=ADVANCED_FACE('',(#8229),#8602,.F.);
#9102=ADVANCED_FACE('',(#8230),#8603,.F.);
#9103=ADVANCED_FACE('',(#8231),#8604,.T.);
#9104=ADVANCED_FACE('',(#8232),#8605,.T.);
#9105=ADVANCED_FACE('',(#8233),#8606,.T.);
#9106=ADVANCED_FACE('',(#8234),#8607,.T.);
#9107=ADVANCED_FACE('',(#8235),#8608,.T.);
#9108=ADVANCED_FACE('',(#8236),#8609,.T.);
#9109=ADVANCED_FACE('',(#8237),#8610,.T.);
#9110=ADVANCED_FACE('',(#8238),#8611,.T.);
#9111=ADVANCED_FACE('',(#8239),#8612,.T.);
#9112=ADVANCED_FACE('',(#8240),#8613,.T.);
#9113=ADVANCED_FACE('',(#8241),#8614,.T.);
#9114=ADVANCED_FACE('',(#8242),#8615,.T.);
#9115=ADVANCED_FACE('',(#8243),#8616,.T.);
#9116=ADVANCED_FACE('',(#8244),#8617,.T.);
#9117=ADVANCED_FACE('',(#8245),#8618,.T.);
#9118=ADVANCED_FACE('',(#8246),#8619,.T.);
#9119=ADVANCED_FACE('',(#8247),#8620,.T.);
#9120=ADVANCED_FACE('',(#8248),#8621,.T.);
#9121=ADVANCED_FACE('',(#8249),#8622,.T.);
#9122=ADVANCED_FACE('',(#8250),#8623,.T.);
#9123=ADVANCED_FACE('',(#8251),#8624,.T.);
#9124=ADVANCED_FACE('',(#8252),#8625,.T.);
#9125=ADVANCED_FACE('',(#8253),#8626,.T.);
#9126=ADVANCED_FACE('',(#8254),#8627,.T.);
#9127=ADVANCED_FACE('',(#8255),#8628,.T.);
#9128=ADVANCED_FACE('',(#8256),#8629,.T.);
#9129=ADVANCED_FACE('',(#8257),#8630,.T.);
#9130=ADVANCED_FACE('',(#8258),#8631,.T.);
#9131=ADVANCED_FACE('',(#8259),#8632,.T.);
#9132=ADVANCED_FACE('',(#8260),#8633,.T.);
#9133=ADVANCED_FACE('',(#8261),#8634,.T.);
#9134=ADVANCED_FACE('',(#8262),#8635,.T.);
#9135=ADVANCED_FACE('',(#8263),#8636,.T.);
#9136=ADVANCED_FACE('',(#8264),#8637,.T.);
#9137=ADVANCED_FACE('',(#8265),#8638,.F.);
#9138=ADVANCED_FACE('',(#8266),#8639,.F.);
#9139=ADVANCED_FACE('',(#8267),#8640,.F.);
#9140=ADVANCED_FACE('',(#8268),#8641,.F.);
#9141=ADVANCED_FACE('',(#8269),#8642,.F.);
#9142=ADVANCED_FACE('',(#8270),#8643,.F.);
#9143=ADVANCED_FACE('',(#8271),#8644,.F.);
#9144=ADVANCED_FACE('',(#8272),#8645,.F.);
#9145=ADVANCED_FACE('',(#8273),#8646,.F.);
#9146=ADVANCED_FACE('',(#8274),#8647,.F.);
#9147=ADVANCED_FACE('',(#8275),#8648,.T.);
#9148=ADVANCED_FACE('',(#8276),#8649,.T.);
#9149=ADVANCED_FACE('',(#8277),#8650,.T.);
#9150=ADVANCED_FACE('',(#8278),#8651,.T.);
#9151=ADVANCED_FACE('',(#8279),#8652,.F.);
#9152=ADVANCED_FACE('',(#8280),#8653,.F.);
#9153=ADVANCED_FACE('',(#8281),#8654,.T.);
#9154=ADVANCED_FACE('',(#8282),#8655,.T.);
#9155=ADVANCED_FACE('',(#8283),#8656,.T.);
#9156=ADVANCED_FACE('',(#8284),#8657,.T.);
#9157=ADVANCED_FACE('',(#8285),#8658,.T.);
#9158=ADVANCED_FACE('',(#8286),#8659,.T.);
#9159=ADVANCED_FACE('',(#8287),#8660,.T.);
#9160=ADVANCED_FACE('',(#8288),#8661,.T.);
#9161=ADVANCED_FACE('',(#8289),#8662,.T.);
#9162=ADVANCED_FACE('',(#8290),#8663,.F.);
#9163=ADVANCED_FACE('',(#8291),#8664,.T.);
#9164=ADVANCED_FACE('',(#8292),#8665,.T.);
#9165=ADVANCED_FACE('',(#8293),#8666,.F.);
#9166=ADVANCED_FACE('',(#8294),#8667,.T.);
#9167=ADVANCED_FACE('',(#8295),#8668,.T.);
#9168=ADVANCED_FACE('',(#8296),#8669,.F.);
#9169=ADVANCED_FACE('',(#8297),#8670,.F.);
#9170=ADVANCED_FACE('',(#8298),#8671,.T.);
#9171=ADVANCED_FACE('',(#8299),#8672,.T.);
#9172=ADVANCED_FACE('',(#8300),#8673,.T.);
#9173=ADVANCED_FACE('',(#8301),#8674,.T.);
#9174=ADVANCED_FACE('',(#8302),#8675,.T.);
#9175=ADVANCED_FACE('',(#8303),#8676,.T.);
#9176=ADVANCED_FACE('',(#8304),#8677,.T.);
#9177=ADVANCED_FACE('',(#8305),#8678,.T.);
#9178=ADVANCED_FACE('',(#8306),#8679,.T.);
#9179=ADVANCED_FACE('',(#8307),#8680,.T.);
#9180=ADVANCED_FACE('',(#8308),#8681,.T.);
#9181=ADVANCED_FACE('',(#8309),#8682,.T.);
#9182=ADVANCED_FACE('',(#8310),#8683,.T.);
#9183=ADVANCED_FACE('',(#8311),#8684,.T.);
#9184=ADVANCED_FACE('',(#8312),#8685,.T.);
#9185=ADVANCED_FACE('',(#8313),#8686,.T.);
#9186=ADVANCED_FACE('',(#8314),#8687,.T.);
#9187=ADVANCED_FACE('',(#8315),#8688,.T.);
#9188=ADVANCED_FACE('',(#8316),#8689,.T.);
#9189=ADVANCED_FACE('',(#8317),#8690,.T.);
#9190=ADVANCED_FACE('',(#8318),#8691,.T.);
#9191=ADVANCED_FACE('',(#8319),#8692,.T.);
#9192=ADVANCED_FACE('',(#8320),#8693,.T.);
#9193=ADVANCED_FACE('',(#8321),#8694,.T.);
#9194=ADVANCED_FACE('',(#8322),#8695,.T.);
#9195=ADVANCED_FACE('',(#8323),#8696,.T.);
#9196=ADVANCED_FACE('',(#8324),#8697,.T.);
#9197=ADVANCED_FACE('',(#8325),#8698,.T.);
#9198=ADVANCED_FACE('',(#8326),#8699,.T.);
#9199=ADVANCED_FACE('',(#8327),#8700,.T.);
#9200=ADVANCED_FACE('',(#8328),#8701,.T.);
#9201=ADVANCED_FACE('',(#8329),#8702,.T.);
#9202=ADVANCED_FACE('',(#8330),#8703,.T.);
#9203=ADVANCED_FACE('',(#8331),#8704,.T.);
#9204=ADVANCED_FACE('',(#8332),#8705,.T.);
#9205=ADVANCED_FACE('',(#8333),#8706,.T.);
#9206=ADVANCED_FACE('',(#8334),#8707,.T.);
#9207=ADVANCED_FACE('',(#8335),#8708,.T.);
#9208=ADVANCED_FACE('',(#8336),#8709,.T.);
#9209=ADVANCED_FACE('',(#8337),#8710,.T.);
#9210=ADVANCED_FACE('',(#8338),#8711,.T.);
#9211=ADVANCED_FACE('',(#8339),#8712,.T.);
#9212=ADVANCED_FACE('',(#8340),#8713,.F.);
#9213=ADVANCED_FACE('',(#8341),#8714,.T.);
#9214=ADVANCED_FACE('',(#8342),#8715,.F.);
#9215=ADVANCED_FACE('',(#8343),#8716,.F.);
#9216=ADVANCED_FACE('',(#8344),#8717,.T.);
#9217=ADVANCED_FACE('',(#8345),#8718,.T.);
#9218=ADVANCED_FACE('',(#8346),#8719,.F.);
#9219=ADVANCED_FACE('',(#8347),#8720,.F.);
#9220=ADVANCED_FACE('',(#8348),#8721,.T.);
#9221=ADVANCED_FACE('',(#8349),#8722,.T.);
#9222=ADVANCED_FACE('',(#8350),#8723,.T.);
#9223=ADVANCED_FACE('',(#8351),#8724,.T.);
#9224=ADVANCED_FACE('',(#8352),#8725,.T.);
#9225=ADVANCED_FACE('',(#8353),#8726,.F.);
#9226=ADVANCED_FACE('',(#8354),#8727,.T.);
#9227=ADVANCED_FACE('',(#8355),#8728,.T.);
#9228=ADVANCED_FACE('',(#8356),#8729,.T.);
#9229=ADVANCED_FACE('',(#8357),#8730,.T.);
#9230=ADVANCED_FACE('',(#8358),#8731,.T.);
#9231=ADVANCED_FACE('',(#8359),#8732,.T.);
#9232=ADVANCED_FACE('',(#8360),#8733,.T.);
#9233=ADVANCED_FACE('',(#8361),#8734,.T.);
#9234=ADVANCED_FACE('',(#8362),#8735,.T.);
#9235=ADVANCED_FACE('',(#8363),#8736,.T.);
#9236=ADVANCED_FACE('',(#8364),#8737,.T.);
#9237=ADVANCED_FACE('',(#8365),#8738,.T.);
#9238=ADVANCED_FACE('',(#8366),#8739,.T.);
#9239=ADVANCED_FACE('',(#8367),#8740,.T.);
#9240=ADVANCED_FACE('',(#8368),#8741,.T.);
#9241=ADVANCED_FACE('',(#8369),#8742,.T.);
#9242=ADVANCED_FACE('',(#8370),#8743,.T.);
#9243=ADVANCED_FACE('',(#8371),#8744,.T.);
#9244=ADVANCED_FACE('',(#8372),#8745,.T.);
#9245=ADVANCED_FACE('',(#8373),#8746,.T.);
#9246=ADVANCED_FACE('',(#8374),#8747,.T.);
#9247=ADVANCED_FACE('',(#8375),#8748,.T.);
#9248=ADVANCED_FACE('',(#8376),#8749,.T.);
#9249=ADVANCED_FACE('',(#8377),#8750,.T.);
#9250=ADVANCED_FACE('',(#8378),#8751,.F.);
#9251=ADVANCED_FACE('',(#8379),#8752,.F.);
#9252=ADVANCED_FACE('',(#8380),#8753,.F.);
#9253=ADVANCED_FACE('',(#8381),#8754,.F.);
#9254=ADVANCED_FACE('',(#8382),#8755,.F.);
#9255=ADVANCED_FACE('',(#8383),#8756,.F.);
#9256=ADVANCED_FACE('',(#8384),#8757,.T.);
#9257=ADVANCED_FACE('',(#8385),#8758,.F.);
#9258=ADVANCED_FACE('',(#8386),#8759,.F.);
#9259=ADVANCED_FACE('',(#8387),#8760,.F.);
#9260=ADVANCED_FACE('',(#8388),#8761,.F.);
#9261=ADVANCED_FACE('',(#8389),#8762,.F.);
#9262=ADVANCED_FACE('',(#8390),#8763,.F.);
#9263=ADVANCED_FACE('',(#8391),#8764,.F.);
#9264=ADVANCED_FACE('',(#8392),#8765,.F.);
#9265=ADVANCED_FACE('',(#8393),#8766,.F.);
#9266=ADVANCED_FACE('',(#8394),#8767,.F.);
#9267=ADVANCED_FACE('',(#8395),#8768,.T.);
#9268=ADVANCED_FACE('',(#8396),#8769,.T.);
#9269=ADVANCED_FACE('',(#8397),#8770,.T.);
#9270=ADVANCED_FACE('',(#8398),#8771,.F.);
#9271=ADVANCED_FACE('',(#8399),#8772,.F.);
#9272=CLOSED_SHELL('',(#8773,#8774,#8775,#8776,#8777,#8778,#8779,#8780,#8781,#8782,#8783,#8784,#8785,#8786,#8787,#8788,#8789,#8790,#8791,#8792,#8793,#8794,#8795,#8796,#8797,#8798,#8799,#8800,#8801,#8802,#8803,#8804,#8805,#8806,#8807,#8808,#8809,#8810,#8811,#8812,#8813,#8814,#8815,#8816,#8817,#8818,#8819,#8820,#8821,#8822,#8823,#8824,#8825,#8826,#8827,#8828,#8829,#8830,#8831,#8832,#8833,#8834,#8835,#8836,#8837,#8838,#8839,#8840,#8841,#8842,#8843,#8844,#8845,#8846,#8847,#8848,#8849,#8850,#8851,#8852,#8853,#8854,#8855,#8856,#8857,#8858,#8859,#8860,#8861,#8862,#8863,#8864,#8865,#8866,#8867,#8868,#8869,#8870,#8871,#8872,#8873,#8874,#8875,#8876,#8877,#8878,#8879,#8880,#8881,#8882,#8883,#8884,#8885,#8886,#8887,#8888,#8889,#8890,#8891,#8892,#8893,#8894,#8895,#8896,#8897,#8898,#8899,#8900,#8901,#8902,#8903,#8904,#8905,#8906,#8907,#8908,#8909,#8910,#8911,#8912,#8913,#8914,#8915,#8916,#8917,#8918,#8919,#8920,#8921,#8922,#8923,#8924,#8925,#8926,#8927,#8928,#8929,#8930,#8931,#8932,#8933,#8934,#8935,#8936,#8937,#8938,#8939,#8940,#8941,#8942,#8943,#8944,#8945,#8946,#8947,#8948,#8949,#8950,#8951,#8952,#8953,#8954,#8955,#8956,#8957,#8958,#8959,#8960,#8961,#8962,#8963,#8964,#8965,#8966,#8967,#8968,#8969,#8970,#8971,#8972,#8973,#8974,#8975,#8976,#8977,#8978,#8979,#8980,#8981,#8982,#8983,#8984,#8985,#8986,#8987,#8988,#8989,#8990,#8991,#8992,#8993,#8994,#8995,#8996,#8997,#8998,#8999,#9000,#9001,#9002,#9003,#9004,#9005,#9006,#9007,#9008,#9009,#9010,#9011,#9012,#9013,#9014,#9015,#9016,#9017,#9018,#9019,#9020,#9021,#9022,#9023,#9024,#9025,#9026,#9027,#9028,#9029,#9030,#9031,#9032,#9033,#9034,#9035,#9036,#9037,#9038,#9039,#9040,#9041,#9042,#9043,#9044,#9045,#9046,#9047,#9048,#9049,#9050,#9051,#9052,#9053,#9054,#9055,#9056,#9057,#9058,#9059,#9060,#9061,#9062,#9063,#9064,#9065,#9066,#9067,#9068,#9069,#9070,#9071,#9072,#9073,#9074,#9075,#9076,#9077,#9078,#9079,#9080,#9081,#9082,#9083,#9084,#9085,#9086,#9087,#9088,#9089,#9090,#9091,#9092,#9093,#9094,#9095,#9096,#9097,#9098,#9099,#9100,#9101,#9102,#9103,#9104,#9105,#9106,#9107,#9108,#9109,#9110,#9111,#9112,#9113,#9114,#9115,#9116,#9117,#9118,#9119,#9120,#9121,#9122,#9123,#9124,#9125,#9126,#9127,#9128,#9129,#9130,#9131,#9132,#9133,#9134,#9135,#9136,#9137,#9138,#9139,#9140,#9141,#9142,#9143,#9144,#9145,#9146,#9147,#9148,#9149,#9150,#9151,#9152,#9153,#9154,#9155,#9156,#9157,#9158,#9159,#9160,#9161,#9162,#9163,#9164,#9165,#9166,#9167,#9168,#9169,#9170,#9171,#9172,#9173,#9174,#9175,#9176,#9177,#9178,#9179,#9180,#9181,#9182,#9183,#9184,#9185,#9186,#9187,#9188,#9189,#9190,#9191,#9192,#9193,#9194,#9195,#9196,#9197,#9198,#9199,#9200,#9201,#9202,#9203,#9204,#9205,#9206,#9207,#9208,#9209,#9210,#9211,#9212,#9213,#9214,#9215,#9216,#9217,#9218,#9219,#9220,#9221,#9222,#9223,#9224,#9225,#9226,#9227,#9228,#9229,#9230,#9231,#9232,#9233,#9234,#9235,#9236,#9237,#9238,#9239,#9240,#9241,#9242,#9243,#9244,#9245,#9246,#9247,#9248,#9249,#9250,#9251,#9252,#9253,#9254,#9255,#9256,#9257,#9258,#9259,#9260,#9261,#9262,#9263,#9264,#9265,#9266,#9267,#9268,#9269,#9270,#9271));
#9273=STYLED_ITEM('',(#9274),#9281);
#9274=PRESENTATION_STYLE_ASSIGNMENT((#9275));
#9275=SURFACE_STYLE_USAGE(.BOTH.,#9276);
#9276=SURFACE_SIDE_STYLE('',(#9277));
#9277=SURFACE_STYLE_FILL_AREA(#9278);
#9278=FILL_AREA_STYLE('',(#9279));
#9279=FILL_AREA_STYLE_COLOUR('',#9280);
#9280=COLOUR_RGB('',0.501960784313726,0.501960784313726,0.501960784313726);
#9281=MANIFOLD_SOLID_BREP('right-base',#9272);
#9282=SHAPE_DEFINITION_REPRESENTATION(#15212,#9283);
#9283=SHAPE_REPRESENTATION('right-base',(#9284),#15207);
#9284=AXIS2_PLACEMENT_3D('',#12493,#9993,#9994);
#9285=AXIS2_PLACEMENT_3D('',#12494,#9995,#9996);
#9286=AXIS2_PLACEMENT_3D('',#12527,#10013,#10014);
#9287=AXIS2_PLACEMENT_3D('',#12532,#10016,#10017);
#9288=AXIS2_PLACEMENT_3D('',#12553,#10028,#10029);
#9289=AXIS2_PLACEMENT_3D('',#12572,#10038,#10039);
#9290=AXIS2_PLACEMENT_3D('',#12576,#10041,#10042);
#9291=AXIS2_PLACEMENT_3D('',#12594,#10051,#10052);
#9292=AXIS2_PLACEMENT_3D('',#12598,#10054,#10055);
#9293=AXIS2_PLACEMENT_3D('',#12602,#10057,#10058);
#9294=AXIS2_PLACEMENT_3D('',#12606,#10060,#10061);
#9295=AXIS2_PLACEMENT_3D('',#12610,#10063,#10064);
#9296=AXIS2_PLACEMENT_3D('',#12614,#10066,#10067);
#9297=AXIS2_PLACEMENT_3D('',#12621,#10071,#10072);
#9298=AXIS2_PLACEMENT_3D('',#12627,#10076,#10077);
#9299=AXIS2_PLACEMENT_3D('',#12628,#10078,#10079);
#9300=AXIS2_PLACEMENT_3D('',#12630,#10080,#10081);
#9301=AXIS2_PLACEMENT_3D('',#12635,#10084,#10085);
#9302=AXIS2_PLACEMENT_3D('',#12639,#10088,#10089);
#9303=AXIS2_PLACEMENT_3D('',#12645,#10093,#10094);
#9304=AXIS2_PLACEMENT_3D('',#12649,#10097,#10098);
#9305=AXIS2_PLACEMENT_3D('',#12651,#10100,#10101);
#9306=AXIS2_PLACEMENT_3D('',#12655,#10104,#10105);
#9307=AXIS2_PLACEMENT_3D('',#12659,#10108,#10109);
#9308=AXIS2_PLACEMENT_3D('',#12663,#10112,#10113);
#9309=AXIS2_PLACEMENT_3D('',#12667,#10116,#10117);
#9310=AXIS2_PLACEMENT_3D('',#12671,#10120,#10121);
#9311=AXIS2_PLACEMENT_3D('',#12675,#10124,#10125);
#9312=AXIS2_PLACEMENT_3D('',#12677,#10127,#10128);
#9313=AXIS2_PLACEMENT_3D('',#12678,#10129,#10130);
#9314=AXIS2_PLACEMENT_3D('',#12684,#10134,#10135);
#9315=AXIS2_PLACEMENT_3D('',#12725,#10156,#10157);
#9316=AXIS2_PLACEMENT_3D('',#12867,#10228,#10229);
#9317=AXIS2_PLACEMENT_3D('',#12969,#10280,#10281);
#9318=AXIS2_PLACEMENT_3D('',#12998,#10295,#10296);
#9319=AXIS2_PLACEMENT_3D('',#13002,#10298,#10299);
#9320=AXIS2_PLACEMENT_3D('',#13006,#10301,#10302);
#9321=AXIS2_PLACEMENT_3D('',#13078,#10339,#10340);
#9322=AXIS2_PLACEMENT_3D('',#13082,#10342,#10343);
#9323=AXIS2_PLACEMENT_3D('',#13091,#10348,#10349);
#9324=AXIS2_PLACEMENT_3D('',#13113,#10360,#10361);
#9325=AXIS2_PLACEMENT_3D('',#13154,#10382,#10383);
#9326=AXIS2_PLACEMENT_3D('',#13156,#10384,#10385);
#9327=AXIS2_PLACEMENT_3D('',#13157,#10386,#10387);
#9328=AXIS2_PLACEMENT_3D('',#13163,#10390,#10391);
#9329=AXIS2_PLACEMENT_3D('',#13164,#10392,#10393);
#9330=AXIS2_PLACEMENT_3D('',#13168,#10395,#10396);
#9331=AXIS2_PLACEMENT_3D('',#13177,#10398,#10399);
#9332=AXIS2_PLACEMENT_3D('',#13187,#10405,#10406);
#9333=AXIS2_PLACEMENT_3D('',#13188,#10407,#10408);
#9334=AXIS2_PLACEMENT_3D('',#13192,#10410,#10411);
#9335=AXIS2_PLACEMENT_3D('',#13193,#10412,#10413);
#9336=AXIS2_PLACEMENT_3D('',#13200,#10418,#10419);
#9337=AXIS2_PLACEMENT_3D('',#13213,#10426,#10427);
#9338=AXIS2_PLACEMENT_3D('',#13240,#10442,#10443);
#9339=AXIS2_PLACEMENT_3D('',#13244,#10445,#10446);
#9340=AXIS2_PLACEMENT_3D('',#13250,#10447,#10448);
#9341=AXIS2_PLACEMENT_3D('',#13257,#10452,#10453);
#9342=AXIS2_PLACEMENT_3D('',#13258,#10454,#10455);
#9343=AXIS2_PLACEMENT_3D('',#13259,#10456,#10457);
#9344=AXIS2_PLACEMENT_3D('',#13267,#10458,#10459);
#9345=AXIS2_PLACEMENT_3D('',#13271,#10461,#10462);
#9346=AXIS2_PLACEMENT_3D('',#13272,#10463,#10464);
#9347=AXIS2_PLACEMENT_3D('',#13287,#10474,#10475);
#9348=AXIS2_PLACEMENT_3D('',#13288,#10476,#10477);
#9349=AXIS2_PLACEMENT_3D('',#13294,#10480,#10481);
#9350=AXIS2_PLACEMENT_3D('',#13295,#10482,#10483);
#9351=AXIS2_PLACEMENT_3D('',#13303,#10489,#10490);
#9352=AXIS2_PLACEMENT_3D('',#13315,#10497,#10498);
#9353=AXIS2_PLACEMENT_3D('',#13321,#10502,#10503);
#9354=AXIS2_PLACEMENT_3D('',#13328,#10508,#10509);
#9355=AXIS2_PLACEMENT_3D('',#13330,#10510,#10511);
#9356=AXIS2_PLACEMENT_3D('',#13332,#10512,#10513);
#9357=AXIS2_PLACEMENT_3D('',#13334,#10514,#10515);
#9358=AXIS2_PLACEMENT_3D('',#13339,#10517,#10518);
#9359=AXIS2_PLACEMENT_3D('',#13343,#10520,#10521);
#9360=AXIS2_PLACEMENT_3D('',#13348,#10524,#10525);
#9361=AXIS2_PLACEMENT_3D('',#13365,#10534,#10535);
#9362=AXIS2_PLACEMENT_3D('',#13374,#10540,#10541);
#9363=AXIS2_PLACEMENT_3D('',#13377,#10543,#10544);
#9364=AXIS2_PLACEMENT_3D('',#13385,#10548,#10549);
#9365=AXIS2_PLACEMENT_3D('',#13389,#10551,#10552);
#9366=AXIS2_PLACEMENT_3D('',#13397,#10556,#10557);
#9367=AXIS2_PLACEMENT_3D('',#13401,#10559,#10560);
#9368=AXIS2_PLACEMENT_3D('',#13409,#10564,#10565);
#9369=AXIS2_PLACEMENT_3D('',#13413,#10567,#10568);
#9370=AXIS2_PLACEMENT_3D('',#13422,#10573,#10574);
#9371=AXIS2_PLACEMENT_3D('',#13429,#10578,#10579);
#9372=AXIS2_PLACEMENT_3D('',#13435,#10583,#10584);
#9373=AXIS2_PLACEMENT_3D('',#13441,#10587,#10588);
#9374=AXIS2_PLACEMENT_3D('',#13445,#10590,#10591);
#9375=AXIS2_PLACEMENT_3D('',#13449,#10593,#10594);
#9376=AXIS2_PLACEMENT_3D('',#13453,#10596,#10597);
#9377=AXIS2_PLACEMENT_3D('',#13457,#10599,#10600);
#9378=AXIS2_PLACEMENT_3D('',#13458,#10601,#10602);
#9379=AXIS2_PLACEMENT_3D('',#13475,#10606,#10607);
#9380=AXIS2_PLACEMENT_3D('',#13479,#10609,#10610);
#9381=AXIS2_PLACEMENT_3D('',#13485,#10614,#10615);
#9382=AXIS2_PLACEMENT_3D('',#13486,#10616,#10617);
#9383=AXIS2_PLACEMENT_3D('',#13487,#10618,#10619);
#9384=AXIS2_PLACEMENT_3D('',#13492,#10621,#10622);
#9385=AXIS2_PLACEMENT_3D('',#13494,#10623,#10624);
#9386=AXIS2_PLACEMENT_3D('',#13498,#10626,#10627);
#9387=AXIS2_PLACEMENT_3D('',#13502,#10629,#10630);
#9388=AXIS2_PLACEMENT_3D('',#13504,#10631,#10632);
#9389=AXIS2_PLACEMENT_3D('',#13507,#10634,#10635);
#9390=AXIS2_PLACEMENT_3D('',#13512,#10637,#10638);
#9391=AXIS2_PLACEMENT_3D('',#13516,#10640,#10641);
#9392=AXIS2_PLACEMENT_3D('',#13520,#10643,#10644);
#9393=AXIS2_PLACEMENT_3D('',#13524,#10646,#10647);
#9394=AXIS2_PLACEMENT_3D('',#13525,#10648,#10649);
#9395=AXIS2_PLACEMENT_3D('',#13527,#10650,#10651);
#9396=AXIS2_PLACEMENT_3D('',#13533,#10655,#10656);
#9397=AXIS2_PLACEMENT_3D('',#13541,#10661,#10662);
#9398=AXIS2_PLACEMENT_3D('',#13542,#10663,#10664);
#9399=AXIS2_PLACEMENT_3D('',#13543,#10665,#10666);
#9400=AXIS2_PLACEMENT_3D('',#13549,#10670,#10671);
#9401=AXIS2_PLACEMENT_3D('',#13553,#10674,#10675);
#9402=AXIS2_PLACEMENT_3D('',#13557,#10678,#10679);
#9403=AXIS2_PLACEMENT_3D('',#13563,#10683,#10684);
#9404=AXIS2_PLACEMENT_3D('',#13567,#10687,#10688);
#9405=AXIS2_PLACEMENT_3D('',#13569,#10690,#10691);
#9406=AXIS2_PLACEMENT_3D('',#13571,#10693,#10694);
#9407=AXIS2_PLACEMENT_3D('',#13578,#10699,#10700);
#9408=AXIS2_PLACEMENT_3D('',#13581,#10703,#10704);
#9409=AXIS2_PLACEMENT_3D('',#13585,#10706,#10707);
#9410=AXIS2_PLACEMENT_3D('',#13589,#10709,#10710);
#9411=AXIS2_PLACEMENT_3D('',#13593,#10712,#10713);
#9412=AXIS2_PLACEMENT_3D('',#13597,#10715,#10716);
#9413=AXIS2_PLACEMENT_3D('',#13598,#10717,#10718);
#9414=AXIS2_PLACEMENT_3D('',#13603,#10720,#10721);
#9415=AXIS2_PLACEMENT_3D('',#13607,#10723,#10724);
#9416=AXIS2_PLACEMENT_3D('',#13611,#10726,#10727);
#9417=AXIS2_PLACEMENT_3D('',#13615,#10729,#10730);
#9418=AXIS2_PLACEMENT_3D('',#13616,#10731,#10732);
#9419=AXIS2_PLACEMENT_3D('',#13618,#10733,#10734);
#9420=AXIS2_PLACEMENT_3D('',#13623,#10736,#10737);
#9421=AXIS2_PLACEMENT_3D('',#13628,#10740,#10741);
#9422=AXIS2_PLACEMENT_3D('',#13632,#10743,#10744);
#9423=AXIS2_PLACEMENT_3D('',#13633,#10745,#10746);
#9424=AXIS2_PLACEMENT_3D('',#13638,#10749,#10750);
#9425=AXIS2_PLACEMENT_3D('',#13639,#10751,#10752);
#9426=AXIS2_PLACEMENT_3D('',#13643,#10754,#10755);
#9427=AXIS2_PLACEMENT_3D('',#13644,#10756,#10757);
#9428=AXIS2_PLACEMENT_3D('',#13648,#10759,#10760);
#9429=AXIS2_PLACEMENT_3D('',#13653,#10763,#10764);
#9430=AXIS2_PLACEMENT_3D('',#13657,#10766,#10767);
#9431=AXIS2_PLACEMENT_3D('',#13662,#10770,#10771);
#9432=AXIS2_PLACEMENT_3D('',#13666,#10773,#10774);
#9433=AXIS2_PLACEMENT_3D('',#13671,#10777,#10778);
#9434=AXIS2_PLACEMENT_3D('',#13675,#10780,#10781);
#9435=AXIS2_PLACEMENT_3D('',#13680,#10784,#10785);
#9436=AXIS2_PLACEMENT_3D('',#13681,#10786,#10787);
#9437=AXIS2_PLACEMENT_3D('',#13683,#10789,#10790);
#9438=AXIS2_PLACEMENT_3D('',#13684,#10791,#10792);
#9439=AXIS2_PLACEMENT_3D('',#13686,#10794,#10795);
#9440=AXIS2_PLACEMENT_3D('',#13687,#10796,#10797);
#9441=AXIS2_PLACEMENT_3D('',#13689,#10798,#10799);
#9442=AXIS2_PLACEMENT_3D('',#13691,#10800,#10801);
#9443=AXIS2_PLACEMENT_3D('',#13693,#10802,#10803);
#9444=AXIS2_PLACEMENT_3D('',#13698,#10805,#10806);
#9445=AXIS2_PLACEMENT_3D('',#13702,#10808,#10809);
#9446=AXIS2_PLACEMENT_3D('',#13704,#10810,#10811);
#9447=AXIS2_PLACEMENT_3D('',#13708,#10813,#10814);
#9448=AXIS2_PLACEMENT_3D('',#13712,#10816,#10817);
#9449=AXIS2_PLACEMENT_3D('',#13714,#10818,#10819);
#9450=AXIS2_PLACEMENT_3D('',#13715,#10820,#10821);
#9451=AXIS2_PLACEMENT_3D('',#13718,#10824,#10825);
#9452=AXIS2_PLACEMENT_3D('',#13720,#10827,#10828);
#9453=AXIS2_PLACEMENT_3D('',#13722,#10830,#10831);
#9454=AXIS2_PLACEMENT_3D('',#13724,#10833,#10834);
#9455=AXIS2_PLACEMENT_3D('',#13726,#10836,#10837);
#9456=AXIS2_PLACEMENT_3D('',#13728,#10839,#10840);
#9457=AXIS2_PLACEMENT_3D('',#13730,#10842,#10843);
#9458=AXIS2_PLACEMENT_3D('',#13732,#10845,#10846);
#9459=AXIS2_PLACEMENT_3D('',#13734,#10848,#10849);
#9460=AXIS2_PLACEMENT_3D('',#13735,#10850,#10851);
#9461=AXIS2_PLACEMENT_3D('',#13736,#10852,#10853);
#9462=AXIS2_PLACEMENT_3D('',#13738,#10854,#10855);
#9463=AXIS2_PLACEMENT_3D('',#13739,#10856,#10857);
#9464=AXIS2_PLACEMENT_3D('',#13741,#10858,#10859);
#9465=AXIS2_PLACEMENT_3D('',#13742,#10860,#10861);
#9466=AXIS2_PLACEMENT_3D('',#13744,#10862,#10863);
#9467=AXIS2_PLACEMENT_3D('',#13745,#10864,#10865);
#9468=AXIS2_PLACEMENT_3D('',#13747,#10866,#10867);
#9469=AXIS2_PLACEMENT_3D('',#13753,#10871,#10872);
#9470=AXIS2_PLACEMENT_3D('',#13759,#10876,#10877);
#9471=AXIS2_PLACEMENT_3D('',#13766,#10882,#10883);
#9472=AXIS2_PLACEMENT_3D('',#13772,#10887,#10888);
#9473=AXIS2_PLACEMENT_3D('',#13774,#10890,#10891);
#9474=AXIS2_PLACEMENT_3D('',#13775,#10892,#10893);
#9475=AXIS2_PLACEMENT_3D('',#13776,#10894,#10895);
#9476=AXIS2_PLACEMENT_3D('',#13777,#10896,#10897);
#9477=AXIS2_PLACEMENT_3D('',#13778,#10898,#10899);
#9478=AXIS2_PLACEMENT_3D('',#13779,#10900,#10901);
#9479=AXIS2_PLACEMENT_3D('',#13780,#10902,#10903);
#9480=AXIS2_PLACEMENT_3D('',#13781,#10904,#10905);
#9481=AXIS2_PLACEMENT_3D('',#13782,#10906,#10907);
#9482=AXIS2_PLACEMENT_3D('',#13783,#10908,#10909);
#9483=AXIS2_PLACEMENT_3D('',#13784,#10910,#10911);
#9484=AXIS2_PLACEMENT_3D('',#13785,#10912,#10913);
#9485=AXIS2_PLACEMENT_3D('',#13786,#10914,#10915);
#9486=AXIS2_PLACEMENT_3D('',#13787,#10916,#10917);
#9487=AXIS2_PLACEMENT_3D('',#13788,#10918,#10919);
#9488=AXIS2_PLACEMENT_3D('',#13789,#10920,#10921);
#9489=AXIS2_PLACEMENT_3D('',#13790,#10922,#10923);
#9490=AXIS2_PLACEMENT_3D('',#13791,#10924,#10925);
#9491=AXIS2_PLACEMENT_3D('',#13792,#10926,#10927);
#9492=AXIS2_PLACEMENT_3D('',#13793,#10928,#10929);
#9493=AXIS2_PLACEMENT_3D('',#13794,#10930,#10931);
#9494=AXIS2_PLACEMENT_3D('',#13795,#10932,#10933);
#9495=AXIS2_PLACEMENT_3D('',#13796,#10934,#10935);
#9496=AXIS2_PLACEMENT_3D('',#13797,#10936,#10937);
#9497=AXIS2_PLACEMENT_3D('',#13798,#10938,#10939);
#9498=AXIS2_PLACEMENT_3D('',#13799,#10940,#10941);
#9499=AXIS2_PLACEMENT_3D('',#13800,#10942,#10943);
#9500=AXIS2_PLACEMENT_3D('',#13801,#10944,#10945);
#9501=AXIS2_PLACEMENT_3D('',#13802,#10946,#10947);
#9502=AXIS2_PLACEMENT_3D('',#13803,#10948,#10949);
#9503=AXIS2_PLACEMENT_3D('',#13805,#10950,#10951);
#9504=AXIS2_PLACEMENT_3D('',#13806,#10952,#10953);
#9505=AXIS2_PLACEMENT_3D('',#13807,#10954,#10955);
#9506=AXIS2_PLACEMENT_3D('',#13809,#10956,#10957);
#9507=AXIS2_PLACEMENT_3D('',#13810,#10958,#10959);
#9508=AXIS2_PLACEMENT_3D('',#13816,#10963,#10964);
#9509=AXIS2_PLACEMENT_3D('',#13822,#10968,#10969);
#9510=AXIS2_PLACEMENT_3D('',#13828,#10973,#10974);
#9511=AXIS2_PLACEMENT_3D('',#13834,#10978,#10979);
#9512=AXIS2_PLACEMENT_3D('',#13840,#10983,#10984);
#9513=AXIS2_PLACEMENT_3D('',#13848,#10989,#10990);
#9514=AXIS2_PLACEMENT_3D('',#13849,#10991,#10992);
#9515=AXIS2_PLACEMENT_3D('',#13850,#10993,#10994);
#9516=AXIS2_PLACEMENT_3D('',#13854,#10996,#10997);
#9517=AXIS2_PLACEMENT_3D('',#13855,#10998,#10999);
#9518=AXIS2_PLACEMENT_3D('',#13856,#11000,#11001);
#9519=AXIS2_PLACEMENT_3D('',#13857,#11002,#11003);
#9520=AXIS2_PLACEMENT_3D('',#13859,#11004,#11005);
#9521=AXIS2_PLACEMENT_3D('',#13861,#11006,#11007);
#9522=AXIS2_PLACEMENT_3D('',#13863,#11008,#11009);
#9523=AXIS2_PLACEMENT_3D('',#13865,#11010,#11011);
#9524=AXIS2_PLACEMENT_3D('',#13868,#11014,#11015);
#9525=AXIS2_PLACEMENT_3D('',#13869,#11016,#11017);
#9526=AXIS2_PLACEMENT_3D('',#13870,#11018,#11019);
#9527=AXIS2_PLACEMENT_3D('',#13871,#11020,#11021);
#9528=AXIS2_PLACEMENT_3D('',#13872,#11022,#11023);
#9529=AXIS2_PLACEMENT_3D('',#13873,#11024,#11025);
#9530=AXIS2_PLACEMENT_3D('',#13874,#11026,#11027);
#9531=AXIS2_PLACEMENT_3D('',#13878,#11030,#11031);
#9532=AXIS2_PLACEMENT_3D('',#13884,#11035,#11036);
#9533=AXIS2_PLACEMENT_3D('',#13890,#11040,#11041);
#9534=AXIS2_PLACEMENT_3D('',#13891,#11042,#11043);
#9535=AXIS2_PLACEMENT_3D('',#13892,#11044,#11045);
#9536=AXIS2_PLACEMENT_3D('',#13893,#11046,#11047);
#9537=AXIS2_PLACEMENT_3D('',#13894,#11048,#11049);
#9538=AXIS2_PLACEMENT_3D('',#13895,#11050,#11051);
#9539=AXIS2_PLACEMENT_3D('',#13896,#11052,#11053);
#9540=AXIS2_PLACEMENT_3D('',#13897,#11054,#11055);
#9541=AXIS2_PLACEMENT_3D('',#13898,#11056,#11057);
#9542=AXIS2_PLACEMENT_3D('',#13899,#11058,#11059);
#9543=AXIS2_PLACEMENT_3D('',#13900,#11060,#11061);
#9544=AXIS2_PLACEMENT_3D('',#13901,#11062,#11063);
#9545=AXIS2_PLACEMENT_3D('',#13902,#11064,#11065);
#9546=AXIS2_PLACEMENT_3D('',#13903,#11066,#11067);
#9547=AXIS2_PLACEMENT_3D('',#13904,#11068,#11069);
#9548=AXIS2_PLACEMENT_3D('',#13905,#11070,#11071);
#9549=AXIS2_PLACEMENT_3D('',#13906,#11072,#11073);
#9550=AXIS2_PLACEMENT_3D('',#13907,#11074,#11075);
#9551=AXIS2_PLACEMENT_3D('',#13908,#11076,#11077);
#9552=AXIS2_PLACEMENT_3D('',#13910,#11078,#11079);
#9553=AXIS2_PLACEMENT_3D('',#13911,#11080,#11081);
#9554=AXIS2_PLACEMENT_3D('',#13912,#11082,#11083);
#9555=AXIS2_PLACEMENT_3D('',#13913,#11084,#11085);
#9556=AXIS2_PLACEMENT_3D('',#13915,#11086,#11087);
#9557=AXIS2_PLACEMENT_3D('',#13916,#11088,#11089);
#9558=AXIS2_PLACEMENT_3D('',#13929,#11098,#11099);
#9559=AXIS2_PLACEMENT_3D('',#13935,#11103,#11104);
#9560=AXIS2_PLACEMENT_3D('',#13939,#11106,#11107);
#9561=AXIS2_PLACEMENT_3D('',#13941,#11109,#11110);
#9562=AXIS2_PLACEMENT_3D('',#13942,#11111,#11112);
#9563=AXIS2_PLACEMENT_3D('',#13944,#11114,#11115);
#9564=AXIS2_PLACEMENT_3D('',#13946,#11117,#11118);
#9565=AXIS2_PLACEMENT_3D('',#13947,#11119,#11120);
#9566=AXIS2_PLACEMENT_3D('',#13949,#11122,#11123);
#9567=AXIS2_PLACEMENT_3D('',#13951,#11125,#11126);
#9568=AXIS2_PLACEMENT_3D('',#13953,#11128,#11129);
#9569=AXIS2_PLACEMENT_3D('',#13954,#11130,#11131);
#9570=AXIS2_PLACEMENT_3D('',#13956,#11133,#11134);
#9571=AXIS2_PLACEMENT_3D('',#13957,#11135,#11136);
#9572=AXIS2_PLACEMENT_3D('',#13961,#11139,#11140);
#9573=AXIS2_PLACEMENT_3D('',#13967,#11144,#11145);
#9574=AXIS2_PLACEMENT_3D('',#13971,#11148,#11149);
#9575=AXIS2_PLACEMENT_3D('',#13977,#11153,#11154);
#9576=AXIS2_PLACEMENT_3D('',#13981,#11157,#11158);
#9577=AXIS2_PLACEMENT_3D('',#13987,#11162,#11163);
#9578=AXIS2_PLACEMENT_3D('',#13991,#11166,#11167);
#9579=AXIS2_PLACEMENT_3D('',#13997,#11171,#11172);
#9580=AXIS2_PLACEMENT_3D('',#14001,#11175,#11176);
#9581=AXIS2_PLACEMENT_3D('',#14007,#11180,#11181);
#9582=AXIS2_PLACEMENT_3D('',#14011,#11184,#11185);
#9583=AXIS2_PLACEMENT_3D('',#14017,#11189,#11190);
#9584=AXIS2_PLACEMENT_3D('',#14021,#11193,#11194);
#9585=AXIS2_PLACEMENT_3D('',#14027,#11198,#11199);
#9586=AXIS2_PLACEMENT_3D('',#14031,#11202,#11203);
#9587=AXIS2_PLACEMENT_3D('',#14037,#11207,#11208);
#9588=AXIS2_PLACEMENT_3D('',#14038,#11209,#11210);
#9589=AXIS2_PLACEMENT_3D('',#14039,#11211,#11212);
#9590=AXIS2_PLACEMENT_3D('',#14040,#11213,#11214);
#9591=AXIS2_PLACEMENT_3D('',#14041,#11215,#11216);
#9592=AXIS2_PLACEMENT_3D('',#14042,#11217,#11218);
#9593=AXIS2_PLACEMENT_3D('',#14043,#11219,#11220);
#9594=AXIS2_PLACEMENT_3D('',#14044,#11221,#11222);
#9595=AXIS2_PLACEMENT_3D('',#14045,#11223,#11224);
#9596=AXIS2_PLACEMENT_3D('',#14046,#11225,#11226);
#9597=AXIS2_PLACEMENT_3D('',#14047,#11227,#11228);
#9598=AXIS2_PLACEMENT_3D('',#14048,#11229,#11230);
#9599=AXIS2_PLACEMENT_3D('',#14049,#11231,#11232);
#9600=AXIS2_PLACEMENT_3D('',#14050,#11233,#11234);
#9601=AXIS2_PLACEMENT_3D('',#14051,#11235,#11236);
#9602=AXIS2_PLACEMENT_3D('',#14052,#11237,#11238);
#9603=AXIS2_PLACEMENT_3D('',#14053,#11239,#11240);
#9604=AXIS2_PLACEMENT_3D('',#14054,#11241,#11242);
#9605=AXIS2_PLACEMENT_3D('',#14055,#11243,#11244);
#9606=AXIS2_PLACEMENT_3D('',#14056,#11245,#11246);
#9607=AXIS2_PLACEMENT_3D('',#14057,#11247,#11248);
#9608=AXIS2_PLACEMENT_3D('',#14058,#11249,#11250);
#9609=AXIS2_PLACEMENT_3D('',#14059,#11251,#11252);
#9610=AXIS2_PLACEMENT_3D('',#14060,#11253,#11254);
#9611=AXIS2_PLACEMENT_3D('',#14061,#11255,#11256);
#9612=AXIS2_PLACEMENT_3D('',#14062,#11257,#11258);
#9613=AXIS2_PLACEMENT_3D('',#14063,#11259,#11260);
#9614=AXIS2_PLACEMENT_3D('',#14064,#11261,#11262);
#9615=AXIS2_PLACEMENT_3D('',#14065,#11263,#11264);
#9616=AXIS2_PLACEMENT_3D('',#14066,#11265,#11266);
#9617=AXIS2_PLACEMENT_3D('',#14067,#11267,#11268);
#9618=AXIS2_PLACEMENT_3D('',#14068,#11269,#11270);
#9619=AXIS2_PLACEMENT_3D('',#14069,#11271,#11272);
#9620=AXIS2_PLACEMENT_3D('',#14070,#11273,#11274);
#9621=AXIS2_PLACEMENT_3D('',#14071,#11275,#11276);
#9622=AXIS2_PLACEMENT_3D('',#14072,#11277,#11278);
#9623=AXIS2_PLACEMENT_3D('',#14073,#11279,#11280);
#9624=AXIS2_PLACEMENT_3D('',#14074,#11281,#11282);
#9625=AXIS2_PLACEMENT_3D('',#14075,#11283,#11284);
#9626=AXIS2_PLACEMENT_3D('',#14076,#11285,#11286);
#9627=AXIS2_PLACEMENT_3D('',#14077,#11287,#11288);
#9628=AXIS2_PLACEMENT_3D('',#14078,#11289,#11290);
#9629=AXIS2_PLACEMENT_3D('',#14079,#11291,#11292);
#9630=AXIS2_PLACEMENT_3D('',#14080,#11293,#11294);
#9631=AXIS2_PLACEMENT_3D('',#14081,#11295,#11296);
#9632=AXIS2_PLACEMENT_3D('',#14082,#11297,#11298);
#9633=AXIS2_PLACEMENT_3D('',#14083,#11299,#11300);
#9634=AXIS2_PLACEMENT_3D('',#14084,#11301,#11302);
#9635=AXIS2_PLACEMENT_3D('',#14085,#11303,#11304);
#9636=AXIS2_PLACEMENT_3D('',#14086,#11305,#11306);
#9637=AXIS2_PLACEMENT_3D('',#14087,#11307,#11308);
#9638=AXIS2_PLACEMENT_3D('',#14088,#11309,#11310);
#9639=AXIS2_PLACEMENT_3D('',#14089,#11311,#11312);
#9640=AXIS2_PLACEMENT_3D('',#14090,#11313,#11314);
#9641=AXIS2_PLACEMENT_3D('',#14091,#11315,#11316);
#9642=AXIS2_PLACEMENT_3D('',#14092,#11317,#11318);
#9643=AXIS2_PLACEMENT_3D('',#14093,#11319,#11320);
#9644=AXIS2_PLACEMENT_3D('',#14104,#11327,#11328);
#9645=AXIS2_PLACEMENT_3D('',#14105,#11329,#11330);
#9646=AXIS2_PLACEMENT_3D('',#14107,#11331,#11332);
#9647=AXIS2_PLACEMENT_3D('',#14108,#11333,#11334);
#9648=AXIS2_PLACEMENT_3D('',#14109,#11335,#11336);
#9649=AXIS2_PLACEMENT_3D('',#14111,#11337,#11338);
#9650=AXIS2_PLACEMENT_3D('',#14112,#11339,#11340);
#9651=AXIS2_PLACEMENT_3D('',#14121,#11345,#11346);
#9652=AXIS2_PLACEMENT_3D('',#14127,#11350,#11351);
#9653=AXIS2_PLACEMENT_3D('',#14133,#11355,#11356);
#9654=AXIS2_PLACEMENT_3D('',#14139,#11360,#11361);
#9655=AXIS2_PLACEMENT_3D('',#14145,#11365,#11366);
#9656=AXIS2_PLACEMENT_3D('',#14146,#11367,#11368);
#9657=AXIS2_PLACEMENT_3D('',#14148,#11369,#11370);
#9658=AXIS2_PLACEMENT_3D('',#14149,#11371,#11372);
#9659=AXIS2_PLACEMENT_3D('',#14150,#11373,#11374);
#9660=AXIS2_PLACEMENT_3D('',#14155,#11376,#11377);
#9661=AXIS2_PLACEMENT_3D('',#14159,#11379,#11380);
#9662=AXIS2_PLACEMENT_3D('',#14163,#11382,#11383);
#9663=AXIS2_PLACEMENT_3D('',#14166,#11385,#11386);
#9664=AXIS2_PLACEMENT_3D('',#14172,#11390,#11391);
#9665=AXIS2_PLACEMENT_3D('',#14178,#11395,#11396);
#9666=AXIS2_PLACEMENT_3D('',#14184,#11400,#11401);
#9667=AXIS2_PLACEMENT_3D('',#14190,#11405,#11406);
#9668=AXIS2_PLACEMENT_3D('',#14191,#11407,#11408);
#9669=AXIS2_PLACEMENT_3D('',#14192,#11409,#11410);
#9670=AXIS2_PLACEMENT_3D('',#14193,#11411,#11412);
#9671=AXIS2_PLACEMENT_3D('',#14194,#11413,#11414);
#9672=AXIS2_PLACEMENT_3D('',#14195,#11415,#11416);
#9673=AXIS2_PLACEMENT_3D('',#14196,#11417,#11418);
#9674=AXIS2_PLACEMENT_3D('',#14197,#11419,#11420);
#9675=AXIS2_PLACEMENT_3D('',#14198,#11421,#11422);
#9676=AXIS2_PLACEMENT_3D('',#14199,#11423,#11424);
#9677=AXIS2_PLACEMENT_3D('',#14200,#11425,#11426);
#9678=AXIS2_PLACEMENT_3D('',#14201,#11427,#11428);
#9679=AXIS2_PLACEMENT_3D('',#14202,#11429,#11430);
#9680=AXIS2_PLACEMENT_3D('',#14203,#11431,#11432);
#9681=AXIS2_PLACEMENT_3D('',#14204,#11433,#11434);
#9682=AXIS2_PLACEMENT_3D('',#14205,#11435,#11436);
#9683=AXIS2_PLACEMENT_3D('',#14206,#11437,#11438);
#9684=AXIS2_PLACEMENT_3D('',#14207,#11439,#11440);
#9685=AXIS2_PLACEMENT_3D('',#14208,#11441,#11442);
#9686=AXIS2_PLACEMENT_3D('',#14209,#11443,#11444);
#9687=AXIS2_PLACEMENT_3D('',#14210,#11445,#11446);
#9688=AXIS2_PLACEMENT_3D('',#14211,#11447,#11448);
#9689=AXIS2_PLACEMENT_3D('',#14212,#11449,#11450);
#9690=AXIS2_PLACEMENT_3D('',#14213,#11451,#11452);
#9691=AXIS2_PLACEMENT_3D('',#14214,#11453,#11454);
#9692=AXIS2_PLACEMENT_3D('',#14216,#11456,#11457);
#9693=AXIS2_PLACEMENT_3D('',#14217,#11458,#11459);
#9694=AXIS2_PLACEMENT_3D('',#14218,#11460,#11461);
#9695=AXIS2_PLACEMENT_3D('',#14219,#11462,#11463);
#9696=AXIS2_PLACEMENT_3D('',#14220,#11464,#11465);
#9697=AXIS2_PLACEMENT_3D('',#14221,#11466,#11467);
#9698=AXIS2_PLACEMENT_3D('',#14222,#11468,#11469);
#9699=AXIS2_PLACEMENT_3D('',#14223,#11470,#11471);
#9700=AXIS2_PLACEMENT_3D('',#14224,#11472,#11473);
#9701=AXIS2_PLACEMENT_3D('',#14225,#11474,#11475);
#9702=AXIS2_PLACEMENT_3D('',#14226,#11476,#11477);
#9703=AXIS2_PLACEMENT_3D('',#14227,#11478,#11479);
#9704=AXIS2_PLACEMENT_3D('',#14228,#11480,#11481);
#9705=AXIS2_PLACEMENT_3D('',#14229,#11482,#11483);
#9706=AXIS2_PLACEMENT_3D('',#14230,#11484,#11485);
#9707=AXIS2_PLACEMENT_3D('',#14231,#11486,#11487);
#9708=AXIS2_PLACEMENT_3D('',#14232,#11488,#11489);
#9709=AXIS2_PLACEMENT_3D('',#14233,#11490,#11491);
#9710=AXIS2_PLACEMENT_3D('',#14234,#11492,#11493);
#9711=AXIS2_PLACEMENT_3D('',#14235,#11494,#11495);
#9712=AXIS2_PLACEMENT_3D('',#14236,#11496,#11497);
#9713=AXIS2_PLACEMENT_3D('',#14237,#11498,#11499);
#9714=AXIS2_PLACEMENT_3D('',#14238,#11500,#11501);
#9715=AXIS2_PLACEMENT_3D('',#14239,#11502,#11503);
#9716=AXIS2_PLACEMENT_3D('',#14240,#11504,#11505);
#9717=AXIS2_PLACEMENT_3D('',#14241,#11506,#11507);
#9718=AXIS2_PLACEMENT_3D('',#14244,#11510,#11511);
#9719=AXIS2_PLACEMENT_3D('',#14247,#11514,#11515);
#9720=AXIS2_PLACEMENT_3D('',#14248,#11516,#11517);
#9721=AXIS2_PLACEMENT_3D('',#14249,#11518,#11519);
#9722=AXIS2_PLACEMENT_3D('',#14250,#11520,#11521);
#9723=AXIS2_PLACEMENT_3D('',#14251,#11522,#11523);
#9724=AXIS2_PLACEMENT_3D('',#14252,#11524,#11525);
#9725=AXIS2_PLACEMENT_3D('',#14253,#11526,#11527);
#9726=AXIS2_PLACEMENT_3D('',#14275,#11528,#11529);
#9727=AXIS2_PLACEMENT_3D('',#14276,#11530,#11531);
#9728=AXIS2_PLACEMENT_3D('',#14277,#11532,#11533);
#9729=AXIS2_PLACEMENT_3D('',#14278,#11534,#11535);
#9730=AXIS2_PLACEMENT_3D('',#14300,#11536,#11537);
#9731=AXIS2_PLACEMENT_3D('',#14301,#11538,#11539);
#9732=AXIS2_PLACEMENT_3D('',#14302,#11540,#11541);
#9733=AXIS2_PLACEMENT_3D('',#14303,#11542,#11543);
#9734=AXIS2_PLACEMENT_3D('',#14305,#11544,#11545);
#9735=AXIS2_PLACEMENT_3D('',#14306,#11546,#11547);
#9736=AXIS2_PLACEMENT_3D('',#14307,#11548,#11549);
#9737=AXIS2_PLACEMENT_3D('',#14309,#11550,#11551);
#9738=AXIS2_PLACEMENT_3D('',#14310,#11552,#11553);
#9739=AXIS2_PLACEMENT_3D('',#14311,#11554,#11555);
#9740=AXIS2_PLACEMENT_3D('',#14313,#11556,#11557);
#9741=AXIS2_PLACEMENT_3D('',#14314,#11558,#11559);
#9742=AXIS2_PLACEMENT_3D('',#14315,#11560,#11561);
#9743=AXIS2_PLACEMENT_3D('',#14317,#11562,#11563);
#9744=AXIS2_PLACEMENT_3D('',#14318,#11564,#11565);
#9745=AXIS2_PLACEMENT_3D('',#14335,#11576,#11577);
#9746=AXIS2_PLACEMENT_3D('',#14338,#11580,#11581);
#9747=AXIS2_PLACEMENT_3D('',#14339,#11582,#11583);
#9748=AXIS2_PLACEMENT_3D('',#14340,#11584,#11585);
#9749=AXIS2_PLACEMENT_3D('',#14344,#11588,#11589);
#9750=AXIS2_PLACEMENT_3D('',#14348,#11592,#11593);
#9751=AXIS2_PLACEMENT_3D('',#14364,#11602,#11603);
#9752=AXIS2_PLACEMENT_3D('',#14367,#11606,#11607);
#9753=AXIS2_PLACEMENT_3D('',#14369,#11609,#11610);
#9754=AXIS2_PLACEMENT_3D('',#14371,#11612,#11613);
#9755=AXIS2_PLACEMENT_3D('',#14373,#11615,#11616);
#9756=AXIS2_PLACEMENT_3D('',#14374,#11617,#11618);
#9757=AXIS2_PLACEMENT_3D('',#14376,#11620,#11621);
#9758=AXIS2_PLACEMENT_3D('',#14378,#11623,#11624);
#9759=AXIS2_PLACEMENT_3D('',#14379,#11625,#11626);
#9760=AXIS2_PLACEMENT_3D('',#14385,#11630,#11631);
#9761=AXIS2_PLACEMENT_3D('',#14389,#11634,#11635);
#9762=AXIS2_PLACEMENT_3D('',#14393,#11638,#11639);
#9763=AXIS2_PLACEMENT_3D('',#14397,#11642,#11643);
#9764=AXIS2_PLACEMENT_3D('',#14401,#11646,#11647);
#9765=AXIS2_PLACEMENT_3D('',#14405,#11650,#11651);
#9766=AXIS2_PLACEMENT_3D('',#14409,#11654,#11655);
#9767=AXIS2_PLACEMENT_3D('',#14413,#11658,#11659);
#9768=AXIS2_PLACEMENT_3D('',#14417,#11662,#11663);
#9769=AXIS2_PLACEMENT_3D('',#14419,#11665,#11666);
#9770=AXIS2_PLACEMENT_3D('',#14420,#11667,#11668);
#9771=AXIS2_PLACEMENT_3D('',#14426,#11672,#11673);
#9772=AXIS2_PLACEMENT_3D('',#14430,#11676,#11677);
#9773=AXIS2_PLACEMENT_3D('',#14434,#11680,#11681);
#9774=AXIS2_PLACEMENT_3D('',#14438,#11684,#11685);
#9775=AXIS2_PLACEMENT_3D('',#14442,#11688,#11689);
#9776=AXIS2_PLACEMENT_3D('',#14446,#11692,#11693);
#9777=AXIS2_PLACEMENT_3D('',#14450,#11696,#11697);
#9778=AXIS2_PLACEMENT_3D('',#14454,#11700,#11701);
#9779=AXIS2_PLACEMENT_3D('',#14458,#11704,#11705);
#9780=AXIS2_PLACEMENT_3D('',#14460,#11707,#11708);
#9781=AXIS2_PLACEMENT_3D('',#14461,#11709,#11710);
#9782=AXIS2_PLACEMENT_3D('',#14467,#11714,#11715);
#9783=AXIS2_PLACEMENT_3D('',#14471,#11718,#11719);
#9784=AXIS2_PLACEMENT_3D('',#14475,#11722,#11723);
#9785=AXIS2_PLACEMENT_3D('',#14479,#11726,#11727);
#9786=AXIS2_PLACEMENT_3D('',#14483,#11730,#11731);
#9787=AXIS2_PLACEMENT_3D('',#14487,#11734,#11735);
#9788=AXIS2_PLACEMENT_3D('',#14491,#11738,#11739);
#9789=AXIS2_PLACEMENT_3D('',#14495,#11742,#11743);
#9790=AXIS2_PLACEMENT_3D('',#14499,#11746,#11747);
#9791=AXIS2_PLACEMENT_3D('',#14501,#11749,#11750);
#9792=AXIS2_PLACEMENT_3D('',#14502,#11751,#11752);
#9793=AXIS2_PLACEMENT_3D('',#14508,#11756,#11757);
#9794=AXIS2_PLACEMENT_3D('',#14512,#11760,#11761);
#9795=AXIS2_PLACEMENT_3D('',#14516,#11764,#11765);
#9796=AXIS2_PLACEMENT_3D('',#14520,#11768,#11769);
#9797=AXIS2_PLACEMENT_3D('',#14524,#11772,#11773);
#9798=AXIS2_PLACEMENT_3D('',#14528,#11776,#11777);
#9799=AXIS2_PLACEMENT_3D('',#14532,#11780,#11781);
#9800=AXIS2_PLACEMENT_3D('',#14536,#11784,#11785);
#9801=AXIS2_PLACEMENT_3D('',#14540,#11788,#11789);
#9802=AXIS2_PLACEMENT_3D('',#14542,#11791,#11792);
#9803=AXIS2_PLACEMENT_3D('',#14543,#11793,#11794);
#9804=AXIS2_PLACEMENT_3D('',#14549,#11798,#11799);
#9805=AXIS2_PLACEMENT_3D('',#14553,#11802,#11803);
#9806=AXIS2_PLACEMENT_3D('',#14557,#11806,#11807);
#9807=AXIS2_PLACEMENT_3D('',#14561,#11810,#11811);
#9808=AXIS2_PLACEMENT_3D('',#14565,#11814,#11815);
#9809=AXIS2_PLACEMENT_3D('',#14569,#11818,#11819);
#9810=AXIS2_PLACEMENT_3D('',#14573,#11822,#11823);
#9811=AXIS2_PLACEMENT_3D('',#14577,#11826,#11827);
#9812=AXIS2_PLACEMENT_3D('',#14581,#11830,#11831);
#9813=AXIS2_PLACEMENT_3D('',#14583,#11833,#11834);
#9814=AXIS2_PLACEMENT_3D('',#14584,#11835,#11836);
#9815=AXIS2_PLACEMENT_3D('',#14598,#11844,#11845);
#9816=AXIS2_PLACEMENT_3D('',#14600,#11847,#11848);
#9817=AXIS2_PLACEMENT_3D('',#14602,#11850,#11851);
#9818=AXIS2_PLACEMENT_3D('',#14605,#11854,#11855);
#9819=AXIS2_PLACEMENT_3D('',#14607,#11857,#11858);
#9820=AXIS2_PLACEMENT_3D('',#14609,#11860,#11861);
#9821=AXIS2_PLACEMENT_3D('',#14610,#11862,#11863);
#9822=AXIS2_PLACEMENT_3D('',#14611,#11864,#11865);
#9823=AXIS2_PLACEMENT_3D('',#14615,#11868,#11869);
#9824=AXIS2_PLACEMENT_3D('',#14617,#11871,#11872);
#9825=AXIS2_PLACEMENT_3D('',#14618,#11873,#11874);
#9826=AXIS2_PLACEMENT_3D('',#14622,#11877,#11878);
#9827=AXIS2_PLACEMENT_3D('',#14626,#11881,#11882);
#9828=AXIS2_PLACEMENT_3D('',#14642,#11891,#11892);
#9829=AXIS2_PLACEMENT_3D('',#14645,#11895,#11896);
#9830=AXIS2_PLACEMENT_3D('',#14647,#11898,#11899);
#9831=AXIS2_PLACEMENT_3D('',#14649,#11901,#11902);
#9832=AXIS2_PLACEMENT_3D('',#14650,#11903,#11904);
#9833=AXIS2_PLACEMENT_3D('',#14652,#11906,#11907);
#9834=AXIS2_PLACEMENT_3D('',#14654,#11909,#11910);
#9835=AXIS2_PLACEMENT_3D('',#14656,#11912,#11913);
#9836=AXIS2_PLACEMENT_3D('',#14657,#11914,#11915);
#9837=AXIS2_PLACEMENT_3D('',#14663,#11919,#11920);
#9838=AXIS2_PLACEMENT_3D('',#14667,#11923,#11924);
#9839=AXIS2_PLACEMENT_3D('',#14671,#11927,#11928);
#9840=AXIS2_PLACEMENT_3D('',#14675,#11931,#11932);
#9841=AXIS2_PLACEMENT_3D('',#14679,#11935,#11936);
#9842=AXIS2_PLACEMENT_3D('',#14683,#11939,#11940);
#9843=AXIS2_PLACEMENT_3D('',#14687,#11943,#11944);
#9844=AXIS2_PLACEMENT_3D('',#14691,#11947,#11948);
#9845=AXIS2_PLACEMENT_3D('',#14695,#11951,#11952);
#9846=AXIS2_PLACEMENT_3D('',#14697,#11954,#11955);
#9847=AXIS2_PLACEMENT_3D('',#14698,#11956,#11957);
#9848=AXIS2_PLACEMENT_3D('',#14704,#11961,#11962);
#9849=AXIS2_PLACEMENT_3D('',#14708,#11965,#11966);
#9850=AXIS2_PLACEMENT_3D('',#14712,#11969,#11970);
#9851=AXIS2_PLACEMENT_3D('',#14716,#11973,#11974);
#9852=AXIS2_PLACEMENT_3D('',#14720,#11977,#11978);
#9853=AXIS2_PLACEMENT_3D('',#14724,#11981,#11982);
#9854=AXIS2_PLACEMENT_3D('',#14728,#11985,#11986);
#9855=AXIS2_PLACEMENT_3D('',#14732,#11989,#11990);
#9856=AXIS2_PLACEMENT_3D('',#14736,#11993,#11994);
#9857=AXIS2_PLACEMENT_3D('',#14738,#11996,#11997);
#9858=AXIS2_PLACEMENT_3D('',#14739,#11998,#11999);
#9859=AXIS2_PLACEMENT_3D('',#14745,#12003,#12004);
#9860=AXIS2_PLACEMENT_3D('',#14749,#12007,#12008);
#9861=AXIS2_PLACEMENT_3D('',#14753,#12011,#12012);
#9862=AXIS2_PLACEMENT_3D('',#14757,#12015,#12016);
#9863=AXIS2_PLACEMENT_3D('',#14761,#12019,#12020);
#9864=AXIS2_PLACEMENT_3D('',#14765,#12023,#12024);
#9865=AXIS2_PLACEMENT_3D('',#14769,#12027,#12028);
#9866=AXIS2_PLACEMENT_3D('',#14773,#12031,#12032);
#9867=AXIS2_PLACEMENT_3D('',#14777,#12035,#12036);
#9868=AXIS2_PLACEMENT_3D('',#14779,#12038,#12039);
#9869=AXIS2_PLACEMENT_3D('',#14780,#12040,#12041);
#9870=AXIS2_PLACEMENT_3D('',#14786,#12045,#12046);
#9871=AXIS2_PLACEMENT_3D('',#14790,#12049,#12050);
#9872=AXIS2_PLACEMENT_3D('',#14794,#12053,#12054);
#9873=AXIS2_PLACEMENT_3D('',#14798,#12057,#12058);
#9874=AXIS2_PLACEMENT_3D('',#14802,#12061,#12062);
#9875=AXIS2_PLACEMENT_3D('',#14806,#12065,#12066);
#9876=AXIS2_PLACEMENT_3D('',#14810,#12069,#12070);
#9877=AXIS2_PLACEMENT_3D('',#14814,#12073,#12074);
#9878=AXIS2_PLACEMENT_3D('',#14818,#12077,#12078);
#9879=AXIS2_PLACEMENT_3D('',#14820,#12080,#12081);
#9880=AXIS2_PLACEMENT_3D('',#14821,#12082,#12083);
#9881=AXIS2_PLACEMENT_3D('',#14825,#12086,#12087);
#9882=AXIS2_PLACEMENT_3D('',#14827,#12089,#12090);
#9883=AXIS2_PLACEMENT_3D('',#14828,#12091,#12092);
#9884=AXIS2_PLACEMENT_3D('',#14830,#12094,#12095);
#9885=AXIS2_PLACEMENT_3D('',#14831,#12096,#12097);
#9886=AXIS2_PLACEMENT_3D('',#14835,#12100,#12101);
#9887=AXIS2_PLACEMENT_3D('',#14839,#12104,#12105);
#9888=AXIS2_PLACEMENT_3D('',#14843,#12108,#12109);
#9889=AXIS2_PLACEMENT_3D('',#14852,#12115,#12116);
#9890=AXIS2_PLACEMENT_3D('',#14854,#12118,#12119);
#9891=AXIS2_PLACEMENT_3D('',#14856,#12121,#12122);
#9892=AXIS2_PLACEMENT_3D('',#14858,#12124,#12125);
#9893=AXIS2_PLACEMENT_3D('',#14859,#12126,#12127);
#9894=AXIS2_PLACEMENT_3D('',#14860,#12128,#12129);
#9895=AXIS2_PLACEMENT_3D('',#14866,#12133,#12134);
#9896=AXIS2_PLACEMENT_3D('',#14870,#12137,#12138);
#9897=AXIS2_PLACEMENT_3D('',#14874,#12141,#12142);
#9898=AXIS2_PLACEMENT_3D('',#14878,#12145,#12146);
#9899=AXIS2_PLACEMENT_3D('',#14882,#12149,#12150);
#9900=AXIS2_PLACEMENT_3D('',#14886,#12153,#12154);
#9901=AXIS2_PLACEMENT_3D('',#14890,#12157,#12158);
#9902=AXIS2_PLACEMENT_3D('',#14894,#12161,#12162);
#9903=AXIS2_PLACEMENT_3D('',#14898,#12165,#12166);
#9904=AXIS2_PLACEMENT_3D('',#14900,#12168,#12169);
#9905=AXIS2_PLACEMENT_3D('',#14901,#12170,#12171);
#9906=AXIS2_PLACEMENT_3D('',#14907,#12175,#12176);
#9907=AXIS2_PLACEMENT_3D('',#14911,#12179,#12180);
#9908=AXIS2_PLACEMENT_3D('',#14915,#12183,#12184);
#9909=AXIS2_PLACEMENT_3D('',#14919,#12187,#12188);
#9910=AXIS2_PLACEMENT_3D('',#14923,#12191,#12192);
#9911=AXIS2_PLACEMENT_3D('',#14927,#12195,#12196);
#9912=AXIS2_PLACEMENT_3D('',#14931,#12199,#12200);
#9913=AXIS2_PLACEMENT_3D('',#14935,#12203,#12204);
#9914=AXIS2_PLACEMENT_3D('',#14939,#12207,#12208);
#9915=AXIS2_PLACEMENT_3D('',#14941,#12210,#12211);
#9916=AXIS2_PLACEMENT_3D('',#14942,#12212,#12213);
#9917=AXIS2_PLACEMENT_3D('',#14948,#12217,#12218);
#9918=AXIS2_PLACEMENT_3D('',#14952,#12221,#12222);
#9919=AXIS2_PLACEMENT_3D('',#14956,#12225,#12226);
#9920=AXIS2_PLACEMENT_3D('',#14960,#12229,#12230);
#9921=AXIS2_PLACEMENT_3D('',#14964,#12233,#12234);
#9922=AXIS2_PLACEMENT_3D('',#14968,#12237,#12238);
#9923=AXIS2_PLACEMENT_3D('',#14972,#12241,#12242);
#9924=AXIS2_PLACEMENT_3D('',#14976,#12245,#12246);
#9925=AXIS2_PLACEMENT_3D('',#14980,#12249,#12250);
#9926=AXIS2_PLACEMENT_3D('',#14982,#12252,#12253);
#9927=AXIS2_PLACEMENT_3D('',#14983,#12254,#12255);
#9928=AXIS2_PLACEMENT_3D('',#14987,#12258,#12259);
#9929=AXIS2_PLACEMENT_3D('',#14991,#12262,#12263);
#9930=AXIS2_PLACEMENT_3D('',#14995,#12266,#12267);
#9931=AXIS2_PLACEMENT_3D('',#14999,#12270,#12271);
#9932=AXIS2_PLACEMENT_3D('',#15001,#12273,#12274);
#9933=AXIS2_PLACEMENT_3D('',#15002,#12275,#12276);
#9934=AXIS2_PLACEMENT_3D('',#15006,#12279,#12280);
#9935=AXIS2_PLACEMENT_3D('',#15016,#12286,#12287);
#9936=AXIS2_PLACEMENT_3D('',#15018,#12289,#12290);
#9937=AXIS2_PLACEMENT_3D('',#15020,#12292,#12293);
#9938=AXIS2_PLACEMENT_3D('',#15022,#12295,#12296);
#9939=AXIS2_PLACEMENT_3D('',#15024,#12298,#12299);
#9940=AXIS2_PLACEMENT_3D('',#15025,#12300,#12301);
#9941=AXIS2_PLACEMENT_3D('',#15029,#12304,#12305);
#9942=AXIS2_PLACEMENT_3D('',#15033,#12308,#12309);
#9943=AXIS2_PLACEMENT_3D('',#15043,#12315,#12316);
#9944=AXIS2_PLACEMENT_3D('',#15046,#12319,#12320);
#9945=AXIS2_PLACEMENT_3D('',#15048,#12322,#12323);
#9946=AXIS2_PLACEMENT_3D('',#15050,#12325,#12326);
#9947=AXIS2_PLACEMENT_3D('',#15051,#12327,#12328);
#9948=AXIS2_PLACEMENT_3D('',#15052,#12329,#12330);
#9949=AXIS2_PLACEMENT_3D('',#15056,#12333,#12334);
#9950=AXIS2_PLACEMENT_3D('',#15060,#12337,#12338);
#9951=AXIS2_PLACEMENT_3D('',#15076,#12347,#12348);
#9952=AXIS2_PLACEMENT_3D('',#15079,#12351,#12352);
#9953=AXIS2_PLACEMENT_3D('',#15081,#12354,#12355);
#9954=AXIS2_PLACEMENT_3D('',#15083,#12357,#12358);
#9955=AXIS2_PLACEMENT_3D('',#15084,#12359,#12360);
#9956=AXIS2_PLACEMENT_3D('',#15086,#12362,#12363);
#9957=AXIS2_PLACEMENT_3D('',#15088,#12365,#12366);
#9958=AXIS2_PLACEMENT_3D('',#15090,#12368,#12369);
#9959=AXIS2_PLACEMENT_3D('',#15091,#12370,#12371);
#9960=AXIS2_PLACEMENT_3D('',#15097,#12375,#12376);
#9961=AXIS2_PLACEMENT_3D('',#15101,#12379,#12380);
#9962=AXIS2_PLACEMENT_3D('',#15105,#12383,#12384);
#9963=AXIS2_PLACEMENT_3D('',#15109,#12387,#12388);
#9964=AXIS2_PLACEMENT_3D('',#15113,#12391,#12392);
#9965=AXIS2_PLACEMENT_3D('',#15117,#12395,#12396);
#9966=AXIS2_PLACEMENT_3D('',#15121,#12399,#12400);
#9967=AXIS2_PLACEMENT_3D('',#15125,#12403,#12404);
#9968=AXIS2_PLACEMENT_3D('',#15129,#12407,#12408);
#9969=AXIS2_PLACEMENT_3D('',#15131,#12410,#12411);
#9970=AXIS2_PLACEMENT_3D('',#15132,#12412,#12413);
#9971=AXIS2_PLACEMENT_3D('',#15133,#12414,#12415);
#9972=AXIS2_PLACEMENT_3D('',#15139,#12419,#12420);
#9973=AXIS2_PLACEMENT_3D('',#15143,#12423,#12424);
#9974=AXIS2_PLACEMENT_3D('',#15147,#12427,#12428);
#9975=AXIS2_PLACEMENT_3D('',#15151,#12431,#12432);
#9976=AXIS2_PLACEMENT_3D('',#15155,#12435,#12436);
#9977=AXIS2_PLACEMENT_3D('',#15157,#12438,#12439);
#9978=AXIS2_PLACEMENT_3D('',#15158,#12440,#12441);
#9979=AXIS2_PLACEMENT_3D('',#15164,#12445,#12446);
#9980=AXIS2_PLACEMENT_3D('',#15168,#12449,#12450);
#9981=AXIS2_PLACEMENT_3D('',#15172,#12453,#12454);
#9982=AXIS2_PLACEMENT_3D('',#15176,#12457,#12458);
#9983=AXIS2_PLACEMENT_3D('',#15180,#12461,#12462);
#9984=AXIS2_PLACEMENT_3D('',#15184,#12465,#12466);
#9985=AXIS2_PLACEMENT_3D('',#15188,#12469,#12470);
#9986=AXIS2_PLACEMENT_3D('',#15192,#12473,#12474);
#9987=AXIS2_PLACEMENT_3D('',#15196,#12477,#12478);
#9988=AXIS2_PLACEMENT_3D('',#15198,#12480,#12481);
#9989=AXIS2_PLACEMENT_3D('',#15199,#12482,#12483);
#9990=AXIS2_PLACEMENT_3D('',#15201,#12485,#12486);
#9991=AXIS2_PLACEMENT_3D('',#15203,#12488,#12489);
#9992=AXIS2_PLACEMENT_3D('',#15205,#12491,#12492);
#9993=DIRECTION('',(0.,0.,1.));
#9994=DIRECTION('',(1.,0.,0.));
#9995=DIRECTION('',(-0.209510507320999,-0.120960947799834,0.970295726275996));
#9996=DIRECTION('',(0.977806395623437,-0.025917798915003,0.20790122745502));
#9997=DIRECTION('',(-0.840300748138485,-0.485147863137999,-0.241921895599668));
#9998=DIRECTION('',(-0.5,0.866025403784439,4.03966746002625E-17));
#9999=DIRECTION('',(-0.840300748138485,-0.485147863137999,-0.241921895599668));
#10000=DIRECTION('',(-0.5,0.866025403784438,-1.88517814801225E-16));
#10001=DIRECTION('',(0.840300748138485,0.485147863137999,0.241921895599668));
#10002=DIRECTION('',(-0.5,0.866025403784439,1.077244656007E-16));
#10003=DIRECTION('',(0.840300748138485,0.485147863137999,0.241921895599668));
#10004=DIRECTION('',(0.5,-0.866025403784439,0.));
#10005=DIRECTION('',(-0.840300748138485,-0.485147863137999,-0.241921895599668));
#10006=DIRECTION('',(0.5,-0.866025403784439,-1.077244656007E-16));
#10007=DIRECTION('',(0.5,-0.866025403784438,6.97539824173803E-17));
#10008=DIRECTION('',(-0.840300748138485,-0.485147863137999,-0.241921895599668));
#10009=DIRECTION('',(-0.5,0.866025403784438,-1.04411585329973E-16));
#10010=DIRECTION('',(0.840300748138485,0.485147863137999,0.241921895599668));
#10011=DIRECTION('',(-0.5,0.866025403784439,6.00758781937513E-17));
#10012=DIRECTION('',(0.840300748138485,0.485147863137999,0.241921895599668));
#10013=DIRECTION('',(-0.209510507320999,-0.120960947799834,0.970295726275996));
#10014=DIRECTION('',(0.977473050203865,0.,0.211060266571312));
#10015=DIRECTION('',(0.5,-0.866025403784438,1.26774701996783E-17));
#10016=DIRECTION('',(-0.209510507320999,-0.120960947799834,0.970295726275996));
#10017=DIRECTION('',(0.977473050203865,0.,0.211060266571312));
#10018=DIRECTION('',(0.5,-0.866025403784438,1.26774701996783E-17));
#10019=DIRECTION('',(-0.840300748138485,-0.485147863137999,-0.241921895599668));
#10020=DIRECTION('',(0.5,-0.866025403784439,-1.08289081680345E-16));
#10021=DIRECTION('',(-0.840300748138485,-0.485147863137999,-0.241921895599668));
#10022=DIRECTION('',(-0.5,0.866025403784439,4.10783385883217E-17));
#10023=DIRECTION('',(-0.840300748138485,-0.485147863137999,-0.241921895599668));
#10024=DIRECTION('',(-0.5,0.866025403784438,-2.15813484941964E-16));
#10025=DIRECTION('',(0.840300748138485,0.485147863137999,0.241921895599668));
#10026=DIRECTION('',(-0.5,0.866025403784439,1.08289081680345E-16));
#10027=DIRECTION('',(0.840300748138485,0.485147863137999,0.241921895599668));
#10028=DIRECTION('',(-0.209510507320999,-0.120960947799834,0.970295726275996));
#10029=DIRECTION('',(0.977473050203865,0.,0.211060266571312));
#10030=DIRECTION('',(-0.5,0.866025403784439,2.94297337353728E-17));
#10031=DIRECTION('',(-0.977473050203865,-1.62818792803104E-16,-0.211060266571312));
#10032=DIRECTION('',(-0.329762564094581,0.942925650552871,0.0463451060114533));
#10033=DIRECTION('',(0.977473050203865,1.72319117947284E-16,0.211060266571312));
#10034=DIRECTION('',(0.5,-0.86602540378444,-7.22702634636377E-16));
#10035=DIRECTION('',(0.,-0.992318858435517,-0.123706439578676));
#10036=DIRECTION('',(0.840300748138485,0.485147863137998,0.241921895599668));
#10037=DIRECTION('',(-0.5,0.866025403784439,1.48121140200962E-16));
#10038=DIRECTION('',(-0.209510507320999,-0.120960947799834,0.970295726275996));
#10039=DIRECTION('',(0.977473050203865,0.,0.211060266571312));
#10040=DIRECTION('',(0.840300748138485,0.485147863137998,0.241921895599668));
#10041=DIRECTION('',(-0.209510507320999,-0.120960947799834,0.970295726275996));
#10042=DIRECTION('',(0.977473050203865,0.,0.211060266571312));
#10043=DIRECTION('',(0.5,-0.86602540378444,-8.42814019183071E-16));
#10044=DIRECTION('',(0.840300748138486,0.485147863137996,0.241921895599668));
#10045=DIRECTION('',(0.,0.992318858435517,0.123706439578676));
#10046=DIRECTION('',(0.5,-0.866025403784438,0.));
#10047=DIRECTION('',(-0.840300748138485,-0.485147863137999,-0.241921895599668));
#10048=DIRECTION('',(-0.840300748138485,-0.485147863137999,-0.241921895599668));
#10049=DIRECTION('',(-0.5,0.866025403784439,1.97582705809583E-16));
#10050=DIRECTION('',(0.240628966651577,0.955423779598837,0.171064612896029));
#10051=DIRECTION('',(-0.209510507320999,-0.120960947799834,0.970295726275996));
#10052=DIRECTION('',(0.977473050203865,0.,0.211060266571312));
#10053=DIRECTION('',(0.947735747838126,-0.269321091792752,0.171064612896029));
#10054=DIRECTION('',(-0.209510507320999,-0.120960947799834,0.970295726275996));
#10055=DIRECTION('',(0.977473050203865,0.,0.211060266571312));
#10056=DIRECTION('',(-0.240628966651576,-0.955423779598837,-0.171064612896029));
#10057=DIRECTION('',(-0.209510507320999,-0.120960947799834,0.970295726275996));
#10058=DIRECTION('',(0.977473050203865,0.,0.211060266571312));
#10059=DIRECTION('',(-0.499999999999983,0.866025403784449,5.16916335425669E-15));
#10060=DIRECTION('',(-0.209510507320999,-0.120960947799834,0.970295726275996));
#10061=DIRECTION('',(0.977473050203865,0.,0.211060266571312));
#10062=DIRECTION('',(0.240628966651578,0.955423779598836,0.171064612896029));
#10063=DIRECTION('',(-0.209510507320999,-0.120960947799834,0.970295726275996));
#10064=DIRECTION('',(0.977473050203865,0.,0.211060266571312));
#10065=DIRECTION('',(0.947735747838126,-0.269321091792753,0.171064612896029));
#10066=DIRECTION('',(-0.209510507320999,-0.120960947799834,0.970295726275996));
#10067=DIRECTION('',(0.977473050203865,0.,0.211060266571312));
#10068=DIRECTION('',(-0.240628966651578,-0.955423779598836,-0.171064612896029));
#10069=DIRECTION('',(-0.840300748138485,-0.485147863137999,-0.241921895599668));
#10070=DIRECTION('',(-0.5,0.866025403784439,1.08762733013985E-16));
#10071=DIRECTION('',(0.947735747838126,-0.269321091792751,0.171064612896029));
#10072=DIRECTION('',(0.273350326851635,0.961914548600916,0.));
#10073=DIRECTION('',(-0.209510507320999,-0.120960947799834,0.970295726275996));
#10074=DIRECTION('',(0.240628966651577,0.955423779598837,0.171064612896029));
#10075=DIRECTION('',(-0.209510507320999,-0.120960947799834,0.970295726275996));
#10076=DIRECTION('',(-0.209510507320999,-0.120960947799834,0.970295726275996));
#10077=DIRECTION('',(0.977473050203865,0.,0.211060266571312));
#10078=DIRECTION('',(-0.209510507320999,-0.120960947799834,0.970295726275996));
#10079=DIRECTION('',(0.977473050203865,0.,0.211060266571312));
#10080=DIRECTION('',(-0.209510507320999,-0.120960947799834,0.970295726275996));
#10081=DIRECTION('',(0.977473050203865,0.,0.211060266571312));
#10082=DIRECTION('',(-0.209510507320999,-0.120960947799834,0.970295726275996));
#10083=DIRECTION('',(-0.209510507320999,-0.120960947799834,0.970295726275996));
#10084=DIRECTION('',(-0.840300748138485,-0.485147863137999,-0.241921895599668));
#10085=DIRECTION('',(0.5,-0.866025403784439,0.));
#10086=DIRECTION('',(0.5,-0.866025403784439,0.));
#10087=DIRECTION('',(-0.209510507320999,-0.120960947799834,0.970295726275996));
#10088=DIRECTION('',(-0.5,0.866025403784439,4.06575814682064E-17));
#10089=DIRECTION('',(-0.866025403784439,-0.5,0.));
#10090=DIRECTION('',(-0.209510507320999,-0.120960947799834,0.970295726275996));
#10091=DIRECTION('',(-0.840300748138485,-0.485147863137999,-0.241921895599668));
#10092=DIRECTION('',(-0.209510507320999,-0.120960947799834,0.970295726275996));
#10093=DIRECTION('',(-0.840300748138485,-0.485147863137998,-0.241921895599668));
#10094=DIRECTION('',(0.5,-0.866025403784439,0.));
#10095=DIRECTION('',(-0.209510507320999,-0.120960947799834,0.970295726275996));
#10096=DIRECTION('',(0.5,-0.866025403784439,-1.077244656007E-16));
#10097=DIRECTION('',(-0.5,0.866025403784438,-8.13151629364128E-17));
#10098=DIRECTION('',(-0.866025403784438,-0.5,0.));
#10099=DIRECTION('',(-0.840300748138485,-0.485147863137999,-0.241921895599668));
#10100=DIRECTION('',(-0.840300748138485,-0.485147863137999,-0.241921895599668));
#10101=DIRECTION('',(0.5,-0.866025403784439,0.));
#10102=DIRECTION('',(-0.209510507320999,-0.120960947799834,0.970295726275996));
#10103=DIRECTION('',(0.5,-0.866025403784439,0.));
#10104=DIRECTION('',(0.5,-0.866025403784439,-5.42101086242752E-17));
#10105=DIRECTION('',(0.866025403784439,0.5,0.));
#10106=DIRECTION('',(-0.209510507320999,-0.120960947799834,0.970295726275996));
#10107=DIRECTION('',(0.840300748138485,0.485147863137999,0.241921895599668));
#10108=DIRECTION('',(0.840300748138485,0.485147863137998,0.241921895599668));
#10109=DIRECTION('',(-0.5,0.866025403784439,0.));
#10110=DIRECTION('',(-0.209510507320999,-0.120960947799834,0.970295726275996));
#10111=DIRECTION('',(-0.5,0.866025403784439,1.077244656007E-16));
#10112=DIRECTION('',(0.5,-0.866025403784439,-5.42101086242752E-17));
#10113=DIRECTION('',(0.866025403784439,0.5,0.));
#10114=DIRECTION('',(-0.209510507320999,-0.120960947799834,0.970295726275996));
#10115=DIRECTION('',(0.840300748138485,0.485147863137999,0.241921895599668));
#10116=DIRECTION('',(0.840300748138484,0.485147863138,0.241921895599668));
#10117=DIRECTION('',(-0.5,0.866025403784438,0.));
#10118=DIRECTION('',(-0.209510507320999,-0.120960947799834,0.970295726275996));
#10119=DIRECTION('',(-0.5,0.866025403784438,-1.88517814801225E-16));
#10120=DIRECTION('',(-0.5,0.866025403784438,1.35525271560688E-17));
#10121=DIRECTION('',(-0.866025403784438,-0.5,0.));
#10122=DIRECTION('',(-0.209510507320999,-0.120960947799834,0.970295726275996));
#10123=DIRECTION('',(-0.840300748138485,-0.485147863137999,-0.241921895599668));
#10124=DIRECTION('',(0.840300748138485,0.485147863137999,0.241921895599668));
#10125=DIRECTION('',(-0.5,0.866025403784439,0.));
#10126=DIRECTION('',(-0.5,0.866025403784439,4.03966746002625E-17));
#10127=DIRECTION('',(-0.209510507320999,-0.120960947799834,0.970295726275996));
#10128=DIRECTION('',(0.977806395623437,-0.025917798915003,0.20790122745502));
#10129=DIRECTION('',(-0.866025403784438,-0.5,0.));
#10130=DIRECTION('',(0.5,-0.866025403784439,0.));
#10131=DIRECTION('',(-1.39387854215885E-17,2.41426845459915E-17,-1.));
#10132=DIRECTION('',(0.,0.,-1.));
#10133=DIRECTION('',(-0.498770070223378,0.863895102921586,0.0700975619937639));
#10134=DIRECTION('',(0.139173100960065,0.,0.99026806874157));
#10135=DIRECTION('',(0.99026806874157,0.,-0.139173100960065));
#10136=DIRECTION('',(0.99026806874157,2.5140919941693E-16,-0.139173100960065));
#10137=DIRECTION('',(0.,-1.,0.));
#10138=DIRECTION('',(-0.99026806874157,0.,0.139173100960065));
#10139=DIRECTION('',(0.,-1.,0.));
#10140=DIRECTION('',(-0.99026806874157,-1.30104260698261E-15,0.139173100960065));
#10141=DIRECTION('',(0.,1.,0.));
#10142=DIRECTION('',(-0.99026806874157,0.,0.139173100960065));
#10143=DIRECTION('',(0.,1.,0.));
#10144=DIRECTION('',(0.99026806874157,0.,-0.139173100960065));
#10145=DIRECTION('',(0.,1.,0.));
#10146=DIRECTION('',(0.99026806874157,2.5140919941693E-16,-0.139173100960065));
#10147=DIRECTION('',(0.,-1.,0.));
#10148=DIRECTION('',(-0.99026806874157,0.,0.139173100960065));
#10149=DIRECTION('',(0.,-1.,0.));
#10150=DIRECTION('',(-0.99026806874157,-1.30104260698261E-15,0.139173100960065));
#10151=DIRECTION('',(0.,1.,0.));
#10152=DIRECTION('',(-0.99026806874157,0.,0.139173100960065));
#10153=DIRECTION('',(0.,1.,0.));
#10154=DIRECTION('',(0.99026806874157,0.,-0.139173100960065));
#10155=DIRECTION('',(0.,1.,0.));
#10156=DIRECTION('',(0.139173100960065,0.,0.99026806874157));
#10157=DIRECTION('',(0.99026806874157,0.,-0.139173100960065));
#10158=DIRECTION('',(0.99026806874157,0.,-0.139173100960065));
#10159=DIRECTION('',(0.,-1.,0.));
#10160=DIRECTION('',(0.99026806874157,0.,-0.139173100960065));
#10161=DIRECTION('',(0.,-1.,0.));
#10162=DIRECTION('',(-0.99026806874157,0.,0.139173100960065));
#10163=DIRECTION('',(0.,-1.,0.));
#10164=DIRECTION('',(-0.99026806874157,-1.25704599708464E-16,0.139173100960065));
#10165=DIRECTION('',(0.,1.,0.));
#10166=DIRECTION('',(0.99026806874157,0.,-0.139173100960065));
#10167=DIRECTION('',(0.,1.,0.));
#10168=DIRECTION('',(0.99026806874157,0.,-0.139173100960065));
#10169=DIRECTION('',(0.,-1.,0.));
#10170=DIRECTION('',(0.99026806874157,0.,-0.139173100960065));
#10171=DIRECTION('',(0.,-1.,0.));
#10172=DIRECTION('',(-0.99026806874157,0.,0.139173100960065));
#10173=DIRECTION('',(0.,-1.,0.));
#10174=DIRECTION('',(-0.99026806874157,-6.12809923578765E-16,0.139173100960065));
#10175=DIRECTION('',(0.,1.,0.));
#10176=DIRECTION('',(0.99026806874157,0.,-0.139173100960065));
#10177=DIRECTION('',(0.,1.,0.));
#10178=DIRECTION('',(0.99026806874157,0.,-0.139173100960065));
#10179=DIRECTION('',(0.,-1.,0.));
#10180=DIRECTION('',(0.99026806874157,4.95635278850516E-16,-0.139173100960065));
#10181=DIRECTION('',(0.,-1.,0.));
#10182=DIRECTION('',(-0.99026806874157,0.,0.139173100960065));
#10183=DIRECTION('',(0.,-1.,0.));
#10184=DIRECTION('',(-0.99026806874157,-1.25704599708465E-16,0.139173100960065));
#10185=DIRECTION('',(0.,1.,0.));
#10186=DIRECTION('',(0.99026806874157,3.27306316222039E-16,-0.139173100960065));
#10187=DIRECTION('',(0.,1.,0.));
#10188=DIRECTION('',(0.99026806874157,-4.33680868994204E-16,-0.139173100960065));
#10189=DIRECTION('',(0.,-1.,0.));
#10190=DIRECTION('',(0.99026806874157,0.,-0.139173100960065));
#10191=DIRECTION('',(0.,-1.,0.));
#10192=DIRECTION('',(-0.99026806874157,0.,0.139173100960065));
#10193=DIRECTION('',(0.,-1.,0.));
#10194=DIRECTION('',(-0.99026806874157,-1.25704599708465E-16,0.139173100960065));
#10195=DIRECTION('',(0.,-1.,0.));
#10196=DIRECTION('',(-0.99026806874157,0.,0.139173100960065));
#10197=DIRECTION('',(0.,1.,0.));
#10198=DIRECTION('',(0.99026806874157,0.,-0.139173100960065));
#10199=DIRECTION('',(0.,-1.,0.));
#10200=DIRECTION('',(0.99026806874157,0.,-0.139173100960065));
#10201=DIRECTION('',(0.,-1.,0.));
#10202=DIRECTION('',(-0.99026806874157,0.,0.139173100960065));
#10203=DIRECTION('',(0.,-1.,0.));
#10204=DIRECTION('',(-0.99026806874157,-6.12809923578765E-16,0.139173100960065));
#10205=DIRECTION('',(0.,1.,0.));
#10206=DIRECTION('',(0.99026806874157,0.,-0.139173100960065));
#10207=DIRECTION('',(0.,1.,0.));
#10208=DIRECTION('',(0.99026806874157,0.,-0.139173100960065));
#10209=DIRECTION('',(0.,-1.,0.));
#10210=DIRECTION('',(0.99026806874157,4.95635278850516E-16,-0.139173100960065));
#10211=DIRECTION('',(0.,-1.,0.));
#10212=DIRECTION('',(-0.99026806874157,0.,0.139173100960065));
#10213=DIRECTION('',(0.,-1.,0.));
#10214=DIRECTION('',(-0.99026806874157,-1.25704599708465E-16,0.139173100960065));
#10215=DIRECTION('',(0.,1.,0.));
#10216=DIRECTION('',(0.99026806874157,3.27306316222039E-16,-0.139173100960065));
#10217=DIRECTION('',(0.,1.,0.));
#10218=DIRECTION('',(0.99026806874157,-4.33680868994204E-16,-0.139173100960065));
#10219=DIRECTION('',(0.,-1.,0.));
#10220=DIRECTION('',(0.99026806874157,0.,-0.139173100960065));
#10221=DIRECTION('',(0.,-1.,0.));
#10222=DIRECTION('',(-0.99026806874157,0.,0.139173100960065));
#10223=DIRECTION('',(0.,-1.,0.));
#10224=DIRECTION('',(-0.99026806874157,-1.25704599708465E-16,0.139173100960065));
#10225=DIRECTION('',(0.,-1.,0.));
#10226=DIRECTION('',(-0.99026806874157,0.,0.139173100960065));
#10227=DIRECTION('',(0.,1.,0.));
#10228=DIRECTION('',(0.139173100960065,0.,0.99026806874157));
#10229=DIRECTION('',(0.99026806874157,0.,-0.139173100960065));
#10230=DIRECTION('',(0.,1.,0.));
#10231=DIRECTION('',(0.99026806874157,0.,-0.139173100960065));
#10232=DIRECTION('',(0.,1.,0.));
#10233=DIRECTION('',(0.99026806874157,0.,-0.139173100960065));
#10234=DIRECTION('',(0.,-1.,0.));
#10235=DIRECTION('',(0.99026806874157,0.,-0.139173100960065));
#10236=DIRECTION('',(0.,-1.,0.));
#10237=DIRECTION('',(-0.99026806874157,0.,0.139173100960065));
#10238=DIRECTION('',(0.,-1.,0.));
#10239=DIRECTION('',(-0.99026806874157,-1.25704599708464E-16,0.139173100960065));
#10240=DIRECTION('',(0.99026806874157,0.,-0.139173100960065));
#10241=DIRECTION('',(0.,-1.,0.));
#10242=DIRECTION('',(0.99026806874157,0.,-0.139173100960065));
#10243=DIRECTION('',(0.,-1.,0.));
#10244=DIRECTION('',(-0.99026806874157,0.,0.139173100960065));
#10245=DIRECTION('',(0.,-1.,0.));
#10246=DIRECTION('',(-0.99026806874157,-1.25704599708464E-16,0.139173100960065));
#10247=DIRECTION('',(0.,1.,0.));
#10248=DIRECTION('',(0.99026806874157,0.,-0.139173100960065));
#10249=DIRECTION('',(0.,1.,0.));
#10250=DIRECTION('',(0.99026806874157,0.,-0.139173100960065));
#10251=DIRECTION('',(0.,-1.,0.));
#10252=DIRECTION('',(0.99026806874157,0.,-0.139173100960065));
#10253=DIRECTION('',(0.,-1.,0.));
#10254=DIRECTION('',(-0.99026806874157,0.,0.139173100960065));
#10255=DIRECTION('',(0.,-1.,0.));
#10256=DIRECTION('',(-0.99026806874157,-6.12809923578765E-16,0.139173100960065));
#10257=DIRECTION('',(0.,1.,0.));
#10258=DIRECTION('',(0.99026806874157,0.,-0.139173100960065));
#10259=DIRECTION('',(0.,1.,0.));
#10260=DIRECTION('',(0.99026806874157,0.,-0.139173100960065));
#10261=DIRECTION('',(0.,-1.,0.));
#10262=DIRECTION('',(0.99026806874157,4.95635278850516E-16,-0.139173100960065));
#10263=DIRECTION('',(0.,-1.,0.));
#10264=DIRECTION('',(-0.99026806874157,0.,0.139173100960065));
#10265=DIRECTION('',(0.,-1.,0.));
#10266=DIRECTION('',(-0.99026806874157,-1.25704599708465E-16,0.139173100960065));
#10267=DIRECTION('',(0.,1.,0.));
#10268=DIRECTION('',(0.99026806874157,3.27306316222039E-16,-0.139173100960065));
#10269=DIRECTION('',(0.,1.,0.));
#10270=DIRECTION('',(0.99026806874157,0.,-0.139173100960065));
#10271=DIRECTION('',(0.,-1.,0.));
#10272=DIRECTION('',(0.99026806874157,0.,-0.139173100960065));
#10273=DIRECTION('',(0.,-1.,0.));
#10274=DIRECTION('',(-0.99026806874157,0.,0.139173100960065));
#10275=DIRECTION('',(0.,-1.,0.));
#10276=DIRECTION('',(-0.99026806874157,-6.12809923578765E-16,0.139173100960065));
#10277=DIRECTION('',(0.,1.,0.));
#10278=DIRECTION('',(0.99026806874157,0.,-0.139173100960065));
#10279=DIRECTION('',(0.,1.,0.));
#10280=DIRECTION('',(0.139173100960065,0.,0.99026806874157));
#10281=DIRECTION('',(0.99026806874157,0.,-0.139173100960065));
#10282=DIRECTION('',(0.,1.,0.));
#10283=DIRECTION('',(0.99026806874157,0.,-0.139173100960065));
#10284=DIRECTION('',(0.,1.,0.));
#10285=DIRECTION('',(0.99026806874157,0.,-0.139173100960065));
#10286=DIRECTION('',(0.,-1.,0.));
#10287=DIRECTION('',(0.99026806874157,0.,-0.139173100960065));
#10288=DIRECTION('',(0.,-1.,0.));
#10289=DIRECTION('',(-0.99026806874157,0.,0.139173100960065));
#10290=DIRECTION('',(0.,-1.,0.));
#10291=DIRECTION('',(-0.99026806874157,-1.25704599708464E-16,0.139173100960065));
#10292=DIRECTION('',(-0.99026806874157,-1.25704599708465E-16,0.139173100960065));
#10293=DIRECTION('',(0.,1.,0.));
#10294=DIRECTION('',(-0.703640787534027,-0.703640787534027,0.0988902636106802));
#10295=DIRECTION('',(0.139173100960065,0.,0.99026806874157));
#10296=DIRECTION('',(0.99026806874157,0.,-0.139173100960065));
#10297=DIRECTION('',(0.,1.,0.));
#10298=DIRECTION('',(0.139173100960065,0.,0.99026806874157));
#10299=DIRECTION('',(0.99026806874157,0.,-0.139173100960065));
#10300=DIRECTION('',(0.99026806874157,1.52697001453886E-16,-0.139173100960065));
#10301=DIRECTION('',(0.139173100960065,0.,0.99026806874157));
#10302=DIRECTION('',(0.99026806874157,2.84067786309898E-15,-0.139173100960065));
#10303=DIRECTION('',(0.,-1.,0.));
#10304=DIRECTION('',(-0.99026806874157,-1.25704599708465E-16,0.139173100960065));
#10305=DIRECTION('',(0.859681241989298,0.496337196479793,-0.120820319327164));
#10306=DIRECTION('',(0.,1.,0.));
#10307=DIRECTION('',(0.99026806874157,4.95635278850515E-16,-0.139173100960065));
#10308=DIRECTION('',(0.,-1.,0.));
#10309=DIRECTION('',(-0.99026806874157,-2.89120579329467E-16,0.139173100960065));
#10310=DIRECTION('',(0.,-1.,0.));
#10311=DIRECTION('',(0.99026806874157,2.5140919941693E-16,-0.139173100960065));
#10312=DIRECTION('',(0.,1.,0.));
#10313=DIRECTION('',(0.859681241989298,0.496337196479793,-0.120820319327164));
#10314=DIRECTION('',(0.,1.,0.));
#10315=DIRECTION('',(0.498770070223375,-0.863895102921587,-0.0700975619937635));
#10316=DIRECTION('',(0.,1.,0.));
#10317=DIRECTION('',(0.99026806874157,3.27306316222041E-16,-0.139173100960065));
#10318=DIRECTION('',(0.,-1.,0.));
#10319=DIRECTION('',(-0.99026806874157,-6.50521303491305E-16,0.139173100960065));
#10320=DIRECTION('',(0.,1.,0.));
#10321=DIRECTION('',(0.99026806874157,4.95635278850515E-16,-0.139173100960065));
#10322=DIRECTION('',(0.,-1.,0.));
#10323=DIRECTION('',(-0.99026806874157,-2.89120579329467E-16,0.139173100960065));
#10324=DIRECTION('',(0.,-1.,0.));
#10325=DIRECTION('',(0.99026806874157,2.5140919941693E-16,-0.139173100960065));
#10326=DIRECTION('',(0.498770070223375,-0.863895102921587,-0.0700975619937635));
#10327=DIRECTION('',(0.99026806874157,1.74574756921757E-16,-0.139173100960065));
#10328=DIRECTION('',(0.99026806874157,1.7347234759768E-16,-0.139173100960065));
#10329=DIRECTION('',(0.859681241989296,0.496337196479795,-0.120820319327164));
#10330=DIRECTION('',(0.,1.,0.));
#10331=DIRECTION('',(-0.859681241989297,-0.496337196479794,0.120820319327164));
#10332=DIRECTION('',(-0.99026806874157,-1.09264345737746E-16,0.139173100960065));
#10333=DIRECTION('',(0.,1.,0.));
#10334=DIRECTION('',(-0.99026806874157,-1.81909293102329E-16,0.139173100960065));
#10335=DIRECTION('',(0.,1.,0.));
#10336=DIRECTION('',(0.99026806874157,0.,-0.139173100960065));
#10337=DIRECTION('',(0.,-1.,0.));
#10338=DIRECTION('',(-0.99026806874157,0.,0.139173100960065));
#10339=DIRECTION('',(0.139173100960065,0.,0.99026806874157));
#10340=DIRECTION('',(0.99026806874157,0.,-0.139173100960065));
#10341=DIRECTION('',(0.,-1.,0.));
#10342=DIRECTION('',(0.139173100960065,0.,0.99026806874157));
#10343=DIRECTION('',(0.99026806874157,0.,-0.139173100960065));
#10344=DIRECTION('',(0.99026806874157,0.,-0.139173100960065));
#10345=DIRECTION('',(0.,-1.,0.));
#10346=DIRECTION('',(-0.99026806874157,0.,0.139173100960065));
#10347=DIRECTION('',(0.,-1.,0.));
#10348=DIRECTION('',(0.139173100960065,0.,0.99026806874157));
#10349=DIRECTION('',(0.99026806874157,0.,-0.139173100960065));
#10350=DIRECTION('',(0.,1.,0.));
#10351=DIRECTION('',(-0.99026806874157,-4.90811790387491E-16,0.139173100960065));
#10352=DIRECTION('',(0.,-1.,0.));
#10353=DIRECTION('',(-0.99026806874157,0.,0.139173100960065));
#10354=DIRECTION('',(0.,1.,0.));
#10355=DIRECTION('',(0.99026806874157,-4.33680868994204E-16,-0.139173100960065));
#10356=DIRECTION('',(0.,-1.,0.));
#10357=DIRECTION('',(0.99026806874157,0.,-0.139173100960065));
#10358=DIRECTION('',(0.,-1.,0.));
#10359=DIRECTION('',(-0.99026806874157,-4.90811790387491E-16,0.139173100960065));
#10360=DIRECTION('',(0.139173100960065,0.,0.99026806874157));
#10361=DIRECTION('',(0.99026806874157,0.,-0.139173100960065));
#10362=DIRECTION('',(0.,1.,0.));
#10363=DIRECTION('',(0.99026806874157,0.,-0.139173100960065));
#10364=DIRECTION('',(0.,1.,0.));
#10365=DIRECTION('',(0.99026806874157,0.,-0.139173100960065));
#10366=DIRECTION('',(0.,1.,0.));
#10367=DIRECTION('',(-0.859681241989298,-0.496337196479793,0.120820319327164));
#10368=DIRECTION('',(0.,-1.,0.));
#10369=DIRECTION('',(-0.99026806874157,-6.50521303491305E-16,0.139173100960065));
#10370=DIRECTION('',(-0.859681241989298,-0.496337196479793,0.120820319327164));
#10371=DIRECTION('',(0.99026806874157,2.5140919941693E-16,-0.139173100960065));
#10372=DIRECTION('',(0.,1.,0.));
#10373=DIRECTION('',(0.99026806874157,3.27306316222041E-16,-0.139173100960065));
#10374=DIRECTION('',(0.,-1.,0.));
#10375=DIRECTION('',(-0.99026806874157,-6.50521303491305E-16,0.139173100960065));
#10376=DIRECTION('',(0.,1.,0.));
#10377=DIRECTION('',(0.99026806874157,2.5140919941693E-16,-0.139173100960065));
#10378=DIRECTION('',(0.,1.,0.));
#10379=DIRECTION('',(0.99026806874157,3.27306316222041E-16,-0.139173100960065));
#10380=DIRECTION('',(0.,-1.,0.));
#10381=DIRECTION('',(-0.99026806874157,-6.50521303491305E-16,0.139173100960065));
#10382=DIRECTION('',(0.139173100960065,0.,0.99026806874157));
#10383=DIRECTION('',(0.99026806874157,0.,-0.139173100960065));
#10384=DIRECTION('',(0.139173100960065,0.,0.99026806874157));
#10385=DIRECTION('',(0.99026806874157,0.,-0.139173100960065));
#10386=DIRECTION('',(0.139173100960065,0.,0.99026806874157));
#10387=DIRECTION('',(0.99026806874157,0.,-0.139173100960065));
#10388=DIRECTION('',(0.139173100960065,0.,0.99026806874157));
#10389=DIRECTION('',(0.139173100960065,0.,0.99026806874157));
#10390=DIRECTION('',(0.139173100960065,0.,0.99026806874157));
#10391=DIRECTION('',(0.99026806874157,0.,-0.139173100960065));
#10392=DIRECTION('',(0.,0.,-1.));
#10393=DIRECTION('',(-1.,0.,0.));
#10394=DIRECTION('',(0.,0.,-1.));
#10395=DIRECTION('',(0.139173100960065,0.,0.99026806874157));
#10396=DIRECTION('',(0.99026806874157,0.,-0.139173100960065));
#10397=DIRECTION('',(0.,0.,-1.));
#10398=DIRECTION('',(-0.707106781186548,0.707106781186548,0.));
#10399=DIRECTION('',(-0.707106781186548,-0.707106781186548,0.));
#10400=DIRECTION('',(-0.137844537491629,-0.137844537491629,-0.980814848463989));
#10401=DIRECTION('',(0.703640787534027,0.703640787534027,-0.0988902636106802));
#10402=DIRECTION('',(0.,0.,-1.));
#10403=DIRECTION('',(0.707106781186548,0.707106781186548,0.));
#10404=DIRECTION('',(0.,0.,-1.));
#10405=DIRECTION('',(0.,0.,-1.));
#10406=DIRECTION('',(-1.,0.,0.));
#10407=DIRECTION('',(0.139173100960065,0.,0.99026806874157));
#10408=DIRECTION('',(0.99026806874157,0.,-0.139173100960065));
#10409=DIRECTION('',(0.,0.,-1.));
#10410=DIRECTION('',(0.,0.,1.));
#10411=DIRECTION('',(1.,0.,0.));
#10412=DIRECTION('',(0.,-1.,0.));
#10413=DIRECTION('',(0.,0.,-1.));
#10414=DIRECTION('',(-0.139173100960065,0.,-0.99026806874157));
#10415=DIRECTION('',(0.,0.,-1.));
#10416=DIRECTION('',(-1.,0.,0.));
#10417=DIRECTION('',(-0.99026806874157,0.,0.139173100960065));
#10418=DIRECTION('',(0.139173100960065,0.,0.99026806874157));
#10419=DIRECTION('',(0.99026806874157,0.,-0.139173100960065));
#10420=DIRECTION('',(-0.99026806874157,-2.89120579329467E-16,0.139173100960065));
#10421=DIRECTION('',(0.,-1.,0.));
#10422=DIRECTION('',(-0.859681241989298,-0.496337196479793,0.120820319327164));
#10423=DIRECTION('',(0.,-1.,0.));
#10424=DIRECTION('',(0.99026806874157,1.52697001453886E-16,-0.139173100960065));
#10425=DIRECTION('',(0.,-1.,0.));
#10426=DIRECTION('',(1.54197642309049E-16,-1.,0.));
#10427=DIRECTION('',(1.,1.54197642309049E-16,0.));
#10428=DIRECTION('',(-0.139173100960065,-2.14601640408814E-17,-0.99026806874157));
#10429=DIRECTION('',(-0.139173100960065,-2.14601640408814E-17,-0.99026806874157));
#10430=DIRECTION('',(-0.99026806874157,-1.52697001453886E-16,0.139173100960065));
#10431=DIRECTION('',(2.28253088944317E-16,3.51960881649714E-32,1.));
#10432=DIRECTION('',(1.,1.54197642309049E-16,-2.28253088944317E-16));
#10433=DIRECTION('',(-2.28253088944317E-16,3.95345947036096E-16,-1.));
#10434=DIRECTION('',(0.,0.,-1.));
#10435=DIRECTION('',(-1.,-1.54197642309049E-16,0.));
#10436=DIRECTION('',(0.,0.,1.));
#10437=DIRECTION('',(-1.,-1.54197642309049E-16,0.));
#10438=DIRECTION('',(0.,0.,-1.));
#10439=DIRECTION('',(1.,1.54197642309049E-16,0.));
#10440=DIRECTION('',(0.,0.,-1.));
#10441=DIRECTION('',(-0.99026806874157,-1.52697001453886E-16,0.139173100960065));
#10442=DIRECTION('',(0.,0.,-1.));
#10443=DIRECTION('',(-1.,0.,0.));
#10444=DIRECTION('',(0.,0.,-1.));
#10445=DIRECTION('',(0.139173100960065,0.,0.99026806874157));
#10446=DIRECTION('',(0.99026806874157,0.,-0.139173100960065));
#10447=DIRECTION('',(1.,7.84220644741725E-32,-2.28253088944317E-16));
#10448=DIRECTION('',(-2.28253088944317E-16,0.,-1.));
#10449=DIRECTION('',(7.84220644741725E-32,-1.,-1.1021502400285E-32));
#10450=DIRECTION('',(-2.28253088944317E-16,3.95345947036096E-16,-1.));
#10451=DIRECTION('',(-1.18168691384325E-32,-1.,-3.95345947036096E-16));
#10452=DIRECTION('',(1.,7.84220644741725E-32,-2.28253088944317E-16));
#10453=DIRECTION('',(-2.28253088944317E-16,0.,-1.));
#10454=DIRECTION('',(-2.28253088944317E-16,3.95345947036096E-16,-1.));
#10455=DIRECTION('',(0.,1.,3.95345947036096E-16));
#10456=DIRECTION('',(-0.99026806874157,0.,0.139173100960065));
#10457=DIRECTION('',(-0.139173100960065,3.99231238000535E-16,-0.99026806874157));
#10458=DIRECTION('',(-2.28253088944317E-16,3.95345947036096E-16,-1.));
#10459=DIRECTION('',(0.,1.,3.95345947036096E-16));
#10460=DIRECTION('',(-2.28253088944317E-16,3.95345947036096E-16,-1.));
#10461=DIRECTION('',(0.139173100960065,0.,0.99026806874157));
#10462=DIRECTION('',(0.99026806874157,2.84067786309898E-15,-0.139173100960065));
#10463=DIRECTION('',(0.5,-0.866025403784439,-4.56506177888635E-16));
#10464=DIRECTION('',(0.866025403784439,0.5,0.));
#10465=DIRECTION('',(8.82710648339034E-16,-1.74946989463706E-17,1.));
#10466=DIRECTION('',(-0.859681241989298,-0.496337196479793,0.120820319327164));
#10467=DIRECTION('',(-0.866025403784439,-0.5,-6.40949485492072E-31));
#10468=DIRECTION('',(0.840300748138485,0.485147863137998,0.241921895599669));
#10469=DIRECTION('',(-0.209510507320999,-0.120960947799834,0.970295726275997));
#10470=DIRECTION('',(0.,-5.27127929381461E-16,1.));
#10471=DIRECTION('',(0.138725987359917,0.0800934861458443,0.98708669016861));
#10472=DIRECTION('',(-0.859681241989298,-0.496337196479793,0.120820319327164));
#10473=DIRECTION('',(0.138725987359917,0.0800934861458443,0.98708669016861));
#10474=DIRECTION('',(0.139173100960065,0.,0.99026806874157));
#10475=DIRECTION('',(0.99026806874157,0.,-0.139173100960065));
#10476=DIRECTION('',(0.139173100960065,0.,0.99026806874157));
#10477=DIRECTION('',(0.99026806874157,0.,-0.139173100960065));
#10478=DIRECTION('',(0.139173100960065,0.,0.99026806874157));
#10479=DIRECTION('',(0.139173100960065,0.,0.99026806874157));
#10480=DIRECTION('',(0.139173100960065,0.,0.99026806874157));
#10481=DIRECTION('',(0.99026806874157,0.,-0.139173100960065));
#10482=DIRECTION('',(0.86602540378444,0.5,0.));
#10483=DIRECTION('',(-0.5,0.86602540378444,0.));
#10484=DIRECTION('',(-0.135297700870571,0.234342492055086,-0.962693164282654));
#10485=DIRECTION('',(0.,0.,-1.));
#10486=DIRECTION('',(0.,0.,-1.));
#10487=DIRECTION('',(-2.02011382921571E-17,3.49893978927416E-17,-1.));
#10488=DIRECTION('',(0.498770070223375,-0.863895102921587,-0.0700975619937635));
#10489=DIRECTION('',(0.840300748138485,0.485147863137998,0.241921895599668));
#10490=DIRECTION('',(-0.5,0.866025403784439,0.));
#10491=DIRECTION('',(-0.5,0.866025403784439,4.45024600907167E-16));
#10492=DIRECTION('',(0.209510507320999,0.120960947799834,-0.970295726275997));
#10493=DIRECTION('',(-0.5,0.866025403784439,1.48121140200962E-16));
#10494=DIRECTION('',(-0.209510507320999,-0.120960947799834,0.970295726275996));
#10495=DIRECTION('',(-0.5,0.866025403784439,1.41537687769413E-16));
#10496=DIRECTION('',(-0.209510507320999,-0.120960947799834,0.970295726275996));
#10497=DIRECTION('',(-0.209510507320999,-0.120960947799834,0.970295726275996));
#10498=DIRECTION('',(0.977806395623437,-0.025917798915003,0.20790122745502));
#10499=DIRECTION('',(-0.840300748138485,-0.485147863137999,-0.241921895599668));
#10500=DIRECTION('',(0.,-0.992318858435517,-0.123706439578676));
#10501=DIRECTION('',(0.840300748138486,0.485147863137996,0.241921895599668));
#10502=DIRECTION('',(-1.,0.,0.));
#10503=DIRECTION('',(0.,0.,1.));
#10504=DIRECTION('',(0.,5.27127929381461E-16,-1.));
#10505=DIRECTION('',(0.,0.,-1.));
#10506=DIRECTION('',(0.,1.,0.));
#10507=DIRECTION('',(0.,0.,-1.));
#10508=DIRECTION('',(-1.,0.,0.));
#10509=DIRECTION('',(0.,0.,1.));
#10510=DIRECTION('',(-1.,0.,0.));
#10511=DIRECTION('',(0.,0.,1.));
#10512=DIRECTION('',(-1.,0.,0.));
#10513=DIRECTION('',(0.,0.,1.));
#10514=DIRECTION('',(-1.,0.,0.));
#10515=DIRECTION('',(0.,0.,1.));
#10516=DIRECTION('',(0.,0.,-1.));
#10517=DIRECTION('',(-1.,0.,0.));
#10518=DIRECTION('',(0.,0.,1.));
#10519=DIRECTION('',(0.,-1.,0.));
#10520=DIRECTION('',(-1.,0.,0.));
#10521=DIRECTION('',(0.,0.,1.));
#10522=DIRECTION('',(0.,0.,-1.));
#10523=DIRECTION('',(0.,-1.,0.));
#10524=DIRECTION('',(1.,0.,0.));
#10525=DIRECTION('',(0.,0.,-1.));
#10526=DIRECTION('',(0.,0.,-1.));
#10527=DIRECTION('',(0.,-1.,0.));
#10528=DIRECTION('',(0.,0.,-1.));
#10529=DIRECTION('',(0.,-1.,0.));
#10530=DIRECTION('',(0.,0.,1.));
#10531=DIRECTION('',(0.,-1.,0.));
#10532=DIRECTION('',(0.,0.,-1.));
#10533=DIRECTION('',(0.,-1.,0.));
#10534=DIRECTION('',(-1.,0.,0.));
#10535=DIRECTION('',(0.,0.,1.));
#10536=DIRECTION('',(0.,0.,-1.));
#10537=DIRECTION('',(0.,1.,0.));
#10538=DIRECTION('',(0.,0.,-1.));
#10539=DIRECTION('',(0.,1.,0.));
#10540=DIRECTION('',(0.,1.,0.));
#10541=DIRECTION('',(0.,0.,1.));
#10542=DIRECTION('',(1.,0.,0.));
#10543=DIRECTION('',(0.,1.,0.));
#10544=DIRECTION('',(0.,0.,1.));
#10545=DIRECTION('',(0.,0.,1.));
#10546=DIRECTION('',(1.,0.,0.));
#10547=DIRECTION('',(0.,0.,1.));
#10548=DIRECTION('',(0.,1.,0.));
#10549=DIRECTION('',(0.,0.,1.));
#10550=DIRECTION('',(1.,0.,0.));
#10551=DIRECTION('',(0.,1.,0.));
#10552=DIRECTION('',(0.,0.,1.));
#10553=DIRECTION('',(0.,0.,1.));
#10554=DIRECTION('',(1.,0.,0.));
#10555=DIRECTION('',(0.,0.,1.));
#10556=DIRECTION('',(0.,1.,0.));
#10557=DIRECTION('',(0.,0.,1.));
#10558=DIRECTION('',(1.,0.,0.));
#10559=DIRECTION('',(0.,1.,0.));
#10560=DIRECTION('',(0.,0.,1.));
#10561=DIRECTION('',(0.,0.,1.));
#10562=DIRECTION('',(1.,0.,0.));
#10563=DIRECTION('',(0.,0.,1.));
#10564=DIRECTION('',(0.,1.,0.));
#10565=DIRECTION('',(0.,0.,1.));
#10566=DIRECTION('',(1.,0.,0.));
#10567=DIRECTION('',(0.,1.,0.));
#10568=DIRECTION('',(0.,0.,1.));
#10569=DIRECTION('',(0.,0.,1.));
#10570=DIRECTION('',(1.,0.,0.));
#10571=DIRECTION('',(0.,0.,-1.));
#10572=DIRECTION('',(1.,0.,0.));
#10573=DIRECTION('',(0.,1.,0.));
#10574=DIRECTION('',(0.,0.,1.));
#10575=DIRECTION('',(0.,0.,-1.));
#10576=DIRECTION('',(1.,0.,0.));
#10577=DIRECTION('',(0.,0.,1.));
#10578=DIRECTION('',(0.,1.,0.));
#10579=DIRECTION('',(0.,0.,1.));
#10580=DIRECTION('',(1.,0.,0.));
#10581=DIRECTION('',(1.,0.,0.));
#10582=DIRECTION('',(0.,0.,-1.));
#10583=DIRECTION('',(0.,0.,-1.));
#10584=DIRECTION('',(1.,0.,0.));
#10585=DIRECTION('',(1.,1.33440267382831E-16,0.));
#10586=DIRECTION('',(1.,1.54197642309049E-16,0.));
#10587=DIRECTION('',(0.,0.,-1.));
#10588=DIRECTION('',(-1.,0.,0.));
#10589=DIRECTION('',(0.,1.,0.));
#10590=DIRECTION('',(0.,0.,-1.));
#10591=DIRECTION('',(-1.,0.,0.));
#10592=DIRECTION('',(0.,1.,0.));
#10593=DIRECTION('',(0.,0.,-1.));
#10594=DIRECTION('',(-1.,0.,0.));
#10595=DIRECTION('',(1.,-1.66800334228539E-16,0.));
#10596=DIRECTION('',(0.,0.,-1.));
#10597=DIRECTION('',(-1.,0.,0.));
#10598=DIRECTION('',(0.,1.,0.));
#10599=DIRECTION('',(0.,0.,-1.));
#10600=DIRECTION('',(-1.,0.,0.));
#10601=DIRECTION('',(1.,0.,0.));
#10602=DIRECTION('',(0.,0.,-1.));
#10603=DIRECTION('',(0.,0.,-1.));
#10604=DIRECTION('',(0.,1.,0.));
#10605=DIRECTION('',(0.,0.,-1.));
#10606=DIRECTION('',(-0.5,0.86602540378444,0.));
#10607=DIRECTION('',(-0.86602540378444,-0.5,0.));
#10608=DIRECTION('',(-0.840300748138485,-0.485147863137999,-0.241921895599668));
#10609=DIRECTION('',(-0.5,0.86602540378444,0.));
#10610=DIRECTION('',(-0.86602540378444,-0.5,0.));
#10611=DIRECTION('',(0.86602540378444,0.5,0.));
#10612=DIRECTION('',(0.,0.,-1.));
#10613=DIRECTION('',(-0.209510507320999,-0.120960947799834,0.970295726275996));
#10614=DIRECTION('',(-0.5,0.86602540378444,0.));
#10615=DIRECTION('',(-0.86602540378444,-0.5,0.));
#10616=DIRECTION('',(0.,0.,-1.));
#10617=DIRECTION('',(1.,0.,0.));
#10618=DIRECTION('',(0.,0.,-1.));
#10619=DIRECTION('',(-1.,0.,0.));
#10620=DIRECTION('',(1.,0.,0.));
#10621=DIRECTION('',(0.,0.,-1.));
#10622=DIRECTION('',(-1.,0.,0.));
#10623=DIRECTION('',(0.,0.,-1.));
#10624=DIRECTION('',(-1.,0.,0.));
#10625=DIRECTION('',(0.,1.,0.));
#10626=DIRECTION('',(0.,0.,-1.));
#10627=DIRECTION('',(-1.,0.,0.));
#10628=DIRECTION('',(1.,1.13134139737618E-16,0.));
#10629=DIRECTION('',(0.,0.,-1.));
#10630=DIRECTION('',(-1.,0.,0.));
#10631=DIRECTION('',(0.,0.,-1.));
#10632=DIRECTION('',(-1.,0.,0.));
#10633=DIRECTION('',(0.,1.,0.));
#10634=DIRECTION('',(0.,0.,-1.));
#10635=DIRECTION('',(-1.,0.,0.));
#10636=DIRECTION('',(0.,1.,0.));
#10637=DIRECTION('',(0.,0.,-1.));
#10638=DIRECTION('',(-1.,0.,0.));
#10639=DIRECTION('',(1.,-1.66800334228539E-16,0.));
#10640=DIRECTION('',(0.,0.,-1.));
#10641=DIRECTION('',(-1.,0.,0.));
#10642=DIRECTION('',(0.,1.,0.));
#10643=DIRECTION('',(0.,0.,-1.));
#10644=DIRECTION('',(-1.,0.,0.));
#10645=DIRECTION('',(1.,1.33440267382831E-16,0.));
#10646=DIRECTION('',(0.,0.,-1.));
#10647=DIRECTION('',(-1.,0.,0.));
#10648=DIRECTION('',(0.,0.,-1.));
#10649=DIRECTION('',(-1.,0.,0.));
#10650=DIRECTION('',(-1.,0.,0.));
#10651=DIRECTION('',(0.,0.,1.));
#10652=DIRECTION('',(0.,1.,0.));
#10653=DIRECTION('',(0.,0.,1.));
#10654=DIRECTION('',(0.,1.,0.));
#10655=DIRECTION('',(0.5,-0.866025403784439,0.));
#10656=DIRECTION('',(0.866025403784439,0.5,0.));
#10657=DIRECTION('',(-0.866025403784439,-0.5,0.));
#10658=DIRECTION('',(0.,0.,1.));
#10659=DIRECTION('',(-0.866025403784439,-0.5,0.));
#10660=DIRECTION('',(0.,0.,-1.));
#10661=DIRECTION('',(-1.,0.,0.));
#10662=DIRECTION('',(0.,0.,1.));
#10663=DIRECTION('',(-1.76290403005325E-16,1.,0.));
#10664=DIRECTION('',(-1.,-1.76290403005325E-16,0.));
#10665=DIRECTION('',(0.5,-0.866025403784438,0.));
#10666=DIRECTION('',(0.866025403784438,0.5,0.));
#10667=DIRECTION('',(0.,0.,-1.));
#10668=DIRECTION('',(0.,0.,-1.));
#10669=DIRECTION('',(-0.866025403784438,-0.5,0.));
#10670=DIRECTION('',(1.10338149019183E-16,-1.,0.));
#10671=DIRECTION('',(1.,1.10338149019183E-16,0.));
#10672=DIRECTION('',(0.,0.,-1.));
#10673=DIRECTION('',(-1.,-1.10338149019183E-16,0.));
#10674=DIRECTION('',(-1.,0.,0.));
#10675=DIRECTION('',(0.,0.,1.));
#10676=DIRECTION('',(0.,0.,-1.));
#10677=DIRECTION('',(0.,1.,0.));
#10678=DIRECTION('',(1.83697019872103E-16,-1.,0.));
#10679=DIRECTION('',(1.,1.83697019872103E-16,0.));
#10680=DIRECTION('',(-1.,-1.83697019872103E-16,0.));
#10681=DIRECTION('',(0.,0.,1.));
#10682=DIRECTION('',(-1.,-1.83697019872103E-16,0.));
#10683=DIRECTION('',(-1.,0.,0.));
#10684=DIRECTION('',(0.,0.,1.));
#10685=DIRECTION('',(0.,0.,-1.));
#10686=DIRECTION('',(0.,1.,0.));
#10687=DIRECTION('',(0.,1.,0.));
#10688=DIRECTION('',(0.,0.,1.));
#10689=DIRECTION('',(1.,0.,0.));
#10690=DIRECTION('',(-1.,0.,0.));
#10691=DIRECTION('',(0.,0.,1.));
#10692=DIRECTION('',(0.,1.,0.));
#10693=DIRECTION('',(1.,1.08420217248551E-16,0.));
#10694=DIRECTION('',(-1.08420217248551E-16,1.,0.));
#10695=DIRECTION('',(0.,0.,-1.));
#10696=DIRECTION('',(1.21884165795756E-16,-1.,0.));
#10697=DIRECTION('',(1.21884165795756E-16,-1.,0.));
#10698=DIRECTION('',(1.08420217248551E-16,-1.,0.));
#10699=DIRECTION('',(0.,1.,0.));
#10700=DIRECTION('',(0.,0.,1.));
#10701=DIRECTION('',(1.,0.,0.));
#10702=DIRECTION('',(1.,0.,0.));
#10703=DIRECTION('',(0.,0.,1.));
#10704=DIRECTION('',(1.,0.,0.));
#10705=DIRECTION('',(-1.,0.,0.));
#10706=DIRECTION('',(0.,0.,1.));
#10707=DIRECTION('',(1.,0.,0.));
#10708=DIRECTION('',(0.,1.,0.));
#10709=DIRECTION('',(0.,0.,1.));
#10710=DIRECTION('',(1.,0.,0.));
#10711=DIRECTION('',(1.,0.,0.));
#10712=DIRECTION('',(0.,0.,1.));
#10713=DIRECTION('',(1.,0.,0.));
#10714=DIRECTION('',(0.,-1.,0.));
#10715=DIRECTION('',(0.,0.,1.));
#10716=DIRECTION('',(1.,0.,0.));
#10717=DIRECTION('',(0.,0.,1.));
#10718=DIRECTION('',(1.,0.,0.));
#10719=DIRECTION('',(-1.,0.,0.));
#10720=DIRECTION('',(0.,0.,1.));
#10721=DIRECTION('',(1.,0.,0.));
#10722=DIRECTION('',(0.,-1.,0.));
#10723=DIRECTION('',(0.,0.,1.));
#10724=DIRECTION('',(1.,0.,0.));
#10725=DIRECTION('',(-1.,0.,0.));
#10726=DIRECTION('',(0.,0.,1.));
#10727=DIRECTION('',(1.,0.,0.));
#10728=DIRECTION('',(0.,-1.,0.));
#10729=DIRECTION('',(0.,0.,1.));
#10730=DIRECTION('',(1.,0.,0.));
#10731=DIRECTION('',(0.,0.,1.));
#10732=DIRECTION('',(1.,0.,0.));
#10733=DIRECTION('',(0.,0.,1.));
#10734=DIRECTION('',(1.,0.,0.));
#10735=DIRECTION('',(-1.,0.,0.));
#10736=DIRECTION('',(0.,0.,1.));
#10737=DIRECTION('',(1.,0.,0.));
#10738=DIRECTION('',(0.,1.,0.));
#10739=DIRECTION('',(0.,-1.,0.));
#10740=DIRECTION('',(0.,0.,1.));
#10741=DIRECTION('',(1.,0.,0.));
#10742=DIRECTION('',(1.,4.95635278850516E-16,0.));
#10743=DIRECTION('',(0.,0.,1.));
#10744=DIRECTION('',(1.,0.,0.));
#10745=DIRECTION('',(0.,0.,1.));
#10746=DIRECTION('',(1.,0.,0.));
#10747=DIRECTION('',(0.,-1.,0.));
#10748=DIRECTION('',(1.,1.33440267382831E-16,0.));
#10749=DIRECTION('',(0.,0.,-1.));
#10750=DIRECTION('',(-1.,0.,0.));
#10751=DIRECTION('',(0.,0.,1.));
#10752=DIRECTION('',(1.,0.,0.));
#10753=DIRECTION('',(0.,-1.,0.));
#10754=DIRECTION('',(0.,0.,1.));
#10755=DIRECTION('',(1.,0.,0.));
#10756=DIRECTION('',(0.,0.,1.));
#10757=DIRECTION('',(1.,0.,0.));
#10758=DIRECTION('',(0.,1.,0.));
#10759=DIRECTION('',(0.,0.,1.));
#10760=DIRECTION('',(1.,0.,0.));
#10761=DIRECTION('',(1.,0.,0.));
#10762=DIRECTION('',(0.,1.,0.));
#10763=DIRECTION('',(0.,0.,1.));
#10764=DIRECTION('',(1.,0.,0.));
#10765=DIRECTION('',(1.,0.,0.));
#10766=DIRECTION('',(0.,0.,1.));
#10767=DIRECTION('',(1.,0.,0.));
#10768=DIRECTION('',(0.,-1.,0.));
#10769=DIRECTION('',(0.,1.,0.));
#10770=DIRECTION('',(0.,0.,1.));
#10771=DIRECTION('',(1.,0.,0.));
#10772=DIRECTION('',(1.,0.,0.));
#10773=DIRECTION('',(0.,0.,1.));
#10774=DIRECTION('',(1.,0.,0.));
#10775=DIRECTION('',(0.,-1.,0.));
#10776=DIRECTION('',(0.,1.,0.));
#10777=DIRECTION('',(0.,0.,1.));
#10778=DIRECTION('',(1.,0.,0.));
#10779=DIRECTION('',(1.,0.,0.));
#10780=DIRECTION('',(0.,0.,1.));
#10781=DIRECTION('',(1.,0.,0.));
#10782=DIRECTION('',(0.,-1.,0.));
#10783=DIRECTION('',(-4.95635278850516E-16,1.,0.));
#10784=DIRECTION('',(0.,0.,1.));
#10785=DIRECTION('',(1.,0.,0.));
#10786=DIRECTION('',(0.,0.,1.));
#10787=DIRECTION('',(1.,0.,0.));
#10788=DIRECTION('',(-0.5,0.866025403784439,0.));
#10789=DIRECTION('',(0.,0.,1.));
#10790=DIRECTION('',(1.,0.,0.));
#10791=DIRECTION('',(0.866025403784439,0.5,0.));
#10792=DIRECTION('',(-0.5,0.866025403784439,0.));
#10793=DIRECTION('',(-0.5,0.866025403784439,0.));
#10794=DIRECTION('',(0.,0.,1.));
#10795=DIRECTION('',(1.,0.,0.));
#10796=DIRECTION('',(0.,0.,1.));
#10797=DIRECTION('',(-0.866025403784438,-0.5,0.));
#10798=DIRECTION('',(0.,0.,1.));
#10799=DIRECTION('',(-0.866025403784439,-0.5,0.));
#10800=DIRECTION('',(0.,0.,1.));
#10801=DIRECTION('',(-0.866025403784438,-0.5,0.));
#10802=DIRECTION('',(0.,0.,1.));
#10803=DIRECTION('',(-0.866025403784438,-0.5,0.));
#10804=DIRECTION('',(1.,0.,0.));
#10805=DIRECTION('',(0.,0.,-1.));
#10806=DIRECTION('',(-1.,0.,0.));
#10807=DIRECTION('',(0.,1.,0.));
#10808=DIRECTION('',(0.,0.,-1.));
#10809=DIRECTION('',(-1.,0.,0.));
#10810=DIRECTION('',(0.,0.,-1.));
#10811=DIRECTION('',(-1.,0.,0.));
#10812=DIRECTION('',(1.,1.13134139737618E-16,0.));
#10813=DIRECTION('',(0.,0.,-1.));
#10814=DIRECTION('',(-1.,0.,0.));
#10815=DIRECTION('',(0.,1.,0.));
#10816=DIRECTION('',(0.,0.,-1.));
#10817=DIRECTION('',(-1.,0.,0.));
#10818=DIRECTION('',(0.,0.,-1.));
#10819=DIRECTION('',(-1.,0.,0.));
#10820=DIRECTION('',(0.,0.,-1.));
#10821=DIRECTION('',(-1.,0.,0.));
#10822=DIRECTION('',(0.,0.,-1.));
#10823=DIRECTION('',(0.,0.,-1.));
#10824=DIRECTION('',(0.,1.,0.));
#10825=DIRECTION('',(0.,0.,1.));
#10826=DIRECTION('',(0.,0.,-1.));
#10827=DIRECTION('',(0.,0.,-1.));
#10828=DIRECTION('',(-1.,0.,0.));
#10829=DIRECTION('',(0.,0.,-1.));
#10830=DIRECTION('',(0.,0.,-1.));
#10831=DIRECTION('',(-1.,0.,0.));
#10832=DIRECTION('',(0.,0.,-1.));
#10833=DIRECTION('',(-1.,0.,0.));
#10834=DIRECTION('',(0.,0.,1.));
#10835=DIRECTION('',(0.,0.,-1.));
#10836=DIRECTION('',(0.,0.,-1.));
#10837=DIRECTION('',(-1.,0.,0.));
#10838=DIRECTION('',(0.,0.,-1.));
#10839=DIRECTION('',(-1.13134139737618E-16,1.,0.));
#10840=DIRECTION('',(-1.,-1.13134139737618E-16,0.));
#10841=DIRECTION('',(0.,0.,-1.));
#10842=DIRECTION('',(0.,0.,-1.));
#10843=DIRECTION('',(-1.,0.,0.));
#10844=DIRECTION('',(0.,0.,-1.));
#10845=DIRECTION('',(0.,0.,-1.));
#10846=DIRECTION('',(-1.,0.,0.));
#10847=DIRECTION('',(0.,0.,-1.));
#10848=DIRECTION('',(-1.,0.,0.));
#10849=DIRECTION('',(0.,0.,1.));
#10850=DIRECTION('',(0.,0.,-1.));
#10851=DIRECTION('',(-1.,0.,0.));
#10852=DIRECTION('',(0.,0.,-1.));
#10853=DIRECTION('',(-1.,0.,0.));
#10854=DIRECTION('',(0.,0.,-1.));
#10855=DIRECTION('',(1.,0.,0.));
#10856=DIRECTION('',(0.,0.,-1.));
#10857=DIRECTION('',(-1.,0.,0.));
#10858=DIRECTION('',(0.,0.,-1.));
#10859=DIRECTION('',(-1.,0.,0.));
#10860=DIRECTION('',(0.,0.,-1.));
#10861=DIRECTION('',(-1.,0.,0.));
#10862=DIRECTION('',(0.,0.,-1.));
#10863=DIRECTION('',(1.,0.,0.));
#10864=DIRECTION('',(0.,0.,-1.));
#10865=DIRECTION('',(-1.,0.,0.));
#10866=DIRECTION('',(1.66800334228539E-16,1.,0.));
#10867=DIRECTION('',(-1.,1.66800334228539E-16,0.));
#10868=DIRECTION('',(0.,0.,-1.));
#10869=DIRECTION('',(1.,-1.66800334228539E-16,0.));
#10870=DIRECTION('',(0.,0.,-1.));
#10871=DIRECTION('',(-1.,0.,0.));
#10872=DIRECTION('',(0.,0.,1.));
#10873=DIRECTION('',(0.,0.,-1.));
#10874=DIRECTION('',(0.,1.,0.));
#10875=DIRECTION('',(0.,0.,-1.));
#10876=DIRECTION('',(-1.33440267382831E-16,1.,0.));
#10877=DIRECTION('',(-1.,-1.33440267382831E-16,0.));
#10878=DIRECTION('',(0.,0.,1.));
#10879=DIRECTION('',(1.,1.33440267382831E-16,0.));
#10880=DIRECTION('',(0.,0.,-1.));
#10881=DIRECTION('',(0.,0.,-1.));
#10882=DIRECTION('',(-1.,0.,0.));
#10883=DIRECTION('',(0.,0.,1.));
#10884=DIRECTION('',(0.,0.,-1.));
#10885=DIRECTION('',(0.,1.,0.));
#10886=DIRECTION('',(0.,0.,-1.));
#10887=DIRECTION('',(-1.,0.,0.));
#10888=DIRECTION('',(0.,0.,1.));
#10889=DIRECTION('',(0.,-0.838443616300637,-0.544988350595414));
#10890=DIRECTION('',(-1.,0.,0.));
#10891=DIRECTION('',(0.,0.,1.));
#10892=DIRECTION('',(0.,0.,1.));
#10893=DIRECTION('',(1.,0.,0.));
#10894=DIRECTION('',(0.,0.,-1.));
#10895=DIRECTION('',(-1.,0.,0.));
#10896=DIRECTION('',(0.,0.,1.));
#10897=DIRECTION('',(1.,0.,0.));
#10898=DIRECTION('',(0.,0.,-1.));
#10899=DIRECTION('',(-1.,0.,0.));
#10900=DIRECTION('',(0.,0.,-1.));
#10901=DIRECTION('',(-1.,0.,0.));
#10902=DIRECTION('',(0.,0.,-1.));
#10903=DIRECTION('',(-1.,0.,0.));
#10904=DIRECTION('',(0.,0.,-1.));
#10905=DIRECTION('',(-1.,0.,0.));
#10906=DIRECTION('',(0.,0.,-1.));
#10907=DIRECTION('',(-1.,0.,0.));
#10908=DIRECTION('',(0.,0.,-1.));
#10909=DIRECTION('',(-1.,0.,0.));
#10910=DIRECTION('',(0.,1.,0.));
#10911=DIRECTION('',(0.,0.,1.));
#10912=DIRECTION('',(0.,-1.,0.));
#10913=DIRECTION('',(0.,0.,-1.));
#10914=DIRECTION('',(0.,1.,0.));
#10915=DIRECTION('',(0.,0.,1.));
#10916=DIRECTION('',(0.,0.,-1.));
#10917=DIRECTION('',(-1.,0.,0.));
#10918=DIRECTION('',(1.,0.,0.));
#10919=DIRECTION('',(0.,0.,-1.));
#10920=DIRECTION('',(-1.,1.66800334228539E-16,0.));
#10921=DIRECTION('',(-1.66800334228539E-16,-1.,0.));
#10922=DIRECTION('',(1.,0.,0.));
#10923=DIRECTION('',(0.,0.,-1.));
#10924=DIRECTION('',(0.,0.,-1.));
#10925=DIRECTION('',(-1.,0.,0.));
#10926=DIRECTION('',(0.,-1.,0.));
#10927=DIRECTION('',(0.,0.,-1.));
#10928=DIRECTION('',(0.,1.,0.));
#10929=DIRECTION('',(0.,0.,1.));
#10930=DIRECTION('',(0.,-1.,0.));
#10931=DIRECTION('',(0.,0.,-1.));
#10932=DIRECTION('',(0.,0.,-1.));
#10933=DIRECTION('',(-1.,0.,0.));
#10934=DIRECTION('',(-1.,0.,0.));
#10935=DIRECTION('',(0.,0.,1.));
#10936=DIRECTION('',(1.,1.33440267382831E-16,0.));
#10937=DIRECTION('',(-1.33440267382831E-16,1.,0.));
#10938=DIRECTION('',(0.,0.,-1.));
#10939=DIRECTION('',(-1.,0.,0.));
#10940=DIRECTION('',(0.,0.,-1.));
#10941=DIRECTION('',(-1.,0.,0.));
#10942=DIRECTION('',(0.139173100960065,0.,0.99026806874157));
#10943=DIRECTION('',(0.99026806874157,0.,-0.139173100960065));
#10944=DIRECTION('',(0.139173100960065,0.,0.99026806874157));
#10945=DIRECTION('',(0.99026806874157,0.,-0.139173100960065));
#10946=DIRECTION('',(0.139173100960065,0.,0.99026806874157));
#10947=DIRECTION('',(0.99026806874157,0.,-0.139173100960065));
#10948=DIRECTION('',(0.139173100960065,0.,0.99026806874157));
#10949=DIRECTION('',(0.99026806874157,0.,-0.139173100960065));
#10950=DIRECTION('',(0.139173100960065,0.,0.99026806874157));
#10951=DIRECTION('',(0.99026806874157,0.,-0.139173100960065));
#10952=DIRECTION('',(0.139173100960065,0.,0.99026806874157));
#10953=DIRECTION('',(0.99026806874157,0.,-0.139173100960065));
#10954=DIRECTION('',(0.139173100960065,0.,0.99026806874157));
#10955=DIRECTION('',(0.99026806874157,0.,-0.139173100960065));
#10956=DIRECTION('',(0.139173100960065,0.,0.99026806874157));
#10957=DIRECTION('',(0.99026806874157,0.,-0.139173100960065));
#10958=DIRECTION('',(-0.947735747838126,0.269321091792751,-0.171064612896029));
#10959=DIRECTION('',(-0.273350326851634,-0.961914548600916,0.));
#10960=DIRECTION('',(-0.209510507320999,-0.120960947799834,0.970295726275997));
#10961=DIRECTION('',(-0.240628966651576,-0.955423779598837,-0.171064612896029));
#10962=DIRECTION('',(-0.209510507320999,-0.120960947799834,0.970295726275997));
#10963=DIRECTION('',(-0.240628966651577,-0.955423779598836,-0.171064612896029));
#10964=DIRECTION('',(0.969717598784052,-0.24422894711416,0.));
#10965=DIRECTION('',(-0.209510507320999,-0.120960947799834,0.970295726275997));
#10966=DIRECTION('',(0.947735747838126,-0.269321091792752,0.171064612896029));
#10967=DIRECTION('',(-0.209510507320999,-0.120960947799834,0.970295726275997));
#10968=DIRECTION('',(-0.947735747838126,0.269321091792753,-0.171064612896029));
#10969=DIRECTION('',(-0.273350326851636,-0.961914548600916,0.));
#10970=DIRECTION('',(0.209510507320999,0.120960947799834,-0.970295726275996));
#10971=DIRECTION('',(-0.209510507320999,-0.120960947799834,0.970295726275996));
#10972=DIRECTION('',(-0.240628966651578,-0.955423779598836,-0.171064612896029));
#10973=DIRECTION('',(-0.240628966651578,-0.955423779598836,-0.171064612896029));
#10974=DIRECTION('',(0.969717598784052,-0.244228947114161,0.));
#10975=DIRECTION('',(0.947735747838126,-0.269321091792753,0.171064612896029));
#10976=DIRECTION('',(-0.209510507320999,-0.120960947799834,0.970295726275997));
#10977=DIRECTION('',(-0.209510507320999,-0.120960947799834,0.970295726275997));
#10978=DIRECTION('',(0.947735747838126,-0.269321091792752,0.171064612896029));
#10979=DIRECTION('',(0.273350326851636,0.961914548600916,0.));
#10980=DIRECTION('',(0.209510507320999,0.120960947799834,-0.970295726275996));
#10981=DIRECTION('',(0.240628966651578,0.955423779598836,0.171064612896029));
#10982=DIRECTION('',(-0.209510507320999,-0.120960947799834,0.970295726275997));
#10983=DIRECTION('',(-0.209510507320999,-0.120960947799834,0.970295726275996));
#10984=DIRECTION('',(0.977806395623437,-0.025917798915003,0.20790122745502));
#10985=DIRECTION('',(0.5,-0.866025403784439,-2.00795251921049E-16));
#10986=DIRECTION('',(0.840300748138485,0.485147863137999,0.241921895599668));
#10987=DIRECTION('',(0.5,-0.866025403784439,-8.76967461791636E-17));
#10988=DIRECTION('',(0.840300748138485,0.485147863137999,0.241921895599668));
#10989=DIRECTION('',(-0.209510507320999,-0.120960947799834,0.970295726275996));
#10990=DIRECTION('',(0.977473050203865,0.,0.211060266571312));
#10991=DIRECTION('',(-0.209510507320999,-0.120960947799834,0.970295726275996));
#10992=DIRECTION('',(0.977473050203865,0.,0.211060266571312));
#10993=DIRECTION('',(-0.209510507320999,-0.120960947799834,0.970295726275996));
#10994=DIRECTION('',(0.977473050203865,0.,0.211060266571312));
#10995=DIRECTION('',(0.499999999999983,-0.866025403784449,-5.17626248082201E-15));
#10996=DIRECTION('',(-0.209510507320999,-0.120960947799834,0.970295726275996));
#10997=DIRECTION('',(0.977473050203865,0.,0.211060266571312));
#10998=DIRECTION('',(-0.209510507320999,-0.120960947799834,0.970295726275996));
#10999=DIRECTION('',(0.977473050203865,0.,0.211060266571312));
#11000=DIRECTION('',(-0.209510507320999,-0.120960947799834,0.970295726275996));
#11001=DIRECTION('',(0.977473050203865,0.,0.211060266571312));
#11002=DIRECTION('',(-0.209510507320999,-0.120960947799834,0.970295726275996));
#11003=DIRECTION('',(0.977473050203865,0.,0.211060266571312));
#11004=DIRECTION('',(-0.209510507320999,-0.120960947799834,0.970295726275996));
#11005=DIRECTION('',(0.977473050203865,0.,0.211060266571312));
#11006=DIRECTION('',(-0.209510507320999,-0.120960947799834,0.970295726275996));
#11007=DIRECTION('',(0.977473050203865,0.,0.211060266571312));
#11008=DIRECTION('',(-0.209510507320999,-0.120960947799834,0.970295726275996));
#11009=DIRECTION('',(0.977473050203865,0.,0.211060266571312));
#11010=DIRECTION('',(0.840300748138495,0.48514786313798,0.241921895599668));
#11011=DIRECTION('',(0.209510507320999,0.120960947799834,-0.970295726275996));
#11012=DIRECTION('',(-0.209510507320999,-0.120960947799834,0.970295726275997));
#11013=DIRECTION('',(0.209510507320999,0.120960947799834,-0.970295726275996));
#11014=DIRECTION('',(0.209510507320999,0.120960947799834,-0.970295726275997));
#11015=DIRECTION('',(-0.977473050203865,0.,-0.211060266571312));
#11016=DIRECTION('',(0.209510507320999,0.120960947799834,-0.970295726275997));
#11017=DIRECTION('',(-0.977473050203865,0.,-0.211060266571312));
#11018=DIRECTION('',(0.209510507320999,0.120960947799834,-0.970295726275996));
#11019=DIRECTION('',(-0.977473050203865,0.,-0.211060266571312));
#11020=DIRECTION('',(-0.209510507320999,-0.120960947799834,0.970295726275996));
#11021=DIRECTION('',(0.977473050203865,0.,0.211060266571312));
#11022=DIRECTION('',(0.209510507320999,0.120960947799834,-0.970295726275996));
#11023=DIRECTION('',(-0.977473050203865,0.,-0.211060266571312));
#11024=DIRECTION('',(0.209510507320999,0.120960947799834,-0.970295726275997));
#11025=DIRECTION('',(-0.977473050203865,0.,-0.211060266571312));
#11026=DIRECTION('',(-0.840300748138486,-0.485147863137996,-0.241921895599668));
#11027=DIRECTION('',(0.5,-0.86602540378444,0.));
#11028=DIRECTION('',(-0.209510507320999,-0.120960947799834,0.970295726275997));
#11029=DIRECTION('',(0.5,-0.86602540378444,-8.3000566803387E-16));
#11030=DIRECTION('',(0.5,-0.866025403784439,-1.0842021724855E-16));
#11031=DIRECTION('',(0.866025403784439,0.5,0.));
#11032=DIRECTION('',(-0.209510507320999,-0.120960947799834,0.970295726275997));
#11033=DIRECTION('',(0.840300748138485,0.485147863137998,0.241921895599668));
#11034=DIRECTION('',(-0.209510507320999,-0.120960947799834,0.970295726275996));
#11035=DIRECTION('',(-0.209510507320999,-0.120960947799834,0.970295726275996));
#11036=DIRECTION('',(0.977806395623437,-0.025917798915003,0.20790122745502));
#11037=DIRECTION('',(0.5,-0.86602540378444,-8.48333577054475E-16));
#11038=DIRECTION('',(0.840300748138485,0.485147863137998,0.241921895599668));
#11039=DIRECTION('',(-0.5,0.866025403784439,1.34408700498428E-16));
#11040=DIRECTION('',(0.209510507320999,0.120960947799834,-0.970295726275996));
#11041=DIRECTION('',(-0.977473050203865,0.,-0.211060266571312));
#11042=DIRECTION('',(0.209510507320999,0.120960947799834,-0.970295726275996));
#11043=DIRECTION('',(-0.977473050203865,0.,-0.211060266571312));
#11044=DIRECTION('',(0.209510507320999,0.120960947799834,-0.970295726275997));
#11045=DIRECTION('',(-0.977473050203865,0.,-0.211060266571312));
#11046=DIRECTION('',(0.209510507320999,0.120960947799834,-0.970295726275997));
#11047=DIRECTION('',(-0.977473050203865,0.,-0.211060266571312));
#11048=DIRECTION('',(-0.5,0.866025403784439,1.34408700498428E-16));
#11049=DIRECTION('',(-0.866025403784439,-0.5,0.));
#11050=DIRECTION('',(-0.499999999999993,0.866025403784443,-2.97917369417099E-14));
#11051=DIRECTION('',(-0.866025403784443,-0.499999999999993,0.));
#11052=DIRECTION('',(-0.209510507320999,-0.120960947799834,0.970295726275996));
#11053=DIRECTION('',(0.977473050203865,0.,0.211060266571312));
#11054=DIRECTION('',(0.840300748138485,0.485147863138003,0.241921895599659));
#11055=DIRECTION('',(-0.5,0.866025403784437,0.));
#11056=DIRECTION('',(0.840300748138485,0.485147863137998,0.241921895599668));
#11057=DIRECTION('',(-0.5,0.866025403784439,0.));
#11058=DIRECTION('',(0.840300748138488,0.485147863138,0.241921895599653));
#11059=DIRECTION('',(-0.5,0.866025403784439,0.));
#11060=DIRECTION('',(-0.209510507320999,-0.120960947799834,0.970295726275996));
#11061=DIRECTION('',(0.977473050203865,0.,0.211060266571312));
#11062=DIRECTION('',(0.500000000000013,-0.866025403784431,1.89126575254128E-14));
#11063=DIRECTION('',(0.866025403784431,0.500000000000013,0.));
#11064=DIRECTION('',(0.5,-0.86602540378444,-8.48346362740095E-16));
#11065=DIRECTION('',(0.86602540378444,0.5,0.));
#11066=DIRECTION('',(-0.209510507320999,-0.120960947799834,0.970295726275996));
#11067=DIRECTION('',(0.977473050203865,0.,0.211060266571312));
#11068=DIRECTION('',(-0.209510507320999,-0.120960947799834,0.970295726275996));
#11069=DIRECTION('',(0.977473050203865,0.,0.211060266571312));
#11070=DIRECTION('',(-0.209510507320999,-0.120960947799834,0.970295726275996));
#11071=DIRECTION('',(0.977473050203865,0.,0.211060266571312));
#11072=DIRECTION('',(-0.209510507320999,-0.120960947799834,0.970295726275996));
#11073=DIRECTION('',(0.977473050203865,0.,0.211060266571312));
#11074=DIRECTION('',(-0.209510507320999,-0.120960947799834,0.970295726275996));
#11075=DIRECTION('',(0.977473050203865,0.,0.211060266571312));
#11076=DIRECTION('',(-0.209510507320999,-0.120960947799834,0.970295726275996));
#11077=DIRECTION('',(0.977473050203865,0.,0.211060266571312));
#11078=DIRECTION('',(-0.209510507320999,-0.120960947799834,0.970295726275996));
#11079=DIRECTION('',(0.977806395623437,-0.025917798915003,0.20790122745502));
#11080=DIRECTION('',(-0.209510507320999,-0.120960947799834,0.970295726275996));
#11081=DIRECTION('',(0.977806395623437,-0.025917798915003,0.20790122745502));
#11082=DIRECTION('',(-0.209510507320999,-0.120960947799834,0.970295726275996));
#11083=DIRECTION('',(0.977473050203865,0.,0.211060266571312));
#11084=DIRECTION('',(-0.209510507320999,-0.120960947799834,0.970295726275996));
#11085=DIRECTION('',(0.977473050203865,0.,0.211060266571312));
#11086=DIRECTION('',(-0.209510507320999,-0.120960947799834,0.970295726275996));
#11087=DIRECTION('',(0.977806395623437,-0.025917798915003,0.20790122745502));
#11088=DIRECTION('',(-4.95635278850516E-16,1.,0.));
#11089=DIRECTION('',(-1.,-4.95635278850516E-16,0.));
#11090=DIRECTION('',(-0.139173100960065,-6.89790987028331E-17,-0.99026806874157));
#11091=DIRECTION('',(0.99026806874157,4.90811790387491E-16,-0.139173100960065));
#11092=DIRECTION('',(-1.,-4.95635278850516E-16,0.));
#11093=DIRECTION('',(0.,0.,-1.));
#11094=DIRECTION('',(0.,0.,-1.));
#11095=DIRECTION('',(0.139173100960065,6.89790987028331E-17,0.99026806874157));
#11096=DIRECTION('',(0.99026806874157,4.90811790387491E-16,-0.139173100960065));
#11097=DIRECTION('',(0.139173100960065,6.89790987028331E-17,0.99026806874157));
#11098=DIRECTION('',(1.,0.,0.));
#11099=DIRECTION('',(0.,0.,-1.));
#11100=DIRECTION('',(0.,3.49893978927416E-17,-1.));
#11101=DIRECTION('',(0.,-9.05350670474687E-17,1.));
#11102=DIRECTION('',(0.,-1.,0.));
#11103=DIRECTION('',(1.,0.,0.));
#11104=DIRECTION('',(0.,0.,-1.));
#11105=DIRECTION('',(0.,-1.,0.));
#11106=DIRECTION('',(1.,0.,0.));
#11107=DIRECTION('',(0.,0.,-1.));
#11108=DIRECTION('',(0.,-1.,0.));
#11109=DIRECTION('',(0.,0.,-1.));
#11110=DIRECTION('',(-1.,0.,0.));
#11111=DIRECTION('',(0.,0.,-1.));
#11112=DIRECTION('',(-1.,0.,0.));
#11113=DIRECTION('',(0.,0.,-1.));
#11114=DIRECTION('',(1.,0.,0.));
#11115=DIRECTION('',(0.,0.,-1.));
#11116=DIRECTION('',(0.,0.,-1.));
#11117=DIRECTION('',(0.,0.,-1.));
#11118=DIRECTION('',(-1.,0.,0.));
#11119=DIRECTION('',(0.,0.,-1.));
#11120=DIRECTION('',(-1.,0.,0.));
#11121=DIRECTION('',(0.,0.,-1.));
#11122=DIRECTION('',(-1.,0.,0.));
#11123=DIRECTION('',(0.,0.,1.));
#11124=DIRECTION('',(0.,0.,-1.));
#11125=DIRECTION('',(0.,0.,-1.));
#11126=DIRECTION('',(-1.,0.,0.));
#11127=DIRECTION('',(0.,0.,-1.));
#11128=DIRECTION('',(0.,1.,0.));
#11129=DIRECTION('',(0.,0.,1.));
#11130=DIRECTION('',(1.,0.,0.));
#11131=DIRECTION('',(0.,0.,-1.));
#11132=DIRECTION('',(0.,0.,-1.));
#11133=DIRECTION('',(0.,0.,-1.));
#11134=DIRECTION('',(-1.,0.,0.));
#11135=DIRECTION('',(-1.,0.,0.));
#11136=DIRECTION('',(0.,0.,1.));
#11137=DIRECTION('',(0.,0.,1.));
#11138=DIRECTION('',(0.,-1.,0.));
#11139=DIRECTION('',(0.,-1.,0.));
#11140=DIRECTION('',(0.,0.,-1.));
#11141=DIRECTION('',(0.,0.,1.));
#11142=DIRECTION('',(1.,0.,0.));
#11143=DIRECTION('',(0.,0.,1.));
#11144=DIRECTION('',(1.,0.,0.));
#11145=DIRECTION('',(0.,0.,-1.));
#11146=DIRECTION('',(0.,1.,0.));
#11147=DIRECTION('',(0.,0.,1.));
#11148=DIRECTION('',(0.,0.,1.));
#11149=DIRECTION('',(1.,0.,0.));
#11150=DIRECTION('',(1.,0.,0.));
#11151=DIRECTION('',(0.,1.,0.));
#11152=DIRECTION('',(0.,-1.,0.));
#11153=DIRECTION('',(-1.,0.,0.));
#11154=DIRECTION('',(0.,0.,1.));
#11155=DIRECTION('',(0.,0.,1.));
#11156=DIRECTION('',(0.,-1.,0.));
#11157=DIRECTION('',(0.,-1.,0.));
#11158=DIRECTION('',(0.,0.,-1.));
#11159=DIRECTION('',(0.,0.,1.));
#11160=DIRECTION('',(1.,0.,0.));
#11161=DIRECTION('',(0.,0.,1.));
#11162=DIRECTION('',(1.,0.,0.));
#11163=DIRECTION('',(0.,0.,-1.));
#11164=DIRECTION('',(0.,1.,0.));
#11165=DIRECTION('',(0.,0.,1.));
#11166=DIRECTION('',(0.,0.,1.));
#11167=DIRECTION('',(1.,0.,0.));
#11168=DIRECTION('',(1.,0.,0.));
#11169=DIRECTION('',(0.,1.,0.));
#11170=DIRECTION('',(0.,-1.,0.));
#11171=DIRECTION('',(-1.,0.,0.));
#11172=DIRECTION('',(0.,0.,1.));
#11173=DIRECTION('',(0.,0.,1.));
#11174=DIRECTION('',(0.,-1.,0.));
#11175=DIRECTION('',(0.,-1.,0.));
#11176=DIRECTION('',(0.,0.,-1.));
#11177=DIRECTION('',(0.,0.,1.));
#11178=DIRECTION('',(1.,0.,0.));
#11179=DIRECTION('',(0.,0.,1.));
#11180=DIRECTION('',(1.,0.,0.));
#11181=DIRECTION('',(0.,0.,-1.));
#11182=DIRECTION('',(0.,1.,0.));
#11183=DIRECTION('',(0.,0.,1.));
#11184=DIRECTION('',(0.,0.,1.));
#11185=DIRECTION('',(1.,0.,0.));
#11186=DIRECTION('',(1.,0.,0.));
#11187=DIRECTION('',(0.,1.,0.));
#11188=DIRECTION('',(0.,-1.,0.));
#11189=DIRECTION('',(1.,0.,0.));
#11190=DIRECTION('',(0.,0.,-1.));
#11191=DIRECTION('',(0.,0.,1.));
#11192=DIRECTION('',(0.,1.,0.));
#11193=DIRECTION('',(0.,1.,0.));
#11194=DIRECTION('',(0.,0.,1.));
#11195=DIRECTION('',(0.,0.,1.));
#11196=DIRECTION('',(-1.,0.,0.));
#11197=DIRECTION('',(0.,0.,1.));
#11198=DIRECTION('',(1.,4.95635278850517E-16,0.));
#11199=DIRECTION('',(-4.95635278850517E-16,1.,0.));
#11200=DIRECTION('',(-4.95635278850517E-16,1.,0.));
#11201=DIRECTION('',(0.,0.,1.));
#11202=DIRECTION('',(0.,0.,1.));
#11203=DIRECTION('',(1.,0.,0.));
#11204=DIRECTION('',(-1.,0.,0.));
#11205=DIRECTION('',(-4.95635278850517E-16,1.,0.));
#11206=DIRECTION('',(0.,1.,0.));
#11207=DIRECTION('',(0.,0.,-1.));
#11208=DIRECTION('',(-1.,0.,0.));
#11209=DIRECTION('',(0.,0.,-1.));
#11210=DIRECTION('',(-1.,0.,0.));
#11211=DIRECTION('',(0.,0.,-1.));
#11212=DIRECTION('',(-1.,0.,0.));
#11213=DIRECTION('',(0.,0.,-1.));
#11214=DIRECTION('',(-1.,0.,0.));
#11215=DIRECTION('',(0.,0.,-1.));
#11216=DIRECTION('',(-1.,0.,0.));
#11217=DIRECTION('',(0.,0.,-1.));
#11218=DIRECTION('',(-1.,0.,0.));
#11219=DIRECTION('',(0.,0.,-1.));
#11220=DIRECTION('',(-1.,0.,0.));
#11221=DIRECTION('',(0.,0.,-1.));
#11222=DIRECTION('',(-1.,0.,0.));
#11223=DIRECTION('',(0.,0.,-1.));
#11224=DIRECTION('',(-1.,0.,0.));
#11225=DIRECTION('',(0.,0.,-1.));
#11226=DIRECTION('',(-1.,0.,0.));
#11227=DIRECTION('',(0.,0.,-1.));
#11228=DIRECTION('',(-1.,0.,0.));
#11229=DIRECTION('',(0.,0.,-1.));
#11230=DIRECTION('',(-1.,0.,0.));
#11231=DIRECTION('',(0.,0.,1.));
#11232=DIRECTION('',(1.,0.,0.));
#11233=DIRECTION('',(0.,0.,1.));
#11234=DIRECTION('',(1.,0.,0.));
#11235=DIRECTION('',(0.,0.,-1.));
#11236=DIRECTION('',(-1.,0.,0.));
#11237=DIRECTION('',(0.,0.,-1.));
#11238=DIRECTION('',(-1.,0.,0.));
#11239=DIRECTION('',(0.,-1.,0.));
#11240=DIRECTION('',(0.,0.,-1.));
#11241=DIRECTION('',(0.,1.,0.));
#11242=DIRECTION('',(0.,0.,1.));
#11243=DIRECTION('',(0.,0.,1.));
#11244=DIRECTION('',(1.,0.,0.));
#11245=DIRECTION('',(-1.,0.,0.));
#11246=DIRECTION('',(0.,0.,1.));
#11247=DIRECTION('',(1.,0.,0.));
#11248=DIRECTION('',(0.,0.,-1.));
#11249=DIRECTION('',(-1.,0.,0.));
#11250=DIRECTION('',(0.,0.,1.));
#11251=DIRECTION('',(0.,0.,1.));
#11252=DIRECTION('',(1.,0.,0.));
#11253=DIRECTION('',(0.,-1.,0.));
#11254=DIRECTION('',(0.,0.,-1.));
#11255=DIRECTION('',(-4.95635278850517E-16,1.,0.));
#11256=DIRECTION('',(-1.,-4.95635278850517E-16,0.));
#11257=DIRECTION('',(0.,-1.,0.));
#11258=DIRECTION('',(0.,0.,-1.));
#11259=DIRECTION('',(0.,1.,0.));
#11260=DIRECTION('',(0.,0.,1.));
#11261=DIRECTION('',(0.,0.,1.));
#11262=DIRECTION('',(1.,0.,0.));
#11263=DIRECTION('',(-1.,0.,0.));
#11264=DIRECTION('',(0.,0.,1.));
#11265=DIRECTION('',(1.,0.,0.));
#11266=DIRECTION('',(0.,0.,-1.));
#11267=DIRECTION('',(-1.,0.,0.));
#11268=DIRECTION('',(0.,0.,1.));
#11269=DIRECTION('',(0.,0.,1.));
#11270=DIRECTION('',(1.,0.,0.));
#11271=DIRECTION('',(0.,-1.,0.));
#11272=DIRECTION('',(0.,0.,-1.));
#11273=DIRECTION('',(0.,1.,0.));
#11274=DIRECTION('',(0.,0.,1.));
#11275=DIRECTION('',(0.,-1.,0.));
#11276=DIRECTION('',(0.,0.,-1.));
#11277=DIRECTION('',(0.,1.,0.));
#11278=DIRECTION('',(0.,0.,1.));
#11279=DIRECTION('',(0.,0.,1.));
#11280=DIRECTION('',(1.,0.,0.));
#11281=DIRECTION('',(-1.,0.,0.));
#11282=DIRECTION('',(0.,0.,1.));
#11283=DIRECTION('',(1.,0.,0.));
#11284=DIRECTION('',(0.,0.,-1.));
#11285=DIRECTION('',(-1.,0.,0.));
#11286=DIRECTION('',(0.,0.,1.));
#11287=DIRECTION('',(0.,0.,1.));
#11288=DIRECTION('',(1.,0.,0.));
#11289=DIRECTION('',(0.,-1.,0.));
#11290=DIRECTION('',(0.,0.,-1.));
#11291=DIRECTION('',(0.,1.,0.));
#11292=DIRECTION('',(0.,0.,1.));
#11293=DIRECTION('',(0.,-1.,0.));
#11294=DIRECTION('',(0.,0.,-1.));
#11295=DIRECTION('',(0.,1.,0.));
#11296=DIRECTION('',(0.,0.,1.));
#11297=DIRECTION('',(0.,0.,1.));
#11298=DIRECTION('',(1.,0.,0.));
#11299=DIRECTION('',(-1.,0.,0.));
#11300=DIRECTION('',(0.,0.,1.));
#11301=DIRECTION('',(1.,0.,0.));
#11302=DIRECTION('',(0.,0.,-1.));
#11303=DIRECTION('',(-1.,0.,0.));
#11304=DIRECTION('',(0.,0.,1.));
#11305=DIRECTION('',(0.,0.,1.));
#11306=DIRECTION('',(1.,0.,0.));
#11307=DIRECTION('',(0.,-1.,0.));
#11308=DIRECTION('',(0.,0.,-1.));
#11309=DIRECTION('',(0.,1.,0.));
#11310=DIRECTION('',(0.,0.,1.));
#11311=DIRECTION('',(0.,0.,-1.));
#11312=DIRECTION('',(-1.,0.,0.));
#11313=DIRECTION('',(0.,0.,1.));
#11314=DIRECTION('',(1.,0.,0.));
#11315=DIRECTION('',(0.,0.,-1.));
#11316=DIRECTION('',(-1.,0.,0.));
#11317=DIRECTION('',(0.,0.,1.));
#11318=DIRECTION('',(1.,0.,0.));
#11319=DIRECTION('',(0.,0.,1.));
#11320=DIRECTION('',(1.,0.,0.));
#11321=DIRECTION('',(0.,-1.,0.));
#11322=DIRECTION('',(-1.,-4.95635278850516E-16,0.));
#11323=DIRECTION('',(1.,1.54197642309049E-16,0.));
#11324=DIRECTION('',(0.,-1.,0.));
#11325=DIRECTION('',(1.,0.,0.));
#11326=DIRECTION('',(-1.,0.,0.));
#11327=DIRECTION('',(0.,0.,1.));
#11328=DIRECTION('',(1.,0.,0.));
#11329=DIRECTION('',(0.,0.,1.));
#11330=DIRECTION('',(1.,0.,0.));
#11331=DIRECTION('',(0.,0.,1.));
#11332=DIRECTION('',(1.,0.,0.));
#11333=DIRECTION('',(0.,0.,1.));
#11334=DIRECTION('',(1.,0.,0.));
#11335=DIRECTION('',(0.,0.,1.));
#11336=DIRECTION('',(1.,0.,0.));
#11337=DIRECTION('',(0.,0.,1.));
#11338=DIRECTION('',(1.,0.,0.));
#11339=DIRECTION('',(0.,0.,1.));
#11340=DIRECTION('',(1.,0.,0.));
#11341=DIRECTION('',(1.,0.,0.));
#11342=DIRECTION('',(0.,1.,0.));
#11343=DIRECTION('',(1.,0.,0.));
#11344=DIRECTION('',(0.,1.,0.));
#11345=DIRECTION('',(0.,1.,0.));
#11346=DIRECTION('',(0.,0.,1.));
#11347=DIRECTION('',(1.,0.,0.));
#11348=DIRECTION('',(0.,0.,1.));
#11349=DIRECTION('',(0.,0.,1.));
#11350=DIRECTION('',(-1.,0.,0.));
#11351=DIRECTION('',(0.,0.,1.));
#11352=DIRECTION('',(0.,0.,1.));
#11353=DIRECTION('',(0.,1.,0.));
#11354=DIRECTION('',(0.,0.,1.));
#11355=DIRECTION('',(-1.,0.,0.));
#11356=DIRECTION('',(0.,0.,1.));
#11357=DIRECTION('',(0.,0.,1.));
#11358=DIRECTION('',(0.,1.,0.));
#11359=DIRECTION('',(0.,0.,1.));
#11360=DIRECTION('',(0.,1.,0.));
#11361=DIRECTION('',(0.,0.,1.));
#11362=DIRECTION('',(0.,0.,1.));
#11363=DIRECTION('',(1.,0.,0.));
#11364=DIRECTION('',(0.,0.,1.));
#11365=DIRECTION('',(0.,0.,1.));
#11366=DIRECTION('',(1.,0.,0.));
#11367=DIRECTION('',(0.,0.,1.));
#11368=DIRECTION('',(1.,0.,0.));
#11369=DIRECTION('',(0.,0.,1.));
#11370=DIRECTION('',(1.,0.,0.));
#11371=DIRECTION('',(0.,0.,1.));
#11372=DIRECTION('',(1.,0.,0.));
#11373=DIRECTION('',(0.,0.,1.));
#11374=DIRECTION('',(1.,0.,0.));
#11375=DIRECTION('',(1.,0.,0.));
#11376=DIRECTION('',(0.,0.,1.));
#11377=DIRECTION('',(1.,0.,0.));
#11378=DIRECTION('',(0.,1.,0.));
#11379=DIRECTION('',(0.,0.,1.));
#11380=DIRECTION('',(1.,0.,0.));
#11381=DIRECTION('',(-1.,0.,0.));
#11382=DIRECTION('',(0.,0.,1.));
#11383=DIRECTION('',(1.,0.,0.));
#11384=DIRECTION('',(0.,-1.,0.));
#11385=DIRECTION('',(1.,0.,0.));
#11386=DIRECTION('',(0.,0.,-1.));
#11387=DIRECTION('',(0.,0.,1.));
#11388=DIRECTION('',(0.,-1.,0.));
#11389=DIRECTION('',(0.,0.,1.));
#11390=DIRECTION('',(0.,-1.,0.));
#11391=DIRECTION('',(0.,0.,-1.));
#11392=DIRECTION('',(0.,0.,1.));
#11393=DIRECTION('',(-1.,0.,0.));
#11394=DIRECTION('',(0.,0.,1.));
#11395=DIRECTION('',(-1.,0.,0.));
#11396=DIRECTION('',(0.,0.,1.));
#11397=DIRECTION('',(0.,0.,1.));
#11398=DIRECTION('',(0.,1.,0.));
#11399=DIRECTION('',(0.,0.,1.));
#11400=DIRECTION('',(0.,1.,0.));
#11401=DIRECTION('',(0.,0.,1.));
#11402=DIRECTION('',(0.,0.,1.));
#11403=DIRECTION('',(1.,0.,0.));
#11404=DIRECTION('',(0.,0.,1.));
#11405=DIRECTION('',(0.,0.,-1.));
#11406=DIRECTION('',(-1.,0.,0.));
#11407=DIRECTION('',(0.,0.,1.));
#11408=DIRECTION('',(1.,0.,0.));
#11409=DIRECTION('',(0.,0.,-1.));
#11410=DIRECTION('',(-1.,0.,0.));
#11411=DIRECTION('',(0.,0.,1.));
#11412=DIRECTION('',(1.,0.,0.));
#11413=DIRECTION('',(0.,0.,-1.));
#11414=DIRECTION('',(-1.,0.,0.));
#11415=DIRECTION('',(0.,0.,1.));
#11416=DIRECTION('',(1.,0.,0.));
#11417=DIRECTION('',(0.,0.,-1.));
#11418=DIRECTION('',(-1.,0.,0.));
#11419=DIRECTION('',(0.,0.,1.));
#11420=DIRECTION('',(1.,0.,0.));
#11421=DIRECTION('',(-1.,0.,0.));
#11422=DIRECTION('',(0.,0.,1.));
#11423=DIRECTION('',(-1.,0.,0.));
#11424=DIRECTION('',(0.,0.,1.));
#11425=DIRECTION('',(1.,0.,0.));
#11426=DIRECTION('',(0.,0.,-1.));
#11427=DIRECTION('',(0.,0.,1.));
#11428=DIRECTION('',(1.,0.,0.));
#11429=DIRECTION('',(0.,-1.,0.));
#11430=DIRECTION('',(0.,0.,-1.));
#11431=DIRECTION('',(0.,0.,1.));
#11432=DIRECTION('',(1.,0.,0.));
#11433=DIRECTION('',(0.,-1.,0.));
#11434=DIRECTION('',(0.,0.,-1.));
#11435=DIRECTION('',(0.,1.,0.));
#11436=DIRECTION('',(0.,0.,1.));
#11437=DIRECTION('',(0.,-1.,0.));
#11438=DIRECTION('',(0.,0.,-1.));
#11439=DIRECTION('',(0.,-1.,0.));
#11440=DIRECTION('',(0.,0.,-1.));
#11441=DIRECTION('',(0.,-1.,0.));
#11442=DIRECTION('',(0.,0.,-1.));
#11443=DIRECTION('',(0.,0.,1.));
#11444=DIRECTION('',(1.,0.,0.));
#11445=DIRECTION('',(-1.,0.,0.));
#11446=DIRECTION('',(0.,0.,1.));
#11447=DIRECTION('',(0.,0.,1.));
#11448=DIRECTION('',(1.,0.,0.));
#11449=DIRECTION('',(1.,0.,0.));
#11450=DIRECTION('',(0.,0.,-1.));
#11451=DIRECTION('',(1.,0.,0.));
#11452=DIRECTION('',(0.,0.,-1.));
#11453=DIRECTION('',(0.,0.,-1.));
#11454=DIRECTION('',(-1.,0.,0.));
#11455=DIRECTION('',(0.,-0.838443616300638,-0.544988350595413));
#11456=DIRECTION('',(-8.40359187477106E-17,0.544988350595414,-0.838443616300637));
#11457=DIRECTION('',(1.,1.54197642309049E-16,0.));
#11458=DIRECTION('',(0.,0.,1.));
#11459=DIRECTION('',(1.,0.,0.));
#11460=DIRECTION('',(0.,4.48859699408999E-14,1.));
#11461=DIRECTION('',(0.,-1.,4.48859699408999E-14));
#11462=DIRECTION('',(0.,1.,-4.48859699408999E-14));
#11463=DIRECTION('',(0.,4.48859699408999E-14,1.));
#11464=DIRECTION('',(0.,-1.,0.));
#11465=DIRECTION('',(0.,0.,-1.));
#11466=DIRECTION('',(-1.,0.,0.));
#11467=DIRECTION('',(0.,0.,1.));
#11468=DIRECTION('',(0.,0.,-1.));
#11469=DIRECTION('',(-1.,0.,0.));
#11470=DIRECTION('',(0.,0.,1.));
#11471=DIRECTION('',(1.,0.,0.));
#11472=DIRECTION('',(1.,0.,0.));
#11473=DIRECTION('',(0.,0.,-1.));
#11474=DIRECTION('',(1.,0.,0.));
#11475=DIRECTION('',(0.,0.,-1.));
#11476=DIRECTION('',(0.,-1.,0.));
#11477=DIRECTION('',(0.,0.,-1.));
#11478=DIRECTION('',(0.,1.,0.));
#11479=DIRECTION('',(0.,0.,1.));
#11480=DIRECTION('',(0.,0.,-1.));
#11481=DIRECTION('',(-1.,0.,0.));
#11482=DIRECTION('',(0.,0.,1.));
#11483=DIRECTION('',(1.,0.,0.));
#11484=DIRECTION('',(0.,1.,-4.48859699408999E-14));
#11485=DIRECTION('',(0.,4.48859699408999E-14,1.));
#11486=DIRECTION('',(0.,-1.,0.));
#11487=DIRECTION('',(0.,0.,-1.));
#11488=DIRECTION('',(1.,0.,0.));
#11489=DIRECTION('',(0.,0.,-1.));
#11490=DIRECTION('',(-1.,0.,0.));
#11491=DIRECTION('',(0.,0.,1.));
#11492=DIRECTION('',(0.,1.,0.));
#11493=DIRECTION('',(0.,0.,1.));
#11494=DIRECTION('',(0.,1.,0.));
#11495=DIRECTION('',(0.,0.,1.));
#11496=DIRECTION('',(-1.,0.,0.));
#11497=DIRECTION('',(0.,0.,1.));
#11498=DIRECTION('',(1.,0.,0.));
#11499=DIRECTION('',(0.,0.,-1.));
#11500=DIRECTION('',(0.,0.,-1.));
#11501=DIRECTION('',(-1.,0.,0.));
#11502=DIRECTION('',(0.,4.48859699408999E-14,1.));
#11503=DIRECTION('',(0.,-1.,4.48859699408999E-14));
#11504=DIRECTION('',(0.,0.,1.));
#11505=DIRECTION('',(1.,0.,0.));
#11506=DIRECTION('',(0.,-1.,0.));
#11507=DIRECTION('',(0.,0.,-1.));
#11508=DIRECTION('',(-1.,0.,0.));
#11509=DIRECTION('',(-1.,0.,0.));
#11510=DIRECTION('',(0.,1.,0.));
#11511=DIRECTION('',(0.,0.,1.));
#11512=DIRECTION('',(1.,0.,0.));
#11513=DIRECTION('',(1.,0.,0.));
#11514=DIRECTION('',(0.,0.,1.));
#11515=DIRECTION('',(1.,0.,0.));
#11516=DIRECTION('',(1.,0.,0.));
#11517=DIRECTION('',(0.,0.,-1.));
#11518=DIRECTION('',(0.707106781186548,-0.707106781186548,0.));
#11519=DIRECTION('',(0.707106781186548,0.707106781186548,0.));
#11520=DIRECTION('',(-1.,0.,0.));
#11521=DIRECTION('',(0.,0.,1.));
#11522=DIRECTION('',(-0.707106781186548,-0.707106781186548,0.));
#11523=DIRECTION('',(-0.707106781186548,0.707106781186548,0.));
#11524=DIRECTION('',(0.,-1.,0.));
#11525=DIRECTION('',(0.,0.,-1.));
#11526=DIRECTION('',(-0.447213595499948,-0.894427190999921,0.));
#11527=DIRECTION('',(0.894427190999921,-0.447213595499948,0.));
#11528=DIRECTION('',(-0.894427190999921,-0.447213595499948,0.));
#11529=DIRECTION('',(0.447213595499948,-0.894427190999921,0.));
#11530=DIRECTION('',(1.,4.95635278850516E-16,0.));
#11531=DIRECTION('',(-4.95635278850516E-16,1.,0.));
#11532=DIRECTION('',(-1.,-1.54197642309049E-16,0.));
#11533=DIRECTION('',(1.54197642309049E-16,-1.,0.));
#11534=DIRECTION('',(-0.894427190999918,0.447213595499955,0.));
#11535=DIRECTION('',(-0.447213595499955,-0.894427190999918,0.));
#11536=DIRECTION('',(-0.447213595499955,0.894427190999918,0.));
#11537=DIRECTION('',(-0.894427190999918,-0.447213595499955,0.));
#11538=DIRECTION('',(0.,-1.,0.));
#11539=DIRECTION('',(0.,0.,-1.));
#11540=DIRECTION('',(-1.,0.,0.));
#11541=DIRECTION('',(0.,0.,1.));
#11542=DIRECTION('',(-1.,0.,0.));
#11543=DIRECTION('',(0.,0.,1.));
#11544=DIRECTION('',(-1.,0.,0.));
#11545=DIRECTION('',(0.,-1.,0.));
#11546=DIRECTION('',(-1.,0.,0.));
#11547=DIRECTION('',(0.,0.,1.));
#11548=DIRECTION('',(-1.,0.,0.));
#11549=DIRECTION('',(0.,0.,1.));
#11550=DIRECTION('',(-1.,0.,0.));
#11551=DIRECTION('',(0.,-1.,0.));
#11552=DIRECTION('',(-1.,0.,0.));
#11553=DIRECTION('',(0.,0.,1.));
#11554=DIRECTION('',(-1.,0.,0.));
#11555=DIRECTION('',(0.,0.,1.));
#11556=DIRECTION('',(-1.,0.,0.));
#11557=DIRECTION('',(0.,-1.,0.));
#11558=DIRECTION('',(-1.,0.,0.));
#11559=DIRECTION('',(0.,0.,1.));
#11560=DIRECTION('',(-1.,0.,0.));
#11561=DIRECTION('',(0.,0.,1.));
#11562=DIRECTION('',(-1.,0.,0.));
#11563=DIRECTION('',(0.,-1.,0.));
#11564=DIRECTION('',(-0.5,0.866025403784439,4.56506177888634E-16));
#11565=DIRECTION('',(-0.866025403784439,-0.5,0.));
#11566=DIRECTION('',(0.859681241989298,0.496337196479793,-0.120820319327164));
#11567=DIRECTION('',(8.52408940900797E-16,-3.49893978927413E-17,1.));
#11568=DIRECTION('',(-7.56201019784398E-16,9.05350670474682E-17,-1.));
#11569=DIRECTION('',(0.859681241989298,0.496337196479793,-0.120820319327164));
#11570=DIRECTION('',(0.138725987359917,0.0800934861458444,0.98708669016861));
#11571=DIRECTION('',(-0.840300748138485,-0.485147863137998,-0.241921895599669));
#11572=DIRECTION('',(0.866025403784439,0.5,8.87468518373639E-31));
#11573=DIRECTION('',(0.859681241989298,0.496337196479793,-0.120820319327164));
#11574=DIRECTION('',(0.138725987359917,0.0800934861458444,0.98708669016861));
#11575=DIRECTION('',(0.138725987359917,0.0800934861458444,0.98708669016861));
#11576=DIRECTION('',(-2.28253088944317E-16,3.95345947036096E-16,-1.));
#11577=DIRECTION('',(1.,9.0238933612605E-32,-2.28253088944317E-16));
#11578=DIRECTION('',(0.5,-0.866025403784439,-4.56506177888634E-16));
#11579=DIRECTION('',(1.,1.54197642309049E-16,-2.28253088944317E-16));
#11580=DIRECTION('',(1.,1.54197642309049E-16,-2.28253088944317E-16));
#11581=DIRECTION('',(-2.28253088944317E-16,0.,-1.));
#11582=DIRECTION('',(0.209510507321,0.120960947799835,-0.970295726275996));
#11583=DIRECTION('',(-0.5,0.866025403784439,4.56506177888634E-16));
#11584=DIRECTION('',(0.99026806874157,0.,-0.139173100960065));
#11585=DIRECTION('',(-0.139173100960065,0.,-0.99026806874157));
#11586=DIRECTION('',(0.,1.,0.));
#11587=DIRECTION('',(0.139173100960065,0.,0.99026806874157));
#11588=DIRECTION('',(2.48962502370467E-16,-1.,-3.49893978927416E-17));
#11589=DIRECTION('',(1.,2.48962502370467E-16,0.));
#11590=DIRECTION('',(0.139173100960065,0.,0.99026806874157));
#11591=DIRECTION('',(0.99026806874157,2.5140919941693E-16,-0.139173100960065));
#11592=DIRECTION('',(0.139173100960065,0.,0.99026806874157));
#11593=DIRECTION('',(0.99026806874157,0.,-0.139173100960065));
#11594=DIRECTION('',(0.,-1.,0.));
#11595=DIRECTION('',(-0.99026806874157,-2.89120579329467E-16,0.139173100960065));
#11596=DIRECTION('',(0.,-1.,0.));
#11597=DIRECTION('',(0.99026806874157,4.95635278850515E-16,-0.139173100960065));
#11598=DIRECTION('',(0.,1.,0.));
#11599=DIRECTION('',(-0.99026806874157,-6.50521303491305E-16,0.139173100960065));
#11600=DIRECTION('',(0.,-1.,0.));
#11601=DIRECTION('',(0.99026806874157,3.27306316222041E-16,-0.139173100960065));
#11602=DIRECTION('',(4.90811790387489E-16,-1.,-6.89790987028329E-17));
#11603=DIRECTION('',(1.,4.90811790387489E-16,0.));
#11604=DIRECTION('',(0.139173100960065,0.,0.99026806874157));
#11605=DIRECTION('',(0.139173100960065,0.,0.99026806874157));
#11606=DIRECTION('',(0.99026806874157,0.,-0.139173100960065));
#11607=DIRECTION('',(-0.139173100960065,0.,-0.99026806874157));
#11608=DIRECTION('',(0.139173100960065,0.,0.99026806874157));
#11609=DIRECTION('',(-6.44190474883583E-16,1.,9.05350670474687E-17));
#11610=DIRECTION('',(-1.,-6.44190474883583E-16,0.));
#11611=DIRECTION('',(0.139173100960065,0.,0.99026806874157));
#11612=DIRECTION('',(-0.99026806874157,0.,0.139173100960065));
#11613=DIRECTION('',(0.139173100960065,0.,0.99026806874157));
#11614=DIRECTION('',(0.139173100960065,0.,0.99026806874157));
#11615=DIRECTION('',(3.24120993652118E-16,-1.,-4.55522349924372E-17));
#11616=DIRECTION('',(1.,3.24120993652118E-16,0.));
#11617=DIRECTION('',(-0.99026806874157,0.,0.139173100960065));
#11618=DIRECTION('',(0.139173100960065,0.,0.99026806874157));
#11619=DIRECTION('',(0.139173100960065,0.,0.99026806874157));
#11620=DIRECTION('',(-2.86306877726035E-16,1.,4.02378075766524E-17));
#11621=DIRECTION('',(-1.,-2.86306877726035E-16,0.));
#11622=DIRECTION('',(0.139173100960065,0.,0.99026806874157));
#11623=DIRECTION('',(-0.99026806874157,0.,0.139173100960065));
#11624=DIRECTION('',(0.139173100960065,0.,0.99026806874157));
#11625=DIRECTION('',(-0.99026806874157,0.,0.139173100960065));
#11626=DIRECTION('',(0.139173100960065,0.,0.99026806874157));
#11627=DIRECTION('',(0.139173100960065,0.,0.99026806874157));
#11628=DIRECTION('',(0.,-1.,0.));
#11629=DIRECTION('',(0.139173100960065,0.,0.99026806874157));
#11630=DIRECTION('',(0.,-1.,0.));
#11631=DIRECTION('',(0.,0.,-1.));
#11632=DIRECTION('',(0.139173100960065,0.,0.99026806874157));
#11633=DIRECTION('',(0.99026806874157,0.,-0.139173100960065));
#11634=DIRECTION('',(0.99026806874157,0.,-0.139173100960065));
#11635=DIRECTION('',(-0.139173100960065,0.,-0.99026806874157));
#11636=DIRECTION('',(0.139173100960065,0.,0.99026806874157));
#11637=DIRECTION('',(0.,1.,0.));
#11638=DIRECTION('',(0.,-1.,0.));
#11639=DIRECTION('',(0.,0.,-1.));
#11640=DIRECTION('',(0.139173100960065,0.,0.99026806874157));
#11641=DIRECTION('',(0.99026806874157,0.,-0.139173100960065));
#11642=DIRECTION('',(0.99026806874157,0.,-0.139173100960065));
#11643=DIRECTION('',(-0.139173100960065,0.,-0.99026806874157));
#11644=DIRECTION('',(0.139173100960065,0.,0.99026806874157));
#11645=DIRECTION('',(0.,1.,0.));
#11646=DIRECTION('',(-1.24481251185233E-16,1.,1.74946989463708E-17));
#11647=DIRECTION('',(-1.,-1.24481251185233E-16,0.));
#11648=DIRECTION('',(0.139173100960065,0.,0.99026806874157));
#11649=DIRECTION('',(-0.99026806874157,-1.25704599708464E-16,0.139173100960065));
#11650=DIRECTION('',(-0.99026806874157,0.,0.139173100960065));
#11651=DIRECTION('',(0.139173100960065,0.,0.99026806874157));
#11652=DIRECTION('',(0.139173100960065,0.,0.99026806874157));
#11653=DIRECTION('',(0.,-1.,0.));
#11654=DIRECTION('',(0.,1.,0.));
#11655=DIRECTION('',(0.,0.,1.));
#11656=DIRECTION('',(0.139173100960065,0.,0.99026806874157));
#11657=DIRECTION('',(-0.99026806874157,0.,0.139173100960065));
#11658=DIRECTION('',(-0.99026806874157,0.,0.139173100960065));
#11659=DIRECTION('',(0.139173100960065,0.,0.99026806874157));
#11660=DIRECTION('',(0.139173100960065,0.,0.99026806874157));
#11661=DIRECTION('',(0.,-1.,0.));
#11662=DIRECTION('',(0.,-1.,0.));
#11663=DIRECTION('',(0.,0.,-1.));
#11664=DIRECTION('',(0.99026806874157,0.,-0.139173100960065));
#11665=DIRECTION('',(0.139173100960065,0.,0.99026806874157));
#11666=DIRECTION('',(0.99026806874157,0.,-0.139173100960065));
#11667=DIRECTION('',(-0.99026806874157,0.,0.139173100960065));
#11668=DIRECTION('',(0.139173100960065,0.,0.99026806874157));
#11669=DIRECTION('',(0.139173100960065,0.,0.99026806874157));
#11670=DIRECTION('',(0.,-1.,0.));
#11671=DIRECTION('',(0.139173100960065,0.,0.99026806874157));
#11672=DIRECTION('',(0.,-1.,0.));
#11673=DIRECTION('',(0.,0.,-1.));
#11674=DIRECTION('',(0.139173100960065,0.,0.99026806874157));
#11675=DIRECTION('',(0.99026806874157,0.,-0.139173100960065));
#11676=DIRECTION('',(0.99026806874157,0.,-0.139173100960065));
#11677=DIRECTION('',(-0.139173100960065,0.,-0.99026806874157));
#11678=DIRECTION('',(0.139173100960065,0.,0.99026806874157));
#11679=DIRECTION('',(0.,1.,0.));
#11680=DIRECTION('',(0.,-1.,0.));
#11681=DIRECTION('',(0.,0.,-1.));
#11682=DIRECTION('',(0.139173100960065,0.,0.99026806874157));
#11683=DIRECTION('',(0.99026806874157,0.,-0.139173100960065));
#11684=DIRECTION('',(0.99026806874157,0.,-0.139173100960065));
#11685=DIRECTION('',(-0.139173100960065,0.,-0.99026806874157));
#11686=DIRECTION('',(0.139173100960065,0.,0.99026806874157));
#11687=DIRECTION('',(0.,1.,0.));
#11688=DIRECTION('',(-6.06846099528013E-16,1.,8.52866573635574E-17));
#11689=DIRECTION('',(-1.,-6.06846099528013E-16,0.));
#11690=DIRECTION('',(0.139173100960065,0.,0.99026806874157));
#11691=DIRECTION('',(-0.99026806874157,-6.12809923578765E-16,0.139173100960065));
#11692=DIRECTION('',(-0.99026806874157,0.,0.139173100960065));
#11693=DIRECTION('',(0.139173100960065,0.,0.99026806874157));
#11694=DIRECTION('',(0.139173100960065,0.,0.99026806874157));
#11695=DIRECTION('',(0.,-1.,0.));
#11696=DIRECTION('',(0.,1.,0.));
#11697=DIRECTION('',(0.,0.,1.));
#11698=DIRECTION('',(0.139173100960065,0.,0.99026806874157));
#11699=DIRECTION('',(-0.99026806874157,0.,0.139173100960065));
#11700=DIRECTION('',(-0.99026806874157,0.,0.139173100960065));
#11701=DIRECTION('',(0.139173100960065,0.,0.99026806874157));
#11702=DIRECTION('',(0.139173100960065,0.,0.99026806874157));
#11703=DIRECTION('',(0.,-1.,0.));
#11704=DIRECTION('',(0.,-1.,0.));
#11705=DIRECTION('',(0.,0.,-1.));
#11706=DIRECTION('',(0.99026806874157,0.,-0.139173100960065));
#11707=DIRECTION('',(0.139173100960065,0.,0.99026806874157));
#11708=DIRECTION('',(0.99026806874157,0.,-0.139173100960065));
#11709=DIRECTION('',(-0.99026806874157,0.,0.139173100960065));
#11710=DIRECTION('',(0.139173100960065,0.,0.99026806874157));
#11711=DIRECTION('',(0.139173100960065,0.,0.99026806874157));
#11712=DIRECTION('',(0.,-1.,0.));
#11713=DIRECTION('',(0.139173100960065,0.,0.99026806874157));
#11714=DIRECTION('',(0.,-1.,0.));
#11715=DIRECTION('',(0.,0.,-1.));
#11716=DIRECTION('',(0.139173100960065,0.,0.99026806874157));
#11717=DIRECTION('',(0.99026806874157,0.,-0.139173100960065));
#11718=DIRECTION('',(0.99026806874157,0.,-0.139173100960065));
#11719=DIRECTION('',(-0.139173100960065,0.,-0.99026806874157));
#11720=DIRECTION('',(0.139173100960065,0.,0.99026806874157));
#11721=DIRECTION('',(0.,1.,0.));
#11722=DIRECTION('',(3.24120993652117E-16,-1.,-4.55522349924369E-17));
#11723=DIRECTION('',(1.,3.24120993652117E-16,0.));
#11724=DIRECTION('',(0.139173100960065,0.,0.99026806874157));
#11725=DIRECTION('',(0.99026806874157,3.27306316222039E-16,-0.139173100960065));
#11726=DIRECTION('',(0.99026806874157,0.,-0.139173100960065));
#11727=DIRECTION('',(-0.139173100960065,0.,-0.99026806874157));
#11728=DIRECTION('',(0.139173100960065,0.,0.99026806874157));
#11729=DIRECTION('',(0.,1.,0.));
#11730=DIRECTION('',(-1.24481251185233E-16,1.,1.74946989463708E-17));
#11731=DIRECTION('',(-1.,-1.24481251185233E-16,0.));
#11732=DIRECTION('',(0.139173100960065,0.,0.99026806874157));
#11733=DIRECTION('',(-0.99026806874157,-1.25704599708465E-16,0.139173100960065));
#11734=DIRECTION('',(-0.99026806874157,0.,0.139173100960065));
#11735=DIRECTION('',(0.139173100960065,0.,0.99026806874157));
#11736=DIRECTION('',(0.139173100960065,0.,0.99026806874157));
#11737=DIRECTION('',(0.,-1.,0.));
#11738=DIRECTION('',(0.,1.,0.));
#11739=DIRECTION('',(0.,0.,1.));
#11740=DIRECTION('',(0.139173100960065,0.,0.99026806874157));
#11741=DIRECTION('',(-0.99026806874157,0.,0.139173100960065));
#11742=DIRECTION('',(-0.99026806874157,0.,0.139173100960065));
#11743=DIRECTION('',(0.139173100960065,0.,0.99026806874157));
#11744=DIRECTION('',(0.139173100960065,0.,0.99026806874157));
#11745=DIRECTION('',(0.,-1.,0.));
#11746=DIRECTION('',(4.9081179038749E-16,-1.,-6.89790987028331E-17));
#11747=DIRECTION('',(1.,4.9081179038749E-16,0.));
#11748=DIRECTION('',(0.99026806874157,4.95635278850516E-16,-0.139173100960065));
#11749=DIRECTION('',(0.139173100960065,0.,0.99026806874157));
#11750=DIRECTION('',(0.99026806874157,0.,-0.139173100960065));
#11751=DIRECTION('',(2.48962502370467E-16,-1.,-3.49893978927415E-17));
#11752=DIRECTION('',(1.,2.48962502370467E-16,0.));
#11753=DIRECTION('',(0.139173100960065,0.,0.99026806874157));
#11754=DIRECTION('',(0.99026806874157,2.5140919941693E-16,-0.139173100960065));
#11755=DIRECTION('',(0.139173100960065,0.,0.99026806874157));
#11756=DIRECTION('',(0.99026806874157,0.,-0.139173100960065));
#11757=DIRECTION('',(-0.139173100960065,0.,-0.99026806874157));
#11758=DIRECTION('',(0.139173100960065,0.,0.99026806874157));
#11759=DIRECTION('',(0.,1.,0.));
#11760=DIRECTION('',(0.,-1.,0.));
#11761=DIRECTION('',(0.,0.,-1.));
#11762=DIRECTION('',(0.139173100960065,0.,0.99026806874157));
#11763=DIRECTION('',(0.99026806874157,0.,-0.139173100960065));
#11764=DIRECTION('',(0.99026806874157,0.,-0.139173100960065));
#11765=DIRECTION('',(-0.139173100960065,0.,-0.99026806874157));
#11766=DIRECTION('',(0.139173100960065,0.,0.99026806874157));
#11767=DIRECTION('',(0.,1.,0.));
#11768=DIRECTION('',(0.,1.,0.));
#11769=DIRECTION('',(0.,0.,1.));
#11770=DIRECTION('',(0.139173100960065,0.,0.99026806874157));
#11771=DIRECTION('',(-0.99026806874157,0.,0.139173100960065));
#11772=DIRECTION('',(0.99026806874157,0.,-0.139173100960065));
#11773=DIRECTION('',(-0.139173100960065,0.,-0.99026806874157));
#11774=DIRECTION('',(0.139173100960065,0.,0.99026806874157));
#11775=DIRECTION('',(0.,1.,0.));
#11776=DIRECTION('',(-1.28838094976717E-15,1.,1.81070134094937E-16));
#11777=DIRECTION('',(-1.,-1.28838094976717E-15,0.));
#11778=DIRECTION('',(0.139173100960065,0.,0.99026806874157));
#11779=DIRECTION('',(-0.99026806874157,-1.30104260698261E-15,0.139173100960065));
#11780=DIRECTION('',(-0.99026806874157,0.,0.139173100960065));
#11781=DIRECTION('',(0.139173100960065,0.,0.99026806874157));
#11782=DIRECTION('',(0.139173100960065,0.,0.99026806874157));
#11783=DIRECTION('',(0.,-1.,0.));
#11784=DIRECTION('',(0.,1.,0.));
#11785=DIRECTION('',(0.,0.,1.));
#11786=DIRECTION('',(0.139173100960065,0.,0.99026806874157));
#11787=DIRECTION('',(-0.99026806874157,0.,0.139173100960065));
#11788=DIRECTION('',(-0.99026806874157,0.,0.139173100960065));
#11789=DIRECTION('',(0.139173100960065,0.,0.99026806874157));
#11790=DIRECTION('',(0.,-1.,0.));
#11791=DIRECTION('',(0.139173100960065,0.,0.99026806874157));
#11792=DIRECTION('',(0.99026806874157,0.,-0.139173100960065));
#11793=DIRECTION('',(-0.99026806874157,0.,0.139173100960065));
#11794=DIRECTION('',(0.139173100960065,0.,0.99026806874157));
#11795=DIRECTION('',(0.139173100960065,0.,0.99026806874157));
#11796=DIRECTION('',(0.,-1.,0.));
#11797=DIRECTION('',(0.139173100960065,0.,0.99026806874157));
#11798=DIRECTION('',(-4.29460316589055E-16,-1.,6.03567113649792E-17));
#11799=DIRECTION('',(1.,-4.29460316589055E-16,0.));
#11800=DIRECTION('',(0.139173100960065,0.,0.99026806874157));
#11801=DIRECTION('',(0.99026806874157,-4.33680868994204E-16,-0.139173100960065));
#11802=DIRECTION('',(0.99026806874157,0.,-0.139173100960065));
#11803=DIRECTION('',(-0.139173100960065,0.,-0.99026806874157));
#11804=DIRECTION('',(0.139173100960065,0.,0.99026806874157));
#11805=DIRECTION('',(0.,1.,0.));
#11806=DIRECTION('',(0.,1.,0.));
#11807=DIRECTION('',(0.,0.,1.));
#11808=DIRECTION('',(0.139173100960065,0.,0.99026806874157));
#11809=DIRECTION('',(-0.99026806874157,0.,0.139173100960065));
#11810=DIRECTION('',(-0.99026806874157,0.,0.139173100960065));
#11811=DIRECTION('',(0.139173100960065,0.,0.99026806874157));
#11812=DIRECTION('',(0.139173100960065,0.,0.99026806874157));
#11813=DIRECTION('',(0.,-1.,0.));
#11814=DIRECTION('',(-1.24481251185233E-16,1.,1.74946989463708E-17));
#11815=DIRECTION('',(-1.,-1.24481251185233E-16,0.));
#11816=DIRECTION('',(0.139173100960065,0.,0.99026806874157));
#11817=DIRECTION('',(-0.99026806874157,-1.25704599708465E-16,0.139173100960065));
#11818=DIRECTION('',(-0.99026806874157,0.,0.139173100960065));
#11819=DIRECTION('',(0.139173100960065,0.,0.99026806874157));
#11820=DIRECTION('',(0.139173100960065,0.,0.99026806874157));
#11821=DIRECTION('',(0.,-1.,0.));
#11822=DIRECTION('',(0.,1.,0.));
#11823=DIRECTION('',(0.,0.,1.));
#11824=DIRECTION('',(0.139173100960065,0.,0.99026806874157));
#11825=DIRECTION('',(-0.99026806874157,0.,0.139173100960065));
#11826=DIRECTION('',(-0.99026806874157,0.,0.139173100960065));
#11827=DIRECTION('',(0.139173100960065,0.,0.99026806874157));
#11828=DIRECTION('',(0.139173100960065,0.,0.99026806874157));
#11829=DIRECTION('',(0.,-1.,0.));
#11830=DIRECTION('',(0.,-1.,0.));
#11831=DIRECTION('',(0.,0.,-1.));
#11832=DIRECTION('',(0.99026806874157,0.,-0.139173100960065));
#11833=DIRECTION('',(0.139173100960065,0.,0.99026806874157));
#11834=DIRECTION('',(0.99026806874157,0.,-0.139173100960065));
#11835=DIRECTION('',(0.139173100960065,0.,0.99026806874157));
#11836=DIRECTION('',(0.99026806874157,0.,-0.139173100960065));
#11837=DIRECTION('',(0.,1.,0.));
#11838=DIRECTION('',(0.99026806874157,2.5140919941693E-16,-0.139173100960065));
#11839=DIRECTION('',(0.,-1.,0.));
#11840=DIRECTION('',(-0.99026806874157,-2.89120579329467E-16,0.139173100960065));
#11841=DIRECTION('',(0.,-1.,0.));
#11842=DIRECTION('',(0.99026806874157,4.95635278850515E-16,-0.139173100960065));
#11843=DIRECTION('',(0.,1.,0.));
#11844=DIRECTION('',(0.99026806874157,0.,-0.139173100960065));
#11845=DIRECTION('',(-0.139173100960065,0.,-0.99026806874157));
#11846=DIRECTION('',(0.139173100960065,0.,0.99026806874157));
#11847=DIRECTION('',(0.99026806874157,0.,-0.139173100960065));
#11848=DIRECTION('',(-0.139173100960065,0.,-0.99026806874157));
#11849=DIRECTION('',(0.139173100960065,0.,0.99026806874157));
#11850=DIRECTION('',(-0.99026806874157,0.,0.139173100960065));
#11851=DIRECTION('',(0.139173100960065,0.,0.99026806874157));
#11852=DIRECTION('',(0.139173100960065,0.,0.99026806874157));
#11853=DIRECTION('',(0.139173100960065,0.,0.99026806874157));
#11854=DIRECTION('',(-2.86306877726035E-16,1.,4.02378075766524E-17));
#11855=DIRECTION('',(-1.,-2.86306877726035E-16,0.));
#11856=DIRECTION('',(0.139173100960065,0.,0.99026806874157));
#11857=DIRECTION('',(-0.99026806874157,0.,0.139173100960065));
#11858=DIRECTION('',(0.139173100960065,0.,0.99026806874157));
#11859=DIRECTION('',(0.139173100960065,0.,0.99026806874157));
#11860=DIRECTION('',(2.48962502370467E-16,-1.,-3.49893978927416E-17));
#11861=DIRECTION('',(1.,2.48962502370467E-16,0.));
#11862=DIRECTION('',(4.90811790387489E-16,-1.,-6.89790987028329E-17));
#11863=DIRECTION('',(1.,4.90811790387489E-16,0.));
#11864=DIRECTION('',(-6.44190474883583E-16,1.,9.05350670474687E-17));
#11865=DIRECTION('',(-1.,-6.44190474883583E-16,0.));
#11866=DIRECTION('',(0.139173100960065,0.,0.99026806874157));
#11867=DIRECTION('',(-0.99026806874157,-6.50521303491305E-16,0.139173100960065));
#11868=DIRECTION('',(-0.99026806874157,0.,0.139173100960065));
#11869=DIRECTION('',(0.139173100960065,0.,0.99026806874157));
#11870=DIRECTION('',(0.,-1.,0.));
#11871=DIRECTION('',(0.139173100960065,0.,0.99026806874157));
#11872=DIRECTION('',(0.99026806874157,0.,-0.139173100960065));
#11873=DIRECTION('',(0.99026806874157,0.,-0.139173100960065));
#11874=DIRECTION('',(-0.139173100960065,0.,-0.99026806874157));
#11875=DIRECTION('',(0.,1.,0.));
#11876=DIRECTION('',(0.139173100960065,0.,0.99026806874157));
#11877=DIRECTION('',(-1.24481251185233E-16,1.,1.74946989463708E-17));
#11878=DIRECTION('',(-1.,-1.24481251185233E-16,0.));
#11879=DIRECTION('',(0.139173100960065,0.,0.99026806874157));
#11880=DIRECTION('',(-0.99026806874157,-1.25704599708464E-16,0.139173100960065));
#11881=DIRECTION('',(0.139173100960065,0.,0.99026806874157));
#11882=DIRECTION('',(0.99026806874157,0.,-0.139173100960065));
#11883=DIRECTION('',(0.,-1.,0.));
#11884=DIRECTION('',(-0.99026806874157,0.,0.139173100960065));
#11885=DIRECTION('',(0.,-1.,0.));
#11886=DIRECTION('',(0.99026806874157,0.,-0.139173100960065));
#11887=DIRECTION('',(0.,-1.,0.));
#11888=DIRECTION('',(0.99026806874157,0.,-0.139173100960065));
#11889=DIRECTION('',(0.,1.,0.));
#11890=DIRECTION('',(0.99026806874157,0.,-0.139173100960065));
#11891=DIRECTION('',(-0.99026806874157,0.,0.139173100960065));
#11892=DIRECTION('',(0.139173100960065,0.,0.99026806874157));
#11893=DIRECTION('',(0.139173100960065,0.,0.99026806874157));
#11894=DIRECTION('',(0.139173100960065,0.,0.99026806874157));
#11895=DIRECTION('',(0.,-1.,0.));
#11896=DIRECTION('',(0.,0.,-1.));
#11897=DIRECTION('',(0.139173100960065,0.,0.99026806874157));
#11898=DIRECTION('',(0.99026806874157,0.,-0.139173100960065));
#11899=DIRECTION('',(-0.139173100960065,0.,-0.99026806874157));
#11900=DIRECTION('',(0.139173100960065,0.,0.99026806874157));
#11901=DIRECTION('',(0.,-1.,0.));
#11902=DIRECTION('',(0.,0.,-1.));
#11903=DIRECTION('',(-0.99026806874157,0.,0.139173100960065));
#11904=DIRECTION('',(0.139173100960065,0.,0.99026806874157));
#11905=DIRECTION('',(0.139173100960065,0.,0.99026806874157));
#11906=DIRECTION('',(0.,1.,0.));
#11907=DIRECTION('',(0.,0.,1.));
#11908=DIRECTION('',(0.139173100960065,0.,0.99026806874157));
#11909=DIRECTION('',(-0.99026806874157,0.,0.139173100960065));
#11910=DIRECTION('',(0.139173100960065,0.,0.99026806874157));
#11911=DIRECTION('',(0.139173100960065,0.,0.99026806874157));
#11912=DIRECTION('',(0.,-1.,0.));
#11913=DIRECTION('',(0.,0.,-1.));
#11914=DIRECTION('',(-0.99026806874157,0.,0.139173100960065));
#11915=DIRECTION('',(0.139173100960065,0.,0.99026806874157));
#11916=DIRECTION('',(0.139173100960065,0.,0.99026806874157));
#11917=DIRECTION('',(0.,-1.,0.));
#11918=DIRECTION('',(0.139173100960065,0.,0.99026806874157));
#11919=DIRECTION('',(0.,-1.,0.));
#11920=DIRECTION('',(0.,0.,-1.));
#11921=DIRECTION('',(0.139173100960065,0.,0.99026806874157));
#11922=DIRECTION('',(0.99026806874157,0.,-0.139173100960065));
#11923=DIRECTION('',(0.99026806874157,0.,-0.139173100960065));
#11924=DIRECTION('',(-0.139173100960065,0.,-0.99026806874157));
#11925=DIRECTION('',(0.139173100960065,0.,0.99026806874157));
#11926=DIRECTION('',(0.,1.,0.));
#11927=DIRECTION('',(0.,-1.,0.));
#11928=DIRECTION('',(0.,0.,-1.));
#11929=DIRECTION('',(0.139173100960065,0.,0.99026806874157));
#11930=DIRECTION('',(0.99026806874157,0.,-0.139173100960065));
#11931=DIRECTION('',(0.99026806874157,0.,-0.139173100960065));
#11932=DIRECTION('',(-0.139173100960065,0.,-0.99026806874157));
#11933=DIRECTION('',(0.139173100960065,0.,0.99026806874157));
#11934=DIRECTION('',(0.,1.,0.));
#11935=DIRECTION('',(-6.06846099528013E-16,1.,8.52866573635574E-17));
#11936=DIRECTION('',(-1.,-6.06846099528013E-16,0.));
#11937=DIRECTION('',(0.139173100960065,0.,0.99026806874157));
#11938=DIRECTION('',(-0.99026806874157,-6.12809923578765E-16,0.139173100960065));
#11939=DIRECTION('',(-0.99026806874157,0.,0.139173100960065));
#11940=DIRECTION('',(0.139173100960065,0.,0.99026806874157));
#11941=DIRECTION('',(0.139173100960065,0.,0.99026806874157));
#11942=DIRECTION('',(0.,-1.,0.));
#11943=DIRECTION('',(0.,1.,0.));
#11944=DIRECTION('',(0.,0.,1.));
#11945=DIRECTION('',(0.139173100960065,0.,0.99026806874157));
#11946=DIRECTION('',(-0.99026806874157,0.,0.139173100960065));
#11947=DIRECTION('',(-0.99026806874157,0.,0.139173100960065));
#11948=DIRECTION('',(0.139173100960065,0.,0.99026806874157));
#11949=DIRECTION('',(0.139173100960065,0.,0.99026806874157));
#11950=DIRECTION('',(0.,-1.,0.));
#11951=DIRECTION('',(0.,-1.,0.));
#11952=DIRECTION('',(0.,0.,-1.));
#11953=DIRECTION('',(0.99026806874157,0.,-0.139173100960065));
#11954=DIRECTION('',(0.139173100960065,0.,0.99026806874157));
#11955=DIRECTION('',(0.99026806874157,0.,-0.139173100960065));
#11956=DIRECTION('',(-0.99026806874157,0.,0.139173100960065));
#11957=DIRECTION('',(0.139173100960065,0.,0.99026806874157));
#11958=DIRECTION('',(0.139173100960065,0.,0.99026806874157));
#11959=DIRECTION('',(0.,-1.,0.));
#11960=DIRECTION('',(0.139173100960065,0.,0.99026806874157));
#11961=DIRECTION('',(0.,-1.,0.));
#11962=DIRECTION('',(0.,0.,-1.));
#11963=DIRECTION('',(0.139173100960065,0.,0.99026806874157));
#11964=DIRECTION('',(0.99026806874157,0.,-0.139173100960065));
#11965=DIRECTION('',(0.99026806874157,0.,-0.139173100960065));
#11966=DIRECTION('',(-0.139173100960065,0.,-0.99026806874157));
#11967=DIRECTION('',(0.139173100960065,0.,0.99026806874157));
#11968=DIRECTION('',(0.,1.,0.));
#11969=DIRECTION('',(3.24120993652117E-16,-1.,-4.55522349924369E-17));
#11970=DIRECTION('',(1.,3.24120993652117E-16,0.));
#11971=DIRECTION('',(0.139173100960065,0.,0.99026806874157));
#11972=DIRECTION('',(0.99026806874157,3.27306316222039E-16,-0.139173100960065));
#11973=DIRECTION('',(0.99026806874157,0.,-0.139173100960065));
#11974=DIRECTION('',(-0.139173100960065,0.,-0.99026806874157));
#11975=DIRECTION('',(0.139173100960065,0.,0.99026806874157));
#11976=DIRECTION('',(0.,1.,0.));
#11977=DIRECTION('',(-1.24481251185233E-16,1.,1.74946989463708E-17));
#11978=DIRECTION('',(-1.,-1.24481251185233E-16,0.));
#11979=DIRECTION('',(0.139173100960065,0.,0.99026806874157));
#11980=DIRECTION('',(-0.99026806874157,-1.25704599708465E-16,0.139173100960065));
#11981=DIRECTION('',(-0.99026806874157,0.,0.139173100960065));
#11982=DIRECTION('',(0.139173100960065,0.,0.99026806874157));
#11983=DIRECTION('',(0.139173100960065,0.,0.99026806874157));
#11984=DIRECTION('',(0.,-1.,0.));
#11985=DIRECTION('',(0.,1.,0.));
#11986=DIRECTION('',(0.,0.,1.));
#11987=DIRECTION('',(0.139173100960065,0.,0.99026806874157));
#11988=DIRECTION('',(-0.99026806874157,0.,0.139173100960065));
#11989=DIRECTION('',(-0.99026806874157,0.,0.139173100960065));
#11990=DIRECTION('',(0.139173100960065,0.,0.99026806874157));
#11991=DIRECTION('',(0.139173100960065,0.,0.99026806874157));
#11992=DIRECTION('',(0.,-1.,0.));
#11993=DIRECTION('',(4.9081179038749E-16,-1.,-6.89790987028331E-17));
#11994=DIRECTION('',(1.,4.9081179038749E-16,0.));
#11995=DIRECTION('',(0.99026806874157,4.95635278850516E-16,-0.139173100960065));
#11996=DIRECTION('',(0.139173100960065,0.,0.99026806874157));
#11997=DIRECTION('',(0.99026806874157,0.,-0.139173100960065));
#11998=DIRECTION('',(2.48962502370467E-16,-1.,-3.49893978927415E-17));
#11999=DIRECTION('',(1.,2.48962502370467E-16,0.));
#12000=DIRECTION('',(0.139173100960065,0.,0.99026806874157));
#12001=DIRECTION('',(0.99026806874157,2.5140919941693E-16,-0.139173100960065));
#12002=DIRECTION('',(0.139173100960065,0.,0.99026806874157));
#12003=DIRECTION('',(0.99026806874157,0.,-0.139173100960065));
#12004=DIRECTION('',(-0.139173100960065,0.,-0.99026806874157));
#12005=DIRECTION('',(0.139173100960065,0.,0.99026806874157));
#12006=DIRECTION('',(0.,1.,0.));
#12007=DIRECTION('',(0.,-1.,0.));
#12008=DIRECTION('',(0.,0.,-1.));
#12009=DIRECTION('',(0.139173100960065,0.,0.99026806874157));
#12010=DIRECTION('',(0.99026806874157,0.,-0.139173100960065));
#12011=DIRECTION('',(0.99026806874157,0.,-0.139173100960065));
#12012=DIRECTION('',(-0.139173100960065,0.,-0.99026806874157));
#12013=DIRECTION('',(0.139173100960065,0.,0.99026806874157));
#12014=DIRECTION('',(0.,1.,0.));
#12015=DIRECTION('',(0.,1.,0.));
#12016=DIRECTION('',(0.,0.,1.));
#12017=DIRECTION('',(0.139173100960065,0.,0.99026806874157));
#12018=DIRECTION('',(-0.99026806874157,0.,0.139173100960065));
#12019=DIRECTION('',(0.99026806874157,0.,-0.139173100960065));
#12020=DIRECTION('',(-0.139173100960065,0.,-0.99026806874157));
#12021=DIRECTION('',(0.139173100960065,0.,0.99026806874157));
#12022=DIRECTION('',(0.,1.,0.));
#12023=DIRECTION('',(-1.28838094976717E-15,1.,1.81070134094937E-16));
#12024=DIRECTION('',(-1.,-1.28838094976717E-15,0.));
#12025=DIRECTION('',(0.139173100960065,0.,0.99026806874157));
#12026=DIRECTION('',(-0.99026806874157,-1.30104260698261E-15,0.139173100960065));
#12027=DIRECTION('',(-0.99026806874157,0.,0.139173100960065));
#12028=DIRECTION('',(0.139173100960065,0.,0.99026806874157));
#12029=DIRECTION('',(0.139173100960065,0.,0.99026806874157));
#12030=DIRECTION('',(0.,-1.,0.));
#12031=DIRECTION('',(0.,1.,0.));
#12032=DIRECTION('',(0.,0.,1.));
#12033=DIRECTION('',(0.139173100960065,0.,0.99026806874157));
#12034=DIRECTION('',(-0.99026806874157,0.,0.139173100960065));
#12035=DIRECTION('',(-0.99026806874157,0.,0.139173100960065));
#12036=DIRECTION('',(0.139173100960065,0.,0.99026806874157));
#12037=DIRECTION('',(0.,-1.,0.));
#12038=DIRECTION('',(0.139173100960065,0.,0.99026806874157));
#12039=DIRECTION('',(0.99026806874157,0.,-0.139173100960065));
#12040=DIRECTION('',(-0.99026806874157,0.,0.139173100960065));
#12041=DIRECTION('',(0.139173100960065,0.,0.99026806874157));
#12042=DIRECTION('',(0.139173100960065,0.,0.99026806874157));
#12043=DIRECTION('',(0.,-1.,0.));
#12044=DIRECTION('',(0.139173100960065,0.,0.99026806874157));
#12045=DIRECTION('',(-4.29460316589055E-16,-1.,6.03567113649792E-17));
#12046=DIRECTION('',(1.,-4.29460316589055E-16,0.));
#12047=DIRECTION('',(0.139173100960065,0.,0.99026806874157));
#12048=DIRECTION('',(0.99026806874157,-4.33680868994204E-16,-0.139173100960065));
#12049=DIRECTION('',(0.99026806874157,0.,-0.139173100960065));
#12050=DIRECTION('',(-0.139173100960065,0.,-0.99026806874157));
#12051=DIRECTION('',(0.139173100960065,0.,0.99026806874157));
#12052=DIRECTION('',(0.,1.,0.));
#12053=DIRECTION('',(0.,1.,0.));
#12054=DIRECTION('',(0.,0.,1.));
#12055=DIRECTION('',(0.139173100960065,0.,0.99026806874157));
#12056=DIRECTION('',(-0.99026806874157,0.,0.139173100960065));
#12057=DIRECTION('',(-0.99026806874157,0.,0.139173100960065));
#12058=DIRECTION('',(0.139173100960065,0.,0.99026806874157));
#12059=DIRECTION('',(0.139173100960065,0.,0.99026806874157));
#12060=DIRECTION('',(0.,-1.,0.));
#12061=DIRECTION('',(-1.24481251185233E-16,1.,1.74946989463708E-17));
#12062=DIRECTION('',(-1.,-1.24481251185233E-16,0.));
#12063=DIRECTION('',(0.139173100960065,0.,0.99026806874157));
#12064=DIRECTION('',(-0.99026806874157,-1.25704599708465E-16,0.139173100960065));
#12065=DIRECTION('',(-0.99026806874157,0.,0.139173100960065));
#12066=DIRECTION('',(0.139173100960065,0.,0.99026806874157));
#12067=DIRECTION('',(0.139173100960065,0.,0.99026806874157));
#12068=DIRECTION('',(0.,-1.,0.));
#12069=DIRECTION('',(0.,1.,0.));
#12070=DIRECTION('',(0.,0.,1.));
#12071=DIRECTION('',(0.139173100960065,0.,0.99026806874157));
#12072=DIRECTION('',(-0.99026806874157,0.,0.139173100960065));
#12073=DIRECTION('',(-0.99026806874157,0.,0.139173100960065));
#12074=DIRECTION('',(0.139173100960065,0.,0.99026806874157));
#12075=DIRECTION('',(0.139173100960065,0.,0.99026806874157));
#12076=DIRECTION('',(0.,-1.,0.));
#12077=DIRECTION('',(0.,-1.,0.));
#12078=DIRECTION('',(0.,0.,-1.));
#12079=DIRECTION('',(0.99026806874157,0.,-0.139173100960065));
#12080=DIRECTION('',(0.139173100960065,0.,0.99026806874157));
#12081=DIRECTION('',(0.99026806874157,0.,-0.139173100960065));
#12082=DIRECTION('',(0.139173100960065,0.,0.99026806874157));
#12083=DIRECTION('',(0.99026806874157,0.,-0.139173100960065));
#12084=DIRECTION('',(-0.99026806874157,-1.25704599708465E-16,0.139173100960065));
#12085=DIRECTION('',(0.,-1.,0.));
#12086=DIRECTION('',(-1.24481251185233E-16,1.,1.74946989463708E-17));
#12087=DIRECTION('',(-1.,-1.24481251185233E-16,0.));
#12088=DIRECTION('',(0.139173100960065,0.,0.99026806874157));
#12089=DIRECTION('',(-0.99026806874157,0.,0.139173100960065));
#12090=DIRECTION('',(0.139173100960065,0.,0.99026806874157));
#12091=DIRECTION('',(-0.99026806874157,0.,0.139173100960065));
#12092=DIRECTION('',(0.139173100960065,0.,0.99026806874157));
#12093=DIRECTION('',(0.,-1.,0.));
#12094=DIRECTION('',(0.139173100960065,0.,0.99026806874157));
#12095=DIRECTION('',(0.99026806874157,0.,-0.139173100960065));
#12096=DIRECTION('',(-0.99026806874157,0.,0.139173100960065));
#12097=DIRECTION('',(0.139173100960065,0.,0.99026806874157));
#12098=DIRECTION('',(0.,-1.,0.));
#12099=DIRECTION('',(0.139173100960065,0.,0.99026806874157));
#12100=DIRECTION('',(2.48962502370467E-16,-1.,-3.49893978927416E-17));
#12101=DIRECTION('',(1.,2.48962502370467E-16,0.));
#12102=DIRECTION('',(0.99026806874157,2.5140919941693E-16,-0.139173100960065));
#12103=DIRECTION('',(0.139173100960065,0.,0.99026806874157));
#12104=DIRECTION('',(-0.99026806874157,0.,0.139173100960065));
#12105=DIRECTION('',(0.139173100960065,0.,0.99026806874157));
#12106=DIRECTION('',(0.139173100960065,0.,0.99026806874157));
#12107=DIRECTION('',(0.,-1.,0.));
#12108=DIRECTION('',(0.139173100960065,0.,0.99026806874157));
#12109=DIRECTION('',(0.99026806874157,0.,-0.139173100960065));
#12110=DIRECTION('',(-0.99026806874157,-6.50521303491305E-16,0.139173100960065));
#12111=DIRECTION('',(0.,-1.,0.));
#12112=DIRECTION('',(0.99026806874157,3.27306316222041E-16,-0.139173100960065));
#12113=DIRECTION('',(0.,1.,0.));
#12114=DIRECTION('',(-0.99026806874157,-2.89120579329467E-16,0.139173100960065));
#12115=DIRECTION('',(-6.44190474883583E-16,1.,9.05350670474687E-17));
#12116=DIRECTION('',(-1.,-6.44190474883583E-16,0.));
#12117=DIRECTION('',(0.139173100960065,0.,0.99026806874157));
#12118=DIRECTION('',(-0.99026806874157,0.,0.139173100960065));
#12119=DIRECTION('',(0.139173100960065,0.,0.99026806874157));
#12120=DIRECTION('',(0.139173100960065,0.,0.99026806874157));
#12121=DIRECTION('',(3.24120993652118E-16,-1.,-4.55522349924372E-17));
#12122=DIRECTION('',(1.,3.24120993652118E-16,0.));
#12123=DIRECTION('',(0.139173100960065,0.,0.99026806874157));
#12124=DIRECTION('',(0.99026806874157,0.,-0.139173100960065));
#12125=DIRECTION('',(-0.139173100960065,0.,-0.99026806874157));
#12126=DIRECTION('',(-2.86306877726035E-16,1.,4.02378075766524E-17));
#12127=DIRECTION('',(-1.,-2.86306877726035E-16,0.));
#12128=DIRECTION('',(-0.99026806874157,0.,0.139173100960065));
#12129=DIRECTION('',(0.139173100960065,0.,0.99026806874157));
#12130=DIRECTION('',(0.139173100960065,0.,0.99026806874157));
#12131=DIRECTION('',(0.,-1.,0.));
#12132=DIRECTION('',(0.139173100960065,0.,0.99026806874157));
#12133=DIRECTION('',(0.,-1.,0.));
#12134=DIRECTION('',(0.,0.,-1.));
#12135=DIRECTION('',(0.139173100960065,0.,0.99026806874157));
#12136=DIRECTION('',(0.99026806874157,0.,-0.139173100960065));
#12137=DIRECTION('',(0.99026806874157,0.,-0.139173100960065));
#12138=DIRECTION('',(-0.139173100960065,0.,-0.99026806874157));
#12139=DIRECTION('',(0.139173100960065,0.,0.99026806874157));
#12140=DIRECTION('',(0.,1.,0.));
#12141=DIRECTION('',(0.,-1.,0.));
#12142=DIRECTION('',(0.,0.,-1.));
#12143=DIRECTION('',(0.139173100960065,0.,0.99026806874157));
#12144=DIRECTION('',(0.99026806874157,0.,-0.139173100960065));
#12145=DIRECTION('',(0.99026806874157,0.,-0.139173100960065));
#12146=DIRECTION('',(-0.139173100960065,0.,-0.99026806874157));
#12147=DIRECTION('',(0.139173100960065,0.,0.99026806874157));
#12148=DIRECTION('',(0.,1.,0.));
#12149=DIRECTION('',(-1.24481251185233E-16,1.,1.74946989463708E-17));
#12150=DIRECTION('',(-1.,-1.24481251185233E-16,0.));
#12151=DIRECTION('',(0.139173100960065,0.,0.99026806874157));
#12152=DIRECTION('',(-0.99026806874157,-1.25704599708464E-16,0.139173100960065));
#12153=DIRECTION('',(-0.99026806874157,0.,0.139173100960065));
#12154=DIRECTION('',(0.139173100960065,0.,0.99026806874157));
#12155=DIRECTION('',(0.139173100960065,0.,0.99026806874157));
#12156=DIRECTION('',(0.,-1.,0.));
#12157=DIRECTION('',(0.,1.,0.));
#12158=DIRECTION('',(0.,0.,1.));
#12159=DIRECTION('',(0.139173100960065,0.,0.99026806874157));
#12160=DIRECTION('',(-0.99026806874157,0.,0.139173100960065));
#12161=DIRECTION('',(-0.99026806874157,0.,0.139173100960065));
#12162=DIRECTION('',(0.139173100960065,0.,0.99026806874157));
#12163=DIRECTION('',(0.139173100960065,0.,0.99026806874157));
#12164=DIRECTION('',(0.,-1.,0.));
#12165=DIRECTION('',(0.,-1.,0.));
#12166=DIRECTION('',(0.,0.,-1.));
#12167=DIRECTION('',(0.99026806874157,0.,-0.139173100960065));
#12168=DIRECTION('',(0.139173100960065,0.,0.99026806874157));
#12169=DIRECTION('',(0.99026806874157,0.,-0.139173100960065));
#12170=DIRECTION('',(-0.99026806874157,0.,0.139173100960065));
#12171=DIRECTION('',(0.139173100960065,0.,0.99026806874157));
#12172=DIRECTION('',(0.139173100960065,0.,0.99026806874157));
#12173=DIRECTION('',(0.,-1.,0.));
#12174=DIRECTION('',(0.139173100960065,0.,0.99026806874157));
#12175=DIRECTION('',(0.,-1.,0.));
#12176=DIRECTION('',(0.,0.,-1.));
#12177=DIRECTION('',(0.139173100960065,0.,0.99026806874157));
#12178=DIRECTION('',(0.99026806874157,0.,-0.139173100960065));
#12179=DIRECTION('',(0.99026806874157,0.,-0.139173100960065));
#12180=DIRECTION('',(-0.139173100960065,0.,-0.99026806874157));
#12181=DIRECTION('',(0.139173100960065,0.,0.99026806874157));
#12182=DIRECTION('',(0.,1.,0.));
#12183=DIRECTION('',(0.,-1.,0.));
#12184=DIRECTION('',(0.,0.,-1.));
#12185=DIRECTION('',(0.139173100960065,0.,0.99026806874157));
#12186=DIRECTION('',(0.99026806874157,0.,-0.139173100960065));
#12187=DIRECTION('',(0.99026806874157,0.,-0.139173100960065));
#12188=DIRECTION('',(-0.139173100960065,0.,-0.99026806874157));
#12189=DIRECTION('',(0.139173100960065,0.,0.99026806874157));
#12190=DIRECTION('',(0.,1.,0.));
#12191=DIRECTION('',(-6.06846099528013E-16,1.,8.52866573635574E-17));
#12192=DIRECTION('',(-1.,-6.06846099528013E-16,0.));
#12193=DIRECTION('',(0.139173100960065,0.,0.99026806874157));
#12194=DIRECTION('',(-0.99026806874157,-6.12809923578765E-16,0.139173100960065));
#12195=DIRECTION('',(-0.99026806874157,0.,0.139173100960065));
#12196=DIRECTION('',(0.139173100960065,0.,0.99026806874157));
#12197=DIRECTION('',(0.139173100960065,0.,0.99026806874157));
#12198=DIRECTION('',(0.,-1.,0.));
#12199=DIRECTION('',(0.,1.,0.));
#12200=DIRECTION('',(0.,0.,1.));
#12201=DIRECTION('',(0.139173100960065,0.,0.99026806874157));
#12202=DIRECTION('',(-0.99026806874157,0.,0.139173100960065));
#12203=DIRECTION('',(-0.99026806874157,0.,0.139173100960065));
#12204=DIRECTION('',(0.139173100960065,0.,0.99026806874157));
#12205=DIRECTION('',(0.139173100960065,0.,0.99026806874157));
#12206=DIRECTION('',(0.,-1.,0.));
#12207=DIRECTION('',(0.,-1.,0.));
#12208=DIRECTION('',(0.,0.,-1.));
#12209=DIRECTION('',(0.99026806874157,0.,-0.139173100960065));
#12210=DIRECTION('',(0.139173100960065,0.,0.99026806874157));
#12211=DIRECTION('',(0.99026806874157,0.,-0.139173100960065));
#12212=DIRECTION('',(-0.99026806874157,0.,0.139173100960065));
#12213=DIRECTION('',(0.139173100960065,0.,0.99026806874157));
#12214=DIRECTION('',(0.139173100960065,0.,0.99026806874157));
#12215=DIRECTION('',(0.,-1.,0.));
#12216=DIRECTION('',(0.139173100960065,0.,0.99026806874157));
#12217=DIRECTION('',(0.,-1.,0.));
#12218=DIRECTION('',(0.,0.,-1.));
#12219=DIRECTION('',(0.139173100960065,0.,0.99026806874157));
#12220=DIRECTION('',(0.99026806874157,0.,-0.139173100960065));
#12221=DIRECTION('',(0.99026806874157,0.,-0.139173100960065));
#12222=DIRECTION('',(-0.139173100960065,0.,-0.99026806874157));
#12223=DIRECTION('',(0.139173100960065,0.,0.99026806874157));
#12224=DIRECTION('',(0.,1.,0.));
#12225=DIRECTION('',(3.24120993652117E-16,-1.,-4.55522349924369E-17));
#12226=DIRECTION('',(1.,3.24120993652117E-16,0.));
#12227=DIRECTION('',(0.139173100960065,0.,0.99026806874157));
#12228=DIRECTION('',(0.99026806874157,3.27306316222039E-16,-0.139173100960065));
#12229=DIRECTION('',(0.99026806874157,0.,-0.139173100960065));
#12230=DIRECTION('',(-0.139173100960065,0.,-0.99026806874157));
#12231=DIRECTION('',(0.139173100960065,0.,0.99026806874157));
#12232=DIRECTION('',(0.,1.,0.));
#12233=DIRECTION('',(-1.24481251185233E-16,1.,1.74946989463708E-17));
#12234=DIRECTION('',(-1.,-1.24481251185233E-16,0.));
#12235=DIRECTION('',(0.139173100960065,0.,0.99026806874157));
#12236=DIRECTION('',(-0.99026806874157,-1.25704599708465E-16,0.139173100960065));
#12237=DIRECTION('',(-0.99026806874157,0.,0.139173100960065));
#12238=DIRECTION('',(0.139173100960065,0.,0.99026806874157));
#12239=DIRECTION('',(0.139173100960065,0.,0.99026806874157));
#12240=DIRECTION('',(0.,-1.,0.));
#12241=DIRECTION('',(0.,1.,0.));
#12242=DIRECTION('',(0.,0.,1.));
#12243=DIRECTION('',(0.139173100960065,0.,0.99026806874157));
#12244=DIRECTION('',(-0.99026806874157,0.,0.139173100960065));
#12245=DIRECTION('',(-0.99026806874157,0.,0.139173100960065));
#12246=DIRECTION('',(0.139173100960065,0.,0.99026806874157));
#12247=DIRECTION('',(0.139173100960065,0.,0.99026806874157));
#12248=DIRECTION('',(0.,-1.,0.));
#12249=DIRECTION('',(4.9081179038749E-16,-1.,-6.89790987028331E-17));
#12250=DIRECTION('',(1.,4.9081179038749E-16,0.));
#12251=DIRECTION('',(0.99026806874157,4.95635278850516E-16,-0.139173100960065));
#12252=DIRECTION('',(0.139173100960065,0.,0.99026806874157));
#12253=DIRECTION('',(0.99026806874157,0.,-0.139173100960065));
#12254=DIRECTION('',(-0.99026806874157,0.,0.139173100960065));
#12255=DIRECTION('',(0.139173100960065,0.,0.99026806874157));
#12256=DIRECTION('',(0.,-1.,0.));
#12257=DIRECTION('',(0.139173100960065,0.,0.99026806874157));
#12258=DIRECTION('',(0.99026806874157,0.,-0.139173100960065));
#12259=DIRECTION('',(-0.139173100960065,0.,-0.99026806874157));
#12260=DIRECTION('',(0.139173100960065,0.,0.99026806874157));
#12261=DIRECTION('',(0.,1.,0.));
#12262=DIRECTION('',(-1.24481251185233E-16,1.,1.74946989463708E-17));
#12263=DIRECTION('',(-1.,-1.24481251185233E-16,0.));
#12264=DIRECTION('',(0.139173100960065,0.,0.99026806874157));
#12265=DIRECTION('',(-0.99026806874157,-1.25704599708465E-16,0.139173100960065));
#12266=DIRECTION('',(-0.99026806874157,0.,0.139173100960065));
#12267=DIRECTION('',(0.139173100960065,0.,0.99026806874157));
#12268=DIRECTION('',(0.139173100960065,0.,0.99026806874157));
#12269=DIRECTION('',(0.,-1.,0.));
#12270=DIRECTION('',(0.,1.,0.));
#12271=DIRECTION('',(0.,0.,1.));
#12272=DIRECTION('',(-0.99026806874157,0.,0.139173100960065));
#12273=DIRECTION('',(0.139173100960065,0.,0.99026806874157));
#12274=DIRECTION('',(0.99026806874157,0.,-0.139173100960065));
#12275=DIRECTION('',(0.99026806874157,0.,-0.139173100960065));
#12276=DIRECTION('',(-0.139173100960065,0.,-0.99026806874157));
#12277=DIRECTION('',(0.139173100960065,0.,0.99026806874157));
#12278=DIRECTION('',(0.,1.,0.));
#12279=DIRECTION('',(0.139173100960065,0.,0.99026806874157));
#12280=DIRECTION('',(0.99026806874157,0.,-0.139173100960065));
#12281=DIRECTION('',(-0.99026806874157,-6.50521303491305E-16,0.139173100960065));
#12282=DIRECTION('',(0.,-1.,0.));
#12283=DIRECTION('',(0.99026806874157,3.27306316222041E-16,-0.139173100960065));
#12284=DIRECTION('',(0.,1.,0.));
#12285=DIRECTION('',(0.99026806874157,2.5140919941693E-16,-0.139173100960065));
#12286=DIRECTION('',(-6.44190474883583E-16,1.,9.05350670474687E-17));
#12287=DIRECTION('',(-1.,-6.44190474883583E-16,0.));
#12288=DIRECTION('',(0.139173100960065,0.,0.99026806874157));
#12289=DIRECTION('',(-0.99026806874157,0.,0.139173100960065));
#12290=DIRECTION('',(0.139173100960065,0.,0.99026806874157));
#12291=DIRECTION('',(0.139173100960065,0.,0.99026806874157));
#12292=DIRECTION('',(3.24120993652118E-16,-1.,-4.55522349924372E-17));
#12293=DIRECTION('',(1.,3.24120993652118E-16,0.));
#12294=DIRECTION('',(0.139173100960065,0.,0.99026806874157));
#12295=DIRECTION('',(0.99026806874157,0.,-0.139173100960065));
#12296=DIRECTION('',(-0.139173100960065,0.,-0.99026806874157));
#12297=DIRECTION('',(0.139173100960065,0.,0.99026806874157));
#12298=DIRECTION('',(2.48962502370467E-16,-1.,-3.49893978927416E-17));
#12299=DIRECTION('',(1.,2.48962502370467E-16,0.));
#12300=DIRECTION('',(-0.99026806874157,0.,0.139173100960065));
#12301=DIRECTION('',(0.139173100960065,0.,0.99026806874157));
#12302=DIRECTION('',(0.,-1.,0.));
#12303=DIRECTION('',(0.139173100960065,0.,0.99026806874157));
#12304=DIRECTION('',(-0.99026806874157,0.,0.139173100960065));
#12305=DIRECTION('',(0.139173100960065,0.,0.99026806874157));
#12306=DIRECTION('',(0.139173100960065,0.,0.99026806874157));
#12307=DIRECTION('',(0.,-1.,0.));
#12308=DIRECTION('',(0.139173100960065,0.,0.99026806874157));
#12309=DIRECTION('',(0.99026806874157,0.,-0.139173100960065));
#12310=DIRECTION('',(0.99026806874157,0.,-0.139173100960065));
#12311=DIRECTION('',(0.,-1.,0.));
#12312=DIRECTION('',(0.99026806874157,-4.33680868994204E-16,-0.139173100960065));
#12313=DIRECTION('',(0.,1.,0.));
#12314=DIRECTION('',(-0.99026806874157,0.,0.139173100960065));
#12315=DIRECTION('',(-0.99026806874157,0.,0.139173100960065));
#12316=DIRECTION('',(0.139173100960065,0.,0.99026806874157));
#12317=DIRECTION('',(0.139173100960065,0.,0.99026806874157));
#12318=DIRECTION('',(0.139173100960065,0.,0.99026806874157));
#12319=DIRECTION('',(-4.29460316589055E-16,-1.,6.03567113649792E-17));
#12320=DIRECTION('',(1.,-4.29460316589055E-16,0.));
#12321=DIRECTION('',(0.139173100960065,0.,0.99026806874157));
#12322=DIRECTION('',(0.99026806874157,0.,-0.139173100960065));
#12323=DIRECTION('',(-0.139173100960065,0.,-0.99026806874157));
#12324=DIRECTION('',(0.139173100960065,0.,0.99026806874157));
#12325=DIRECTION('',(0.,1.,0.));
#12326=DIRECTION('',(0.,0.,1.));
#12327=DIRECTION('',(0.,-1.,0.));
#12328=DIRECTION('',(0.,0.,-1.));
#12329=DIRECTION('',(0.99026806874157,0.,-0.139173100960065));
#12330=DIRECTION('',(-0.139173100960065,0.,-0.99026806874157));
#12331=DIRECTION('',(0.,1.,0.));
#12332=DIRECTION('',(0.139173100960065,0.,0.99026806874157));
#12333=DIRECTION('',(-1.24481251185233E-16,1.,1.74946989463708E-17));
#12334=DIRECTION('',(-1.,-1.24481251185233E-16,0.));
#12335=DIRECTION('',(0.139173100960065,0.,0.99026806874157));
#12336=DIRECTION('',(-0.99026806874157,-1.25704599708464E-16,0.139173100960065));
#12337=DIRECTION('',(0.139173100960065,0.,0.99026806874157));
#12338=DIRECTION('',(0.99026806874157,0.,-0.139173100960065));
#12339=DIRECTION('',(0.,-1.,0.));
#12340=DIRECTION('',(-0.99026806874157,0.,0.139173100960065));
#12341=DIRECTION('',(0.,-1.,0.));
#12342=DIRECTION('',(0.99026806874157,0.,-0.139173100960065));
#12343=DIRECTION('',(0.,-1.,0.));
#12344=DIRECTION('',(0.99026806874157,0.,-0.139173100960065));
#12345=DIRECTION('',(0.,1.,0.));
#12346=DIRECTION('',(0.99026806874157,0.,-0.139173100960065));
#12347=DIRECTION('',(-0.99026806874157,0.,0.139173100960065));
#12348=DIRECTION('',(0.139173100960065,0.,0.99026806874157));
#12349=DIRECTION('',(0.139173100960065,0.,0.99026806874157));
#12350=DIRECTION('',(0.139173100960065,0.,0.99026806874157));
#12351=DIRECTION('',(0.,-1.,0.));
#12352=DIRECTION('',(0.,0.,-1.));
#12353=DIRECTION('',(0.139173100960065,0.,0.99026806874157));
#12354=DIRECTION('',(0.99026806874157,0.,-0.139173100960065));
#12355=DIRECTION('',(-0.139173100960065,0.,-0.99026806874157));
#12356=DIRECTION('',(0.139173100960065,0.,0.99026806874157));
#12357=DIRECTION('',(0.,-1.,0.));
#12358=DIRECTION('',(0.,0.,-1.));
#12359=DIRECTION('',(-0.99026806874157,0.,0.139173100960065));
#12360=DIRECTION('',(0.139173100960065,0.,0.99026806874157));
#12361=DIRECTION('',(0.139173100960065,0.,0.99026806874157));
#12362=DIRECTION('',(0.,1.,0.));
#12363=DIRECTION('',(0.,0.,1.));
#12364=DIRECTION('',(0.139173100960065,0.,0.99026806874157));
#12365=DIRECTION('',(-0.99026806874157,0.,0.139173100960065));
#12366=DIRECTION('',(0.139173100960065,0.,0.99026806874157));
#12367=DIRECTION('',(0.139173100960065,0.,0.99026806874157));
#12368=DIRECTION('',(0.,-1.,0.));
#12369=DIRECTION('',(0.,0.,-1.));
#12370=DIRECTION('',(-0.99026806874157,0.,0.139173100960065));
#12371=DIRECTION('',(0.139173100960065,0.,0.99026806874157));
#12372=DIRECTION('',(0.139173100960065,0.,0.99026806874157));
#12373=DIRECTION('',(0.,-1.,0.));
#12374=DIRECTION('',(0.139173100960065,0.,0.99026806874157));
#12375=DIRECTION('',(0.,-1.,0.));
#12376=DIRECTION('',(0.,0.,-1.));
#12377=DIRECTION('',(0.139173100960065,0.,0.99026806874157));
#12378=DIRECTION('',(0.99026806874157,0.,-0.139173100960065));
#12379=DIRECTION('',(0.99026806874157,0.,-0.139173100960065));
#12380=DIRECTION('',(-0.139173100960065,0.,-0.99026806874157));
#12381=DIRECTION('',(0.139173100960065,0.,0.99026806874157));
#12382=DIRECTION('',(0.,1.,0.));
#12383=DIRECTION('',(0.,-1.,0.));
#12384=DIRECTION('',(0.,0.,-1.));
#12385=DIRECTION('',(0.139173100960065,0.,0.99026806874157));
#12386=DIRECTION('',(0.99026806874157,0.,-0.139173100960065));
#12387=DIRECTION('',(0.99026806874157,0.,-0.139173100960065));
#12388=DIRECTION('',(-0.139173100960065,0.,-0.99026806874157));
#12389=DIRECTION('',(0.139173100960065,0.,0.99026806874157));
#12390=DIRECTION('',(0.,1.,0.));
#12391=DIRECTION('',(-6.06846099528013E-16,1.,8.52866573635574E-17));
#12392=DIRECTION('',(-1.,-6.06846099528013E-16,0.));
#12393=DIRECTION('',(0.139173100960065,0.,0.99026806874157));
#12394=DIRECTION('',(-0.99026806874157,-6.12809923578765E-16,0.139173100960065));
#12395=DIRECTION('',(-0.99026806874157,0.,0.139173100960065));
#12396=DIRECTION('',(0.139173100960065,0.,0.99026806874157));
#12397=DIRECTION('',(0.139173100960065,0.,0.99026806874157));
#12398=DIRECTION('',(0.,-1.,0.));
#12399=DIRECTION('',(0.,1.,0.));
#12400=DIRECTION('',(0.,0.,1.));
#12401=DIRECTION('',(0.139173100960065,0.,0.99026806874157));
#12402=DIRECTION('',(-0.99026806874157,0.,0.139173100960065));
#12403=DIRECTION('',(-0.99026806874157,0.,0.139173100960065));
#12404=DIRECTION('',(0.139173100960065,0.,0.99026806874157));
#12405=DIRECTION('',(0.139173100960065,0.,0.99026806874157));
#12406=DIRECTION('',(0.,-1.,0.));
#12407=DIRECTION('',(0.,-1.,0.));
#12408=DIRECTION('',(0.,0.,-1.));
#12409=DIRECTION('',(0.99026806874157,0.,-0.139173100960065));
#12410=DIRECTION('',(0.139173100960065,0.,0.99026806874157));
#12411=DIRECTION('',(0.99026806874157,0.,-0.139173100960065));
#12412=DIRECTION('',(-1.71784126635621E-16,1.,2.41426845459916E-17));
#12413=DIRECTION('',(-1.,-1.71784126635621E-16,0.));
#12414=DIRECTION('',(-0.840300748138485,-0.485147863137999,-0.241921895599668));
#12415=DIRECTION('',(0.5,-0.866025403784438,0.));
#12416=DIRECTION('',(-0.209510507320999,-0.120960947799834,0.970295726275996));
#12417=DIRECTION('',(0.5,-0.866025403784438,6.97539824173803E-17));
#12418=DIRECTION('',(-0.209510507320999,-0.120960947799834,0.970295726275996));
#12419=DIRECTION('',(0.5,-0.866025403784439,-4.06575814682064E-17));
#12420=DIRECTION('',(0.866025403784439,0.5,0.));
#12421=DIRECTION('',(-0.209510507320999,-0.120960947799834,0.970295726275996));
#12422=DIRECTION('',(0.840300748138485,0.485147863137999,0.241921895599668));
#12423=DIRECTION('',(0.840300748138485,0.485147863137999,0.241921895599668));
#12424=DIRECTION('',(-0.5,0.866025403784439,0.));
#12425=DIRECTION('',(-0.209510507320999,-0.120960947799834,0.970295726275996));
#12426=DIRECTION('',(-0.5,0.866025403784439,6.00758781937513E-17));
#12427=DIRECTION('',(0.5,-0.866025403784438,1.0842021724855E-16));
#12428=DIRECTION('',(0.866025403784438,0.5,0.));
#12429=DIRECTION('',(-0.209510507320999,-0.120960947799834,0.970295726275996));
#12430=DIRECTION('',(0.840300748138485,0.485147863137999,0.241921895599668));
#12431=DIRECTION('',(0.840300748138485,0.485147863137999,0.241921895599668));
#12432=DIRECTION('',(-0.5,0.866025403784438,0.));
#12433=DIRECTION('',(-0.209510507320999,-0.120960947799834,0.970295726275996));
#12434=DIRECTION('',(-0.5,0.866025403784438,-1.04411585329973E-16));
#12435=DIRECTION('',(-0.5,0.866025403784438,-1.35525271560688E-17));
#12436=DIRECTION('',(-0.866025403784438,-0.5,0.));
#12437=DIRECTION('',(-0.840300748138485,-0.485147863137999,-0.241921895599668));
#12438=DIRECTION('',(-0.209510507320999,-0.120960947799834,0.970295726275996));
#12439=DIRECTION('',(0.977806395623437,-0.025917798915003,0.20790122745502));
#12440=DIRECTION('',(-0.5,0.866025403784439,4.06575814682064E-17));
#12441=DIRECTION('',(-0.866025403784439,-0.5,0.));
#12442=DIRECTION('',(-0.209510507320999,-0.120960947799834,0.970295726275996));
#12443=DIRECTION('',(-0.840300748138485,-0.485147863137999,-0.241921895599668));
#12444=DIRECTION('',(-0.209510507320999,-0.120960947799834,0.970295726275996));
#12445=DIRECTION('',(-0.840300748138485,-0.485147863137998,-0.241921895599668));
#12446=DIRECTION('',(0.5,-0.866025403784439,0.));
#12447=DIRECTION('',(-0.209510507320999,-0.120960947799834,0.970295726275996));
#12448=DIRECTION('',(0.5,-0.866025403784439,-1.077244656007E-16));
#12449=DIRECTION('',(-0.5,0.866025403784438,-8.13151629364128E-17));
#12450=DIRECTION('',(-0.866025403784438,-0.5,0.));
#12451=DIRECTION('',(-0.209510507320999,-0.120960947799834,0.970295726275996));
#12452=DIRECTION('',(-0.840300748138485,-0.485147863137999,-0.241921895599668));
#12453=DIRECTION('',(-0.840300748138485,-0.485147863137999,-0.241921895599668));
#12454=DIRECTION('',(0.5,-0.866025403784439,0.));
#12455=DIRECTION('',(-0.209510507320999,-0.120960947799834,0.970295726275996));
#12456=DIRECTION('',(0.5,-0.866025403784439,0.));
#12457=DIRECTION('',(0.5,-0.866025403784439,-5.42101086242752E-17));
#12458=DIRECTION('',(0.866025403784439,0.5,0.));
#12459=DIRECTION('',(-0.209510507320999,-0.120960947799834,0.970295726275996));
#12460=DIRECTION('',(0.840300748138485,0.485147863137999,0.241921895599668));
#12461=DIRECTION('',(0.840300748138485,0.485147863137998,0.241921895599668));
#12462=DIRECTION('',(-0.5,0.866025403784439,0.));
#12463=DIRECTION('',(-0.209510507320999,-0.120960947799834,0.970295726275996));
#12464=DIRECTION('',(-0.5,0.866025403784439,1.077244656007E-16));
#12465=DIRECTION('',(0.5,-0.866025403784439,-5.42101086242752E-17));
#12466=DIRECTION('',(0.866025403784439,0.5,0.));
#12467=DIRECTION('',(-0.209510507320999,-0.120960947799834,0.970295726275996));
#12468=DIRECTION('',(0.840300748138485,0.485147863137999,0.241921895599668));
#12469=DIRECTION('',(0.840300748138484,0.485147863138,0.241921895599668));
#12470=DIRECTION('',(-0.5,0.866025403784438,0.));
#12471=DIRECTION('',(-0.209510507320999,-0.120960947799834,0.970295726275996));
#12472=DIRECTION('',(-0.5,0.866025403784438,-1.88517814801225E-16));
#12473=DIRECTION('',(-0.5,0.866025403784438,1.35525271560688E-17));
#12474=DIRECTION('',(-0.866025403784438,-0.5,0.));
#12475=DIRECTION('',(-0.209510507320999,-0.120960947799834,0.970295726275996));
#12476=DIRECTION('',(-0.840300748138485,-0.485147863137999,-0.241921895599668));
#12477=DIRECTION('',(0.840300748138485,0.485147863137999,0.241921895599668));
#12478=DIRECTION('',(-0.5,0.866025403784439,0.));
#12479=DIRECTION('',(-0.5,0.866025403784439,4.03966746002625E-17));
#12480=DIRECTION('',(-0.209510507320999,-0.120960947799834,0.970295726275996));
#12481=DIRECTION('',(0.977806395623437,-0.025917798915003,0.20790122745502));
#12482=DIRECTION('',(0.840300748138485,0.485147863137998,0.241921895599668));
#12483=DIRECTION('',(-0.5,0.866025403784439,0.));
#12484=DIRECTION('',(-0.209510507320999,-0.120960947799834,0.970295726275996));
#12485=DIRECTION('',(-0.5,0.866025403784439,6.76949408395042E-17));
#12486=DIRECTION('',(-0.866025403784439,-0.5,0.));
#12487=DIRECTION('',(-0.209510507320999,-0.120960947799834,0.970295726275996));
#12488=DIRECTION('',(0.840300748138485,0.485147863137998,0.241921895599668));
#12489=DIRECTION('',(-0.5,0.866025403784439,0.));
#12490=DIRECTION('',(-0.209510507320999,-0.120960947799834,0.970295726275996));
#12491=DIRECTION('',(-0.5,0.866025403784438,6.76949408395042E-17));
#12492=DIRECTION('',(-0.866025403784439,-0.5,0.));
#12493=CARTESIAN_POINT('',(0.,0.,0.));
#12494=CARTESIAN_POINT('',(-0.133,-0.046,0.));
#12495=CARTESIAN_POINT('',(-0.116461127929915,-0.0173987188749858,0.00713669592019022));
#12496=CARTESIAN_POINT('',(-0.113099924937361,-0.0154581274224338,0.00810438350258889));
#12497=CARTESIAN_POINT('',(-0.119822330922469,-0.0193393103275378,0.00616900833779154));
#12498=CARTESIAN_POINT('',(-0.111849924937361,-0.0176231909318949,0.0081043835025889));
#12499=CARTESIAN_POINT('',(-0.110599924937361,-0.0197882544413559,0.00810438350258888));
#12500=CARTESIAN_POINT('',(-0.109129398628118,-0.0189392456808645,0.00852774681988831));
#12501=CARTESIAN_POINT('',(-0.107658872318876,-0.018090236920373,0.00895111013718773));
#12502=CARTESIAN_POINT('',(-0.106658872318876,-0.0198222877279419,0.00895111013718773));
#12503=CARTESIAN_POINT('',(-0.105658872318876,-0.0215543385355107,0.00895111013718773));
#12504=CARTESIAN_POINT('',(-0.106919323441084,-0.0222820603302177,0.00858822729378823));
#12505=CARTESIAN_POINT('',(-0.108179774563291,-0.0230097821249248,0.00822534445038873));
#12506=CARTESIAN_POINT('',(-0.106429774563291,-0.0260408710381703,0.00822534445038873));
#12507=CARTESIAN_POINT('',(-0.104679774563291,-0.0290719599514158,0.00822534445038873));
#12508=CARTESIAN_POINT('',(-0.110477849725447,-0.032419480207068,0.00655608337075101));
#12509=CARTESIAN_POINT('',(-0.116275924887603,-0.0357670004627202,0.0048868222911133));
#12510=CARTESIAN_POINT('',(-0.119025924887603,-0.0310038607419058,0.0048868222911133));
#12511=CARTESIAN_POINT('',(-0.121775924887603,-0.0262407210210914,0.0048868222911133));
#12512=CARTESIAN_POINT('',(-0.119549127905036,-0.0249550791837757,0.00552791531445242));
#12513=CARTESIAN_POINT('',(-0.117322330922469,-0.02366943734646,0.00616900833779154));
#12514=CARTESIAN_POINT('',(-0.118572330922469,-0.0215043738369989,0.00616900833779154));
#12515=CARTESIAN_POINT('',(-0.136491639102234,-0.0376235939301745,0.000290306274719611));
#12516=CARTESIAN_POINT('',(-0.140741639102234,-0.0302623779980068,0.000290306274719609));
#12517=CARTESIAN_POINT('',(-0.132241639102234,-0.0449848098623422,0.00029030627471961));
#12518=CARTESIAN_POINT('',(-0.133683112817871,-0.0261871359476475,0.00232245019775682));
#12519=CARTESIAN_POINT('',(-0.126624586533507,-0.0221118938972884,0.00435459412079403));
#12520=CARTESIAN_POINT('',(-0.124124586533507,-0.0264420209162106,0.00435459412079403));
#12521=CARTESIAN_POINT('',(-0.121624586533507,-0.0307721479351328,0.00435459412079403));
#12522=CARTESIAN_POINT('',(-0.122885037655715,-0.0314998697298398,0.00399171127739453));
#12523=CARTESIAN_POINT('',(-0.124145488777923,-0.0322275915245467,0.00362882843399502));
#12524=CARTESIAN_POINT('',(-0.122395488777923,-0.0352586804377923,0.00362882843399502));
#12525=CARTESIAN_POINT('',(-0.120645488777923,-0.0382897693510378,0.00362882843399502));
#12526=CARTESIAN_POINT('',(-0.126443563940078,-0.04163728960669,0.00195956735435732));
#12527=CARTESIAN_POINT('',(-0.123908872318876,0.0100555887026212,0.00895111013718772));
#12528=CARTESIAN_POINT('',(-0.122931399268672,0.0100555887026212,0.00916217040375903));
#12529=CARTESIAN_POINT('',(-0.100060210672971,-0.0269822037649904,0.00948333830750698));
#12530=CARTESIAN_POINT('',(-0.104320312724415,-0.0196034905664621,0.00948333830750698));
#12531=CARTESIAN_POINT('',(-0.100310210672971,-0.0265491910630982,0.00948333830750698));
#12532=CARTESIAN_POINT('',(-0.104978270822599,-0.0188519920016659,0.00943495392838706));
#12533=CARTESIAN_POINT('',(-0.105300108621528,-0.0179064342916145,0.00948333830750698));
#12534=CARTESIAN_POINT('',(-0.100060210672971,-0.0269822037649904,0.00948333830750698));
#12535=CARTESIAN_POINT('',(-0.105810210672971,-0.0170229116214694,0.00948333830750698));
#12536=CARTESIAN_POINT('',(-0.13875,-0.036040707856479,-7.97972798949329E-19));
#12537=CARTESIAN_POINT('',(-0.101356616707837,-0.014451627946838,0.0107655243541852));
#12538=CARTESIAN_POINT('',(-0.0956066167078375,-0.024410920090359,0.0107655243541852));
#12539=CARTESIAN_POINT('',(-0.103856616707837,-0.0101215009279159,0.0107655243541852));
#12540=CARTESIAN_POINT('',(-0.14125,-0.0317105808375568,6.86950496486814E-19));
#12541=CARTESIAN_POINT('',(-0.0971342107227295,-0.00624031802281184,0.0127008995189826));
#12542=CARTESIAN_POINT('',(-0.0888842107227296,-0.0205297371852551,0.0127008995189826));
#12543=CARTESIAN_POINT('',(-0.0946342107227296,-0.010570445041734,0.0127008995189826));
#12544=CARTESIAN_POINT('',(-0.13875,-0.036040707856479,1.59594559789866E-19));
#12545=CARTESIAN_POINT('',(-0.0916931581042449,-0.00887242752075102,0.0135476261535814));
#12546=CARTESIAN_POINT('',(-0.0859431581042449,-0.018831719664272,0.0135476261535814));
#12547=CARTESIAN_POINT('',(-0.0896931581042449,-0.0123365291358888,0.0135476261535814));
#12548=CARTESIAN_POINT('',(-0.13675,-0.0395048094716167,3.12250225675824E-19));
#12549=CARTESIAN_POINT('',(-0.0922140603486603,-0.0137919727253028,0.0128218604667824));
#12550=CARTESIAN_POINT('',(-0.0884640603486603,-0.0202871632536861,0.0128218604667824));
#12551=CARTESIAN_POINT('',(-0.0887140603486603,-0.0198541505517939,0.0128218604667824));
#12552=CARTESIAN_POINT('',(-0.13325,-0.0455669872981078,2.08166817117208E-20));
#12553=CARTESIAN_POINT('',(-0.140979097755585,-0.0263580229311128,0.000725765686799001));
#12554=CARTESIAN_POINT('',(-0.140001624705381,-0.0263580229311128,0.000936825953370312));
#12555=CARTESIAN_POINT('',(-0.0882972558598294,-0.00893252838795976,0.0142733918403804));
#12556=CARTESIAN_POINT('',(-0.0834222558598294,-0.017376276074858,0.0142733918403804));
#12557=CARTESIAN_POINT('',(-0.091722402721593,-0.003,0.0142733918403804));
#12558=CARTESIAN_POINT('',(-0.134105912566197,-0.003,0.00512175857114177));
#12559=CARTESIAN_POINT('',(-0.0956011789026317,-0.003,0.0134358694815085));
#12560=CARTESIAN_POINT('',(-0.0860922251991682,-0.0301899764654417,0.0120994731908774));
#12561=CARTESIAN_POINT('',(-0.0959509016659282,-0.002,0.0134850198105766));
#12562=CARTESIAN_POINT('',(-0.0964902712431706,-0.002,0.0133685567666804));
#12563=CARTESIAN_POINT('',(-0.113010021674435,-0.002,0.00980153982540831));
#12564=CARTESIAN_POINT('',(-0.113940558824228,-0.000388262378226862,0.00980153982540832));
#12565=CARTESIAN_POINT('',(-0.114871095974022,0.00122347524354622,0.00980153982540831));
#12566=CARTESIAN_POINT('',(-0.114871095974022,0.0216033423867659,0.0123421756119225));
#12567=CARTESIAN_POINT('',(-0.114871095974022,0.023356455076853,0.0125607256548117));
#12568=CARTESIAN_POINT('',(-0.1585,-0.00183270440699365,9.90874049477951E-18));
#12569=CARTESIAN_POINT('',(-0.124887970074461,0.0175732101185263,0.00967687582398673));
#12570=CARTESIAN_POINT('',(-0.126262970074461,0.0199547799789335,0.00967687582398671));
#12571=CARTESIAN_POINT('',(-0.123887970074461,0.0158411593109574,0.00967687582398671));
#12572=CARTESIAN_POINT('',(-0.12430812044853,0.0155985853793884,0.00955591487618687));
#12573=CARTESIAN_POINT('',(-0.12405812044853,0.0151655726774961,0.00955591487618687));
#12574=CARTESIAN_POINT('',(-0.127419323441084,0.0132249812249442,0.00858822729378821));
#12575=CARTESIAN_POINT('',(-0.130780526433638,0.0112843897723922,0.00762053971138954));
#12576=CARTESIAN_POINT('',(-0.131030526433638,0.0117174024742844,0.00762053971138954));
#12577=CARTESIAN_POINT('',(-0.131450676807707,0.0114748285427154,0.0074995787635897));
#12578=CARTESIAN_POINT('',(-0.133825676807707,0.0155884492106915,0.00749957876358971));
#12579=CARTESIAN_POINT('',(-0.136450676807707,0.0201350825805598,0.00749957876358971));
#12580=CARTESIAN_POINT('',(-0.126972907516019,0.025607075232433,0.0102282207625179));
#12581=CARTESIAN_POINT('',(-0.156250112949699,0.00870387279417787,0.00179933735134964));
#12582=CARTESIAN_POINT('',(-0.156250112949699,0.00652979984328338,0.00152830871790869));
#12583=CARTESIAN_POINT('',(-0.156250112949699,-0.00572962308940619,0.));
#12584=CARTESIAN_POINT('',(-0.146977330215287,-0.0217905539129545,0.));
#12585=CARTESIAN_POINT('',(-0.133,-0.046,0.));
#12586=CARTESIAN_POINT('',(-0.0999052391221511,-0.0268927308984075,0.0095279544897745));
#12587=CARTESIAN_POINT('',(-0.120782406109503,-0.0181615591876456,0.00610852786389163));
#12588=CARTESIAN_POINT('',(-0.111329022692945,-0.0127036457273432,0.00883014918938789));
#12589=CARTESIAN_POINT('',(-0.130235789526061,-0.0236194726479481,0.00338690653839537));
#12590=CARTESIAN_POINT('',(-0.133735789526061,-0.017557294821457,0.00338690653839537));
#12591=CARTESIAN_POINT('',(-0.133139595448349,-0.0185899332552269,0.00338690653839537));
#12592=CARTESIAN_POINT('',(-0.132811386914983,-0.0172867724520701,0.00362023200411372));
#12593=CARTESIAN_POINT('',(-0.134105653042662,-0.0224256908986777,0.002700130250793));
#12594=CARTESIAN_POINT('',(-0.135053388790501,-0.022156369806885,0.00252906563789697));
#12595=CARTESIAN_POINT('',(-0.135294017757152,-0.0231117935864838,0.00235800102500094));
#12596=CARTESIAN_POINT('',(-0.143586705550736,-0.0207552340332973,0.000861185662160674));
#12597=CARTESIAN_POINT('',(-0.145719110983372,-0.0201492615767636,0.000476290283144607));
#12598=CARTESIAN_POINT('',(-0.14547848201672,-0.0191938377971647,0.000647354896040636));
#12599=CARTESIAN_POINT('',(-0.146426217764558,-0.018924516705372,0.000476290283144607));
#12600=CARTESIAN_POINT('',(-0.145131951636879,-0.0137855982587643,0.00139639203646532));
#12601=CARTESIAN_POINT('',(-0.143937357290687,-0.00904242929948028,0.00224563650708241));
#12602=CARTESIAN_POINT('',(-0.144885093038525,-0.00877310820768753,0.00207457189418638));
#12603=CARTESIAN_POINT('',(-0.144044792290386,-0.00828796034454955,0.00231649378978604));
#12604=CARTESIAN_POINT('',(-0.124953802032717,-0.0413545254376365,0.00231649378978584));
#12605=CARTESIAN_POINT('',(-0.14415570499386,-0.00809585390692777,0.00231649378978604));
#12606=CARTESIAN_POINT('',(-0.143315404245722,-0.00761070604378981,0.0025584156853857));
#12607=CARTESIAN_POINT('',(-0.14426313999356,-0.00734138495199707,0.00238735107248968));
#12608=CARTESIAN_POINT('',(-0.14255809452516,-0.000571456092329362,0.00359947838650627));
#12609=CARTESIAN_POINT('',(-0.141055934347442,0.0053929112676356,0.00466737329909732));
#12610=CARTESIAN_POINT('',(-0.140108198599603,0.00512359017584285,0.00483843791199335));
#12611=CARTESIAN_POINT('',(-0.139867569632952,0.00607901395544169,0.00500950252488938));
#12612=CARTESIAN_POINT('',(-0.13395119589286,0.00439773914991685,0.00607739743748044));
#12613=CARTESIAN_POINT('',(-0.128034822152768,0.00271646434439202,0.00714529235007151));
#12614=CARTESIAN_POINT('',(-0.12827545111942,0.00176104056479319,0.00697422773717548));
#12615=CARTESIAN_POINT('',(-0.127327715371582,0.00149171947300044,0.00714529235007151));
#12616=CARTESIAN_POINT('',(-0.1288298755493,-0.00447264788696452,0.00607739743748045));
#12617=CARTESIAN_POINT('',(-0.1294691916419,-0.00701106961585773,0.00562290369376988));
#12618=CARTESIAN_POINT('',(-0.127782406109503,-0.00603720353466349,0.00610852786389163));
#12619=CARTESIAN_POINT('',(-0.118329022692945,-0.000579290074361035,0.00883014918938789));
#12620=CARTESIAN_POINT('',(-0.114829022692945,-0.00664146790085211,0.00883014918938789));
#12621=CARTESIAN_POINT('',(-0.132392365900341,-0.0170448505564704,0.00167964055156172));
#12622=CARTESIAN_POINT('',(-0.132720574433707,-0.0183480113596272,0.00144631508584336));
#12623=CARTESIAN_POINT('',(-0.132720574433707,-0.0183480113596272,0.00144631508584336));
#12624=CARTESIAN_POINT('',(-0.132392365900341,-0.0170448505564704,0.00167964055156172));
#12625=CARTESIAN_POINT('',(-0.13368663202802,-0.0221837690030781,0.000759538798241001));
#12626=CARTESIAN_POINT('',(-0.134105653042662,-0.0224256908986777,0.002700130250793));
#12627=CARTESIAN_POINT('',(-0.103302186764031,-0.0178843044192672,0.00167258811817909));
#12628=CARTESIAN_POINT('',(-0.103302186764031,-0.0178843044192672,0.00167258811817909));
#12629=CARTESIAN_POINT('',(-0.102324713713827,-0.0178843044192672,0.0018836483847504));
#12630=CARTESIAN_POINT('',(-0.104559249807957,-0.0186100701060662,0.00749436247583507));
#12631=CARTESIAN_POINT('',(-0.104881087606886,-0.0176645123960148,0.00754274685495499));
#12632=CARTESIAN_POINT('',(-0.103901291709773,-0.0193615686708625,0.00754274685495499));
#12633=CARTESIAN_POINT('',(-0.10362402456296,-0.0169387467092157,0.00172097249729901));
#12634=CARTESIAN_POINT('',(-0.102644228665847,-0.0186358029840635,0.00172097249729901));
#12635=CARTESIAN_POINT('',(-0.102641189658329,-0.0215441294466842,0.00754274685495499));
#12636=CARTESIAN_POINT('',(-0.102641189658329,-0.0215441294466842,0.00754274685495499));
#12637=CARTESIAN_POINT('',(-0.105391189658329,-0.0167809897258697,0.00754274685495499));
#12638=CARTESIAN_POINT('',(-0.105391189658329,-0.0167809897258697,0.00754274685495499));
#12639=CARTESIAN_POINT('',(-0.100076392700641,-0.00793898757976418,0.00979262048403191));
#12640=CARTESIAN_POINT('',(-0.103437595693195,-0.00987957903231619,0.00882493290163323));
#12641=CARTESIAN_POINT('',(-0.103437595693195,-0.00987957903231619,0.00882493290163323));
#12642=CARTESIAN_POINT('',(-0.100076392700641,-0.00793898757976418,0.00979262048403191));
#12643=CARTESIAN_POINT('',(-0.0967151897080875,-0.00599839612721217,0.0107603080664306));
#12644=CARTESIAN_POINT('',(-0.0967151897080875,-0.00599839612721217,0.0107603080664306));
#12645=CARTESIAN_POINT('',(-0.102187595693195,-0.0120446425417773,0.00882493290163323));
#12646=CARTESIAN_POINT('',(-0.100937595693195,-0.0142097060512384,0.00882493290163323));
#12647=CARTESIAN_POINT('',(-0.100937595693195,-0.0142097060512384,0.00882493290163323));
#12648=CARTESIAN_POINT('',(-0.102187595693195,-0.0120446425417773,0.00882493290163323));
#12649=CARTESIAN_POINT('',(-0.103164392675762,-0.015495347888554,0.00818383987829411));
#12650=CARTESIAN_POINT('',(-0.103164392675762,-0.015495347888554,0.00818383987829411));
#12651=CARTESIAN_POINT('',(-0.102641189658329,-0.0215441294466842,0.00754274685495499));
#12652=CARTESIAN_POINT('',(-0.0998911896583294,-0.0263072691674986,0.00754274685495499));
#12653=CARTESIAN_POINT('',(-0.0998911896583294,-0.0263072691674986,0.00754274685495499));
#12654=CARTESIAN_POINT('',(-0.102641189658329,-0.0215441294466842,0.00754274685495499));
#12655=CARTESIAN_POINT('',(-0.0940931144961739,-0.0229597489118464,0.0092120079345927));
#12656=CARTESIAN_POINT('',(-0.0882950393340183,-0.0196122286561942,0.0108812690142304));
#12657=CARTESIAN_POINT('',(-0.0882950393340183,-0.0196122286561942,0.0108812690142304));
#12658=CARTESIAN_POINT('',(-0.0940931144961739,-0.0229597489118464,0.0092120079345927));
#12659=CARTESIAN_POINT('',(-0.0900450393340183,-0.0165811397429486,0.0108812690142304));
#12660=CARTESIAN_POINT('',(-0.0917950393340183,-0.0135500508297031,0.0108812690142304));
#12661=CARTESIAN_POINT('',(-0.0917950393340183,-0.0135500508297031,0.0108812690142304));
#12662=CARTESIAN_POINT('',(-0.0900450393340183,-0.0165811397429486,0.0108812690142304));
#12663=CARTESIAN_POINT('',(-0.0905345882118106,-0.0128223290349961,0.0112441518576299));
#12664=CARTESIAN_POINT('',(-0.0892741370896029,-0.0120946072402891,0.0116070347010294));
#12665=CARTESIAN_POINT('',(-0.0892741370896029,-0.0120946072402891,0.0116070347010294));
#12666=CARTESIAN_POINT('',(-0.0905345882118106,-0.0128223290349961,0.0112441518576299));
#12667=CARTESIAN_POINT('',(-0.0902741370896029,-0.0103625564327202,0.0116070347010294));
#12668=CARTESIAN_POINT('',(-0.0912741370896029,-0.00863050562515135,0.0116070347010294));
#12669=CARTESIAN_POINT('',(-0.0912741370896029,-0.00863050562515135,0.0116070347010294));
#12670=CARTESIAN_POINT('',(-0.0902741370896029,-0.0103625564327202,0.0116070347010294));
#12671=CARTESIAN_POINT('',(-0.0927446633988452,-0.00947951438564284,0.01118367138373));
#12672=CARTESIAN_POINT('',(-0.0942151897080876,-0.0103285231461343,0.0107603080664306));
#12673=CARTESIAN_POINT('',(-0.0942151897080876,-0.0103285231461343,0.0107603080664306));
#12674=CARTESIAN_POINT('',(-0.0927446633988452,-0.00947951438564284,0.01118367138373));
#12675=CARTESIAN_POINT('',(-0.0954651897080875,-0.00816345963667326,0.0107603080664306));
#12676=CARTESIAN_POINT('',(-0.0954651897080875,-0.00816345963667326,0.0107603080664306));
#12677=CARTESIAN_POINT('',(-0.103457307802368,-0.00186542364615653,0.00981975325504915));
#12678=CARTESIAN_POINT('',(-0.0882972558598294,-0.00893252838795976,0.05));
#12679=CARTESIAN_POINT('',(-0.091722402721593,-0.003,0.05));
#12680=CARTESIAN_POINT('',(-0.091722402721593,-0.003,0.0128907430394016));
#12681=CARTESIAN_POINT('',(-0.0834222558598294,-0.017376276074858,0.05));
#12682=CARTESIAN_POINT('',(-0.0834222558598294,-0.017376276074858,0.0117242334712969));
#12683=CARTESIAN_POINT('',(-0.089611520737693,-0.00665615484489674,0.012594077923426));
#12684=CARTESIAN_POINT('',(0.,5.55111512312578E-17,0.));
#12685=CARTESIAN_POINT('',(-0.0692197380050357,0.0275,0.00972819975710857));
#12686=CARTESIAN_POINT('',(-0.0760525876793526,0.0275,0.010688494153733));
#12687=CARTESIAN_POINT('',(-0.0623868883307189,0.0275,0.00876790536048412));
#12688=CARTESIAN_POINT('',(-0.0760525876793526,0.033,0.010688494153733));
#12689=CARTESIAN_POINT('',(-0.0760525876793526,0.0385,0.010688494153733));
#12690=CARTESIAN_POINT('',(-0.0734283772971874,0.0385,0.0103196854361888));
#12691=CARTESIAN_POINT('',(-0.0708041669150222,0.0385,0.00995087671864467));
#12692=CARTESIAN_POINT('',(-0.0708041669150222,0.0415,0.00995087671864467));
#12693=CARTESIAN_POINT('',(-0.0708041669150222,0.0445,0.00995087671864467));
#12694=CARTESIAN_POINT('',(-0.066843094640056,0.0445,0.00939418431480441));
#12695=CARTESIAN_POINT('',(-0.0628820223650897,0.0445,0.00883749191096415));
#12696=CARTESIAN_POINT('',(-0.0628820223650897,0.0415,0.00883749191096415));
#12697=CARTESIAN_POINT('',(-0.0628820223650897,0.0385,0.00883749191096415));
#12698=CARTESIAN_POINT('',(-0.061149053244792,0.0385,0.00859393898428404));
#12699=CARTESIAN_POINT('',(-0.0594160841244942,0.0385,0.00835038605760393));
#12700=CARTESIAN_POINT('',(-0.0594160841244942,0.0365,0.00835038605760393));
#12701=CARTESIAN_POINT('',(-0.0594160841244942,0.0345,0.00835038605760393));
#12702=CARTESIAN_POINT('',(-0.0609014862276066,0.0345,0.00855914570904402));
#12703=CARTESIAN_POINT('',(-0.0623868883307189,0.0345,0.00876790536048412));
#12704=CARTESIAN_POINT('',(-0.0623868883307189,0.031,0.00876790536048412));
#12705=CARTESIAN_POINT('',(-0.0692197380050357,0.0085,0.00972819975710857));
#12706=CARTESIAN_POINT('',(-0.0760525876793526,0.0085,0.010688494153733));
#12707=CARTESIAN_POINT('',(-0.0623868883307189,0.0085,0.00876790536048412));
#12708=CARTESIAN_POINT('',(-0.0760525876793526,0.014,0.010688494153733));
#12709=CARTESIAN_POINT('',(-0.0760525876793526,0.0195,0.010688494153733));
#12710=CARTESIAN_POINT('',(-0.0734283772971874,0.0195,0.0103196854361888));
#12711=CARTESIAN_POINT('',(-0.0708041669150222,0.0195,0.00995087671864467));
#12712=CARTESIAN_POINT('',(-0.0708041669150222,0.0225,0.00995087671864467));
#12713=CARTESIAN_POINT('',(-0.0708041669150222,0.0255,0.00995087671864467));
#12714=CARTESIAN_POINT('',(-0.066843094640056,0.0255,0.00939418431480441));
#12715=CARTESIAN_POINT('',(-0.0628820223650897,0.0255,0.00883749191096415));
#12716=CARTESIAN_POINT('',(-0.0628820223650897,0.0225,0.00883749191096415));
#12717=CARTESIAN_POINT('',(-0.0628820223650897,0.0195,0.00883749191096415));
#12718=CARTESIAN_POINT('',(-0.061149053244792,0.0195,0.00859393898428404));
#12719=CARTESIAN_POINT('',(-0.0594160841244942,0.0195,0.00835038605760393));
#12720=CARTESIAN_POINT('',(-0.0594160841244942,0.0175,0.00835038605760393));
#12721=CARTESIAN_POINT('',(-0.0594160841244942,0.0155,0.00835038605760393));
#12722=CARTESIAN_POINT('',(-0.0609014862276066,0.0155,0.00855914570904402));
#12723=CARTESIAN_POINT('',(-0.0623868883307189,0.0155,0.00876790536048412));
#12724=CARTESIAN_POINT('',(-0.0623868883307189,0.012,0.00876790536048412));
#12725=CARTESIAN_POINT('',(-0.0950657345991908,0.017,0.0133606176921663));
#12726=CARTESIAN_POINT('',(-0.0940754665304492,0.017,0.0132214445912062));
#12727=CARTESIAN_POINT('',(-0.0103978147217865,0.0175,0.00146131756008068));
#12728=CARTESIAN_POINT('',(-0.0143588869967527,0.0175,0.00201800996392095));
#12729=CARTESIAN_POINT('',(-0.00643674244682021,0.0175,0.000904625156240425));
#12730=CARTESIAN_POINT('',(-0.00643674244682021,0.0145,0.000904625156240425));
#12731=CARTESIAN_POINT('',(-0.00643674244682021,0.0115,0.000904625156240425));
#12732=CARTESIAN_POINT('',(-0.00470377332652246,0.0115,0.000661072229560312));
#12733=CARTESIAN_POINT('',(-0.00297080420622471,0.0115,0.000417519302880196));
#12734=CARTESIAN_POINT('',(-0.00297080420622471,0.0095,0.000417519302880197));
#12735=CARTESIAN_POINT('',(-0.00297080420622472,0.0075,0.000417519302880197));
#12736=CARTESIAN_POINT('',(-0.00445620630933707,0.0075,0.000626278954320294));
#12737=CARTESIAN_POINT('',(-0.00594160841244942,0.0075,0.000835038605760392));
#12738=CARTESIAN_POINT('',(-0.00594160841244942,0.004,0.000835038605760392));
#12739=CARTESIAN_POINT('',(-0.00594160841244942,0.0005,0.000835038605760392));
#12740=CARTESIAN_POINT('',(-0.0127744580867662,0.0005,0.00179533300238485));
#12741=CARTESIAN_POINT('',(-0.0196073077610831,0.0005,0.00275562739900929));
#12742=CARTESIAN_POINT('',(-0.0196073077610831,0.006,0.00275562739900929));
#12743=CARTESIAN_POINT('',(-0.0196073077610831,0.0115,0.00275562739900929));
#12744=CARTESIAN_POINT('',(-0.0169830973789179,0.0115,0.00238681868146512));
#12745=CARTESIAN_POINT('',(-0.0143588869967527,0.0115,0.00201800996392095));
#12746=CARTESIAN_POINT('',(-0.0143588869967527,0.0145,0.00201800996392095));
#12747=CARTESIAN_POINT('',(-0.0292129080278763,0.0175,0.00410560647832192));
#12748=CARTESIAN_POINT('',(-0.0331739803028426,0.0175,0.00466229888216218));
#12749=CARTESIAN_POINT('',(-0.02525183575291,0.0175,0.00354891407448166));
#12750=CARTESIAN_POINT('',(-0.02525183575291,0.0145,0.00354891407448166));
#12751=CARTESIAN_POINT('',(-0.02525183575291,0.0115,0.00354891407448166));
#12752=CARTESIAN_POINT('',(-0.0235188666326123,0.0115,0.00330536114780155));
#12753=CARTESIAN_POINT('',(-0.0217858975123145,0.0115,0.00306180822112144));
#12754=CARTESIAN_POINT('',(-0.0217858975123145,0.0095,0.00306180822112144));
#12755=CARTESIAN_POINT('',(-0.0217858975123145,0.0075,0.00306180822112144));
#12756=CARTESIAN_POINT('',(-0.0232712996154269,0.0075,0.00327056787256154));
#12757=CARTESIAN_POINT('',(-0.0247567017185393,0.0075,0.00347932752400163));
#12758=CARTESIAN_POINT('',(-0.0247567017185393,0.004,0.00347932752400163));
#12759=CARTESIAN_POINT('',(-0.0247567017185393,0.0005,0.00347932752400163));
#12760=CARTESIAN_POINT('',(-0.031589551392856,0.000499999999999993,0.00443962192062608));
#12761=CARTESIAN_POINT('',(-0.0384224010671729,0.0005,0.00539991631725053));
#12762=CARTESIAN_POINT('',(-0.0384224010671729,0.006,0.00539991631725053));
#12763=CARTESIAN_POINT('',(-0.0384224010671729,0.0115,0.00539991631725053));
#12764=CARTESIAN_POINT('',(-0.0357981906850077,0.0115,0.00503110759970636));
#12765=CARTESIAN_POINT('',(-0.0331739803028426,0.0115,0.00466229888216218));
#12766=CARTESIAN_POINT('',(-0.0331739803028426,0.0145,0.00466229888216218));
#12767=CARTESIAN_POINT('',(-0.0480280013339661,0.0215,0.00674989539656317));
#12768=CARTESIAN_POINT('',(-0.0519890736089324,0.0215,0.00730658780040343));
#12769=CARTESIAN_POINT('',(-0.0440669290589998,0.0215,0.00619320299272291));
#12770=CARTESIAN_POINT('',(-0.0440669290589998,0.0185,0.00619320299272291));
#12771=CARTESIAN_POINT('',(-0.0440669290589998,0.0155,0.00619320299272291));
#12772=CARTESIAN_POINT('',(-0.0423339599387021,0.0155,0.00594965006604279));
#12773=CARTESIAN_POINT('',(-0.0406009908184043,0.0155,0.00570609713936268));
#12774=CARTESIAN_POINT('',(-0.0406009908184043,0.0135,0.00570609713936268));
#12775=CARTESIAN_POINT('',(-0.0406009908184043,0.0115,0.00570609713936268));
#12776=CARTESIAN_POINT('',(-0.0420863929215167,0.0115,0.00591485679080278));
#12777=CARTESIAN_POINT('',(-0.0435717950246291,0.0115,0.00612361644224287));
#12778=CARTESIAN_POINT('',(-0.0435717950246291,0.008,0.00612361644224287));
#12779=CARTESIAN_POINT('',(-0.0435717950246291,0.0045,0.00612361644224287));
#12780=CARTESIAN_POINT('',(-0.0504046446989459,0.0045,0.00708391083886732));
#12781=CARTESIAN_POINT('',(-0.0572374943732627,0.0045,0.00804420523549177));
#12782=CARTESIAN_POINT('',(-0.0572374943732627,0.01,0.00804420523549177));
#12783=CARTESIAN_POINT('',(-0.0572374943732627,0.0155,0.00804420523549177));
#12784=CARTESIAN_POINT('',(-0.0546132839910975,0.0155,0.0076753965179476));
#12785=CARTESIAN_POINT('',(-0.0519890736089324,0.0155,0.00730658780040343));
#12786=CARTESIAN_POINT('',(-0.0519890736089324,0.0185,0.00730658780040343));
#12787=CARTESIAN_POINT('',(-0.0856581879461458,0.0185,0.0120384732330457));
#12788=CARTESIAN_POINT('',(-0.0896192602211121,0.0185,0.0125951656368859));
#12789=CARTESIAN_POINT('',(-0.0816971156711795,0.0185,0.0114817808292054));
#12790=CARTESIAN_POINT('',(-0.0816971156711795,0.0155,0.0114817808292054));
#12791=CARTESIAN_POINT('',(-0.0816971156711795,0.0125,0.0114817808292054));
#12792=CARTESIAN_POINT('',(-0.0799641465508818,0.0125,0.0112382279025253));
#12793=CARTESIAN_POINT('',(-0.078231177430584,0.0125,0.0109946749758452));
#12794=CARTESIAN_POINT('',(-0.078231177430584,0.0105,0.0109946749758452));
#12795=CARTESIAN_POINT('',(-0.078231177430584,0.0085,0.0109946749758452));
#12796=CARTESIAN_POINT('',(-0.0797165795336964,0.0085,0.0112034346272853));
#12797=CARTESIAN_POINT('',(-0.0812019816368088,0.0085,0.0114121942787254));
#12798=CARTESIAN_POINT('',(-0.0812019816368088,0.005,0.0114121942787254));
#12799=CARTESIAN_POINT('',(-0.0812019816368088,0.0015,0.0114121942787254));
#12800=CARTESIAN_POINT('',(-0.0880348313111256,0.0015,0.0123724886753498));
#12801=CARTESIAN_POINT('',(-0.0948676809854424,0.0015,0.0133327830719743));
#12802=CARTESIAN_POINT('',(-0.0948676809854424,0.007,0.0133327830719743));
#12803=CARTESIAN_POINT('',(-0.0948676809854424,0.0125,0.0133327830719743));
#12804=CARTESIAN_POINT('',(-0.0922434706032772,0.0125,0.0129639743544301));
#12805=CARTESIAN_POINT('',(-0.0896192602211121,0.0125,0.0125951656368859));
#12806=CARTESIAN_POINT('',(-0.0896192602211121,0.0155,0.0125951656368859));
#12807=CARTESIAN_POINT('',(-0.0292129080278763,0.0365,0.00410560647832192));
#12808=CARTESIAN_POINT('',(-0.0331739803028426,0.0365,0.00466229888216218));
#12809=CARTESIAN_POINT('',(-0.02525183575291,0.0365,0.00354891407448166));
#12810=CARTESIAN_POINT('',(-0.02525183575291,0.0335,0.00354891407448166));
#12811=CARTESIAN_POINT('',(-0.02525183575291,0.0305,0.00354891407448166));
#12812=CARTESIAN_POINT('',(-0.0235188666326123,0.0305,0.00330536114780155));
#12813=CARTESIAN_POINT('',(-0.0217858975123145,0.0305,0.00306180822112144));
#12814=CARTESIAN_POINT('',(-0.0217858975123145,0.0285,0.00306180822112144));
#12815=CARTESIAN_POINT('',(-0.0217858975123145,0.0265,0.00306180822112144));
#12816=CARTESIAN_POINT('',(-0.0232712996154269,0.0265,0.00327056787256154));
#12817=CARTESIAN_POINT('',(-0.0247567017185393,0.0265,0.00347932752400163));
#12818=CARTESIAN_POINT('',(-0.0247567017185393,0.023,0.00347932752400163));
#12819=CARTESIAN_POINT('',(-0.0247567017185393,0.0195,0.00347932752400163));
#12820=CARTESIAN_POINT('',(-0.031589551392856,0.0195,0.00443962192062608));
#12821=CARTESIAN_POINT('',(-0.0384224010671729,0.0195,0.00539991631725053));
#12822=CARTESIAN_POINT('',(-0.0384224010671729,0.025,0.00539991631725053));
#12823=CARTESIAN_POINT('',(-0.0384224010671729,0.0305,0.00539991631725053));
#12824=CARTESIAN_POINT('',(-0.0357981906850077,0.0305,0.00503110759970636));
#12825=CARTESIAN_POINT('',(-0.0331739803028426,0.0305,0.00466229888216218));
#12826=CARTESIAN_POINT('',(-0.0331739803028426,0.0335,0.00466229888216218));
#12827=CARTESIAN_POINT('',(-0.0480280013339661,0.0405,0.00674989539656317));
#12828=CARTESIAN_POINT('',(-0.0519890736089324,0.0405,0.00730658780040343));
#12829=CARTESIAN_POINT('',(-0.0440669290589998,0.0405,0.00619320299272291));
#12830=CARTESIAN_POINT('',(-0.0440669290589998,0.0375,0.00619320299272291));
#12831=CARTESIAN_POINT('',(-0.0440669290589998,0.0345,0.00619320299272291));
#12832=CARTESIAN_POINT('',(-0.0423339599387021,0.0345,0.00594965006604279));
#12833=CARTESIAN_POINT('',(-0.0406009908184043,0.0345,0.00570609713936268));
#12834=CARTESIAN_POINT('',(-0.0406009908184043,0.0325,0.00570609713936268));
#12835=CARTESIAN_POINT('',(-0.0406009908184043,0.0305,0.00570609713936268));
#12836=CARTESIAN_POINT('',(-0.0420863929215167,0.0305,0.00591485679080278));
#12837=CARTESIAN_POINT('',(-0.0435717950246291,0.0305,0.00612361644224287));
#12838=CARTESIAN_POINT('',(-0.0435717950246291,0.027,0.00612361644224287));
#12839=CARTESIAN_POINT('',(-0.0435717950246291,0.0235,0.00612361644224287));
#12840=CARTESIAN_POINT('',(-0.0504046446989459,0.0235,0.00708391083886732));
#12841=CARTESIAN_POINT('',(-0.0572374943732627,0.0235,0.00804420523549177));
#12842=CARTESIAN_POINT('',(-0.0572374943732627,0.029,0.00804420523549177));
#12843=CARTESIAN_POINT('',(-0.0572374943732627,0.0345,0.00804420523549177));
#12844=CARTESIAN_POINT('',(-0.0546132839910975,0.0345,0.0076753965179476));
#12845=CARTESIAN_POINT('',(-0.0519890736089324,0.0345,0.00730658780040343));
#12846=CARTESIAN_POINT('',(-0.0519890736089324,0.0375,0.00730658780040343));
#12847=CARTESIAN_POINT('',(-0.0856581879461458,0.0375,0.0120384732330457));
#12848=CARTESIAN_POINT('',(-0.0896192602211121,0.0375,0.0125951656368859));
#12849=CARTESIAN_POINT('',(-0.0816971156711795,0.0375,0.0114817808292054));
#12850=CARTESIAN_POINT('',(-0.0816971156711795,0.0345,0.0114817808292054));
#12851=CARTESIAN_POINT('',(-0.0816971156711795,0.0315,0.0114817808292054));
#12852=CARTESIAN_POINT('',(-0.0799641465508818,0.0315,0.0112382279025253));
#12853=CARTESIAN_POINT('',(-0.078231177430584,0.0315,0.0109946749758452));
#12854=CARTESIAN_POINT('',(-0.078231177430584,0.0295,0.0109946749758452));
#12855=CARTESIAN_POINT('',(-0.078231177430584,0.0275,0.0109946749758452));
#12856=CARTESIAN_POINT('',(-0.0797165795336964,0.0275,0.0112034346272853));
#12857=CARTESIAN_POINT('',(-0.0812019816368088,0.0275,0.0114121942787254));
#12858=CARTESIAN_POINT('',(-0.0812019816368088,0.024,0.0114121942787254));
#12859=CARTESIAN_POINT('',(-0.0812019816368088,0.0205,0.0114121942787254));
#12860=CARTESIAN_POINT('',(-0.0880348313111256,0.0205,0.0123724886753498));
#12861=CARTESIAN_POINT('',(-0.0948676809854424,0.0205,0.0133327830719743));
#12862=CARTESIAN_POINT('',(-0.0948676809854424,0.026,0.0133327830719743));
#12863=CARTESIAN_POINT('',(-0.0948676809854424,0.0315,0.0133327830719743));
#12864=CARTESIAN_POINT('',(-0.0922434706032772,0.0315,0.0129639743544301));
#12865=CARTESIAN_POINT('',(-0.0896192602211121,0.0315,0.0125951656368859));
#12866=CARTESIAN_POINT('',(-0.0896192602211121,0.0345,0.0125951656368859));
#12867=CARTESIAN_POINT('',(-0.0198053613748314,0.019,0.00278346201920131));
#12868=CARTESIAN_POINT('',(-0.0196073077610831,0.0199797958971133,0.00275562739900929));
#12869=CARTESIAN_POINT('',(-0.0189477640707447,0.0195,0.00266293457824643));
#12870=CARTESIAN_POINT('',(-0.0196073077610831,0.025,0.00275562739900929));
#12871=CARTESIAN_POINT('',(-0.0196073077610831,0.0305,0.00275562739900929));
#12872=CARTESIAN_POINT('',(-0.0169830973789179,0.0305,0.00238681868146512));
#12873=CARTESIAN_POINT('',(-0.0143588869967527,0.0305,0.00201800996392095));
#12874=CARTESIAN_POINT('',(-0.0143588869967527,0.0335,0.00201800996392095));
#12875=CARTESIAN_POINT('',(-0.0143588869967527,0.0365,0.00201800996392095));
#12876=CARTESIAN_POINT('',(-0.0103978147217865,0.0365,0.00146131756008068));
#12877=CARTESIAN_POINT('',(-0.00643674244682021,0.0365,0.000904625156240425));
#12878=CARTESIAN_POINT('',(-0.00643674244682021,0.0335,0.000904625156240425));
#12879=CARTESIAN_POINT('',(-0.00643674244682021,0.0305,0.000904625156240425));
#12880=CARTESIAN_POINT('',(-0.00470377332652246,0.0305,0.000661072229560312));
#12881=CARTESIAN_POINT('',(-0.00297080420622471,0.0305,0.000417519302880197));
#12882=CARTESIAN_POINT('',(-0.00297080420622471,0.0285,0.000417519302880197));
#12883=CARTESIAN_POINT('',(-0.00297080420622472,0.0265,0.000417519302880197));
#12884=CARTESIAN_POINT('',(-0.00445620630933707,0.0265,0.000626278954320294));
#12885=CARTESIAN_POINT('',(-0.00594160841244942,0.0265,0.000835038605760392));
#12886=CARTESIAN_POINT('',(-0.00594160841244942,0.023,0.000835038605760392));
#12887=CARTESIAN_POINT('',(-0.00594160841244942,0.0195,0.000835038605760392));
#12888=CARTESIAN_POINT('',(-0.0127744580867662,0.0195,0.00179533300238485));
#12889=CARTESIAN_POINT('',(-0.0103978147217865,0.0555,0.00146131756008068));
#12890=CARTESIAN_POINT('',(-0.0143588869967527,0.0555,0.00201800996392095));
#12891=CARTESIAN_POINT('',(-0.00643674244682021,0.0555,0.000904625156240425));
#12892=CARTESIAN_POINT('',(-0.00643674244682021,0.0525,0.000904625156240425));
#12893=CARTESIAN_POINT('',(-0.00643674244682021,0.0495,0.000904625156240425));
#12894=CARTESIAN_POINT('',(-0.00470377332652246,0.0495,0.000661072229560312));
#12895=CARTESIAN_POINT('',(-0.00297080420622471,0.0495,0.000417519302880196));
#12896=CARTESIAN_POINT('',(-0.00297080420622471,0.0475,0.000417519302880197));
#12897=CARTESIAN_POINT('',(-0.00297080420622472,0.0455,0.000417519302880197));
#12898=CARTESIAN_POINT('',(-0.00445620630933707,0.0455,0.000626278954320294));
#12899=CARTESIAN_POINT('',(-0.00594160841244942,0.0455,0.000835038605760392));
#12900=CARTESIAN_POINT('',(-0.00594160841244942,0.042,0.000835038605760392));
#12901=CARTESIAN_POINT('',(-0.00594160841244942,0.0385,0.000835038605760392));
#12902=CARTESIAN_POINT('',(-0.0127744580867662,0.0385,0.00179533300238485));
#12903=CARTESIAN_POINT('',(-0.0196073077610831,0.0385,0.00275562739900929));
#12904=CARTESIAN_POINT('',(-0.0196073077610831,0.044,0.00275562739900929));
#12905=CARTESIAN_POINT('',(-0.0196073077610831,0.0495,0.00275562739900929));
#12906=CARTESIAN_POINT('',(-0.0169830973789179,0.0495,0.00238681868146512));
#12907=CARTESIAN_POINT('',(-0.0143588869967527,0.0495,0.00201800996392095));
#12908=CARTESIAN_POINT('',(-0.0143588869967527,0.0525,0.00201800996392095));
#12909=CARTESIAN_POINT('',(-0.0292129080278763,0.0555,0.00410560647832192));
#12910=CARTESIAN_POINT('',(-0.0331739803028426,0.0555,0.00466229888216218));
#12911=CARTESIAN_POINT('',(-0.02525183575291,0.0555,0.00354891407448166));
#12912=CARTESIAN_POINT('',(-0.02525183575291,0.0525,0.00354891407448166));
#12913=CARTESIAN_POINT('',(-0.02525183575291,0.0495,0.00354891407448166));
#12914=CARTESIAN_POINT('',(-0.0235188666326123,0.0495,0.00330536114780155));
#12915=CARTESIAN_POINT('',(-0.0217858975123145,0.0495,0.00306180822112144));
#12916=CARTESIAN_POINT('',(-0.0217858975123145,0.0475,0.00306180822112144));
#12917=CARTESIAN_POINT('',(-0.0217858975123145,0.0455,0.00306180822112144));
#12918=CARTESIAN_POINT('',(-0.0232712996154269,0.0455,0.00327056787256154));
#12919=CARTESIAN_POINT('',(-0.0247567017185393,0.0455,0.00347932752400163));
#12920=CARTESIAN_POINT('',(-0.0247567017185393,0.042,0.00347932752400163));
#12921=CARTESIAN_POINT('',(-0.0247567017185393,0.0385,0.00347932752400163));
#12922=CARTESIAN_POINT('',(-0.031589551392856,0.0385,0.00443962192062608));
#12923=CARTESIAN_POINT('',(-0.0384224010671729,0.0385,0.00539991631725053));
#12924=CARTESIAN_POINT('',(-0.0384224010671729,0.044,0.00539991631725053));
#12925=CARTESIAN_POINT('',(-0.0384224010671729,0.0495,0.00539991631725053));
#12926=CARTESIAN_POINT('',(-0.0357981906850077,0.0495,0.00503110759970636));
#12927=CARTESIAN_POINT('',(-0.0331739803028426,0.0495,0.00466229888216218));
#12928=CARTESIAN_POINT('',(-0.0331739803028426,0.0525,0.00466229888216218));
#12929=CARTESIAN_POINT('',(-0.0480280013339661,0.0595,0.00674989539656317));
#12930=CARTESIAN_POINT('',(-0.0519890736089324,0.0595,0.00730658780040343));
#12931=CARTESIAN_POINT('',(-0.0440669290589998,0.0595,0.00619320299272291));
#12932=CARTESIAN_POINT('',(-0.0440669290589998,0.0565,0.00619320299272291));
#12933=CARTESIAN_POINT('',(-0.0440669290589998,0.0535,0.00619320299272291));
#12934=CARTESIAN_POINT('',(-0.0423339599387021,0.0535,0.00594965006604279));
#12935=CARTESIAN_POINT('',(-0.0406009908184043,0.0535,0.00570609713936268));
#12936=CARTESIAN_POINT('',(-0.0406009908184043,0.0515,0.00570609713936268));
#12937=CARTESIAN_POINT('',(-0.0406009908184043,0.0495,0.00570609713936268));
#12938=CARTESIAN_POINT('',(-0.0420863929215167,0.0495,0.00591485679080278));
#12939=CARTESIAN_POINT('',(-0.0435717950246291,0.0495,0.00612361644224287));
#12940=CARTESIAN_POINT('',(-0.0435717950246291,0.046,0.00612361644224287));
#12941=CARTESIAN_POINT('',(-0.0435717950246291,0.0425,0.00612361644224287));
#12942=CARTESIAN_POINT('',(-0.0504046446989459,0.0425,0.00708391083886732));
#12943=CARTESIAN_POINT('',(-0.0572374943732627,0.0425,0.00804420523549177));
#12944=CARTESIAN_POINT('',(-0.0572374943732627,0.048,0.00804420523549177));
#12945=CARTESIAN_POINT('',(-0.0572374943732627,0.0535,0.00804420523549177));
#12946=CARTESIAN_POINT('',(-0.0546132839910975,0.0535,0.0076753965179476));
#12947=CARTESIAN_POINT('',(-0.0519890736089324,0.0535,0.00730658780040343));
#12948=CARTESIAN_POINT('',(-0.0519890736089324,0.0565,0.00730658780040343));
#12949=CARTESIAN_POINT('',(-0.0292129080278763,0.0745,0.00410560647832192));
#12950=CARTESIAN_POINT('',(-0.0331739803028426,0.0745,0.00466229888216218));
#12951=CARTESIAN_POINT('',(-0.02525183575291,0.0745,0.00354891407448166));
#12952=CARTESIAN_POINT('',(-0.02525183575291,0.0715,0.00354891407448166));
#12953=CARTESIAN_POINT('',(-0.02525183575291,0.0685,0.00354891407448166));
#12954=CARTESIAN_POINT('',(-0.0235188666326123,0.0685,0.00330536114780155));
#12955=CARTESIAN_POINT('',(-0.0217858975123145,0.0685,0.00306180822112144));
#12956=CARTESIAN_POINT('',(-0.0217858975123145,0.0665,0.00306180822112144));
#12957=CARTESIAN_POINT('',(-0.0217858975123145,0.0645,0.00306180822112144));
#12958=CARTESIAN_POINT('',(-0.0232712996154269,0.0645,0.00327056787256154));
#12959=CARTESIAN_POINT('',(-0.0247567017185393,0.0645,0.00347932752400163));
#12960=CARTESIAN_POINT('',(-0.0247567017185393,0.061,0.00347932752400163));
#12961=CARTESIAN_POINT('',(-0.0247567017185393,0.0575,0.00347932752400163));
#12962=CARTESIAN_POINT('',(-0.031589551392856,0.0575,0.00443962192062608));
#12963=CARTESIAN_POINT('',(-0.0384224010671729,0.0575,0.00539991631725053));
#12964=CARTESIAN_POINT('',(-0.0384224010671729,0.063,0.00539991631725053));
#12965=CARTESIAN_POINT('',(-0.0384224010671729,0.0685,0.00539991631725053));
#12966=CARTESIAN_POINT('',(-0.0357981906850077,0.0685,0.00503110759970636));
#12967=CARTESIAN_POINT('',(-0.0331739803028426,0.0685,0.00466229888216218));
#12968=CARTESIAN_POINT('',(-0.0331739803028426,0.0715,0.00466229888216218));
#12969=CARTESIAN_POINT('',(-0.0198053613748314,0.057,0.00278346201920131));
#12970=CARTESIAN_POINT('',(-0.0196073077610831,0.0579797958971132,0.00275562739900929));
#12971=CARTESIAN_POINT('',(-0.0189477640707447,0.0575,0.00266293457824644));
#12972=CARTESIAN_POINT('',(-0.0196073077610831,0.063,0.00275562739900929));
#12973=CARTESIAN_POINT('',(-0.0196073077610831,0.0685,0.00275562739900929));
#12974=CARTESIAN_POINT('',(-0.0169830973789179,0.0685,0.00238681868146512));
#12975=CARTESIAN_POINT('',(-0.0143588869967527,0.0685,0.00201800996392095));
#12976=CARTESIAN_POINT('',(-0.0143588869967527,0.0715,0.00201800996392095));
#12977=CARTESIAN_POINT('',(-0.0143588869967527,0.0745,0.00201800996392095));
#12978=CARTESIAN_POINT('',(-0.0103978147217865,0.0745,0.00146131756008068));
#12979=CARTESIAN_POINT('',(-0.00643674244682021,0.0745,0.000904625156240425));
#12980=CARTESIAN_POINT('',(-0.00643674244682021,0.0715,0.000904625156240425));
#12981=CARTESIAN_POINT('',(-0.00643674244682021,0.0685,0.000904625156240425));
#12982=CARTESIAN_POINT('',(-0.00470377332652246,0.0685,0.000661072229560312));
#12983=CARTESIAN_POINT('',(-0.00297080420622471,0.0685,0.000417519302880197));
#12984=CARTESIAN_POINT('',(-0.00297080420622471,0.0665,0.000417519302880197));
#12985=CARTESIAN_POINT('',(-0.00297080420622472,0.0645,0.000417519302880197));
#12986=CARTESIAN_POINT('',(-0.00445620630933707,0.0645,0.000626278954320294));
#12987=CARTESIAN_POINT('',(-0.00594160841244942,0.0645,0.000835038605760392));
#12988=CARTESIAN_POINT('',(-0.00594160841244942,0.061,0.000835038605760392));
#12989=CARTESIAN_POINT('',(-0.00594160841244942,0.0575,0.000835038605760392));
#12990=CARTESIAN_POINT('',(-0.0127744580867662,0.0575,0.00179533300238485));
#12991=CARTESIAN_POINT('',(-0.0504046446989459,0.0615,0.00708391083886732));
#12992=CARTESIAN_POINT('',(-0.0435717950246291,0.0615,0.00612361644224287));
#12993=CARTESIAN_POINT('',(-0.0572374943732627,0.0615,0.00804420523549177));
#12994=CARTESIAN_POINT('',(-0.0572374943732627,0.067,0.00804420523549177));
#12995=CARTESIAN_POINT('',(-0.0572374943732627,0.0665553988455506,0.00804420523549177));
#12996=CARTESIAN_POINT('',(-0.0612911436647536,0.0625017495540597,0.00861390849050866));
#12997=CARTESIAN_POINT('',(-0.0583535533905933,0.0654393398282201,0.00820105710136455));
#12998=CARTESIAN_POINT('',(-0.058,0.0650857864376268,0.00815136841273871));
#12999=CARTESIAN_POINT('',(-0.0585,0.0650857864376268,0.0082216388300899));
#13000=CARTESIAN_POINT('',(-0.0585,5.55111512312578E-17,0.0082216388300899));
#13001=CARTESIAN_POINT('',(-0.0585,0.0475,0.0082216388300899));
#13002=CARTESIAN_POINT('',(-0.06,0.0475,0.00843245008214348));
#13003=CARTESIAN_POINT('',(-0.06,0.046,0.00843245008214348));
#13004=CARTESIAN_POINT('',(-6.95570437768893E-18,0.046,9.77560499183481E-19));
#13005=CARTESIAN_POINT('',(-0.0803762665917492,0.046,0.0112961475970664));
#13006=CARTESIAN_POINT('',(-0.0897853002998786,0.0493867513459482,0.0126185010481498));
#13007=CARTESIAN_POINT('',(-0.0812019816368088,0.0442558020450688,0.0114121942787254));
#13008=CARTESIAN_POINT('',(-0.0812019816368088,0.043,0.0114121942787254));
#13009=CARTESIAN_POINT('',(-0.0812019816368088,0.0395,0.0114121942787254));
#13010=CARTESIAN_POINT('',(-0.0880348313111256,0.0395,0.0123724886753498));
#13011=CARTESIAN_POINT('',(-0.086909655952861,0.0395,0.0122143555913127));
#13012=CARTESIAN_POINT('',(-0.038264572197513,0.0675852522009021,0.0053777349161684));
#13013=CARTESIAN_POINT('',(-0.100512208977269,0.0316465623496916,0.0141260697474466));
#13014=CARTESIAN_POINT('',(-0.100512208977269,0.0315,0.0141260697474466));
#13015=CARTESIAN_POINT('',(-0.100512208977269,0.0285,0.0141260697474466));
#13016=CARTESIAN_POINT('',(-0.0987792398569717,0.0285,0.0138825168207665));
#13017=CARTESIAN_POINT('',(-0.0970462707366739,0.0285,0.0136389638940864));
#13018=CARTESIAN_POINT('',(-0.0970462707366739,0.0265,0.0136389638940864));
#13019=CARTESIAN_POINT('',(-0.0970462707366739,0.0245,0.0136389638940864));
#13020=CARTESIAN_POINT('',(-0.0985316728397863,0.0245,0.0138477235455265));
#13021=CARTESIAN_POINT('',(-0.100017074942899,0.0245,0.0140564831969666));
#13022=CARTESIAN_POINT('',(-0.100017074942899,0.021,0.0140564831969666));
#13023=CARTESIAN_POINT('',(-0.100017074942899,0.0175,0.0140564831969666));
#13024=CARTESIAN_POINT('',(-0.106849924617215,0.0175,0.015016777593591));
#13025=CARTESIAN_POINT('',(-0.113682774291532,0.0175,0.0159770719902155));
#13026=CARTESIAN_POINT('',(-0.113682774291532,0.023,0.0159770719902155));
#13027=CARTESIAN_POINT('',(-0.113682774291532,0.0240425329201224,0.0159770719902155));
#13028=CARTESIAN_POINT('',(-0.038264572197513,0.0675852522009021,0.0053777349161684));
#13029=CARTESIAN_POINT('',(-0.114871095974022,0.023356455076853,0.0161440797113676));
#13030=CARTESIAN_POINT('',(-0.114871095974022,0.0532970296919435,0.0161440797113676));
#13031=CARTESIAN_POINT('',(-0.114871095974022,0.00122347524354622,0.0161440797113676));
#13032=CARTESIAN_POINT('',(-0.115128821019838,0.00166986811728183,0.0161803006044303));
#13033=CARTESIAN_POINT('',(-0.113682774291532,-0.00083475828626209,0.0159770719902155));
#13034=CARTESIAN_POINT('',(-0.113682774291532,0.004,0.0159770719902155));
#13035=CARTESIAN_POINT('',(-0.113682774291532,0.0095,0.0159770719902155));
#13036=CARTESIAN_POINT('',(-0.111058563909367,0.0095,0.0156082632726713));
#13037=CARTESIAN_POINT('',(-0.108434353527202,0.0095,0.0152394545551272));
#13038=CARTESIAN_POINT('',(-0.108434353527202,0.0125,0.0152394545551272));
#13039=CARTESIAN_POINT('',(-0.108434353527202,0.0155,0.0152394545551272));
#13040=CARTESIAN_POINT('',(-0.104473281252236,0.0155,0.0146827621512869));
#13041=CARTESIAN_POINT('',(-0.100512208977269,0.0155,0.0141260697474466));
#13042=CARTESIAN_POINT('',(-0.100512208977269,0.0125,0.0141260697474466));
#13043=CARTESIAN_POINT('',(-0.100512208977269,0.0095,0.0141260697474466));
#13044=CARTESIAN_POINT('',(-0.0987792398569717,0.0095,0.0138825168207665));
#13045=CARTESIAN_POINT('',(-0.0970462707366739,0.0095,0.0136389638940864));
#13046=CARTESIAN_POINT('',(-0.0970462707366739,0.0075,0.0136389638940864));
#13047=CARTESIAN_POINT('',(-0.0970462707366739,0.0055,0.0136389638940864));
#13048=CARTESIAN_POINT('',(-0.0985316728397863,0.0055,0.0138477235455265));
#13049=CARTESIAN_POINT('',(-0.100017074942899,0.0055,0.0140564831969666));
#13050=CARTESIAN_POINT('',(-0.100017074942899,0.002,0.0140564831969666));
#13051=CARTESIAN_POINT('',(-0.100017074942899,-0.0015,0.0140564831969666));
#13052=CARTESIAN_POINT('',(-0.106849924617215,-0.0015,0.015016777593591));
#13053=CARTESIAN_POINT('',(-0.11329869680903,-0.0015,0.0159230934202342));
#13054=CARTESIAN_POINT('',(-0.115128821019838,0.00166986811728183,0.0161803006044303));
#13055=CARTESIAN_POINT('',(-0.113010021674435,-0.002,0.0158825227758604));
#13056=CARTESIAN_POINT('',(-0.109268689565237,-0.002,0.0153567128383349));
#13057=CARTESIAN_POINT('',(-0.094198072893447,-0.003,0.0132386757918017));
#13058=CARTESIAN_POINT('',(-0.087091383292065,-0.0194946477855503,0.0122398957032527));
#13059=CARTESIAN_POINT('',(-0.0828002558598294,-0.0170171642074221,0.011636817072112));
#13060=CARTESIAN_POINT('',(-0.0828002558598294,-0.00989929297030553,0.011636817072112));
#13061=CARTESIAN_POINT('',(-0.0828002558598294,-0.00278142173318899,0.011636817072112));
#13062=CARTESIAN_POINT('',(-0.077770766221411,0.000122355463438329,0.0109299684002016));
#13063=CARTESIAN_POINT('',(-0.0710544888703943,0.004,0.009986057175197));
#13064=CARTESIAN_POINT('',(-0.0611517940512565,0.004,0.00859432417951233));
#13065=CARTESIAN_POINT('',(-0.0396107227496628,0.004,0.00556692403840261));
#13066=CARTESIAN_POINT('',(-0.0396107227496628,0.002,0.00556692403840261));
#13067=CARTESIAN_POINT('',(-0.0396107227496628,-3.42353576548618E-18,0.00556692403840261));
#13068=CARTESIAN_POINT('',(-0.0258223667907769,-8.90655866903104E-19,0.0036290969827671));
#13069=CARTESIAN_POINT('',(0.,3.85283595860698E-18,0.));
#13070=CARTESIAN_POINT('',(0.,0.01825,0.));
#13071=CARTESIAN_POINT('',(0.,0.0765,0.));
#13072=CARTESIAN_POINT('',(-0.0437874839861633,0.0765,0.00615392954893299));
#13073=CARTESIAN_POINT('',(-0.00711536972238421,0.0765,0.001));
#13074=CARTESIAN_POINT('',(-0.00711536972238421,5.55111512312578E-17,0.001));
#13075=CARTESIAN_POINT('',(-0.00711536972238421,0.076,0.001));
#13076=CARTESIAN_POINT('',(0.,0.076,0.));
#13077=CARTESIAN_POINT('',(-0.035,0.076,0.00491892921458371));
#13078=CARTESIAN_POINT('',(-0.035,0.0755,0.0049189292145837));
#13079=CARTESIAN_POINT('',(-0.0355,0.0755,0.00498919963193489));
#13080=CARTESIAN_POINT('',(-0.0355,5.55111512312578E-17,0.0049891996319349));
#13081=CARTESIAN_POINT('',(-0.0355,0.0715,0.0049891996319349));
#13082=CARTESIAN_POINT('',(-0.037,0.0715,0.00520001088398849));
#13083=CARTESIAN_POINT('',(-0.037,0.07,0.00520001088398849));
#13084=CARTESIAN_POINT('',(0.,0.07,0.));
#13085=CARTESIAN_POINT('',(-0.0406009908184043,0.07,0.00570609713936268));
#13086=CARTESIAN_POINT('',(-0.0406009908184043,0.0705,0.00570609713936268));
#13087=CARTESIAN_POINT('',(-0.0406009908184043,0.0685,0.00570609713936268));
#13088=CARTESIAN_POINT('',(-0.0420863929215167,0.0685,0.00591485679080278));
#13089=CARTESIAN_POINT('',(-0.0435717950246291,0.0685,0.00612361644224287));
#13090=CARTESIAN_POINT('',(-0.0435717950246291,0.065,0.00612361644224287));
#13091=CARTESIAN_POINT('',(0.,5.55111512312578E-17,0.));
#13092=CARTESIAN_POINT('',(-0.100512208977269,0.0695,0.0141260697474466));
#13093=CARTESIAN_POINT('',(-0.100512208977269,0.067,0.0141260697474466));
#13094=CARTESIAN_POINT('',(-0.100512208977269,0.0725,0.0141260697474466));
#13095=CARTESIAN_POINT('',(-3.2564361333435E-17,0.067,4.57662252335124E-18));
#13096=CARTESIAN_POINT('',(-0.0948676809854424,0.067,0.0133327830719743));
#13097=CARTESIAN_POINT('',(-0.0948676809854424,0.064,0.0133327830719743));
#13098=CARTESIAN_POINT('',(-0.0948676809854424,0.0695,0.0133327830719743));
#13099=CARTESIAN_POINT('',(-0.0922434706032772,0.0695,0.0129639743544301));
#13100=CARTESIAN_POINT('',(-0.0896192602211121,0.0695,0.0125951656368859));
#13101=CARTESIAN_POINT('',(-0.0896192602211121,0.0725,0.0125951656368859));
#13102=CARTESIAN_POINT('',(-0.0896192602211121,0.0755,0.0125951656368859));
#13103=CARTESIAN_POINT('',(-0.0856581879461458,0.0755,0.0120384732330457));
#13104=CARTESIAN_POINT('',(-0.0816971156711795,0.0755,0.0114817808292054));
#13105=CARTESIAN_POINT('',(-0.0816971156711795,0.0725,0.0114817808292054));
#13106=CARTESIAN_POINT('',(-0.0816971156711795,0.0695,0.0114817808292054));
#13107=CARTESIAN_POINT('',(-0.0799641465508818,0.0695,0.0112382279025253));
#13108=CARTESIAN_POINT('',(-0.078231177430584,0.0695,0.0109946749758452));
#13109=CARTESIAN_POINT('',(-0.078231177430584,0.0675,0.0109946749758452));
#13110=CARTESIAN_POINT('',(-0.078231177430584,0.067,0.0109946749758452));
#13111=CARTESIAN_POINT('',(-3.2564361333435E-17,0.067,4.57662252335124E-18));
#13112=CARTESIAN_POINT('',(-0.077,0.067,0.0108216442720841));
#13113=CARTESIAN_POINT('',(-0.077,0.0675,0.0108216442720841));
#13114=CARTESIAN_POINT('',(-0.0765,0.0675,0.0107513738547329));
#13115=CARTESIAN_POINT('',(-0.0765,5.55111512312578E-17,0.0107513738547329));
#13116=CARTESIAN_POINT('',(-0.0765,0.08025,0.0107513738547329));
#13117=CARTESIAN_POINT('',(-0.0908899953765556,0.08025,0.0127737558163176));
#13118=CARTESIAN_POINT('',(-0.0950657345991908,0.08025,0.0133606176921663));
#13119=CARTESIAN_POINT('',(-0.0950657345991908,0.077125,0.0133606176921663));
#13120=CARTESIAN_POINT('',(-0.0950657345991908,0.074,0.0133606176921663));
#13121=CARTESIAN_POINT('',(-0.109826199987909,0.074,0.0154350658184925));
#13122=CARTESIAN_POINT('',(-0.114871095974022,0.074,0.0161440797113676));
#13123=CARTESIAN_POINT('',(-0.114871095974022,0.0532970296919435,0.0161440797113676));
#13124=CARTESIAN_POINT('',(-0.114871095974022,0.0297073080379389,0.0161440797113676));
#13125=CARTESIAN_POINT('',(-0.0409744289362167,0.0723715686444321,0.00575858044414971));
#13126=CARTESIAN_POINT('',(-0.108434353527202,0.0334235630223148,0.0152394545551272));
#13127=CARTESIAN_POINT('',(-0.108434353527202,0.0315,0.0152394545551272));
#13128=CARTESIAN_POINT('',(-0.108434353527202,0.0345,0.0152394545551272));
#13129=CARTESIAN_POINT('',(-0.104473281252236,0.0345,0.0146827621512869));
#13130=CARTESIAN_POINT('',(-0.106569909990705,0.0345,0.0149774241042525));
#13131=CARTESIAN_POINT('',(-0.0409744289362167,0.0723715686444321,0.00575858044414971));
#13132=CARTESIAN_POINT('',(-0.103105808375568,0.0365,0.0144905763717671));
#13133=CARTESIAN_POINT('',(-0.106849924617215,0.0365,0.015016777593591));
#13134=CARTESIAN_POINT('',(-0.113682774291532,0.0365,0.0159770719902155));
#13135=CARTESIAN_POINT('',(-0.113682774291532,0.042,0.0159770719902155));
#13136=CARTESIAN_POINT('',(-0.113682774291532,0.0475,0.0159770719902155));
#13137=CARTESIAN_POINT('',(-0.111058563909367,0.0475,0.0156082632726713));
#13138=CARTESIAN_POINT('',(-0.108434353527202,0.0475,0.0152394545551272));
#13139=CARTESIAN_POINT('',(-0.108434353527202,0.0505,0.0152394545551272));
#13140=CARTESIAN_POINT('',(-0.108434353527202,0.0535,0.0152394545551272));
#13141=CARTESIAN_POINT('',(-0.104473281252236,0.0535,0.0146827621512869));
#13142=CARTESIAN_POINT('',(-0.1065,0.0535,0.0149675988958047));
#13143=CARTESIAN_POINT('',(-0.1065,5.55111512312578E-17,0.0149675988958047));
#13144=CARTESIAN_POINT('',(-0.1065,0.0555,0.0149675988958047));
#13145=CARTESIAN_POINT('',(-0.106849924617215,0.0555,0.015016777593591));
#13146=CARTESIAN_POINT('',(-0.113682774291532,0.0555,0.0159770719902155));
#13147=CARTESIAN_POINT('',(-0.113682774291532,0.061,0.0159770719902155));
#13148=CARTESIAN_POINT('',(-0.113682774291532,0.0665,0.0159770719902155));
#13149=CARTESIAN_POINT('',(-0.111058563909367,0.0665,0.0156082632726713));
#13150=CARTESIAN_POINT('',(-0.108434353527202,0.0665,0.0152394545551272));
#13151=CARTESIAN_POINT('',(-0.108434353527202,0.0695,0.0152394545551272));
#13152=CARTESIAN_POINT('',(-0.108434353527202,0.0725,0.0152394545551272));
#13153=CARTESIAN_POINT('',(-0.104473281252236,0.0725,0.0146827621512869));
#13154=CARTESIAN_POINT('',(-0.0950657345991908,0.071,0.0133606176921663));
#13155=CARTESIAN_POINT('',(-0.0940754665304492,0.071,0.0132214445912062));
#13156=CARTESIAN_POINT('',(-0.0203620537786716,0.057,-0.00117761025576498));
#13157=CARTESIAN_POINT('',(-0.0203620537786716,0.057,-0.00117761025576498));
#13158=CARTESIAN_POINT('',(-0.0193717857099301,0.057,-0.00131678335672504));
#13159=CARTESIAN_POINT('',(-0.0201640001649234,0.0579797958971132,-0.00120544487595699));
#13160=CARTESIAN_POINT('',(-0.0198856539630032,0.0579797958971132,0.000775091261526151));
#13161=CARTESIAN_POINT('',(-0.019504456474585,0.0575,-0.00129813769671984));
#13162=CARTESIAN_POINT('',(-0.0192261102726648,0.0575,0.000682398440763298));
#13163=CARTESIAN_POINT('',(-0.0200837075767515,0.057,0.000802925881718165));
#13164=CARTESIAN_POINT('',(-0.105,0.0655,0.051));
#13165=CARTESIAN_POINT('',(-0.105,0.067,0.051));
#13166=CARTESIAN_POINT('',(-0.105,0.067,0.0127371324987139));
#13167=CARTESIAN_POINT('',(-0.105,0.067,0.008));
#13168=CARTESIAN_POINT('',(-0.105,0.0655,0.0127371324987139));
#13169=CARTESIAN_POINT('',(-0.1065,0.0655,0.0129479437507674));
#13170=CARTESIAN_POINT('',(-0.1065,0.0655,0.051));
#13171=CARTESIAN_POINT('',(-0.1065,0.0655,0.0105980762113534));
#13172=CARTESIAN_POINT('',(-0.1065,0.0655,0.0105980762113534));
#13173=CARTESIAN_POINT('',(-0.1065,0.0660180371022306,0.0102989873509303));
#13174=CARTESIAN_POINT('',(-0.106019461984668,0.0667806278277282,0.00944344320094466));
#13175=CARTESIAN_POINT('',(-0.105337940464635,0.067,0.00847792044781583));
#13176=CARTESIAN_POINT('',(-0.105,0.067,0.008));
#13177=CARTESIAN_POINT('',(-0.0561464466094067,0.0676464466094066,0.051));
#13178=CARTESIAN_POINT('',(-0.0513884099948539,0.0724044832239595,0.0496626031252924));
#13179=CARTESIAN_POINT('',(-0.0575158405751828,0.0662770526436305,0.00606366909800863));
#13180=CARTESIAN_POINT('',(-0.0592866530346787,0.0645062401841347,0.00631254055916758));
#13181=CARTESIAN_POINT('',(-0.0539393398282202,0.0698535533905931,0.00556102469771678));
#13182=CARTESIAN_POINT('',(-0.0539393398282202,0.0698535533905931,0.051));
#13183=CARTESIAN_POINT('',(-0.0539393398282202,0.0698535533905931,0.001));
#13184=CARTESIAN_POINT('',(-0.0561464466094067,0.0676464466094066,0.001));
#13185=CARTESIAN_POINT('',(-0.0583535533905933,0.0654393398282201,0.001));
#13186=CARTESIAN_POINT('',(-0.0583535533905933,0.0654393398282201,0.051));
#13187=CARTESIAN_POINT('',(-0.0535857864376269,0.0695,0.051));
#13188=CARTESIAN_POINT('',(-0.0535857864376269,0.0695,0.00551133600909094));
#13189=CARTESIAN_POINT('',(-0.0535857864376269,0.07,0.00551133600909095));
#13190=CARTESIAN_POINT('',(-0.0535857864376269,0.07,0.051));
#13191=CARTESIAN_POINT('',(-0.0535857864376269,0.07,0.001));
#13192=CARTESIAN_POINT('',(-0.0535857864376269,0.0695,0.001));
#13193=CARTESIAN_POINT('',(-0.0452928932188135,0.07,0.051));
#13194=CARTESIAN_POINT('',(-0.0344495231797427,0.07,0.0494760637237221));
#13195=CARTESIAN_POINT('',(-0.0408793370203245,0.07,0.00372556100187955));
#13196=CARTESIAN_POINT('',(-0.037,0.07,0.051));
#13197=CARTESIAN_POINT('',(-0.037,0.07,0.001));
#13198=CARTESIAN_POINT('',(-0.0452928932188135,0.07,0.001));
#13199=CARTESIAN_POINT('',(-0.0517227070593953,0.07,0.00524949727815745));
#13200=CARTESIAN_POINT('',(0.,5.55111512312578E-17,0.));
#13201=CARTESIAN_POINT('',(-0.0985316728397863,0.0435,0.0138477235455265));
#13202=CARTESIAN_POINT('',(-0.0970462707366739,0.0435,0.0136389638940864));
#13203=CARTESIAN_POINT('',(-0.100017074942899,0.0435,0.0140564831969666));
#13204=CARTESIAN_POINT('',(-0.100017074942899,0.04,0.0140564831969666));
#13205=CARTESIAN_POINT('',(-0.100017074942899,0.0382832810788064,0.0140564831969666));
#13206=CARTESIAN_POINT('',(-0.0409744289362167,0.0723715686444321,0.00575858044414971));
#13207=CARTESIAN_POINT('',(-0.0948676809854424,0.0412562850663072,0.0133327830719743));
#13208=CARTESIAN_POINT('',(-0.0948676809854424,0.045,0.0133327830719743));
#13209=CARTESIAN_POINT('',(-0.0948676809854424,0.046,0.0133327830719743));
#13210=CARTESIAN_POINT('',(-6.95570437768893E-18,0.046,9.77560499183481E-19));
#13211=CARTESIAN_POINT('',(-0.0970462707366739,0.046,0.0136389638940864));
#13212=CARTESIAN_POINT('',(-0.0970462707366739,0.0455,0.0136389638940864));
#13213=CARTESIAN_POINT('',(-0.0825,0.046,0.051));
#13214=CARTESIAN_POINT('',(-0.0916154732058848,0.046,0.0522810962130623));
#13215=CARTESIAN_POINT('',(-0.0973246169385941,0.046,0.0116584277566033));
#13216=CARTESIAN_POINT('',(-0.0894368834546533,0.046,0.0519749153909502));
#13217=CARTESIAN_POINT('',(-0.0951460271873625,0.046,0.0113522469344911));
#13218=CARTESIAN_POINT('',(-0.0882091437327093,0.046,0.0103773315435409));
#13219=CARTESIAN_POINT('',(-0.0902853002998791,0.046,0.0106691163204638));
#13220=CARTESIAN_POINT('',(-0.0902853002998791,0.046,0.051));
#13221=CARTESIAN_POINT('',(-0.0902853002998791,0.046,0.00667687582398673));
#13222=CARTESIAN_POINT('',(-0.0825,0.046,0.00667687582398673));
#13223=CARTESIAN_POINT('',(-0.0803762665917492,0.046,0.00667687582398673));
#13224=CARTESIAN_POINT('',(-0.0803762665917492,0.046,0.0346768758239867));
#13225=CARTESIAN_POINT('',(-0.06,0.046,0.051));
#13226=CARTESIAN_POINT('',(-0.06,0.046,0.0076));
#13227=CARTESIAN_POINT('',(-0.0673710959740223,0.046,0.0076));
#13228=CARTESIAN_POINT('',(-0.0673710959740223,0.046,0.0076));
#13229=CARTESIAN_POINT('',(-0.0673710959740223,0.046,0.001));
#13230=CARTESIAN_POINT('',(-0.0673710959740223,0.046,0.001));
#13231=CARTESIAN_POINT('',(-0.0825,0.046,0.001));
#13232=CARTESIAN_POINT('',(-0.110871095974022,0.046,0.001));
#13233=CARTESIAN_POINT('',(-0.110871095974022,0.046,0.011));
#13234=CARTESIAN_POINT('',(-0.110871095974022,0.046,0.008));
#13235=CARTESIAN_POINT('',(-0.105,0.046,0.008));
#13236=CARTESIAN_POINT('',(-0.105,0.046,0.008));
#13237=CARTESIAN_POINT('',(-0.105,0.046,0.051));
#13238=CARTESIAN_POINT('',(-0.105,0.046,0.0127371324987139));
#13239=CARTESIAN_POINT('',(-0.0882091437327093,0.046,0.0103773315435409));
#13240=CARTESIAN_POINT('',(-0.105,0.0475,0.051));
#13241=CARTESIAN_POINT('',(-0.1065,0.0475,0.051));
#13242=CARTESIAN_POINT('',(-0.1065,0.0475,0.0129479437507675));
#13243=CARTESIAN_POINT('',(-0.1065,0.0475,0.0105980762113532));
#13244=CARTESIAN_POINT('',(-0.105,0.0475,0.0127371324987139));
#13245=CARTESIAN_POINT('',(-0.1065,0.0475,0.0105980762113532));
#13246=CARTESIAN_POINT('',(-0.1065,0.0469819628977695,0.0102989873509302));
#13247=CARTESIAN_POINT('',(-0.106019461983482,0.0462193721722718,0.00944344320178363));
#13248=CARTESIAN_POINT('',(-0.105337940467007,0.046,0.00847792044613812));
#13249=CARTESIAN_POINT('',(-0.105,0.046,0.008));
#13250=CARTESIAN_POINT('',(-0.0902853002998791,0.0489509618943232,0.0346768758239867));
#13251=CARTESIAN_POINT('',(-0.0902853002998791,0.0489509618943232,0.0106691163204638));
#13252=CARTESIAN_POINT('',(-0.0902853002998791,0.0439019237886465,0.0106691163204638));
#13253=CARTESIAN_POINT('',(-0.0902853002998791,0.0439019237886465,0.0346768758239867));
#13254=CARTESIAN_POINT('',(-0.0902853002998791,0.0439019237886465,0.00867687582398673));
#13255=CARTESIAN_POINT('',(-0.0902853002998791,0.0489509618943232,0.00867687582398674));
#13256=CARTESIAN_POINT('',(-0.0902853002998791,0.044,0.00867687582398674));
#13257=CARTESIAN_POINT('',(-0.0902853002998791,0.044,0.00667687582398673));
#13258=CARTESIAN_POINT('',(-0.0897853002998786,0.0493867513459482,0.0346768758239867));
#13259=CARTESIAN_POINT('',(-0.0897853002998786,0.0493867513459482,-0.0496612914540573));
#13260=CARTESIAN_POINT('',(-0.0814803278387289,0.0438165240238776,0.00943165814124222));
#13261=CARTESIAN_POINT('',(-0.0803762665917492,0.046,0.00667687582398673));
#13262=CARTESIAN_POINT('',(-0.0803762665917492,0.046,0.00723894527781811));
#13263=CARTESIAN_POINT('',(-0.0805448670567435,0.0454875651613554,0.00832529186381537));
#13264=CARTESIAN_POINT('',(-0.0810582636418758,0.0444721876247643,0.00867687582398673));
#13265=CARTESIAN_POINT('',(-0.0813601646964048,0.044,0.00867687582398673));
#13266=CARTESIAN_POINT('',(-0.0813601646964048,0.044,0.00867687582398673));
#13267=CARTESIAN_POINT('',(-0.0897853002998786,0.0493867513459482,0.00867687582398674));
#13268=CARTESIAN_POINT('',(-0.0847853002998787,0.0407264973081038,0.00867687582398673));
#13269=CARTESIAN_POINT('',(-0.0847853002998787,0.0407264973081038,0.0346768758239867));
#13270=CARTESIAN_POINT('',(-0.0847853002998787,0.0407264973081038,0.00989614172960063));
#13271=CARTESIAN_POINT('',(-0.0897853002998786,0.0493867513459482,0.0105988459031126));
#13272=CARTESIAN_POINT('',(-0.10483663518717,0.0291498537133151,0.0346768758239867));
#13273=CARTESIAN_POINT('',(-0.086909655952861,0.0395,0.0346768758239867));
#13274=CARTESIAN_POINT('',(-0.086909655952861,0.0395,0.0101947004462755));
#13275=CARTESIAN_POINT('',(-0.107117834403255,0.0278328027318332,0.0130347747135087));
#13276=CARTESIAN_POINT('',(-0.10483663518717,0.0291498537133151,0.00867687582398673));
#13277=CARTESIAN_POINT('',(-0.121092272963733,0.0197646568671673,0.00867687582398673));
#13278=CARTESIAN_POINT('',(-0.100502550056399,0.0316521389302562,0.0146046401472349));
#13279=CARTESIAN_POINT('',(-0.124462535182803,0.0178188350677477,0.00770658009771071));
#13280=CARTESIAN_POINT('',(-0.124259438552498,0.0179360929619258,0.00676598864515872));
#13281=CARTESIAN_POINT('',(-0.114871095974022,0.023356455076853,0.05));
#13282=CARTESIAN_POINT('',(-0.110895133842968,0.0256519778835051,0.0358121644348256));
#13283=CARTESIAN_POINT('',(-0.113961120493452,0.023881829665516,0.0139965358527324));
#13284=CARTESIAN_POINT('',(-0.107117834403255,0.0278328027318332,0.0130347747135087));
#13285=CARTESIAN_POINT('',(-0.10079055517919,0.0314858590950851,0.0121455336099635));
#13286=CARTESIAN_POINT('',(-0.0978090572642848,0.0332072277188438,0.0333599936010289));
#13287=CARTESIAN_POINT('',(-0.0203620537786716,0.019,-0.00117761025576498));
#13288=CARTESIAN_POINT('',(-0.0203620537786716,0.019,-0.00117761025576498));
#13289=CARTESIAN_POINT('',(-0.0193717857099301,0.019,-0.00131678335672504));
#13290=CARTESIAN_POINT('',(-0.0201640001649234,0.0199797958971133,-0.00120544487595699));
#13291=CARTESIAN_POINT('',(-0.0198856539630032,0.0199797958971133,0.000775091261526151));
#13292=CARTESIAN_POINT('',(-0.0195044564745849,0.0195,-0.00129813769671985));
#13293=CARTESIAN_POINT('',(-0.0192261102726647,0.0195,0.000682398440763291));
#13294=CARTESIAN_POINT('',(-0.0200837075767515,0.019,0.000802925881718165));
#13295=CARTESIAN_POINT('',(-0.113940558824228,-0.000388262378226887,0.05));
#13296=CARTESIAN_POINT('',(-0.10927015754001,-0.00847763469422842,0.0473744716204832));
#13297=CARTESIAN_POINT('',(-0.113961120493452,-0.000352648522442591,0.0139965358527324));
#13298=CARTESIAN_POINT('',(-0.114871095974022,0.00122347524354622,0.05));
#13299=CARTESIAN_POINT('',(-0.113010021674435,-0.002,0.05));
#13300=CARTESIAN_POINT('',(-0.11329869680903,-0.0015,0.05));
#13301=CARTESIAN_POINT('',(-0.11329869680903,-0.0015,0.0139034382751969));
#13302=CARTESIAN_POINT('',(-0.115199433345978,0.00179217225379733,0.014170569374649));
#13303=CARTESIAN_POINT('',(-0.125634438552498,0.020317662822333,0.00676598864515872));
#13304=CARTESIAN_POINT('',(-0.125837535182803,0.0202004049281549,0.00770658009771072));
#13305=CARTESIAN_POINT('',(-0.127212535182803,0.0225819747885621,0.00770658009771072));
#13306=CARTESIAN_POINT('',(-0.127009438552498,0.0226992326827402,0.00676598864515873));
#13307=CARTESIAN_POINT('',(-0.127637970074461,0.0223363498393406,0.00967687582398673));
#13308=CARTESIAN_POINT('',(-0.126262970074461,0.0199547799789335,0.00967687582398671));
#13309=CARTESIAN_POINT('',(-0.128887970074461,0.0245014133488018,0.00967687582398672));
#13310=CARTESIAN_POINT('',(-0.128259438552498,0.0248642961922013,0.00676598864515873));
#13311=CARTESIAN_POINT('',(-0.128364193806158,0.0248038157183013,0.00725113650829672));
#13312=CARTESIAN_POINT('',(-0.125739193806158,0.020257182348433,0.00725113650829672));
#13313=CARTESIAN_POINT('',(-0.123364193806158,0.016143561680457,0.00725113650829672));
#13314=CARTESIAN_POINT('',(-0.123887970074461,0.0158411593109574,0.00967687582398671));
#13315=CARTESIAN_POINT('',(-0.133,-0.046,0.));
#13316=CARTESIAN_POINT('',(-0.16125,0.00293043531382074,3.92047505570758E-18));
#13317=CARTESIAN_POINT('',(-0.114871095974022,0.0297073080379389,0.0133524483973808));
#13318=CARTESIAN_POINT('',(-0.114871095974022,0.0216033423867659,0.0123421756119225));
#13319=CARTESIAN_POINT('',(-0.114871095974022,0.0325940593838869,0.0137123223712759));
#13320=CARTESIAN_POINT('',(-0.126972907516019,0.025607075232433,0.0102282207625179));
#13321=CARTESIAN_POINT('',(-0.114871095974022,0.0532970296919435,0.05));
#13322=CARTESIAN_POINT('',(-0.114871095974022,0.0297073080379389,0.05));
#13323=CARTESIAN_POINT('',(-0.114871095974022,0.074,0.05));
#13324=CARTESIAN_POINT('',(-0.114871095974022,0.074,-0.002));
#13325=CARTESIAN_POINT('',(-0.114871095974022,0.0532970296919435,-0.002));
#13326=CARTESIAN_POINT('',(-0.114871095974022,0.0325940593838869,-0.002));
#13327=CARTESIAN_POINT('',(-0.114871095974022,0.0325940593838869,0.05));
#13328=CARTESIAN_POINT('',(-0.114871095974022,0.0475,0.01));
#13329=CARTESIAN_POINT('',(-0.114871095974022,0.0475,0.01175));
#13330=CARTESIAN_POINT('',(-0.114871095974022,0.0475,0.0036));
#13331=CARTESIAN_POINT('',(-0.114871095974022,0.0475,0.00535));
#13332=CARTESIAN_POINT('',(-0.114871095974022,0.0655,0.0036));
#13333=CARTESIAN_POINT('',(-0.114871095974022,0.0655,0.00535));
#13334=CARTESIAN_POINT('',(-0.114871095974022,0.0655,0.01));
#13335=CARTESIAN_POINT('',(-0.114871095974022,0.0655,0.01175));
#13336=CARTESIAN_POINT('',(-0.114871095974022,0.0625,0.011002));
#13337=CARTESIAN_POINT('',(-0.114871095974022,0.0625,0.008));
#13338=CARTESIAN_POINT('',(-0.114871095974022,0.0625,0.0026));
#13339=CARTESIAN_POINT('',(-0.114871095974022,0.0595,0.008));
#13340=CARTESIAN_POINT('',(-0.114871095974022,0.0595,0.011));
#13341=CARTESIAN_POINT('',(-0.114871095974022,0.0595,0.011));
#13342=CARTESIAN_POINT('',(-0.114871095974022,0.0535,0.011));
#13343=CARTESIAN_POINT('',(-0.114871095974022,0.0535,0.008));
#13344=CARTESIAN_POINT('',(-0.114871095974022,0.0505,0.008));
#13345=CARTESIAN_POINT('',(-0.114871095974022,0.0505,0.011002));
#13346=CARTESIAN_POINT('',(-0.114871095974022,0.0505,0.0026));
#13347=CARTESIAN_POINT('',(-0.114871095974022,0.0595,0.0026));
#13348=CARTESIAN_POINT('',(-0.112371095974022,0.0565,0.011));
#13349=CARTESIAN_POINT('',(-0.112371095974022,0.0655,0.011));
#13350=CARTESIAN_POINT('',(-0.112371095974022,0.0655,0.008));
#13351=CARTESIAN_POINT('',(-0.112371095974022,0.0655,0.001));
#13352=CARTESIAN_POINT('',(-0.112371095974022,0.0565,0.008));
#13353=CARTESIAN_POINT('',(-0.112371095974022,0.0625,0.008));
#13354=CARTESIAN_POINT('',(-0.112371095974022,0.0625,0.011));
#13355=CARTESIAN_POINT('',(-0.112371095974022,0.0625,0.0026));
#13356=CARTESIAN_POINT('',(-0.112371095974022,0.0565,0.0026));
#13357=CARTESIAN_POINT('',(-0.112371095974022,0.0505,0.0026));
#13358=CARTESIAN_POINT('',(-0.112371095974022,0.0505,0.011));
#13359=CARTESIAN_POINT('',(-0.112371095974022,0.0505,0.008));
#13360=CARTESIAN_POINT('',(-0.112371095974022,0.0565,0.008));
#13361=CARTESIAN_POINT('',(-0.112371095974022,0.0475,0.008));
#13362=CARTESIAN_POINT('',(-0.112371095974022,0.0475,0.011));
#13363=CARTESIAN_POINT('',(-0.112371095974022,0.0475,0.001));
#13364=CARTESIAN_POINT('',(-0.112371095974022,0.0565,0.001));
#13365=CARTESIAN_POINT('',(-0.0762506412931009,0.083375,0.001));
#13366=CARTESIAN_POINT('',(-0.0762506412931009,0.08025,0.05));
#13367=CARTESIAN_POINT('',(-0.0762506412931009,0.08025,-0.001));
#13368=CARTESIAN_POINT('',(-0.0762506412931009,0.08025,-0.002));
#13369=CARTESIAN_POINT('',(-0.0762506412931009,0.083375,-0.001));
#13370=CARTESIAN_POINT('',(-0.0762506412931009,0.0865,-0.001));
#13371=CARTESIAN_POINT('',(-0.0762506412931009,0.0865,0.001));
#13372=CARTESIAN_POINT('',(-0.0762506412931009,0.0865,-0.002));
#13373=CARTESIAN_POINT('',(-0.0762506412931009,0.083375,-0.002));
#13374=CARTESIAN_POINT('',(4.86596562920914E-06,0.0865,0.001));
#13375=CARTESIAN_POINT('',(-0.0761253206465505,0.0865,-0.001));
#13376=CARTESIAN_POINT('',(-0.057,0.0865,-0.001));
#13377=CARTESIAN_POINT('',(-0.057,0.0865,0.));
#13378=CARTESIAN_POINT('',(-0.056,0.0865,0.));
#13379=CARTESIAN_POINT('',(-0.056,0.0865,-0.001));
#13380=CARTESIAN_POINT('',(-0.056,0.0865,0.001));
#13381=CARTESIAN_POINT('',(4.86596562920914E-06,0.0865,0.001));
#13382=CARTESIAN_POINT('',(-0.053,0.0865,0.001));
#13383=CARTESIAN_POINT('',(-0.053,0.0865,-0.001));
#13384=CARTESIAN_POINT('',(-0.053,0.0865,0.));
#13385=CARTESIAN_POINT('',(-0.052,0.0865,0.));
#13386=CARTESIAN_POINT('',(-0.052,0.0865,-0.001));
#13387=CARTESIAN_POINT('',(-0.046,0.0865,-0.001));
#13388=CARTESIAN_POINT('',(-0.04,0.0865,-0.001));
#13389=CARTESIAN_POINT('',(-0.04,0.0865,0.));
#13390=CARTESIAN_POINT('',(-0.039,0.0865,0.));
#13391=CARTESIAN_POINT('',(-0.039,0.0865,-0.001));
#13392=CARTESIAN_POINT('',(-0.039,0.0865,0.001));
#13393=CARTESIAN_POINT('',(4.86596562920914E-06,0.0865,0.001));
#13394=CARTESIAN_POINT('',(-0.035,0.0865,0.001));
#13395=CARTESIAN_POINT('',(-0.035,0.0865,-0.001));
#13396=CARTESIAN_POINT('',(-0.035,0.0865,0.));
#13397=CARTESIAN_POINT('',(-0.034,0.0865,0.));
#13398=CARTESIAN_POINT('',(-0.034,0.0865,-0.001));
#13399=CARTESIAN_POINT('',(-0.028,0.0865,-0.001));
#13400=CARTESIAN_POINT('',(-0.022,0.0865,-0.001));
#13401=CARTESIAN_POINT('',(-0.022,0.0865,0.));
#13402=CARTESIAN_POINT('',(-0.021,0.0865,0.));
#13403=CARTESIAN_POINT('',(-0.021,0.0865,-0.001));
#13404=CARTESIAN_POINT('',(-0.021,0.0865,0.001));
#13405=CARTESIAN_POINT('',(4.86596562920914E-06,0.0865,0.001));
#13406=CARTESIAN_POINT('',(-0.017,0.0865,0.001));
#13407=CARTESIAN_POINT('',(-0.017,0.0865,-0.001));
#13408=CARTESIAN_POINT('',(-0.017,0.0865,0.));
#13409=CARTESIAN_POINT('',(-0.016,0.0865,0.));
#13410=CARTESIAN_POINT('',(-0.016,0.0865,-0.001));
#13411=CARTESIAN_POINT('',(-0.01,0.0865,-0.001));
#13412=CARTESIAN_POINT('',(-0.004,0.0865,-0.001));
#13413=CARTESIAN_POINT('',(-0.004,0.0865,0.));
#13414=CARTESIAN_POINT('',(-0.003,0.0865,0.));
#13415=CARTESIAN_POINT('',(-0.003,0.0865,-0.001));
#13416=CARTESIAN_POINT('',(-0.003,0.0865,0.001));
#13417=CARTESIAN_POINT('',(4.86596562920914E-06,0.0865,0.001));
#13418=CARTESIAN_POINT('',(0.001,0.0865,0.001));
#13419=CARTESIAN_POINT('',(0.001,0.0865,0.001));
#13420=CARTESIAN_POINT('',(0.001,0.0865,-0.002));
#13421=CARTESIAN_POINT('',(4.86596562920914E-06,0.0865,-0.002));
#13422=CARTESIAN_POINT('',(-0.0856581879461459,0.08025,0.05));
#13423=CARTESIAN_POINT('',(-0.0765,0.08025,0.05));
#13424=CARTESIAN_POINT('',(-0.0765,0.08025,0.001));
#13425=CARTESIAN_POINT('',(-0.0856581879461459,0.08025,0.001));
#13426=CARTESIAN_POINT('',(-0.076,0.08025,0.001));
#13427=CARTESIAN_POINT('',(-0.076,0.08025,-0.001));
#13428=CARTESIAN_POINT('',(-0.076,0.08025,0.));
#13429=CARTESIAN_POINT('',(-0.075,0.08025,0.));
#13430=CARTESIAN_POINT('',(-0.075,0.08025,-0.001));
#13431=CARTESIAN_POINT('',(-0.0761253206465505,0.08025,-0.001));
#13432=CARTESIAN_POINT('',(-0.0856581879461459,0.08025,-0.002));
#13433=CARTESIAN_POINT('',(-0.0950657345991908,0.08025,-0.002));
#13434=CARTESIAN_POINT('',(-0.0950657345991908,0.08025,0.05));
#13435=CARTESIAN_POINT('',(-0.0838710959740222,0.026,0.005));
#13436=CARTESIAN_POINT('',(-0.0838710959740222,0.042,0.005));
#13437=CARTESIAN_POINT('',(-0.106871095974022,0.042,0.005));
#13438=CARTESIAN_POINT('',(-0.0673710959740223,0.042,0.005));
#13439=CARTESIAN_POINT('',(-0.06,0.042,0.005));
#13440=CARTESIAN_POINT('',(-0.06,0.042,0.005));
#13441=CARTESIAN_POINT('',(-0.06,0.0475,0.005));
#13442=CARTESIAN_POINT('',(-0.0593710959740223,0.0420360746961447,0.005));
#13443=CARTESIAN_POINT('',(-0.0593710959740223,0.048,0.005));
#13444=CARTESIAN_POINT('',(-0.0593710959740223,0.0413228756555323,0.005));
#13445=CARTESIAN_POINT('',(-0.0608710959740223,0.04,0.005));
#13446=CARTESIAN_POINT('',(-0.0588710959740223,0.04,0.005));
#13447=CARTESIAN_POINT('',(-0.0588710959740223,0.012,0.005));
#13448=CARTESIAN_POINT('',(-0.0588710959740223,0.012,0.005));
#13449=CARTESIAN_POINT('',(-0.0608710959740223,0.012,0.005));
#13450=CARTESIAN_POINT('',(-0.0608710959740223,0.01,0.005));
#13451=CARTESIAN_POINT('',(-0.106871095974022,0.01,0.005));
#13452=CARTESIAN_POINT('',(-0.106871095974022,0.01,0.005));
#13453=CARTESIAN_POINT('',(-0.106871095974022,0.012,0.005));
#13454=CARTESIAN_POINT('',(-0.108871095974022,0.012,0.005));
#13455=CARTESIAN_POINT('',(-0.108871095974022,0.026,0.005));
#13456=CARTESIAN_POINT('',(-0.108871095974022,0.04,0.005));
#13457=CARTESIAN_POINT('',(-0.106871095974022,0.04,0.005));
#13458=CARTESIAN_POINT('',(-0.0593710959740223,0.048,0.001));
#13459=CARTESIAN_POINT('',(-0.0593710959740223,0.0461382071647606,0.051));
#13460=CARTESIAN_POINT('',(-0.0593710959740223,0.0461382071647606,0.001));
#13461=CARTESIAN_POINT('',(-0.0593710959740223,0.0461382071647606,0.0076));
#13462=CARTESIAN_POINT('',(-0.0593710959740223,0.048,0.001));
#13463=CARTESIAN_POINT('',(-0.0593710959740223,0.0425980762113533,0.001));
#13464=CARTESIAN_POINT('',(-0.0593710959740223,0.0425980762113533,0.001));
#13465=CARTESIAN_POINT('',(-0.0593710959740223,0.0425980762113533,0.004));
#13466=CARTESIAN_POINT('',(-0.0593710959740223,0.0425980762113533,0.004));
#13467=CARTESIAN_POINT('',(-0.0593710959740223,0.0425980762113533,0.00430473481689286));
#13468=CARTESIAN_POINT('',(-0.0593710959740223,0.0422478471158163,0.00487429954505643));
#13469=CARTESIAN_POINT('',(-0.0593710959740223,0.0416252575663102,0.005));
#13470=CARTESIAN_POINT('',(-0.0593710959740223,0.0413228756555323,0.005));
#13471=CARTESIAN_POINT('',(-0.0593710959740223,0.0420360746961447,0.005));
#13472=CARTESIAN_POINT('',(-0.0593710959740223,0.0433961217568659,0.00587823220130552));
#13473=CARTESIAN_POINT('',(-0.0593710959740223,0.0447432617495665,0.00677682844215013));
#13474=CARTESIAN_POINT('',(-0.0593710959740223,0.0461382071647606,0.0076));
#13475=CARTESIAN_POINT('',(-0.135560604461861,0.0206489660890324,0.05));
#13476=CARTESIAN_POINT('',(-0.132040791919121,0.0226811308080803,0.00567734011496022));
#13477=CARTESIAN_POINT('',(-0.128679588926567,0.0246217222606323,0.00664502769735889));
#13478=CARTESIAN_POINT('',(-0.135401994911675,0.0207405393555283,0.00470965253256156));
#13479=CARTESIAN_POINT('',(-0.128784344180227,0.0245612417867323,0.00713017556049689));
#13480=CARTESIAN_POINT('',(-0.135560604461861,0.0206489660890324,-0.002));
#13481=CARTESIAN_POINT('',(-0.156250112949699,0.00870387279417787,-0.002));
#13482=CARTESIAN_POINT('',(-0.156250112949699,0.00870387279417787,0.05));
#13483=CARTESIAN_POINT('',(-0.135822145285744,0.0204979654239593,0.00458869158476172));
#13484=CARTESIAN_POINT('',(-0.135926900539404,0.0204374849500594,0.00507383944789972));
#13485=CARTESIAN_POINT('',(-0.135506750165335,0.0206800588816284,0.00519480039569955));
#13486=CARTESIAN_POINT('',(-0.0776250564748496,0.02,0.0005));
#13487=CARTESIAN_POINT('',(-0.106871095974022,0.04,0.0005));
#13488=CARTESIAN_POINT('',(-0.110871095974022,0.04,0.0005));
#13489=CARTESIAN_POINT('',(-0.106871095974022,0.044,0.0005));
#13490=CARTESIAN_POINT('',(-0.0838710959740222,0.044,0.0005));
#13491=CARTESIAN_POINT('',(-0.0548710959740222,0.044,0.0005));
#13492=CARTESIAN_POINT('',(-0.0548710959740222,0.041,0.0005));
#13493=CARTESIAN_POINT('',(-0.0548710959740222,0.038,0.0005));
#13494=CARTESIAN_POINT('',(-0.0548710959740223,0.036,0.0005));
#13495=CARTESIAN_POINT('',(-0.0568710959740223,0.036,0.0005));
#13496=CARTESIAN_POINT('',(-0.0568710959740223,0.024,0.0005));
#13497=CARTESIAN_POINT('',(-0.0568710959740223,0.012,0.0005));
#13498=CARTESIAN_POINT('',(-0.0608710959740223,0.012,0.0005));
#13499=CARTESIAN_POINT('',(-0.0608710959740223,0.008,0.0005));
#13500=CARTESIAN_POINT('',(-0.0838710959740222,0.008,0.0005));
#13501=CARTESIAN_POINT('',(-0.112871095974022,0.008,0.0005));
#13502=CARTESIAN_POINT('',(-0.112871095974022,0.011,0.0005));
#13503=CARTESIAN_POINT('',(-0.112871095974022,0.014,0.0005));
#13504=CARTESIAN_POINT('',(-0.112871095974022,0.016,0.0005));
#13505=CARTESIAN_POINT('',(-0.110871095974022,0.016,0.0005));
#13506=CARTESIAN_POINT('',(-0.110871095974022,0.028,0.0005));
#13507=CARTESIAN_POINT('',(-0.112871095974022,0.011,0.0005));
#13508=CARTESIAN_POINT('',(-0.114371095974022,0.011,0.0005));
#13509=CARTESIAN_POINT('',(-0.109871095974022,0.026,0.0005));
#13510=CARTESIAN_POINT('',(-0.109871095974022,0.012,0.0005));
#13511=CARTESIAN_POINT('',(-0.109871095974022,0.04,0.0005));
#13512=CARTESIAN_POINT('',(-0.106871095974022,0.012,0.0005));
#13513=CARTESIAN_POINT('',(-0.106871095974022,0.009,0.0005));
#13514=CARTESIAN_POINT('',(-0.0838710959740222,0.009,0.0005));
#13515=CARTESIAN_POINT('',(-0.0608710959740223,0.009,0.0005));
#13516=CARTESIAN_POINT('',(-0.0608710959740223,0.012,0.0005));
#13517=CARTESIAN_POINT('',(-0.0578710959740223,0.012,0.0005));
#13518=CARTESIAN_POINT('',(-0.0578710959740223,0.026,0.0005));
#13519=CARTESIAN_POINT('',(-0.0578710959740223,0.04,0.0005));
#13520=CARTESIAN_POINT('',(-0.0608710959740223,0.04,0.0005));
#13521=CARTESIAN_POINT('',(-0.0608710959740223,0.043,0.0005));
#13522=CARTESIAN_POINT('',(-0.0838710959740222,0.043,0.0005));
#13523=CARTESIAN_POINT('',(-0.106871095974022,0.043,0.0005));
#13524=CARTESIAN_POINT('',(-0.106871095974022,0.04,0.0005));
#13525=CARTESIAN_POINT('',(-0.0548710959740223,0.041,0.0005));
#13526=CARTESIAN_POINT('',(-0.0563710959740223,0.041,0.0005));
#13527=CARTESIAN_POINT('',(-0.156250112949699,0.000487124852385854,0.05));
#13528=CARTESIAN_POINT('',(-0.156250112949699,0.000487124852385854,-0.002));
#13529=CARTESIAN_POINT('',(-0.156250112949699,-0.00772962308940616,-0.002));
#13530=CARTESIAN_POINT('',(-0.156250112949699,-0.00772962308940616,-0.002));
#13531=CARTESIAN_POINT('',(-0.156250112949699,-0.00772962308940616,0.));
#13532=CARTESIAN_POINT('',(-0.156250112949699,0.000487124852385854,0.));
#13533=CARTESIAN_POINT('',(-0.108644140631807,-0.031938138037429,0.05));
#13534=CARTESIAN_POINT('',(-0.108644140631807,-0.031938138037429,0.));
#13535=CARTESIAN_POINT('',(-0.133866025403784,-0.0465,0.));
#13536=CARTESIAN_POINT('',(-0.133866025403784,-0.0465,-0.002));
#13537=CARTESIAN_POINT('',(-0.133866025403784,-0.0465,-0.002));
#13538=CARTESIAN_POINT('',(-0.108644140631807,-0.031938138037429,-0.002));
#13539=CARTESIAN_POINT('',(-0.0828002558598294,-0.017017164207422,-0.002));
#13540=CARTESIAN_POINT('',(-0.0828002558598294,-0.017017164207422,0.05));
#13541=CARTESIAN_POINT('',(-0.114871095974022,0.0532970296919435,0.05));
#13542=CARTESIAN_POINT('',(-0.104399893070702,-0.002,0.05));
#13543=CARTESIAN_POINT('',(-0.0736525650817476,0.0025,0.05));
#13544=CARTESIAN_POINT('',(-0.0710544888703943,0.004,0.05));
#13545=CARTESIAN_POINT('',(-0.0710544888703943,0.004,-0.002));
#13546=CARTESIAN_POINT('',(-0.0828002558598294,-0.00278142173318898,0.05));
#13547=CARTESIAN_POINT('',(-0.0828002558598294,-0.00278142173318898,-0.002));
#13548=CARTESIAN_POINT('',(-0.0736525650817476,0.0025,-0.002));
#13549=CARTESIAN_POINT('',(-0.0553326058100285,0.004,0.05));
#13550=CARTESIAN_POINT('',(-0.0396107227496628,0.004,0.05));
#13551=CARTESIAN_POINT('',(-0.0396107227496628,0.004,-0.002));
#13552=CARTESIAN_POINT('',(-0.0553326058100285,0.004,-0.002));
#13553=CARTESIAN_POINT('',(-0.0396107227496628,0.002,0.05));
#13554=CARTESIAN_POINT('',(-0.0396107227496628,-4.33680868994202E-18,0.05));
#13555=CARTESIAN_POINT('',(-0.0396107227496628,-4.33680868994202E-18,-0.002));
#13556=CARTESIAN_POINT('',(-0.0396107227496628,0.002,-0.002));
#13557=CARTESIAN_POINT('',(-0.0193053613748314,3.06498606496449E-19,0.05));
#13558=CARTESIAN_POINT('',(-0.0193053613748314,3.06498606496449E-19,-0.002));
#13559=CARTESIAN_POINT('',(0.001,4.03653297847908E-18,-0.002));
#13560=CARTESIAN_POINT('',(0.001,4.03653297847908E-18,-0.002));
#13561=CARTESIAN_POINT('',(0.001,4.03653297847908E-18,0.));
#13562=CARTESIAN_POINT('',(-0.0193053613748314,3.06498606496449E-19,0.));
#13563=CARTESIAN_POINT('',(-0.0950657345991908,0.077125,0.05));
#13564=CARTESIAN_POINT('',(-0.0950657345991908,0.074,0.05));
#13565=CARTESIAN_POINT('',(-0.0950657345991908,0.074,-0.002));
#13566=CARTESIAN_POINT('',(-0.0950657345991908,0.077125,-0.002));
#13567=CARTESIAN_POINT('',(-0.104968415286607,0.074,0.05));
#13568=CARTESIAN_POINT('',(-0.104968415286607,0.074,-0.002));
#13569=CARTESIAN_POINT('',(-0.0828002558598294,-0.00989929297030553,0.05));
#13570=CARTESIAN_POINT('',(-0.0828002558598294,-0.00989929297030553,-0.002));
#13571=CARTESIAN_POINT('',(0.001,0.0815,0.001));
#13572=CARTESIAN_POINT('',(0.001,0.0765,0.001));
#13573=CARTESIAN_POINT('',(0.001,0.0765,0.001));
#13574=CARTESIAN_POINT('',(0.001,0.0765,0.));
#13575=CARTESIAN_POINT('',(0.001,0.03825,0.));
#13576=CARTESIAN_POINT('',(0.001,0.03825,-0.002));
#13577=CARTESIAN_POINT('',(0.001,0.0815,0.001));
#13578=CARTESIAN_POINT('',(-0.0376253206465504,0.0765,0.001));
#13579=CARTESIAN_POINT('',(-0.0376253206465504,0.0765,0.001));
#13580=CARTESIAN_POINT('',(-0.0376253206465504,0.0765,0.));
#13581=CARTESIAN_POINT('',(-0.0776250564748496,0.01825,0.001));
#13582=CARTESIAN_POINT('',(-0.109371095974022,0.062,0.001));
#13583=CARTESIAN_POINT('',(-0.107871095974022,0.062,0.001));
#13584=CARTESIAN_POINT('',(-0.110871095974022,0.062,0.001));
#13585=CARTESIAN_POINT('',(-0.107871095974022,0.061,0.001));
#13586=CARTESIAN_POINT('',(-0.106871095974022,0.061,0.001));
#13587=CARTESIAN_POINT('',(-0.106871095974022,0.0565,0.001));
#13588=CARTESIAN_POINT('',(-0.106871095974022,0.052,0.001));
#13589=CARTESIAN_POINT('',(-0.107871095974022,0.052,0.001));
#13590=CARTESIAN_POINT('',(-0.107871095974022,0.051,0.001));
#13591=CARTESIAN_POINT('',(-0.109371095974022,0.051,0.001));
#13592=CARTESIAN_POINT('',(-0.110871095974022,0.051,0.001));
#13593=CARTESIAN_POINT('',(-0.110871095974022,0.052,0.001));
#13594=CARTESIAN_POINT('',(-0.111871095974022,0.052,0.001));
#13595=CARTESIAN_POINT('',(-0.111871095974022,0.0565,0.001));
#13596=CARTESIAN_POINT('',(-0.111871095974022,0.061,0.001));
#13597=CARTESIAN_POINT('',(-0.110871095974022,0.061,0.001));
#13598=CARTESIAN_POINT('',(-0.103,0.0635,0.001));
#13599=CARTESIAN_POINT('',(-0.102,0.0635,0.001));
#13600=CARTESIAN_POINT('',(-0.061,0.059,0.001));
#13601=CARTESIAN_POINT('',(-0.06,0.059,0.001));
#13602=CARTESIAN_POINT('',(-0.062,0.059,0.001));
#13603=CARTESIAN_POINT('',(-0.06,0.058,0.001));
#13604=CARTESIAN_POINT('',(-0.059,0.058,0.001));
#13605=CARTESIAN_POINT('',(-0.059,0.056,0.001));
#13606=CARTESIAN_POINT('',(-0.059,0.054,0.001));
#13607=CARTESIAN_POINT('',(-0.06,0.054,0.001));
#13608=CARTESIAN_POINT('',(-0.06,0.053,0.001));
#13609=CARTESIAN_POINT('',(-0.061,0.053,0.001));
#13610=CARTESIAN_POINT('',(-0.062,0.053,0.001));
#13611=CARTESIAN_POINT('',(-0.062,0.054,0.001));
#13612=CARTESIAN_POINT('',(-0.063,0.054,0.001));
#13613=CARTESIAN_POINT('',(-0.063,0.056,0.001));
#13614=CARTESIAN_POINT('',(-0.063,0.058,0.001));
#13615=CARTESIAN_POINT('',(-0.062,0.058,0.001));
#13616=CARTESIAN_POINT('',(-0.019,0.0825,0.001));
#13617=CARTESIAN_POINT('',(-0.018,0.0825,0.001));
#13618=CARTESIAN_POINT('',(-0.062,0.0495,0.001));
#13619=CARTESIAN_POINT('',(-0.061,0.0495,0.001));
#13620=CARTESIAN_POINT('',(-0.066,0.0725,0.001));
#13621=CARTESIAN_POINT('',(-0.057,0.0725,0.001));
#13622=CARTESIAN_POINT('',(-0.075,0.0725,0.001));
#13623=CARTESIAN_POINT('',(-0.075,0.0735,0.001));
#13624=CARTESIAN_POINT('',(-0.076,0.0735,0.001));
#13625=CARTESIAN_POINT('',(-0.076,0.076375,0.001));
#13626=CARTESIAN_POINT('',(-0.0765,0.0765,0.001));
#13627=CARTESIAN_POINT('',(-0.0765,0.0675,0.001));
#13628=CARTESIAN_POINT('',(-0.077,0.0675,0.001));
#13629=CARTESIAN_POINT('',(-0.077,0.067,0.001));
#13630=CARTESIAN_POINT('',(-0.091,0.067,0.001));
#13631=CARTESIAN_POINT('',(-0.110871095974022,0.067,0.001));
#13632=CARTESIAN_POINT('',(-0.110871095974022,0.0655,0.001));
#13633=CARTESIAN_POINT('',(-0.110871095974022,0.0475,0.001));
#13634=CARTESIAN_POINT('',(-0.0673710959740223,0.048,0.001));
#13635=CARTESIAN_POINT('',(-0.0673710959740223,0.043,0.001));
#13636=CARTESIAN_POINT('',(-0.0838710959740222,0.043,0.001));
#13637=CARTESIAN_POINT('',(-0.0608710959740223,0.043,0.001));
#13638=CARTESIAN_POINT('',(-0.0608710959740223,0.04,0.001));
#13639=CARTESIAN_POINT('',(-0.06,0.0475,0.001));
#13640=CARTESIAN_POINT('',(-0.0585,0.0475,0.001));
#13641=CARTESIAN_POINT('',(-0.0585,0.0562928932188133,0.001));
#13642=CARTESIAN_POINT('',(-0.0585,0.0650857864376268,0.001));
#13643=CARTESIAN_POINT('',(-0.058,0.0650857864376268,0.001));
#13644=CARTESIAN_POINT('',(-0.037,0.0715,0.001));
#13645=CARTESIAN_POINT('',(-0.0355,0.0715,0.001));
#13646=CARTESIAN_POINT('',(-0.0355,0.0735,0.001));
#13647=CARTESIAN_POINT('',(-0.0355,0.0755,0.001));
#13648=CARTESIAN_POINT('',(-0.035,0.0755,0.001));
#13649=CARTESIAN_POINT('',(-0.035,0.076,0.001));
#13650=CARTESIAN_POINT('',(-0.018,0.076,0.001));
#13651=CARTESIAN_POINT('',(-0.003,0.0825,0.001));
#13652=CARTESIAN_POINT('',(-0.003,0.0795,0.001));
#13653=CARTESIAN_POINT('',(-0.004,0.0795,0.001));
#13654=CARTESIAN_POINT('',(-0.004,0.0785,0.001));
#13655=CARTESIAN_POINT('',(-0.01,0.0785,0.001));
#13656=CARTESIAN_POINT('',(-0.016,0.0785,0.001));
#13657=CARTESIAN_POINT('',(-0.016,0.0795,0.001));
#13658=CARTESIAN_POINT('',(-0.017,0.0795,0.001));
#13659=CARTESIAN_POINT('',(-0.017,0.0825,0.001));
#13660=CARTESIAN_POINT('',(-0.021,0.0825,0.001));
#13661=CARTESIAN_POINT('',(-0.021,0.0795,0.001));
#13662=CARTESIAN_POINT('',(-0.022,0.0795,0.001));
#13663=CARTESIAN_POINT('',(-0.022,0.0785,0.001));
#13664=CARTESIAN_POINT('',(-0.028,0.0785,0.001));
#13665=CARTESIAN_POINT('',(-0.034,0.0785,0.001));
#13666=CARTESIAN_POINT('',(-0.034,0.0795,0.001));
#13667=CARTESIAN_POINT('',(-0.035,0.0795,0.001));
#13668=CARTESIAN_POINT('',(-0.035,0.0825,0.001));
#13669=CARTESIAN_POINT('',(-0.039,0.0825,0.001));
#13670=CARTESIAN_POINT('',(-0.039,0.0795,0.001));
#13671=CARTESIAN_POINT('',(-0.04,0.0795,0.001));
#13672=CARTESIAN_POINT('',(-0.04,0.0785,0.001));
#13673=CARTESIAN_POINT('',(-0.046,0.0785,0.001));
#13674=CARTESIAN_POINT('',(-0.052,0.0785,0.001));
#13675=CARTESIAN_POINT('',(-0.052,0.0795,0.001));
#13676=CARTESIAN_POINT('',(-0.053,0.0795,0.001));
#13677=CARTESIAN_POINT('',(-0.053,0.0825,0.001));
#13678=CARTESIAN_POINT('',(-0.056,0.0795,0.001));
#13679=CARTESIAN_POINT('',(-0.056,0.0735,0.001));
#13680=CARTESIAN_POINT('',(-0.057,0.0735,0.001));
#13681=CARTESIAN_POINT('',(-0.0776250564748496,0.01825,0.));
#13682=CARTESIAN_POINT('',(-0.145058069176742,-0.0271148115447031,0.));
#13683=CARTESIAN_POINT('',(-0.0776250564748496,0.01825,0.));
#13684=CARTESIAN_POINT('',(-0.145058069176742,-0.0271148115447031,-0.002));
#13685=CARTESIAN_POINT('',(-0.145058069176742,-0.0271148115447031,-0.002));
#13686=CARTESIAN_POINT('',(-0.0776250564748496,0.01825,-0.002));
#13687=CARTESIAN_POINT('',(-0.131217399541256,-0.0068656973787714,-0.002));
#13688=CARTESIAN_POINT('',(-0.133091728468714,-0.00794784168958879,-0.002));
#13689=CARTESIAN_POINT('',(-0.128862174034235,0.00142229593198495,-0.002));
#13690=CARTESIAN_POINT('',(-0.130736502961693,0.00034015162116756,-0.002));
#13691=CARTESIAN_POINT('',(-0.137217399541256,0.00352660746664187,-0.002));
#13692=CARTESIAN_POINT('',(-0.139091728468714,0.00244446315582448,-0.002));
#13693=CARTESIAN_POINT('',(-0.139572625048277,-0.00476138584411444,-0.002));
#13694=CARTESIAN_POINT('',(-0.141446953975735,-0.00584353015493183,-0.002));
#13695=CARTESIAN_POINT('',(-0.0838710959740222,0.044,-0.002));
#13696=CARTESIAN_POINT('',(-0.106871095974022,0.044,-0.002));
#13697=CARTESIAN_POINT('',(-0.0548710959740222,0.044,-0.002));
#13698=CARTESIAN_POINT('',(-0.106871095974022,0.04,-0.002));
#13699=CARTESIAN_POINT('',(-0.110871095974022,0.04,-0.002));
#13700=CARTESIAN_POINT('',(-0.110871095974022,0.028,-0.002));
#13701=CARTESIAN_POINT('',(-0.110871095974022,0.016,-0.002));
#13702=CARTESIAN_POINT('',(-0.112871095974022,0.016,-0.002));
#13703=CARTESIAN_POINT('',(-0.112871095974022,0.014,-0.002));
#13704=CARTESIAN_POINT('',(-0.112871095974022,0.011,-0.002));
#13705=CARTESIAN_POINT('',(-0.112871095974022,0.008,-0.002));
#13706=CARTESIAN_POINT('',(-0.0838710959740222,0.008,-0.002));
#13707=CARTESIAN_POINT('',(-0.0608710959740223,0.008,-0.002));
#13708=CARTESIAN_POINT('',(-0.0608710959740223,0.012,-0.002));
#13709=CARTESIAN_POINT('',(-0.0568710959740223,0.012,-0.002));
#13710=CARTESIAN_POINT('',(-0.0568710959740223,0.024,-0.002));
#13711=CARTESIAN_POINT('',(-0.0568710959740223,0.036,-0.002));
#13712=CARTESIAN_POINT('',(-0.0548710959740223,0.036,-0.002));
#13713=CARTESIAN_POINT('',(-0.0548710959740222,0.038,-0.002));
#13714=CARTESIAN_POINT('',(-0.0548710959740222,0.041,-0.002));
#13715=CARTESIAN_POINT('',(-0.106871095974022,0.04,0.0005));
#13716=CARTESIAN_POINT('',(-0.106871095974022,0.044,0.0005));
#13717=CARTESIAN_POINT('',(-0.110871095974022,0.04,0.0005));
#13718=CARTESIAN_POINT('',(-0.0838710959740222,0.044,0.0005));
#13719=CARTESIAN_POINT('',(-0.0548710959740222,0.044,0.0005));
#13720=CARTESIAN_POINT('',(-0.0548710959740222,0.041,0.0005));
#13721=CARTESIAN_POINT('',(-0.0548710959740222,0.038,0.0005));
#13722=CARTESIAN_POINT('',(-0.0548710959740223,0.036,0.0005));
#13723=CARTESIAN_POINT('',(-0.0568710959740223,0.036,0.0005));
#13724=CARTESIAN_POINT('',(-0.0568710959740223,0.024,0.0005));
#13725=CARTESIAN_POINT('',(-0.0568710959740223,0.012,0.0005));
#13726=CARTESIAN_POINT('',(-0.0608710959740223,0.012,0.0005));
#13727=CARTESIAN_POINT('',(-0.0608710959740223,0.008,0.0005));
#13728=CARTESIAN_POINT('',(-0.0838710959740222,0.008,0.0005));
#13729=CARTESIAN_POINT('',(-0.112871095974022,0.008,0.0005));
#13730=CARTESIAN_POINT('',(-0.112871095974022,0.011,0.0005));
#13731=CARTESIAN_POINT('',(-0.112871095974022,0.014,0.0005));
#13732=CARTESIAN_POINT('',(-0.112871095974022,0.016,0.0005));
#13733=CARTESIAN_POINT('',(-0.110871095974022,0.016,0.0005));
#13734=CARTESIAN_POINT('',(-0.110871095974022,0.028,0.0005));
#13735=CARTESIAN_POINT('',(-0.0548710959740223,0.041,0.005));
#13736=CARTESIAN_POINT('',(-0.0548710959740223,0.041,0.004));
#13737=CARTESIAN_POINT('',(-0.0563710959740223,0.041,0.004));
#13738=CARTESIAN_POINT('',(-0.0776250564748496,0.02,0.005));
#13739=CARTESIAN_POINT('',(-0.0548710959740223,0.041,0.005));
#13740=CARTESIAN_POINT('',(-0.0553710959740223,0.041,0.005));
#13741=CARTESIAN_POINT('',(-0.112871095974022,0.011,0.005));
#13742=CARTESIAN_POINT('',(-0.112871095974022,0.011,0.004));
#13743=CARTESIAN_POINT('',(-0.114371095974022,0.011,0.004));
#13744=CARTESIAN_POINT('',(-0.0776250564748496,0.02,0.005));
#13745=CARTESIAN_POINT('',(-0.112871095974022,0.011,0.005));
#13746=CARTESIAN_POINT('',(-0.113371095974022,0.011,0.005));
#13747=CARTESIAN_POINT('',(-0.0838710959740222,0.009,0.005));
#13748=CARTESIAN_POINT('',(-0.106871095974022,0.009,0.005));
#13749=CARTESIAN_POINT('',(-0.106871095974022,0.009,0.004));
#13750=CARTESIAN_POINT('',(-0.0608710959740223,0.009,0.004));
#13751=CARTESIAN_POINT('',(-0.0608710959740223,0.009,0.004));
#13752=CARTESIAN_POINT('',(-0.0608710959740223,0.009,0.0005));
#13753=CARTESIAN_POINT('',(-0.109871095974022,0.026,0.005));
#13754=CARTESIAN_POINT('',(-0.109871095974022,0.04,0.005));
#13755=CARTESIAN_POINT('',(-0.109871095974022,0.04,0.004));
#13756=CARTESIAN_POINT('',(-0.109871095974022,0.026,0.004));
#13757=CARTESIAN_POINT('',(-0.109871095974022,0.012,0.004));
#13758=CARTESIAN_POINT('',(-0.109871095974022,0.012,0.005));
#13759=CARTESIAN_POINT('',(-0.0838710959740222,0.043,0.005));
#13760=CARTESIAN_POINT('',(-0.0673710959740223,0.043,0.001));
#13761=CARTESIAN_POINT('',(-0.0673710959740223,0.043,0.004));
#13762=CARTESIAN_POINT('',(-0.0838710959740222,0.043,0.004));
#13763=CARTESIAN_POINT('',(-0.106871095974022,0.043,0.004));
#13764=CARTESIAN_POINT('',(-0.106871095974022,0.043,0.0005));
#13765=CARTESIAN_POINT('',(-0.0608710959740223,0.043,0.005));
#13766=CARTESIAN_POINT('',(-0.0578710959740223,0.026,0.005));
#13767=CARTESIAN_POINT('',(-0.0578710959740223,0.012,0.005));
#13768=CARTESIAN_POINT('',(-0.0578710959740223,0.012,0.004));
#13769=CARTESIAN_POINT('',(-0.0578710959740223,0.04,0.004));
#13770=CARTESIAN_POINT('',(-0.0578710959740223,0.04,0.004));
#13771=CARTESIAN_POINT('',(-0.0578710959740223,0.04,0.005));
#13772=CARTESIAN_POINT('',(-0.0673710959740223,0.048,0.001));
#13773=CARTESIAN_POINT('',(-0.0673710959740223,0.044390158172232,0.00655360281195081));
#13774=CARTESIAN_POINT('',(-0.0673710959740223,0.042,0.004));
#13775=CARTESIAN_POINT('',(-0.0608710959740223,0.012,0.005));
#13776=CARTESIAN_POINT('',(-0.0608710959740223,0.012,0.004));
#13777=CARTESIAN_POINT('',(-0.106871095974022,0.04,0.005));
#13778=CARTESIAN_POINT('',(-0.106871095974022,0.04,0.004));
#13779=CARTESIAN_POINT('',(-0.106871095974022,0.012,0.005));
#13780=CARTESIAN_POINT('',(-0.106871095974022,0.012,0.004));
#13781=CARTESIAN_POINT('',(-0.0608710959740223,0.04,0.005));
#13782=CARTESIAN_POINT('',(-0.0608710959740223,0.04,0.004));
#13783=CARTESIAN_POINT('',(-0.0608710959740223,0.04,0.004));
#13784=CARTESIAN_POINT('',(-0.0588710959740223,0.04,0.004));
#13785=CARTESIAN_POINT('',(-0.0588710959740223,0.026,0.004));
#13786=CARTESIAN_POINT('',(-0.0588710959740223,0.012,0.004));
#13787=CARTESIAN_POINT('',(-0.0608710959740223,0.012,0.004));
#13788=CARTESIAN_POINT('',(-0.0608710959740223,0.01,0.004));
#13789=CARTESIAN_POINT('',(-0.0838710959740222,0.01,0.004));
#13790=CARTESIAN_POINT('',(-0.106871095974022,0.01,0.004));
#13791=CARTESIAN_POINT('',(-0.106871095974022,0.012,0.004));
#13792=CARTESIAN_POINT('',(-0.108871095974022,0.012,0.004));
#13793=CARTESIAN_POINT('',(-0.108871095974022,0.026,0.004));
#13794=CARTESIAN_POINT('',(-0.108871095974022,0.04,0.004));
#13795=CARTESIAN_POINT('',(-0.106871095974022,0.04,0.004));
#13796=CARTESIAN_POINT('',(-0.106871095974022,0.042,0.004));
#13797=CARTESIAN_POINT('',(-0.0838710959740222,0.042,0.004));
#13798=CARTESIAN_POINT('',(-0.112871095974022,0.011,0.004));
#13799=CARTESIAN_POINT('',(-0.0548710959740223,0.041,0.004));
#13800=CARTESIAN_POINT('',(-0.0579922403908514,0.041,0.00411096758071752));
#13801=CARTESIAN_POINT('',(-0.0579922403908514,0.041,0.00411096758071752));
#13802=CARTESIAN_POINT('',(-0.0959007732049512,0.017,0.00741900927971687));
#13803=CARTESIAN_POINT('',(-0.0959007732049512,0.017,0.00741900927971687));
#13804=CARTESIAN_POINT('',(-0.0949105051362096,0.017,0.0072798361787568));
#13805=CARTESIAN_POINT('',(-0.0582705865927715,0.041,0.00213043144323438));
#13806=CARTESIAN_POINT('',(-0.0959007732049512,0.071,0.00741900927971687));
#13807=CARTESIAN_POINT('',(-0.0959007732049512,0.071,0.00741900927971687));
#13808=CARTESIAN_POINT('',(-0.0949105051362096,0.071,0.0072798361787568));
#13809=CARTESIAN_POINT('',(-0.0582705865927715,0.041,0.00213043144323438));
#13810=CARTESIAN_POINT('',(-0.144712930622237,-0.0135436763631647,-0.000544199416086669));
#13811=CARTESIAN_POINT('',(-0.146007196749916,-0.0186825948097723,-0.00146430116940738));
#13812=CARTESIAN_POINT('',(-0.146007196749916,-0.0186825948097723,-0.00146430116940739));
#13813=CARTESIAN_POINT('',(-0.144712930622237,-0.0135436763631647,-0.000544199416086669));
#13814=CARTESIAN_POINT('',(-0.143518336276045,-0.00880050740388061,0.000305045054530415));
#13815=CARTESIAN_POINT('',(-0.143937357290687,-0.00904242929948028,0.00224563650708241));
#13816=CARTESIAN_POINT('',(-0.143167684536094,-0.0205133121376976,-0.00107940579039132));
#13817=CARTESIAN_POINT('',(-0.13487499674251,-0.0228698716908842,0.000417409572448943));
#13818=CARTESIAN_POINT('',(-0.13487499674251,-0.0228698716908842,0.000417409572448941));
#13819=CARTESIAN_POINT('',(-0.143167684536094,-0.0205133121376976,-0.00107940579039132));
#13820=CARTESIAN_POINT('',(-0.14530008996873,-0.0199073396811639,-0.00146430116940739));
#13821=CARTESIAN_POINT('',(-0.145719110983372,-0.0201492615767636,0.000476290283144609));
#13822=CARTESIAN_POINT('',(-0.128410854534658,-0.00423072599136486,0.00413680598492846));
#13823=CARTESIAN_POINT('',(-0.129050170627258,-0.00676914772025806,0.00368231224121788));
#13824=CARTESIAN_POINT('',(-0.129050170627258,-0.00676914772025807,0.00368231224121788));
#13825=CARTESIAN_POINT('',(-0.12690869435694,0.0017336413686001,0.00520470089751951));
#13826=CARTESIAN_POINT('',(-0.12690869435694,0.0017336413686001,0.00520470089751951));
#13827=CARTESIAN_POINT('',(-0.128410854534658,-0.00423072599136486,0.00413680598492846));
#13828=CARTESIAN_POINT('',(-0.133532174878218,0.00463966104551652,0.00413680598492845));
#13829=CARTESIAN_POINT('',(-0.133532174878218,0.00463966104551652,0.00413680598492845));
#13830=CARTESIAN_POINT('',(-0.13944854861831,0.00632093585104135,0.00306891107233738));
#13831=CARTESIAN_POINT('',(-0.127615801138126,0.00295838623999169,0.00520470089751951));
#13832=CARTESIAN_POINT('',(-0.128034822152768,0.00271646434439202,0.00714529235007151));
#13833=CARTESIAN_POINT('',(-0.13944854861831,0.00632093585104135,0.00306891107233738));
#13834=CARTESIAN_POINT('',(-0.142139073510518,-0.000329534196729693,0.00165888693395427));
#13835=CARTESIAN_POINT('',(-0.143844118978918,-0.00709946305639739,0.00044675961993769));
#13836=CARTESIAN_POINT('',(-0.143844118978918,-0.0070994630563974,0.000446759619937685));
#13837=CARTESIAN_POINT('',(-0.142139073510518,-0.000329534196729693,0.00165888693395427));
#13838=CARTESIAN_POINT('',(-0.1406369133328,0.00563483316323526,0.00272678184654533));
#13839=CARTESIAN_POINT('',(-0.141055934347442,0.0053929112676356,0.00466737329909732));
#13840=CARTESIAN_POINT('',(-0.134804246441229,0.000761160737517546,0.00337862534794267));
#13841=CARTESIAN_POINT('',(-0.133316768511419,-0.0173153729258574,0.00144631508584336));
#13842=CARTESIAN_POINT('',(-0.129816768511419,-0.0233775507523484,0.00144631508584336));
#13843=CARTESIAN_POINT('',(-0.120363385094861,-0.017919637292046,0.00416793641133962));
#13844=CARTESIAN_POINT('',(-0.110910001678303,-0.0124617238317435,0.00688955773683588));
#13845=CARTESIAN_POINT('',(-0.114410001678303,-0.00639954600525244,0.00688955773683588));
#13846=CARTESIAN_POINT('',(-0.117910001678303,-0.000337368178761353,0.00688955773683589));
#13847=CARTESIAN_POINT('',(-0.127363385094861,-0.00579528163906382,0.00416793641133962));
#13848=CARTESIAN_POINT('',(-0.127856430104778,0.00200296246039285,0.00503363628462349));
#13849=CARTESIAN_POINT('',(-0.139689177584961,0.00536551207144251,0.00289784645944135));
#13850=CARTESIAN_POINT('',(-0.14289638323108,-0.00736878414819014,0.000617824232833713));
#13851=CARTESIAN_POINT('',(-0.143736683979218,-0.0078539320113281,0.000375902337234051));
#13852=CARTESIAN_POINT('',(-0.143418664494558,-0.00840475791655705,0.000375902337234047));
#13853=CARTESIAN_POINT('',(-0.143625771275744,-0.00804603844894989,0.00037590233723405));
#13854=CARTESIAN_POINT('',(-0.144466072023883,-0.00853118631208786,0.000133980441634385));
#13855=CARTESIAN_POINT('',(-0.145059461002078,-0.0189519159015651,-0.00129323655651136));
#13856=CARTESIAN_POINT('',(-0.134634367775859,-0.0219144479112854,0.000588474185344971));
#13857=CARTESIAN_POINT('',(-0.132274964022588,-0.00747628251675393,0.00289784645944134));
#13858=CARTESIAN_POINT('',(-0.13022227061716,-0.00747628251675393,0.0033410730192411));
#13859=CARTESIAN_POINT('',(-0.130233159533757,0.000630757084780712,0.00434937783303938));
#13860=CARTESIAN_POINT('',(-0.128180466128329,0.000630757084780712,0.00479260439283913));
#13861=CARTESIAN_POINT('',(-0.138274964022588,0.00291602232865934,0.00289784645944135));
#13862=CARTESIAN_POINT('',(-0.13622227061716,0.00291602232865934,0.00334107301924111));
#13863=CARTESIAN_POINT('',(-0.140316768511419,-0.00519101727287527,0.00144631508584336));
#13864=CARTESIAN_POINT('',(-0.138264075105991,-0.00519101727287527,0.00188954164564311));
#13865=CARTESIAN_POINT('',(-0.143418664494558,-0.00840475791655705,0.000375902337234047));
#13866=CARTESIAN_POINT('',(-0.143625771275744,-0.00804603844894989,0.00037590233723405));
#13867=CARTESIAN_POINT('',(-0.14415570499386,-0.00809585390692777,0.00231649378978604));
#13868=CARTESIAN_POINT('',(-0.134634367775859,-0.0219144479112854,0.000588474185344972));
#13869=CARTESIAN_POINT('',(-0.145059461002078,-0.0189519159015651,-0.00129323655651136));
#13870=CARTESIAN_POINT('',(-0.144466072023883,-0.00853118631208786,0.000133980441634386));
#13871=CARTESIAN_POINT('',(-0.14289638323108,-0.00736878414819014,0.000617824232833715));
#13872=CARTESIAN_POINT('',(-0.127856430104778,0.00200296246039285,0.00503363628462348));
#13873=CARTESIAN_POINT('',(-0.139689177584961,0.00536551207144251,0.00289784645944135));
#13874=CARTESIAN_POINT('',(-0.133197145285744,0.015951332054091,0.00458869158476172));
#13875=CARTESIAN_POINT('',(-0.130822145285744,0.0118377113861149,0.00458869158476171));
#13876=CARTESIAN_POINT('',(-0.130926900539404,0.011777230912215,0.00507383944789971));
#13877=CARTESIAN_POINT('',(-0.133301900539404,0.0158908515801911,0.00507383944789971));
#13878=CARTESIAN_POINT('',(-0.126790791919121,0.0135878640683437,0.00567734011496022));
#13879=CARTESIAN_POINT('',(-0.123429588926567,0.0155284555208957,0.00664502769735888));
#13880=CARTESIAN_POINT('',(-0.123534344180227,0.0154679750469957,0.00713017556049688));
#13881=CARTESIAN_POINT('',(-0.126895547172781,0.0135273835944438,0.00616248797809822));
#13882=CARTESIAN_POINT('',(-0.130256750165335,0.0115867921418918,0.00519480039569955));
#13883=CARTESIAN_POINT('',(-0.130780526433638,0.0112843897723922,0.00762053971138954));
#13884=CARTESIAN_POINT('',(-0.134594735933908,0.00088212168531738,0.00240832962166668));
#13885=CARTESIAN_POINT('',(-0.126601233076551,0.00549717271178052,0.00470965253256154));
#13886=CARTESIAN_POINT('',(-0.130401994911675,0.0120802853176839,0.00470965253256155));
#13887=CARTESIAN_POINT('',(-0.138395497769032,0.00746523429122074,0.00240832962166668));
#13888=CARTESIAN_POINT('',(-0.123679588926567,0.0159614682227879,0.00664502769735889));
#13889=CARTESIAN_POINT('',(-0.119878827091443,0.00937835561688454,0.00664502769735889));
#13890=CARTESIAN_POINT('',(-0.130401994911675,0.0120802853176839,0.00470965253256155));
#13891=CARTESIAN_POINT('',(-0.130506750165335,0.012019804843784,0.00519480039569955));
#13892=CARTESIAN_POINT('',(-0.123679588926567,0.0159614682227879,0.00664502769735889));
#13893=CARTESIAN_POINT('',(-0.123784344180227,0.015900987748888,0.00713017556049688));
#13894=CARTESIAN_POINT('',(-0.119983582345103,0.00931787514298462,0.00713017556049688));
#13895=CARTESIAN_POINT('',(-0.123784344180227,0.015900987748888,0.00713017556049688));
#13896=CARTESIAN_POINT('',(-0.123784344180227,0.015900987748888,0.00713017556049688));
#13897=CARTESIAN_POINT('',(-0.123784344180227,0.015900987748888,0.00713017556049688));
#13898=CARTESIAN_POINT('',(-0.138500253022692,0.00740475381732083,0.00289347748480467));
#13899=CARTESIAN_POINT('',(-0.130506750165335,0.012019804843784,0.00519480039569955));
#13900=CARTESIAN_POINT('',(-0.130506750165335,0.012019804843784,0.00519480039569955));
#13901=CARTESIAN_POINT('',(-0.130506750165335,0.012019804843784,0.00519480039569955));
#13902=CARTESIAN_POINT('',(-0.126705988330211,0.00543669223788061,0.00519480039569954));
#13903=CARTESIAN_POINT('',(-0.139422824204104,-0.00467489828640602,-0.00269376529489005));
#13904=CARTESIAN_POINT('',(-0.137067598697083,0.00361309502435029,-0.00269376529489004));
#13905=CARTESIAN_POINT('',(-0.128712373190062,0.00150878348969337,-0.00269376529489004));
#13906=CARTESIAN_POINT('',(-0.131067598697083,-0.00677920982106297,-0.00269376529489004));
#13907=CARTESIAN_POINT('',(-0.140476272538014,-0.0260677166563932,-0.00160294405626339));
#13908=CARTESIAN_POINT('',(-0.140476272538014,-0.0260677166563932,-0.00160294405626339));
#13909=CARTESIAN_POINT('',(-0.13949879948781,-0.0260677166563932,-0.00139188378969208));
#13910=CARTESIAN_POINT('',(-0.119456270221212,-0.00648362675191379,0.00537721801444768));
#13911=CARTESIAN_POINT('',(-0.118283011380215,-0.00580624544423472,-5.64380526979031E-05));
#13912=CARTESIAN_POINT('',(-0.122232788260308,0.0110232762850199,0.00118874432697974));
#13913=CARTESIAN_POINT('',(-0.122232788260308,0.0110232762850199,0.00118874432697974));
#13914=CARTESIAN_POINT('',(-0.121255315210104,0.0110232762850199,0.00139980459355106));
#13915=CARTESIAN_POINT('',(-0.118283011380215,-0.00580624544423472,-5.64380526979031E-05));
#13916=CARTESIAN_POINT('',(-0.091,0.067,0.051));
#13917=CARTESIAN_POINT('',(-0.0952460492387425,0.067,0.0515967433042003));
#13918=CARTESIAN_POINT('',(-0.10079055517919,0.067,0.0121455336099635));
#13919=CARTESIAN_POINT('',(-0.0965445059404471,0.067,0.0115487903057632));
#13920=CARTESIAN_POINT('',(-0.110871095974022,0.067,0.008));
#13921=CARTESIAN_POINT('',(-0.110871095974022,0.067,0.008));
#13922=CARTESIAN_POINT('',(-0.110871095974022,0.067,0.011));
#13923=CARTESIAN_POINT('',(-0.077,0.067,0.051));
#13924=CARTESIAN_POINT('',(-0.0729650176920571,0.067,0.0484653485325988));
#13925=CARTESIAN_POINT('',(-0.0785095236325042,0.067,0.00901413883836203));
#13926=CARTESIAN_POINT('',(-0.0965445059404471,0.067,0.0115487903057632));
#13927=CARTESIAN_POINT('',(-0.0951460271873625,0.067,0.0113522469344911));
#13928=CARTESIAN_POINT('',(-0.0896015212469154,0.067,0.0508034566287279));
#13929=CARTESIAN_POINT('',(-0.1065,0.0565,0.051));
#13930=CARTESIAN_POINT('',(-0.1065,0.0555,0.051));
#13931=CARTESIAN_POINT('',(-0.1065,0.0555,0.0129479437507674));
#13932=CARTESIAN_POINT('',(-0.1065,0.0535,0.051));
#13933=CARTESIAN_POINT('',(-0.1065,0.0535,0.0129479437507674));
#13934=CARTESIAN_POINT('',(-0.1065,0.0565,0.0129479437507674));
#13935=CARTESIAN_POINT('',(-0.1065,0.049,0.008));
#13936=CARTESIAN_POINT('',(-0.1065,0.049,0.011));
#13937=CARTESIAN_POINT('',(-0.1065,0.0565,0.011));
#13938=CARTESIAN_POINT('',(-0.1065,0.064,0.011));
#13939=CARTESIAN_POINT('',(-0.1065,0.064,0.008));
#13940=CARTESIAN_POINT('',(-0.1065,0.0565,0.0129479437507674));
#13941=CARTESIAN_POINT('',(-0.06,0.0475,0.051));
#13942=CARTESIAN_POINT('',(-0.06,0.0475,0.0076));
#13943=CARTESIAN_POINT('',(-0.0585,0.0475,0.051));
#13944=CARTESIAN_POINT('',(-0.0585,0.0562928932188133,0.051));
#13945=CARTESIAN_POINT('',(-0.0585,0.0650857864376268,0.051));
#13946=CARTESIAN_POINT('',(-0.058,0.0650857864376268,0.051));
#13947=CARTESIAN_POINT('',(-0.037,0.0715,0.051));
#13948=CARTESIAN_POINT('',(-0.0355,0.0715,0.051));
#13949=CARTESIAN_POINT('',(-0.0355,0.0735,0.051));
#13950=CARTESIAN_POINT('',(-0.0355,0.0755,0.051));
#13951=CARTESIAN_POINT('',(-0.035,0.0755,0.051));
#13952=CARTESIAN_POINT('',(-0.035,0.076,0.051));
#13953=CARTESIAN_POINT('',(-0.018,0.076,0.051));
#13954=CARTESIAN_POINT('',(-0.0765,0.0765,0.051));
#13955=CARTESIAN_POINT('',(-0.0765,0.0675,0.051));
#13956=CARTESIAN_POINT('',(-0.077,0.0675,0.051));
#13957=CARTESIAN_POINT('',(-0.053,0.0825,-0.001));
#13958=CARTESIAN_POINT('',(-0.053,0.0795,-0.001));
#13959=CARTESIAN_POINT('',(-0.053,0.0795,0.));
#13960=CARTESIAN_POINT('',(-0.053,0.0825,0.));
#13961=CARTESIAN_POINT('',(-0.046,0.0785,-0.001));
#13962=CARTESIAN_POINT('',(-0.04,0.0785,-0.001));
#13963=CARTESIAN_POINT('',(-0.04,0.0785,0.));
#13964=CARTESIAN_POINT('',(-0.046,0.0785,0.));
#13965=CARTESIAN_POINT('',(-0.052,0.0785,0.));
#13966=CARTESIAN_POINT('',(-0.052,0.0785,0.001));
#13967=CARTESIAN_POINT('',(-0.039,0.0825,-0.001));
#13968=CARTESIAN_POINT('',(-0.039,0.0825,0.));
#13969=CARTESIAN_POINT('',(-0.039,0.0795,0.));
#13970=CARTESIAN_POINT('',(-0.039,0.0795,0.001));
#13971=CARTESIAN_POINT('',(-0.0381253206465504,0.0765,-0.001));
#13972=CARTESIAN_POINT('',(-0.0381253206465504,0.0795,-0.001));
#13973=CARTESIAN_POINT('',(-0.052,0.0795,-0.001));
#13974=CARTESIAN_POINT('',(-0.04,0.0795,-0.001));
#13975=CARTESIAN_POINT('',(-0.04,0.0765,-0.001));
#13976=CARTESIAN_POINT('',(-0.052,0.0765,-0.001));
#13977=CARTESIAN_POINT('',(-0.035,0.0825,-0.001));
#13978=CARTESIAN_POINT('',(-0.035,0.0795,-0.001));
#13979=CARTESIAN_POINT('',(-0.035,0.0795,0.));
#13980=CARTESIAN_POINT('',(-0.035,0.0825,0.));
#13981=CARTESIAN_POINT('',(-0.028,0.0785,-0.001));
#13982=CARTESIAN_POINT('',(-0.022,0.0785,-0.001));
#13983=CARTESIAN_POINT('',(-0.022,0.0785,0.));
#13984=CARTESIAN_POINT('',(-0.028,0.0785,0.));
#13985=CARTESIAN_POINT('',(-0.034,0.0785,0.));
#13986=CARTESIAN_POINT('',(-0.034,0.0785,0.001));
#13987=CARTESIAN_POINT('',(-0.021,0.0825,-0.001));
#13988=CARTESIAN_POINT('',(-0.021,0.0825,0.));
#13989=CARTESIAN_POINT('',(-0.021,0.0795,0.));
#13990=CARTESIAN_POINT('',(-0.021,0.0795,0.001));
#13991=CARTESIAN_POINT('',(-0.0381253206465504,0.0765,-0.001));
#13992=CARTESIAN_POINT('',(-0.0381253206465504,0.0795,-0.001));
#13993=CARTESIAN_POINT('',(-0.034,0.0795,-0.001));
#13994=CARTESIAN_POINT('',(-0.022,0.0795,-0.001));
#13995=CARTESIAN_POINT('',(-0.022,0.0765,-0.001));
#13996=CARTESIAN_POINT('',(-0.034,0.0765,-0.001));
#13997=CARTESIAN_POINT('',(-0.017,0.0825,-0.001));
#13998=CARTESIAN_POINT('',(-0.017,0.0795,-0.001));
#13999=CARTESIAN_POINT('',(-0.017,0.0795,0.));
#14000=CARTESIAN_POINT('',(-0.017,0.0825,0.));
#14001=CARTESIAN_POINT('',(-0.01,0.0785,-0.001));
#14002=CARTESIAN_POINT('',(-0.004,0.0785,-0.001));
#14003=CARTESIAN_POINT('',(-0.004,0.0785,0.));
#14004=CARTESIAN_POINT('',(-0.01,0.0785,0.));
#14005=CARTESIAN_POINT('',(-0.016,0.0785,0.));
#14006=CARTESIAN_POINT('',(-0.016,0.0785,0.001));
#14007=CARTESIAN_POINT('',(-0.003,0.0825,-0.001));
#14008=CARTESIAN_POINT('',(-0.003,0.0825,0.));
#14009=CARTESIAN_POINT('',(-0.003,0.0795,0.));
#14010=CARTESIAN_POINT('',(-0.003,0.0795,0.001));
#14011=CARTESIAN_POINT('',(-0.0381253206465504,0.0765,-0.001));
#14012=CARTESIAN_POINT('',(-0.0381253206465504,0.0795,-0.001));
#14013=CARTESIAN_POINT('',(-0.016,0.0795,-0.001));
#14014=CARTESIAN_POINT('',(-0.004,0.0795,-0.001));
#14015=CARTESIAN_POINT('',(-0.004,0.0765,-0.001));
#14016=CARTESIAN_POINT('',(-0.016,0.0765,-0.001));
#14017=CARTESIAN_POINT('',(-0.076,0.076375,-0.001));
#14018=CARTESIAN_POINT('',(-0.076,0.0735,-0.001));
#14019=CARTESIAN_POINT('',(-0.076,0.0735,0.));
#14020=CARTESIAN_POINT('',(-0.076,0.08025,0.));
#14021=CARTESIAN_POINT('',(-0.066,0.0725,-0.001));
#14022=CARTESIAN_POINT('',(-0.057,0.0725,-0.001));
#14023=CARTESIAN_POINT('',(-0.057,0.0725,0.));
#14024=CARTESIAN_POINT('',(-0.075,0.0725,0.));
#14025=CARTESIAN_POINT('',(-0.075,0.0725,0.));
#14026=CARTESIAN_POINT('',(-0.075,0.0725,0.001));
#14027=CARTESIAN_POINT('',(-0.056,0.0795,-0.001));
#14028=CARTESIAN_POINT('',(-0.056,0.0795,0.));
#14029=CARTESIAN_POINT('',(-0.056,0.0735,0.));
#14030=CARTESIAN_POINT('',(-0.056,0.0735,-0.001));
#14031=CARTESIAN_POINT('',(-0.0381253206465504,0.0765,-0.001));
#14032=CARTESIAN_POINT('',(-0.057,0.0735,-0.001));
#14033=CARTESIAN_POINT('',(-0.075,0.0735,-0.001));
#14034=CARTESIAN_POINT('',(-0.057,0.0735,-0.001));
#14035=CARTESIAN_POINT('',(-0.057,0.0765,-0.001));
#14036=CARTESIAN_POINT('',(-0.075,0.0735,-0.001));
#14037=CARTESIAN_POINT('',(-0.034,0.0795,-0.001));
#14038=CARTESIAN_POINT('',(-0.034,0.0795,0.));
#14039=CARTESIAN_POINT('',(-0.016,0.0795,-0.001));
#14040=CARTESIAN_POINT('',(-0.016,0.0795,0.));
#14041=CARTESIAN_POINT('',(-0.004,0.0795,-0.001));
#14042=CARTESIAN_POINT('',(-0.004,0.0795,0.));
#14043=CARTESIAN_POINT('',(-0.022,0.0795,-0.001));
#14044=CARTESIAN_POINT('',(-0.022,0.0795,0.));
#14045=CARTESIAN_POINT('',(-0.04,0.0795,-0.001));
#14046=CARTESIAN_POINT('',(-0.04,0.0795,0.));
#14047=CARTESIAN_POINT('',(-0.075,0.0735,-0.001));
#14048=CARTESIAN_POINT('',(-0.075,0.0735,0.));
#14049=CARTESIAN_POINT('',(-0.057,0.0735,-0.001));
#14050=CARTESIAN_POINT('',(-0.057,0.0735,0.));
#14051=CARTESIAN_POINT('',(-0.052,0.0795,-0.001));
#14052=CARTESIAN_POINT('',(-0.052,0.0795,0.));
#14053=CARTESIAN_POINT('',(-0.075,0.076375,0.));
#14054=CARTESIAN_POINT('',(-0.075,0.0735,0.));
#14055=CARTESIAN_POINT('',(-0.075,0.0735,0.));
#14056=CARTESIAN_POINT('',(-0.075,0.0735,0.));
#14057=CARTESIAN_POINT('',(-0.066,0.0735,0.));
#14058=CARTESIAN_POINT('',(-0.057,0.0735,0.));
#14059=CARTESIAN_POINT('',(-0.057,0.0735,0.));
#14060=CARTESIAN_POINT('',(-0.057,0.0735,0.));
#14061=CARTESIAN_POINT('',(-0.057,0.0765,0.));
#14062=CARTESIAN_POINT('',(-0.016,0.0765,0.));
#14063=CARTESIAN_POINT('',(-0.016,0.0795,0.));
#14064=CARTESIAN_POINT('',(-0.016,0.0795,0.));
#14065=CARTESIAN_POINT('',(-0.016,0.0795,0.));
#14066=CARTESIAN_POINT('',(-0.0381253206465504,0.0795,0.));
#14067=CARTESIAN_POINT('',(-0.004,0.0795,0.));
#14068=CARTESIAN_POINT('',(-0.004,0.0795,0.));
#14069=CARTESIAN_POINT('',(-0.004,0.0795,0.));
#14070=CARTESIAN_POINT('',(-0.004,0.0765,0.));
#14071=CARTESIAN_POINT('',(-0.034,0.0765,0.));
#14072=CARTESIAN_POINT('',(-0.034,0.0795,0.));
#14073=CARTESIAN_POINT('',(-0.034,0.0795,0.));
#14074=CARTESIAN_POINT('',(-0.034,0.0795,0.));
#14075=CARTESIAN_POINT('',(-0.0381253206465504,0.0795,0.));
#14076=CARTESIAN_POINT('',(-0.022,0.0795,0.));
#14077=CARTESIAN_POINT('',(-0.022,0.0795,0.));
#14078=CARTESIAN_POINT('',(-0.022,0.0795,0.));
#14079=CARTESIAN_POINT('',(-0.022,0.0765,0.));
#14080=CARTESIAN_POINT('',(-0.052,0.0765,0.));
#14081=CARTESIAN_POINT('',(-0.052,0.0795,0.));
#14082=CARTESIAN_POINT('',(-0.052,0.0795,0.));
#14083=CARTESIAN_POINT('',(-0.052,0.0795,0.));
#14084=CARTESIAN_POINT('',(-0.0381253206465504,0.0795,0.));
#14085=CARTESIAN_POINT('',(-0.04,0.0795,0.));
#14086=CARTESIAN_POINT('',(-0.04,0.0795,0.));
#14087=CARTESIAN_POINT('',(-0.04,0.0795,0.));
#14088=CARTESIAN_POINT('',(-0.04,0.0765,0.));
#14089=CARTESIAN_POINT('',(-0.110871095974022,0.0475,0.011));
#14090=CARTESIAN_POINT('',(-0.110871095974022,0.0475,0.008));
#14091=CARTESIAN_POINT('',(-0.110871095974022,0.0655,0.011));
#14092=CARTESIAN_POINT('',(-0.110871095974022,0.0655,0.008));
#14093=CARTESIAN_POINT('',(-0.0559355479870111,0.0665,0.011));
#14094=CARTESIAN_POINT('',(-0.109371095974022,0.0665,0.011));
#14095=CARTESIAN_POINT('',(-0.109371095974022,0.0595,0.011));
#14096=CARTESIAN_POINT('',(-0.109371095974022,0.064,0.011));
#14097=CARTESIAN_POINT('',(-0.105,0.064,0.011));
#14098=CARTESIAN_POINT('',(-0.110871095974022,0.049,0.011));
#14099=CARTESIAN_POINT('',(-0.109371095974022,0.049,0.011));
#14100=CARTESIAN_POINT('',(-0.109371095974022,0.0665,0.011));
#14101=CARTESIAN_POINT('',(-0.109371095974022,0.0535,0.011));
#14102=CARTESIAN_POINT('',(-0.0559355479870111,0.0535,0.011));
#14103=CARTESIAN_POINT('',(-0.0559355479870111,0.0595,0.011));
#14104=CARTESIAN_POINT('',(-0.0776250564748496,0.01825,-0.0016));
#14105=CARTESIAN_POINT('',(-0.062,0.0495,-0.0016));
#14106=CARTESIAN_POINT('',(-0.061,0.0495,-0.0016));
#14107=CARTESIAN_POINT('',(-0.062,0.0495,-0.847877081138588));
#14108=CARTESIAN_POINT('',(-0.0776250564748496,0.01825,-0.0016));
#14109=CARTESIAN_POINT('',(-0.019,0.0825,-0.0016));
#14110=CARTESIAN_POINT('',(-0.018,0.0825,-0.0016));
#14111=CARTESIAN_POINT('',(-0.019,0.0825,-0.847877081138588));
#14112=CARTESIAN_POINT('',(-0.0776250564748496,0.01825,-0.0016));
#14113=CARTESIAN_POINT('',(-0.0776250564748496,0.058,-0.0016));
#14114=CARTESIAN_POINT('',(-0.06,0.058,-0.0016));
#14115=CARTESIAN_POINT('',(-0.062,0.058,-0.0016));
#14116=CARTESIAN_POINT('',(-0.062,0.01825,-0.0016));
#14117=CARTESIAN_POINT('',(-0.062,0.054,-0.0016));
#14118=CARTESIAN_POINT('',(-0.059,0.054,-0.0016));
#14119=CARTESIAN_POINT('',(-0.06,0.054,-0.0016));
#14120=CARTESIAN_POINT('',(-0.06,0.059,-0.0016));
#14121=CARTESIAN_POINT('',(-0.061,0.053,-0.847877081138588));
#14122=CARTESIAN_POINT('',(-0.063,0.053,-0.0006));
#14123=CARTESIAN_POINT('',(-0.06,0.053,-0.0006));
#14124=CARTESIAN_POINT('',(-0.062,0.053,-0.0006));
#14125=CARTESIAN_POINT('',(-0.062,0.053,-0.847877081138588));
#14126=CARTESIAN_POINT('',(-0.06,0.053,-0.00160000000000005));
#14127=CARTESIAN_POINT('',(-0.063,0.056,-0.847877081138588));
#14128=CARTESIAN_POINT('',(-0.063,0.054,-0.847877081138588));
#14129=CARTESIAN_POINT('',(-0.063,0.054,-0.000600000000000045));
#14130=CARTESIAN_POINT('',(-0.063,0.056,-0.000600000000000045));
#14131=CARTESIAN_POINT('',(-0.063,0.058,-0.000600000000000045));
#14132=CARTESIAN_POINT('',(-0.063,0.058,0.001));
#14133=CARTESIAN_POINT('',(-0.059,0.056,-0.847877081138588));
#14134=CARTESIAN_POINT('',(-0.059,0.058,-0.847877081138588));
#14135=CARTESIAN_POINT('',(-0.059,0.058,-0.0006));
#14136=CARTESIAN_POINT('',(-0.059,0.053,-0.0006));
#14137=CARTESIAN_POINT('',(-0.059,0.054,-0.0006));
#14138=CARTESIAN_POINT('',(-0.059,0.054,0.001));
#14139=CARTESIAN_POINT('',(-0.061,0.059,-0.847877081138588));
#14140=CARTESIAN_POINT('',(-0.062,0.059,-0.00160000000000005));
#14141=CARTESIAN_POINT('',(-0.062,0.059,-0.000600000000000045));
#14142=CARTESIAN_POINT('',(-0.061,0.059,-0.000600000000000045));
#14143=CARTESIAN_POINT('',(-0.06,0.059,-0.000600000000000045));
#14144=CARTESIAN_POINT('',(-0.06,0.059,-0.847877081138588));
#14145=CARTESIAN_POINT('',(-0.0776250564748496,0.01825,-0.0016));
#14146=CARTESIAN_POINT('',(-0.103,0.0635,-0.0016));
#14147=CARTESIAN_POINT('',(-0.102,0.0635,-0.0016));
#14148=CARTESIAN_POINT('',(-0.103,0.0635,-0.847877081138588));
#14149=CARTESIAN_POINT('',(-0.0776250564748496,0.01825,-0.0005));
#14150=CARTESIAN_POINT('',(-0.107871095974022,0.061,-0.0005));
#14151=CARTESIAN_POINT('',(-0.107371095974022,0.061,-0.0005));
#14152=CARTESIAN_POINT('',(-0.107871095974022,0.0615,-0.0005));
#14153=CARTESIAN_POINT('',(-0.0776250564748496,0.0615,-0.0005));
#14154=CARTESIAN_POINT('',(-0.110871095974022,0.0615,-0.0005));
#14155=CARTESIAN_POINT('',(-0.110871095974022,0.061,-0.0005));
#14156=CARTESIAN_POINT('',(-0.111371095974022,0.061,-0.0005));
#14157=CARTESIAN_POINT('',(-0.111371095974022,0.01825,-0.0005));
#14158=CARTESIAN_POINT('',(-0.111371095974022,0.052,-0.0005));
#14159=CARTESIAN_POINT('',(-0.110871095974022,0.052,-0.0005));
#14160=CARTESIAN_POINT('',(-0.110871095974022,0.0515,-0.0005));
#14161=CARTESIAN_POINT('',(-0.0776250564748496,0.0515,-0.0005));
#14162=CARTESIAN_POINT('',(-0.107871095974022,0.0515,-0.0005));
#14163=CARTESIAN_POINT('',(-0.107871095974022,0.052,-0.0005));
#14164=CARTESIAN_POINT('',(-0.107371095974022,0.052,-0.0005));
#14165=CARTESIAN_POINT('',(-0.107371095974022,0.01825,-0.0005));
#14166=CARTESIAN_POINT('',(-0.106871095974022,0.0565,-0.846777081138588));
#14167=CARTESIAN_POINT('',(-0.106871095974022,0.061,-0.000500000000000056));
#14168=CARTESIAN_POINT('',(-0.106871095974022,0.061,0.));
#14169=CARTESIAN_POINT('',(-0.106871095974022,0.0565,0.));
#14170=CARTESIAN_POINT('',(-0.106871095974022,0.052,0.));
#14171=CARTESIAN_POINT('',(-0.106871095974022,0.052,0.001));
#14172=CARTESIAN_POINT('',(-0.109371095974022,0.051,-0.846777081138588));
#14173=CARTESIAN_POINT('',(-0.107871095974022,0.051,-0.000500000000000056));
#14174=CARTESIAN_POINT('',(-0.107871095974022,0.051,0.));
#14175=CARTESIAN_POINT('',(-0.109371095974022,0.051,0.));
#14176=CARTESIAN_POINT('',(-0.110871095974022,0.051,0.));
#14177=CARTESIAN_POINT('',(-0.110871095974022,0.051,0.001));
#14178=CARTESIAN_POINT('',(-0.111871095974022,0.0565,-0.846777081138588));
#14179=CARTESIAN_POINT('',(-0.111871095974022,0.052,-0.000500000000000056));
#14180=CARTESIAN_POINT('',(-0.111871095974022,0.052,0.));
#14181=CARTESIAN_POINT('',(-0.111871095974022,0.0565,0.));
#14182=CARTESIAN_POINT('',(-0.111871095974022,0.061,0.));
#14183=CARTESIAN_POINT('',(-0.111871095974022,0.061,0.001));
#14184=CARTESIAN_POINT('',(-0.109371095974022,0.062,-0.846777081138588));
#14185=CARTESIAN_POINT('',(-0.110871095974022,0.062,-0.000500000000000056));
#14186=CARTESIAN_POINT('',(-0.110871095974022,0.062,0.));
#14187=CARTESIAN_POINT('',(-0.109371095974022,0.062,0.));
#14188=CARTESIAN_POINT('',(-0.107871095974022,0.062,0.));
#14189=CARTESIAN_POINT('',(-0.107871095974022,0.062,0.001));
#14190=CARTESIAN_POINT('',(-0.110871095974022,0.061,-0.846777081138588));
#14191=CARTESIAN_POINT('',(-0.110871095974022,0.061,0.));
#14192=CARTESIAN_POINT('',(-0.110871095974022,0.052,-0.846777081138588));
#14193=CARTESIAN_POINT('',(-0.110871095974022,0.052,0.));
#14194=CARTESIAN_POINT('',(-0.107871095974022,0.052,-0.846777081138588));
#14195=CARTESIAN_POINT('',(-0.107871095974022,0.052,0.));
#14196=CARTESIAN_POINT('',(-0.107871095974022,0.061,-0.846777081138588));
#14197=CARTESIAN_POINT('',(-0.107871095974022,0.061,0.));
#14198=CARTESIAN_POINT('',(-0.109371095974022,0.0515,0.));
#14199=CARTESIAN_POINT('',(-0.107871095974022,0.0515,0.));
#14200=CARTESIAN_POINT('',(-0.110871095974022,0.0515,0.));
#14201=CARTESIAN_POINT('',(-0.110871095974022,0.052,0.));
#14202=CARTESIAN_POINT('',(-0.111371095974022,0.052,0.));
#14203=CARTESIAN_POINT('',(-0.107871095974022,0.052,0.));
#14204=CARTESIAN_POINT('',(-0.107371095974022,0.052,0.));
#14205=CARTESIAN_POINT('',(-0.111371095974022,0.0565,0.));
#14206=CARTESIAN_POINT('',(-0.111371095974022,0.061,0.));
#14207=CARTESIAN_POINT('',(-0.107371095974022,0.0565,0.));
#14208=CARTESIAN_POINT('',(-0.107371095974022,0.061,0.));
#14209=CARTESIAN_POINT('',(-0.110871095974022,0.061,0.));
#14210=CARTESIAN_POINT('',(-0.110871095974022,0.0615,0.));
#14211=CARTESIAN_POINT('',(-0.107871095974022,0.061,0.));
#14212=CARTESIAN_POINT('',(-0.107871095974022,0.0615,0.));
#14213=CARTESIAN_POINT('',(-0.109371095974022,0.0615,0.));
#14214=CARTESIAN_POINT('',(-0.06,0.0475,0.005));
#14215=CARTESIAN_POINT('',(-0.06,0.046,0.0076));
#14216=CARTESIAN_POINT('',(-0.0825,0.046,0.0076));
#14217=CARTESIAN_POINT('',(-0.06,0.058,-0.847877081138588));
#14218=CARTESIAN_POINT('',(-0.06,0.058,-0.0006));
#14219=CARTESIAN_POINT('',(-0.06,0.058,-0.0006));
#14220=CARTESIAN_POINT('',(-0.06,0.058,-0.0006));
#14221=CARTESIAN_POINT('',(-0.06,0.058,-0.000600000000000045));
#14222=CARTESIAN_POINT('',(-0.062,0.058,-0.847877081138588));
#14223=CARTESIAN_POINT('',(-0.062,0.058,-0.000600000000000045));
#14224=CARTESIAN_POINT('',(-0.061,0.058,-0.000600000000000045));
#14225=CARTESIAN_POINT('',(-0.062,0.058,-0.0006));
#14226=CARTESIAN_POINT('',(-0.06,0.01825,-0.0006));
#14227=CARTESIAN_POINT('',(-0.06,0.054,-0.0006));
#14228=CARTESIAN_POINT('',(-0.06,0.054,-0.847877081138588));
#14229=CARTESIAN_POINT('',(-0.06,0.054,-0.0006));
#14230=CARTESIAN_POINT('',(-0.062,0.058,-0.0006));
#14231=CARTESIAN_POINT('',(-0.062,0.058,-0.000600000000000045));
#14232=CARTESIAN_POINT('',(-0.06,0.054,-0.0006));
#14233=CARTESIAN_POINT('',(-0.06,0.054,-0.0006));
#14234=CARTESIAN_POINT('',(-0.062,0.056,-0.000600000000000045));
#14235=CARTESIAN_POINT('',(-0.062,0.054,-0.0006));
#14236=CARTESIAN_POINT('',(-0.0776250564748496,0.054,-0.0006));
#14237=CARTESIAN_POINT('',(-0.062,0.054,-0.0006));
#14238=CARTESIAN_POINT('',(-0.062,0.054,-0.0006));
#14239=CARTESIAN_POINT('',(-0.062,0.054,-0.000600000000000045));
#14240=CARTESIAN_POINT('',(-0.062,0.054,-0.847877081138588));
#14241=CARTESIAN_POINT('',(-0.113371095974022,0.0625,0.011002));
#14242=CARTESIAN_POINT('',(-0.113371095974022,0.0625,0.008));
#14243=CARTESIAN_POINT('',(-0.113371095974022,0.0625,0.0026));
#14244=CARTESIAN_POINT('',(-0.113371095974022,0.0505,0.011002));
#14245=CARTESIAN_POINT('',(-0.113371095974022,0.0505,0.008));
#14246=CARTESIAN_POINT('',(-0.113371095974022,0.0505,0.0026));
#14247=CARTESIAN_POINT('',(-0.109935547987011,0.0532970296919434,0.0026));
#14248=CARTESIAN_POINT('',(-0.113371095974022,0.0535,0.008));
#14249=CARTESIAN_POINT('',(-0.109371095974022,0.0535,0.008));
#14250=CARTESIAN_POINT('',(-0.113371095974022,0.0595,0.008));
#14251=CARTESIAN_POINT('',(-0.109371095974022,0.0595,0.008));
#14252=CARTESIAN_POINT('',(-0.109371095974022,0.0565,0.008));
#14253=CARTESIAN_POINT('',(-0.109371095974022,0.064,0.008));
#14254=CARTESIAN_POINT('',(-0.112371095974022,0.0655,0.008));
#14255=CARTESIAN_POINT('',(-0.112371095974022,0.067,0.008));
#14256=CARTESIAN_POINT('',(-0.110871095974022,0.067,0.008));
#14257=CARTESIAN_POINT('',(-0.112371095974022,0.0654999999999863,0.00839269913987572));
#14258=CARTESIAN_POINT('',(-0.112371095973704,0.0669999999996809,0.0085890487970385));
#14259=CARTESIAN_POINT('',(-0.110871095974009,0.067,0.00839269913987572));
#14260=CARTESIAN_POINT('',(-0.112214889700434,0.065421896863212,0.0091779141503882));
#14261=CARTESIAN_POINT('',(-0.112061880755226,0.0666907847812035,0.0096598759690334));
#14262=CARTESIAN_POINT('',(-0.110792992837234,0.0668437937264114,0.00917791415038821));
#14263=CARTESIAN_POINT('',(-0.111547649516786,0.0650882767713799,0.0101765535463993));
#14264=CARTESIAN_POINT('',(-0.111181767973955,0.0658106719999342,0.0105253757901786));
#14265=CARTESIAN_POINT('',(-0.110459372745402,0.0661765535427633,0.0101765535463993));
#14266=CARTESIAN_POINT('',(-0.110549010137916,0.0645889570819472,0.0108437937253725));
#14267=CARTESIAN_POINT('',(-0.110277771301192,0.0649066753271666,0.0109195775932147));
#14268=CARTESIAN_POINT('',(-0.109960053055969,0.0651779141638934,0.0108437937253725));
#14269=CARTESIAN_POINT('',(-0.10976379508481,0.0641963495553939,0.011));
#14270=CARTESIAN_POINT('',(-0.109665620296193,0.0642945243221783,0.0109999074256373));
#14271=CARTESIAN_POINT('',(-0.109567445529416,0.0643926991107878,0.011));
#14272=CARTESIAN_POINT('',(-0.109371095974022,0.064,0.011));
#14273=CARTESIAN_POINT('',(-0.109371095974022,0.064,0.011));
#14274=CARTESIAN_POINT('',(-0.109371095974022,0.064,0.011));
#14275=CARTESIAN_POINT('',(-0.109371095974022,0.064,0.008));
#14276=CARTESIAN_POINT('',(-0.091,0.064,0.008));
#14277=CARTESIAN_POINT('',(-0.0825,0.049,0.008));
#14278=CARTESIAN_POINT('',(-0.109371095974022,0.049,0.008));
#14279=CARTESIAN_POINT('',(-0.109371095974022,0.049,0.011));
#14280=CARTESIAN_POINT('',(-0.109371095974022,0.049,0.011));
#14281=CARTESIAN_POINT('',(-0.109371095974022,0.049,0.011));
#14282=CARTESIAN_POINT('',(-0.10976379508481,0.0488036504446071,0.011));
#14283=CARTESIAN_POINT('',(-0.109665620296193,0.0487054756778275,0.0109999074256301));
#14284=CARTESIAN_POINT('',(-0.109567445529416,0.0486073008892142,0.011));
#14285=CARTESIAN_POINT('',(-0.110549010137916,0.0484110429180524,0.0108437937253725));
#14286=CARTESIAN_POINT('',(-0.110277771301192,0.0480933246728306,0.0109195775932179));
#14287=CARTESIAN_POINT('',(-0.109960053055969,0.0478220858361058,0.0108437937253725));
#14288=CARTESIAN_POINT('',(-0.111547649516785,0.0479117232286202,0.0101765535463994));
#14289=CARTESIAN_POINT('',(-0.111181767973956,0.0471893280000664,0.0105253757901785));
#14290=CARTESIAN_POINT('',(-0.110459372745402,0.046823446457237,0.0101765535463994));
#14291=CARTESIAN_POINT('',(-0.112214889700434,0.047578103136788,0.00917791415038775));
#14292=CARTESIAN_POINT('',(-0.112061880755224,0.0463092152187983,0.00965987596903089));
#14293=CARTESIAN_POINT('',(-0.110792992837234,0.0461562062735886,0.00917791415038776));
#14294=CARTESIAN_POINT('',(-0.112371095974022,0.0475000000000136,0.00839269913987673));
#14295=CARTESIAN_POINT('',(-0.112371095973708,0.0460000000003137,0.00858904879704206));
#14296=CARTESIAN_POINT('',(-0.110871095974009,0.046,0.00839269913987673));
#14297=CARTESIAN_POINT('',(-0.112371095974022,0.0475,0.00799999999999999));
#14298=CARTESIAN_POINT('',(-0.112371095974022,0.046,0.00799999999999999));
#14299=CARTESIAN_POINT('',(-0.110871095974022,0.046,0.00799999999999999));
#14300=CARTESIAN_POINT('',(-0.109371095974022,0.049,0.008));
#14301=CARTESIAN_POINT('',(-0.109371095974022,0.0565,0.008));
#14302=CARTESIAN_POINT('',(-0.112971095974022,0.0655,0.01));
#14303=CARTESIAN_POINT('',(-0.112971095974022,0.0655,0.01));
#14304=CARTESIAN_POINT('',(-0.112971095974022,0.0655,0.01175));
#14305=CARTESIAN_POINT('',(-0.112971095974022,0.0376117376217731,0.0070720398556838));
#14306=CARTESIAN_POINT('',(-0.112971095974022,0.0655,0.0036));
#14307=CARTESIAN_POINT('',(-0.112971095974022,0.0655,0.0036));
#14308=CARTESIAN_POINT('',(-0.112971095974022,0.0655,0.00535));
#14309=CARTESIAN_POINT('',(-0.112971095974022,0.0376117376217731,0.0070720398556838));
#14310=CARTESIAN_POINT('',(-0.112971095974022,0.0475,0.0036));
#14311=CARTESIAN_POINT('',(-0.112971095974022,0.0475,0.0036));
#14312=CARTESIAN_POINT('',(-0.112971095974022,0.0475,0.00535));
#14313=CARTESIAN_POINT('',(-0.112971095974022,0.0376117376217731,0.0070720398556838));
#14314=CARTESIAN_POINT('',(-0.112971095974022,0.0475,0.01));
#14315=CARTESIAN_POINT('',(-0.112971095974022,0.0475,0.01));
#14316=CARTESIAN_POINT('',(-0.112971095974022,0.0475,0.01175));
#14317=CARTESIAN_POINT('',(-0.112971095974022,0.0376117376217731,0.0070720398556838));
#14318=CARTESIAN_POINT('',(-0.10896163518717,0.0331191368139937,0.0346768758239867));
#14319=CARTESIAN_POINT('',(-0.11118261951131,0.0318368509165851,0.0136060430054807));
#14320=CARTESIAN_POINT('',(-0.103105808375568,0.0365,0.0124709212267299));
#14321=CARTESIAN_POINT('',(-0.100295421144819,0.0381225778241999,0.0120759470594835));
#14322=CARTESIAN_POINT('',(-0.103105808375568,0.0365,0.0346768758239867));
#14323=CARTESIAN_POINT('',(-0.106569909990705,0.0345,0.0346768758239867));
#14324=CARTESIAN_POINT('',(-0.106569909990705,0.0345,0.0129577689592152));
#14325=CARTESIAN_POINT('',(-0.11118261951131,0.0318368509165851,0.0136060430054807));
#14326=CARTESIAN_POINT('',(-0.108712699729122,0.0332628597677083,0.013258918417644));
#14327=CARTESIAN_POINT('',(-0.105786228469769,0.0349524587370718,0.0340818434098758));
#14328=CARTESIAN_POINT('',(-0.10454707652649,0.0356678834450906,0.0142319470391518));
#14329=CARTESIAN_POINT('',(-0.123842272963733,0.0245277965879817,0.00867687582398673));
#14330=CARTESIAN_POINT('',(-0.10896163518717,0.0331191368139937,0.00867687582398673));
#14331=CARTESIAN_POINT('',(-0.11118261951131,0.0318368509165851,0.0136060430054807));
#14332=CARTESIAN_POINT('',(-0.0951460271873625,0.0410955818117008,0.0113522469344911));
#14333=CARTESIAN_POINT('',(-0.0923065856781928,0.042734934131368,0.0315559230773184));
#14334=CARTESIAN_POINT('',(-0.0974229464457983,0.0397810018649198,0.0325146665612088));
#14335=CARTESIAN_POINT('',(-0.106449043782531,0.0342061614698491,0.00867687582398673));
#14336=CARTESIAN_POINT('',(-0.123684820595829,0.0242550810869996,0.00867687582398673));
#14337=CARTESIAN_POINT('',(-0.106449043782531,0.044,0.00867687582398674));
#14338=CARTESIAN_POINT('',(-0.0825,0.044,0.00667687582398673));
#14339=CARTESIAN_POINT('',(-0.125837535182803,0.0202004049281549,0.00770658009771072));
#14340=CARTESIAN_POINT('',(-0.113961120493452,0.004,0.0139965358527324));
#14341=CARTESIAN_POINT('',(-0.113961120493452,0.004,0.0139965358527324));
#14342=CARTESIAN_POINT('',(-0.113961120493452,0.0095,0.0139965358527324));
#14343=CARTESIAN_POINT('',(-0.113961120493452,0.0095,0.0139965358527324));
#14344=CARTESIAN_POINT('',(-0.107128270819136,-0.0015,0.0130362414561079));
#14345=CARTESIAN_POINT('',(-0.100295421144819,-0.0015,0.0120759470594835));
#14346=CARTESIAN_POINT('',(-0.100295421144819,-0.0015,0.0120759470594835));
#14347=CARTESIAN_POINT('',(-0.107128270819136,-0.0015,0.0130362414561079));
#14348=CARTESIAN_POINT('',(-0.0576148673820571,0.012,0.00607758640810465));
#14349=CARTESIAN_POINT('',(-0.100295421144819,0.002,0.0120759470594835));
#14350=CARTESIAN_POINT('',(-0.100295421144819,0.0055,0.0120759470594835));
#14351=CARTESIAN_POINT('',(-0.0988100190417064,0.0055,0.0118671874080434));
#14352=CARTESIAN_POINT('',(-0.0973246169385941,0.0055,0.0116584277566033));
#14353=CARTESIAN_POINT('',(-0.0973246169385941,0.0075,0.0116584277566033));
#14354=CARTESIAN_POINT('',(-0.0973246169385941,0.0095,0.0116584277566033));
#14355=CARTESIAN_POINT('',(-0.0990575860588918,0.0095,0.0119019806832834));
#14356=CARTESIAN_POINT('',(-0.10079055517919,0.0095,0.0121455336099635));
#14357=CARTESIAN_POINT('',(-0.10079055517919,0.0125,0.0121455336099635));
#14358=CARTESIAN_POINT('',(-0.10079055517919,0.0155,0.0121455336099635));
#14359=CARTESIAN_POINT('',(-0.104751627454156,0.0155,0.0127022260138038));
#14360=CARTESIAN_POINT('',(-0.108712699729122,0.0155,0.013258918417644));
#14361=CARTESIAN_POINT('',(-0.108712699729122,0.0125,0.013258918417644));
#14362=CARTESIAN_POINT('',(-0.108712699729122,0.0095,0.013258918417644));
#14363=CARTESIAN_POINT('',(-0.111336910111287,0.0095,0.0136277271351882));
#14364=CARTESIAN_POINT('',(-0.0990575860588918,0.0095,0.0119019806832834));
#14365=CARTESIAN_POINT('',(-0.10079055517919,0.0095,0.0121455336099635));
#14366=CARTESIAN_POINT('',(-0.0973246169385941,0.0095,0.0116584277566033));
#14367=CARTESIAN_POINT('',(-0.10079055517919,0.0125,0.0121455336099635));
#14368=CARTESIAN_POINT('',(-0.10079055517919,0.0155,0.0121455336099635));
#14369=CARTESIAN_POINT('',(-0.104751627454156,0.0155,0.0127022260138038));
#14370=CARTESIAN_POINT('',(-0.108712699729122,0.0155,0.013258918417644));
#14371=CARTESIAN_POINT('',(-0.108712699729122,0.0125,0.013258918417644));
#14372=CARTESIAN_POINT('',(-0.108712699729122,0.0095,0.013258918417644));
#14373=CARTESIAN_POINT('',(-0.111336910111287,0.0095,0.0136277271351882));
#14374=CARTESIAN_POINT('',(-0.100295421144819,0.002,0.0120759470594835));
#14375=CARTESIAN_POINT('',(-0.100295421144819,0.0055,0.0120759470594835));
#14376=CARTESIAN_POINT('',(-0.0988100190417064,0.0055,0.0118671874080434));
#14377=CARTESIAN_POINT('',(-0.0973246169385941,0.0055,0.0116584277566033));
#14378=CARTESIAN_POINT('',(-0.0973246169385941,0.0075,0.0116584277566033));
#14379=CARTESIAN_POINT('',(-0.00671508864874034,0.0145,-0.00107591098124271));
#14380=CARTESIAN_POINT('',(-0.00671508864874034,0.0175,-0.00107591098124272));
#14381=CARTESIAN_POINT('',(-0.00671508864874034,0.0175,-0.00107591098124272));
#14382=CARTESIAN_POINT('',(-0.00671508864874034,0.0145,-0.00107591098124271));
#14383=CARTESIAN_POINT('',(-0.00671508864874034,0.0115,-0.00107591098124272));
#14384=CARTESIAN_POINT('',(-0.00671508864874034,0.0115,-0.00107591098124272));
#14385=CARTESIAN_POINT('',(-0.0106761609237066,0.0175,-0.000519218577402456));
#14386=CARTESIAN_POINT('',(-0.0146372331986729,0.0175,3.74738264378046E-05));
#14387=CARTESIAN_POINT('',(-0.0146372331986729,0.0175,3.74738264378046E-05));
#14388=CARTESIAN_POINT('',(-0.0106761609237066,0.0175,-0.000519218577402456));
#14389=CARTESIAN_POINT('',(-0.0146372331986729,0.0145,3.74738264378046E-05));
#14390=CARTESIAN_POINT('',(-0.0146372331986729,0.0115,3.74738264378041E-05));
#14391=CARTESIAN_POINT('',(-0.0146372331986729,0.0115,3.74738264378041E-05));
#14392=CARTESIAN_POINT('',(-0.0146372331986729,0.0145,3.74738264378046E-05));
#14393=CARTESIAN_POINT('',(-0.017261443580838,0.0115,0.000406282543981978));
#14394=CARTESIAN_POINT('',(-0.0198856539630032,0.0115,0.000775091261526152));
#14395=CARTESIAN_POINT('',(-0.0198856539630032,0.0115,0.000775091261526152));
#14396=CARTESIAN_POINT('',(-0.017261443580838,0.0115,0.000406282543981978));
#14397=CARTESIAN_POINT('',(-0.0198856539630032,0.006,0.000775091261526152));
#14398=CARTESIAN_POINT('',(-0.0198856539630032,0.0005,0.000775091261526152));
#14399=CARTESIAN_POINT('',(-0.0198856539630032,0.0005,0.000775091261526152));
#14400=CARTESIAN_POINT('',(-0.0198856539630032,0.006,0.000775091261526152));
#14401=CARTESIAN_POINT('',(-0.0130528042886864,0.0005,-0.000185203135098299));
#14402=CARTESIAN_POINT('',(-0.00621995461436955,0.0005,-0.00114549753172275));
#14403=CARTESIAN_POINT('',(-0.00621995461436955,0.0005,-0.00114549753172275));
#14404=CARTESIAN_POINT('',(-0.0130528042886864,0.0005,-0.000185203135098299));
#14405=CARTESIAN_POINT('',(-0.00621995461436955,0.004,-0.00114549753172275));
#14406=CARTESIAN_POINT('',(-0.00621995461436955,0.0075,-0.00114549753172275));
#14407=CARTESIAN_POINT('',(-0.00621995461436955,0.0075,-0.00114549753172275));
#14408=CARTESIAN_POINT('',(-0.00621995461436955,0.004,-0.00114549753172275));
#14409=CARTESIAN_POINT('',(-0.0047345525112572,0.0075,-0.00135425718316285));
#14410=CARTESIAN_POINT('',(-0.00324915040814484,0.0075,-0.00156301683460295));
#14411=CARTESIAN_POINT('',(-0.00324915040814484,0.0075,-0.00156301683460295));
#14412=CARTESIAN_POINT('',(-0.0047345525112572,0.0075,-0.00135425718316285));
#14413=CARTESIAN_POINT('',(-0.00324915040814484,0.0095,-0.00156301683460295));
#14414=CARTESIAN_POINT('',(-0.00324915040814484,0.0115,-0.00156301683460295));
#14415=CARTESIAN_POINT('',(-0.00324915040814484,0.0115,-0.00156301683460295));
#14416=CARTESIAN_POINT('',(-0.00324915040814484,0.0095,-0.00156301683460295));
#14417=CARTESIAN_POINT('',(-0.00498211952844259,0.0115,-0.00131946390792283));
#14418=CARTESIAN_POINT('',(-0.00498211952844259,0.0115,-0.00131946390792283));
#14419=CARTESIAN_POINT('',(-0.0576148673820571,0.012,0.00607758640810465));
#14420=CARTESIAN_POINT('',(-0.0255301819548302,0.0145,0.00156837793699853));
#14421=CARTESIAN_POINT('',(-0.0255301819548302,0.0175,0.00156837793699853));
#14422=CARTESIAN_POINT('',(-0.0255301819548302,0.0175,0.00156837793699853));
#14423=CARTESIAN_POINT('',(-0.0255301819548302,0.0145,0.00156837793699853));
#14424=CARTESIAN_POINT('',(-0.0255301819548302,0.0115,0.00156837793699853));
#14425=CARTESIAN_POINT('',(-0.0255301819548302,0.0115,0.00156837793699853));
#14426=CARTESIAN_POINT('',(-0.0294912542297964,0.0175,0.00212507034083879));
#14427=CARTESIAN_POINT('',(-0.0334523265047627,0.0175,0.00268176274467904));
#14428=CARTESIAN_POINT('',(-0.0334523265047627,0.0175,0.00268176274467904));
#14429=CARTESIAN_POINT('',(-0.0294912542297964,0.0175,0.00212507034083879));
#14430=CARTESIAN_POINT('',(-0.0334523265047627,0.0145,0.00268176274467904));
#14431=CARTESIAN_POINT('',(-0.0334523265047627,0.0115,0.00268176274467904));
#14432=CARTESIAN_POINT('',(-0.0334523265047627,0.0115,0.00268176274467904));
#14433=CARTESIAN_POINT('',(-0.0334523265047627,0.0145,0.00268176274467904));
#14434=CARTESIAN_POINT('',(-0.0360765368869278,0.0115,0.00305057146222322));
#14435=CARTESIAN_POINT('',(-0.038700747269093,0.0115,0.00341938017976739));
#14436=CARTESIAN_POINT('',(-0.038700747269093,0.0115,0.00341938017976739));
#14437=CARTESIAN_POINT('',(-0.0360765368869278,0.0115,0.00305057146222322));
#14438=CARTESIAN_POINT('',(-0.038700747269093,0.006,0.00341938017976739));
#14439=CARTESIAN_POINT('',(-0.038700747269093,0.0005,0.00341938017976739));
#14440=CARTESIAN_POINT('',(-0.038700747269093,0.0005,0.00341938017976739));
#14441=CARTESIAN_POINT('',(-0.038700747269093,0.006,0.00341938017976739));
#14442=CARTESIAN_POINT('',(-0.0318678975947762,0.000499999999999993,0.00245908578314294));
#14443=CARTESIAN_POINT('',(-0.0250350479204593,0.0005,0.00149879138651849));
#14444=CARTESIAN_POINT('',(-0.0250350479204593,0.0005,0.00149879138651849));
#14445=CARTESIAN_POINT('',(-0.0318678975947762,0.000499999999999993,0.00245908578314294));
#14446=CARTESIAN_POINT('',(-0.0250350479204593,0.004,0.00149879138651849));
#14447=CARTESIAN_POINT('',(-0.0250350479204593,0.0075,0.00149879138651849));
#14448=CARTESIAN_POINT('',(-0.0250350479204593,0.0075,0.00149879138651849));
#14449=CARTESIAN_POINT('',(-0.0250350479204593,0.004,0.00149879138651849));
#14450=CARTESIAN_POINT('',(-0.023549645817347,0.0075,0.00129003173507839));
#14451=CARTESIAN_POINT('',(-0.0220642437142347,0.0075,0.00108127208363829));
#14452=CARTESIAN_POINT('',(-0.0220642437142347,0.0075,0.00108127208363829));
#14453=CARTESIAN_POINT('',(-0.023549645817347,0.0075,0.00129003173507839));
#14454=CARTESIAN_POINT('',(-0.0220642437142347,0.0095,0.00108127208363829));
#14455=CARTESIAN_POINT('',(-0.0220642437142347,0.0115,0.00108127208363829));
#14456=CARTESIAN_POINT('',(-0.0220642437142347,0.0115,0.00108127208363829));
#14457=CARTESIAN_POINT('',(-0.0220642437142347,0.0095,0.00108127208363829));
#14458=CARTESIAN_POINT('',(-0.0237972128345324,0.0115,0.00132482501031841));
#14459=CARTESIAN_POINT('',(-0.0237972128345324,0.0115,0.00132482501031841));
#14460=CARTESIAN_POINT('',(-0.0576148673820571,0.012,0.00607758640810465));
#14461=CARTESIAN_POINT('',(-0.0443452752609199,0.0185,0.00421266685523977));
#14462=CARTESIAN_POINT('',(-0.0443452752609199,0.0215,0.00421266685523977));
#14463=CARTESIAN_POINT('',(-0.0443452752609199,0.0215,0.00421266685523977));
#14464=CARTESIAN_POINT('',(-0.0443452752609199,0.0185,0.00421266685523977));
#14465=CARTESIAN_POINT('',(-0.0443452752609199,0.0155,0.00421266685523977));
#14466=CARTESIAN_POINT('',(-0.0443452752609199,0.0155,0.00421266685523977));
#14467=CARTESIAN_POINT('',(-0.0483063475358862,0.0215,0.00476935925908003));
#14468=CARTESIAN_POINT('',(-0.0522674198108525,0.0215,0.00532605166292028));
#14469=CARTESIAN_POINT('',(-0.0522674198108525,0.0215,0.00532605166292028));
#14470=CARTESIAN_POINT('',(-0.0483063475358862,0.0215,0.00476935925908003));
#14471=CARTESIAN_POINT('',(-0.0522674198108525,0.0185,0.00532605166292028));
#14472=CARTESIAN_POINT('',(-0.0522674198108525,0.0155,0.00532605166292028));
#14473=CARTESIAN_POINT('',(-0.0522674198108525,0.0155,0.00532605166292028));
#14474=CARTESIAN_POINT('',(-0.0522674198108525,0.0185,0.00532605166292028));
#14475=CARTESIAN_POINT('',(-0.0548916301930177,0.0155,0.00569486038046446));
#14476=CARTESIAN_POINT('',(-0.0575158405751828,0.0155,0.00606366909800863));
#14477=CARTESIAN_POINT('',(-0.0575158405751828,0.0155,0.00606366909800863));
#14478=CARTESIAN_POINT('',(-0.0548916301930177,0.0155,0.00569486038046446));
#14479=CARTESIAN_POINT('',(-0.0575158405751828,0.01,0.00606366909800863));
#14480=CARTESIAN_POINT('',(-0.0575158405751828,0.0045,0.00606366909800863));
#14481=CARTESIAN_POINT('',(-0.0575158405751828,0.0045,0.00606366909800863));
#14482=CARTESIAN_POINT('',(-0.0575158405751828,0.01,0.00606366909800863));
#14483=CARTESIAN_POINT('',(-0.050682990900866,0.0045,0.00510337470138418));
#14484=CARTESIAN_POINT('',(-0.0438501412265492,0.0045,0.00414308030475973));
#14485=CARTESIAN_POINT('',(-0.0438501412265492,0.0045,0.00414308030475973));
#14486=CARTESIAN_POINT('',(-0.050682990900866,0.0045,0.00510337470138418));
#14487=CARTESIAN_POINT('',(-0.0438501412265492,0.008,0.00414308030475973));
#14488=CARTESIAN_POINT('',(-0.0438501412265492,0.0115,0.00414308030475973));
#14489=CARTESIAN_POINT('',(-0.0438501412265492,0.0115,0.00414308030475973));
#14490=CARTESIAN_POINT('',(-0.0438501412265492,0.008,0.00414308030475973));
#14491=CARTESIAN_POINT('',(-0.0423647391234368,0.0115,0.00393432065331964));
#14492=CARTESIAN_POINT('',(-0.0408793370203245,0.0115,0.00372556100187954));
#14493=CARTESIAN_POINT('',(-0.0408793370203245,0.0115,0.00372556100187954));
#14494=CARTESIAN_POINT('',(-0.0423647391234368,0.0115,0.00393432065331964));
#14495=CARTESIAN_POINT('',(-0.0408793370203245,0.0135,0.00372556100187954));
#14496=CARTESIAN_POINT('',(-0.0408793370203245,0.0155,0.00372556100187954));
#14497=CARTESIAN_POINT('',(-0.0408793370203245,0.0155,0.00372556100187954));
#14498=CARTESIAN_POINT('',(-0.0408793370203245,0.0135,0.00372556100187954));
#14499=CARTESIAN_POINT('',(-0.0426123061406222,0.0155,0.00396911392855965));
#14500=CARTESIAN_POINT('',(-0.0426123061406222,0.0155,0.00396911392855965));
#14501=CARTESIAN_POINT('',(-0.0576148673820571,0.012,0.00607758640810465));
#14502=CARTESIAN_POINT('',(-0.0694980842069559,0.0085,0.00774766361962543));
#14503=CARTESIAN_POINT('',(-0.062665234532639,0.0085,0.00678736922300098));
#14504=CARTESIAN_POINT('',(-0.062665234532639,0.0085,0.00678736922300098));
#14505=CARTESIAN_POINT('',(-0.0694980842069559,0.0085,0.00774766361962543));
#14506=CARTESIAN_POINT('',(-0.0763309338812727,0.0085,0.00870795801624988));
#14507=CARTESIAN_POINT('',(-0.0763309338812727,0.0085,0.00870795801624988));
#14508=CARTESIAN_POINT('',(-0.062665234532639,0.012,0.00678736922300098));
#14509=CARTESIAN_POINT('',(-0.062665234532639,0.0155,0.00678736922300098));
#14510=CARTESIAN_POINT('',(-0.062665234532639,0.0155,0.00678736922300098));
#14511=CARTESIAN_POINT('',(-0.062665234532639,0.012,0.00678736922300098));
#14512=CARTESIAN_POINT('',(-0.0611798324295267,0.0155,0.00657860957156088));
#14513=CARTESIAN_POINT('',(-0.0596944303264143,0.0155,0.00636984992012078));
#14514=CARTESIAN_POINT('',(-0.0596944303264143,0.0155,0.00636984992012078));
#14515=CARTESIAN_POINT('',(-0.0611798324295267,0.0155,0.00657860957156088));
#14516=CARTESIAN_POINT('',(-0.0596944303264143,0.0175,0.00636984992012078));
#14517=CARTESIAN_POINT('',(-0.0596944303264143,0.0195,0.00636984992012078));
#14518=CARTESIAN_POINT('',(-0.0596944303264143,0.0195,0.00636984992012078));
#14519=CARTESIAN_POINT('',(-0.0596944303264143,0.0175,0.00636984992012078));
#14520=CARTESIAN_POINT('',(-0.0614273994467121,0.0195,0.0066134028468009));
#14521=CARTESIAN_POINT('',(-0.0631603685670098,0.0195,0.00685695577348101));
#14522=CARTESIAN_POINT('',(-0.0631603685670098,0.0195,0.00685695577348101));
#14523=CARTESIAN_POINT('',(-0.0614273994467121,0.0195,0.0066134028468009));
#14524=CARTESIAN_POINT('',(-0.0631603685670098,0.0225,0.00685695577348101));
#14525=CARTESIAN_POINT('',(-0.0631603685670098,0.0255,0.00685695577348101));
#14526=CARTESIAN_POINT('',(-0.0631603685670098,0.0255,0.00685695577348101));
#14527=CARTESIAN_POINT('',(-0.0631603685670098,0.0225,0.00685695577348101));
#14528=CARTESIAN_POINT('',(-0.0671214408419761,0.0255,0.00741364817732127));
#14529=CARTESIAN_POINT('',(-0.0710825131169424,0.0255,0.00797034058116153));
#14530=CARTESIAN_POINT('',(-0.0710825131169424,0.0255,0.00797034058116153));
#14531=CARTESIAN_POINT('',(-0.0671214408419761,0.0255,0.00741364817732127));
#14532=CARTESIAN_POINT('',(-0.0710825131169424,0.0225,0.00797034058116153));
#14533=CARTESIAN_POINT('',(-0.0710825131169424,0.0195,0.00797034058116153));
#14534=CARTESIAN_POINT('',(-0.0710825131169424,0.0195,0.00797034058116153));
#14535=CARTESIAN_POINT('',(-0.0710825131169424,0.0225,0.00797034058116153));
#14536=CARTESIAN_POINT('',(-0.0737067234991075,0.0195,0.00833914929870571));
#14537=CARTESIAN_POINT('',(-0.0763309338812727,0.0195,0.00870795801624988));
#14538=CARTESIAN_POINT('',(-0.0763309338812727,0.0195,0.00870795801624988));
#14539=CARTESIAN_POINT('',(-0.0737067234991075,0.0195,0.00833914929870571));
#14540=CARTESIAN_POINT('',(-0.0763309338812727,0.014,0.00870795801624988));
#14541=CARTESIAN_POINT('',(-0.0763309338812727,0.014,0.00870795801624988));
#14542=CARTESIAN_POINT('',(-0.0576148673820571,0.012,0.00607758640810465));
#14543=CARTESIAN_POINT('',(-0.0819754618730997,0.0155,0.00950124469172226));
#14544=CARTESIAN_POINT('',(-0.0819754618730997,0.0185,0.00950124469172225));
#14545=CARTESIAN_POINT('',(-0.0819754618730997,0.0185,0.00950124469172225));
#14546=CARTESIAN_POINT('',(-0.0819754618730997,0.0155,0.00950124469172226));
#14547=CARTESIAN_POINT('',(-0.0819754618730997,0.0125,0.00950124469172226));
#14548=CARTESIAN_POINT('',(-0.0819754618730997,0.0125,0.00950124469172226));
#14549=CARTESIAN_POINT('',(-0.0859365341480659,0.0185,0.0100579370955625));
#14550=CARTESIAN_POINT('',(-0.0898976064230322,0.0185,0.0106146294994028));
#14551=CARTESIAN_POINT('',(-0.0898976064230322,0.0185,0.0106146294994028));
#14552=CARTESIAN_POINT('',(-0.0859365341480659,0.0185,0.0100579370955625));
#14553=CARTESIAN_POINT('',(-0.0898976064230322,0.0155,0.0106146294994028));
#14554=CARTESIAN_POINT('',(-0.0898976064230322,0.0125,0.0106146294994028));
#14555=CARTESIAN_POINT('',(-0.0898976064230322,0.0125,0.0106146294994028));
#14556=CARTESIAN_POINT('',(-0.0898976064230322,0.0155,0.0106146294994028));
#14557=CARTESIAN_POINT('',(-0.0925218168051974,0.0125,0.0109834382169469));
#14558=CARTESIAN_POINT('',(-0.0951460271873625,0.0125,0.0113522469344911));
#14559=CARTESIAN_POINT('',(-0.0951460271873625,0.0125,0.0113522469344911));
#14560=CARTESIAN_POINT('',(-0.0925218168051974,0.0125,0.0109834382169469));
#14561=CARTESIAN_POINT('',(-0.0951460271873625,0.007,0.0113522469344911));
#14562=CARTESIAN_POINT('',(-0.0951460271873625,0.0015,0.0113522469344911));
#14563=CARTESIAN_POINT('',(-0.0951460271873625,0.0015,0.0113522469344911));
#14564=CARTESIAN_POINT('',(-0.0951460271873625,0.007,0.0113522469344911));
#14565=CARTESIAN_POINT('',(-0.0883131775130457,0.0015,0.0103919525378667));
#14566=CARTESIAN_POINT('',(-0.0814803278387289,0.0015,0.00943165814124223));
#14567=CARTESIAN_POINT('',(-0.0814803278387289,0.0015,0.00943165814124223));
#14568=CARTESIAN_POINT('',(-0.0883131775130457,0.0015,0.0103919525378667));
#14569=CARTESIAN_POINT('',(-0.0814803278387289,0.005,0.00943165814124222));
#14570=CARTESIAN_POINT('',(-0.0814803278387289,0.0085,0.00943165814124222));
#14571=CARTESIAN_POINT('',(-0.0814803278387289,0.0085,0.00943165814124222));
#14572=CARTESIAN_POINT('',(-0.0814803278387289,0.005,0.00943165814124222));
#14573=CARTESIAN_POINT('',(-0.0799949257356165,0.0085,0.00922289848980212));
#14574=CARTESIAN_POINT('',(-0.0785095236325042,0.0085,0.00901413883836203));
#14575=CARTESIAN_POINT('',(-0.0785095236325042,0.0085,0.00901413883836203));
#14576=CARTESIAN_POINT('',(-0.0799949257356165,0.0085,0.00922289848980212));
#14577=CARTESIAN_POINT('',(-0.0785095236325042,0.0105,0.00901413883836203));
#14578=CARTESIAN_POINT('',(-0.0785095236325042,0.0125,0.00901413883836203));
#14579=CARTESIAN_POINT('',(-0.0785095236325042,0.0125,0.00901413883836203));
#14580=CARTESIAN_POINT('',(-0.0785095236325042,0.0105,0.00901413883836203));
#14581=CARTESIAN_POINT('',(-0.0802424927528019,0.0125,0.00925769176504214));
#14582=CARTESIAN_POINT('',(-0.0802424927528019,0.0125,0.00925769176504214));
#14583=CARTESIAN_POINT('',(-0.0576148673820571,0.012,0.00607758640810465));
#14584=CARTESIAN_POINT('',(-0.0576148673820571,0.031,0.00607758640810465));
#14585=CARTESIAN_POINT('',(-0.113961120493452,0.023,0.0139965358527324));
#14586=CARTESIAN_POINT('',(-0.113961120493452,0.0175,0.0139965358527324));
#14587=CARTESIAN_POINT('',(-0.107128270819136,0.0175,0.0130362414561079));
#14588=CARTESIAN_POINT('',(-0.100295421144819,0.0175,0.0120759470594835));
#14589=CARTESIAN_POINT('',(-0.100295421144819,0.021,0.0120759470594835));
#14590=CARTESIAN_POINT('',(-0.100295421144819,0.0245,0.0120759470594835));
#14591=CARTESIAN_POINT('',(-0.0988100190417064,0.0245,0.0118671874080434));
#14592=CARTESIAN_POINT('',(-0.0973246169385941,0.0245,0.0116584277566033));
#14593=CARTESIAN_POINT('',(-0.0973246169385941,0.0265,0.0116584277566033));
#14594=CARTESIAN_POINT('',(-0.0973246169385941,0.0285,0.0116584277566033));
#14595=CARTESIAN_POINT('',(-0.0990575860588918,0.0285,0.0119019806832834));
#14596=CARTESIAN_POINT('',(-0.10079055517919,0.0285,0.0121455336099635));
#14597=CARTESIAN_POINT('',(-0.10079055517919,0.0315,0.0121455336099635));
#14598=CARTESIAN_POINT('',(-0.113961120493452,0.023,0.0139965358527324));
#14599=CARTESIAN_POINT('',(-0.113961120493452,0.0175,0.0139965358527324));
#14600=CARTESIAN_POINT('',(-0.10079055517919,0.0315,0.0121455336099635));
#14601=CARTESIAN_POINT('',(-0.10079055517919,0.0285,0.0121455336099635));
#14602=CARTESIAN_POINT('',(-0.0973246169385941,0.0265,0.0116584277566033));
#14603=CARTESIAN_POINT('',(-0.0973246169385941,0.0285,0.0116584277566033));
#14604=CARTESIAN_POINT('',(-0.0973246169385941,0.0245,0.0116584277566033));
#14605=CARTESIAN_POINT('',(-0.0988100190417064,0.0245,0.0118671874080434));
#14606=CARTESIAN_POINT('',(-0.100295421144819,0.0245,0.0120759470594835));
#14607=CARTESIAN_POINT('',(-0.100295421144819,0.021,0.0120759470594835));
#14608=CARTESIAN_POINT('',(-0.100295421144819,0.0175,0.0120759470594835));
#14609=CARTESIAN_POINT('',(-0.107128270819136,0.0175,0.0130362414561079));
#14610=CARTESIAN_POINT('',(-0.0990575860588918,0.0285,0.0119019806832834));
#14611=CARTESIAN_POINT('',(-0.104751627454156,0.0345,0.0127022260138038));
#14612=CARTESIAN_POINT('',(-0.108712699729122,0.0345,0.013258918417644));
#14613=CARTESIAN_POINT('',(-0.108712699729122,0.0345,0.013258918417644));
#14614=CARTESIAN_POINT('',(-0.104751627454156,0.0345,0.0127022260138038));
#14615=CARTESIAN_POINT('',(-0.108712699729122,0.0315,0.013258918417644));
#14616=CARTESIAN_POINT('',(-0.108712699729122,0.0315,0.013258918417644));
#14617=CARTESIAN_POINT('',(-0.0576148673820571,0.031,0.00607758640810465));
#14618=CARTESIAN_POINT('',(-0.0198856539630032,0.025,0.000775091261526152));
#14619=CARTESIAN_POINT('',(-0.0198856539630032,0.025,0.000775091261526152));
#14620=CARTESIAN_POINT('',(-0.0198856539630032,0.0305,0.000775091261526152));
#14621=CARTESIAN_POINT('',(-0.0198856539630032,0.0305,0.000775091261526152));
#14622=CARTESIAN_POINT('',(-0.0130528042886864,0.0195,-0.000185203135098299));
#14623=CARTESIAN_POINT('',(-0.00621995461436955,0.0195,-0.00114549753172275));
#14624=CARTESIAN_POINT('',(-0.00621995461436955,0.0195,-0.00114549753172275));
#14625=CARTESIAN_POINT('',(-0.0130528042886864,0.0195,-0.000185203135098299));
#14626=CARTESIAN_POINT('',(-0.0576148673820571,0.031,0.00607758640810465));
#14627=CARTESIAN_POINT('',(-0.00621995461436955,0.023,-0.00114549753172275));
#14628=CARTESIAN_POINT('',(-0.00621995461436955,0.0265,-0.00114549753172275));
#14629=CARTESIAN_POINT('',(-0.0047345525112572,0.0265,-0.00135425718316285));
#14630=CARTESIAN_POINT('',(-0.00324915040814484,0.0265,-0.00156301683460295));
#14631=CARTESIAN_POINT('',(-0.00324915040814484,0.0285,-0.00156301683460295));
#14632=CARTESIAN_POINT('',(-0.00324915040814484,0.0305,-0.00156301683460295));
#14633=CARTESIAN_POINT('',(-0.00498211952844259,0.0305,-0.00131946390792283));
#14634=CARTESIAN_POINT('',(-0.00671508864874034,0.0305,-0.00107591098124272));
#14635=CARTESIAN_POINT('',(-0.00671508864874034,0.0335,-0.00107591098124271));
#14636=CARTESIAN_POINT('',(-0.00671508864874034,0.0365,-0.00107591098124272));
#14637=CARTESIAN_POINT('',(-0.0106761609237066,0.0365,-0.000519218577402456));
#14638=CARTESIAN_POINT('',(-0.0146372331986729,0.0365,3.74738264378046E-05));
#14639=CARTESIAN_POINT('',(-0.0146372331986729,0.0335,3.74738264378046E-05));
#14640=CARTESIAN_POINT('',(-0.0146372331986729,0.0305,3.74738264378041E-05));
#14641=CARTESIAN_POINT('',(-0.017261443580838,0.0305,0.000406282543981978));
#14642=CARTESIAN_POINT('',(-0.00671508864874034,0.0335,-0.00107591098124271));
#14643=CARTESIAN_POINT('',(-0.00671508864874034,0.0365,-0.00107591098124272));
#14644=CARTESIAN_POINT('',(-0.00671508864874034,0.0305,-0.00107591098124272));
#14645=CARTESIAN_POINT('',(-0.0106761609237066,0.0365,-0.000519218577402456));
#14646=CARTESIAN_POINT('',(-0.0146372331986729,0.0365,3.74738264378046E-05));
#14647=CARTESIAN_POINT('',(-0.0146372331986729,0.0335,3.74738264378046E-05));
#14648=CARTESIAN_POINT('',(-0.0146372331986729,0.0305,3.74738264378041E-05));
#14649=CARTESIAN_POINT('',(-0.017261443580838,0.0305,0.000406282543981978));
#14650=CARTESIAN_POINT('',(-0.00621995461436955,0.023,-0.00114549753172275));
#14651=CARTESIAN_POINT('',(-0.00621995461436955,0.0265,-0.00114549753172275));
#14652=CARTESIAN_POINT('',(-0.0047345525112572,0.0265,-0.00135425718316285));
#14653=CARTESIAN_POINT('',(-0.00324915040814484,0.0265,-0.00156301683460295));
#14654=CARTESIAN_POINT('',(-0.00324915040814484,0.0285,-0.00156301683460295));
#14655=CARTESIAN_POINT('',(-0.00324915040814484,0.0305,-0.00156301683460295));
#14656=CARTESIAN_POINT('',(-0.00498211952844259,0.0305,-0.00131946390792283));
#14657=CARTESIAN_POINT('',(-0.0255301819548302,0.0335,0.00156837793699853));
#14658=CARTESIAN_POINT('',(-0.0255301819548302,0.0365,0.00156837793699853));
#14659=CARTESIAN_POINT('',(-0.0255301819548302,0.0365,0.00156837793699853));
#14660=CARTESIAN_POINT('',(-0.0255301819548302,0.0335,0.00156837793699853));
#14661=CARTESIAN_POINT('',(-0.0255301819548302,0.0305,0.00156837793699853));
#14662=CARTESIAN_POINT('',(-0.0255301819548302,0.0305,0.00156837793699853));
#14663=CARTESIAN_POINT('',(-0.0294912542297964,0.0365,0.00212507034083879));
#14664=CARTESIAN_POINT('',(-0.0334523265047627,0.0365,0.00268176274467904));
#14665=CARTESIAN_POINT('',(-0.0334523265047627,0.0365,0.00268176274467904));
#14666=CARTESIAN_POINT('',(-0.0294912542297964,0.0365,0.00212507034083879));
#14667=CARTESIAN_POINT('',(-0.0334523265047627,0.0335,0.00268176274467904));
#14668=CARTESIAN_POINT('',(-0.0334523265047627,0.0305,0.00268176274467904));
#14669=CARTESIAN_POINT('',(-0.0334523265047627,0.0305,0.00268176274467904));
#14670=CARTESIAN_POINT('',(-0.0334523265047627,0.0335,0.00268176274467904));
#14671=CARTESIAN_POINT('',(-0.0360765368869278,0.0305,0.00305057146222322));
#14672=CARTESIAN_POINT('',(-0.038700747269093,0.0305,0.00341938017976739));
#14673=CARTESIAN_POINT('',(-0.038700747269093,0.0305,0.00341938017976739));
#14674=CARTESIAN_POINT('',(-0.0360765368869278,0.0305,0.00305057146222322));
#14675=CARTESIAN_POINT('',(-0.038700747269093,0.025,0.00341938017976739));
#14676=CARTESIAN_POINT('',(-0.038700747269093,0.0195,0.00341938017976739));
#14677=CARTESIAN_POINT('',(-0.038700747269093,0.0195,0.00341938017976739));
#14678=CARTESIAN_POINT('',(-0.038700747269093,0.025,0.00341938017976739));
#14679=CARTESIAN_POINT('',(-0.0318678975947762,0.0195,0.00245908578314294));
#14680=CARTESIAN_POINT('',(-0.0250350479204593,0.0195,0.00149879138651849));
#14681=CARTESIAN_POINT('',(-0.0250350479204593,0.0195,0.00149879138651849));
#14682=CARTESIAN_POINT('',(-0.0318678975947762,0.0195,0.00245908578314294));
#14683=CARTESIAN_POINT('',(-0.0250350479204593,0.023,0.00149879138651849));
#14684=CARTESIAN_POINT('',(-0.0250350479204593,0.0265,0.00149879138651849));
#14685=CARTESIAN_POINT('',(-0.0250350479204593,0.0265,0.00149879138651849));
#14686=CARTESIAN_POINT('',(-0.0250350479204593,0.023,0.00149879138651849));
#14687=CARTESIAN_POINT('',(-0.023549645817347,0.0265,0.00129003173507839));
#14688=CARTESIAN_POINT('',(-0.0220642437142347,0.0265,0.00108127208363829));
#14689=CARTESIAN_POINT('',(-0.0220642437142347,0.0265,0.00108127208363829));
#14690=CARTESIAN_POINT('',(-0.023549645817347,0.0265,0.00129003173507839));
#14691=CARTESIAN_POINT('',(-0.0220642437142347,0.0285,0.00108127208363829));
#14692=CARTESIAN_POINT('',(-0.0220642437142347,0.0305,0.00108127208363829));
#14693=CARTESIAN_POINT('',(-0.0220642437142347,0.0305,0.00108127208363829));
#14694=CARTESIAN_POINT('',(-0.0220642437142347,0.0285,0.00108127208363829));
#14695=CARTESIAN_POINT('',(-0.0237972128345324,0.0305,0.00132482501031841));
#14696=CARTESIAN_POINT('',(-0.0237972128345324,0.0305,0.00132482501031841));
#14697=CARTESIAN_POINT('',(-0.0576148673820571,0.031,0.00607758640810465));
#14698=CARTESIAN_POINT('',(-0.0443452752609199,0.0375,0.00421266685523977));
#14699=CARTESIAN_POINT('',(-0.0443452752609199,0.0405,0.00421266685523977));
#14700=CARTESIAN_POINT('',(-0.0443452752609199,0.0405,0.00421266685523977));
#14701=CARTESIAN_POINT('',(-0.0443452752609199,0.0375,0.00421266685523977));
#14702=CARTESIAN_POINT('',(-0.0443452752609199,0.0345,0.00421266685523977));
#14703=CARTESIAN_POINT('',(-0.0443452752609199,0.0345,0.00421266685523977));
#14704=CARTESIAN_POINT('',(-0.0483063475358862,0.0405,0.00476935925908003));
#14705=CARTESIAN_POINT('',(-0.0522674198108525,0.0405,0.00532605166292028));
#14706=CARTESIAN_POINT('',(-0.0522674198108525,0.0405,0.00532605166292028));
#14707=CARTESIAN_POINT('',(-0.0483063475358862,0.0405,0.00476935925908003));
#14708=CARTESIAN_POINT('',(-0.0522674198108525,0.0375,0.00532605166292028));
#14709=CARTESIAN_POINT('',(-0.0522674198108525,0.0345,0.00532605166292028));
#14710=CARTESIAN_POINT('',(-0.0522674198108525,0.0345,0.00532605166292028));
#14711=CARTESIAN_POINT('',(-0.0522674198108525,0.0375,0.00532605166292028));
#14712=CARTESIAN_POINT('',(-0.0548916301930177,0.0345,0.00569486038046446));
#14713=CARTESIAN_POINT('',(-0.0575158405751828,0.0345,0.00606366909800863));
#14714=CARTESIAN_POINT('',(-0.0575158405751828,0.0345,0.00606366909800863));
#14715=CARTESIAN_POINT('',(-0.0548916301930177,0.0345,0.00569486038046446));
#14716=CARTESIAN_POINT('',(-0.0575158405751828,0.029,0.00606366909800863));
#14717=CARTESIAN_POINT('',(-0.0575158405751828,0.0235,0.00606366909800863));
#14718=CARTESIAN_POINT('',(-0.0575158405751828,0.0235,0.00606366909800863));
#14719=CARTESIAN_POINT('',(-0.0575158405751828,0.029,0.00606366909800863));
#14720=CARTESIAN_POINT('',(-0.050682990900866,0.0235,0.00510337470138418));
#14721=CARTESIAN_POINT('',(-0.0438501412265492,0.0235,0.00414308030475973));
#14722=CARTESIAN_POINT('',(-0.0438501412265492,0.0235,0.00414308030475973));
#14723=CARTESIAN_POINT('',(-0.050682990900866,0.0235,0.00510337470138418));
#14724=CARTESIAN_POINT('',(-0.0438501412265492,0.027,0.00414308030475973));
#14725=CARTESIAN_POINT('',(-0.0438501412265492,0.0305,0.00414308030475973));
#14726=CARTESIAN_POINT('',(-0.0438501412265492,0.0305,0.00414308030475973));
#14727=CARTESIAN_POINT('',(-0.0438501412265492,0.027,0.00414308030475973));
#14728=CARTESIAN_POINT('',(-0.0423647391234368,0.0305,0.00393432065331964));
#14729=CARTESIAN_POINT('',(-0.0408793370203245,0.0305,0.00372556100187954));
#14730=CARTESIAN_POINT('',(-0.0408793370203245,0.0305,0.00372556100187954));
#14731=CARTESIAN_POINT('',(-0.0423647391234368,0.0305,0.00393432065331964));
#14732=CARTESIAN_POINT('',(-0.0408793370203245,0.0325,0.00372556100187954));
#14733=CARTESIAN_POINT('',(-0.0408793370203245,0.0345,0.00372556100187954));
#14734=CARTESIAN_POINT('',(-0.0408793370203245,0.0345,0.00372556100187954));
#14735=CARTESIAN_POINT('',(-0.0408793370203245,0.0325,0.00372556100187954));
#14736=CARTESIAN_POINT('',(-0.0426123061406222,0.0345,0.00396911392855965));
#14737=CARTESIAN_POINT('',(-0.0426123061406222,0.0345,0.00396911392855965));
#14738=CARTESIAN_POINT('',(-0.0576148673820571,0.031,0.00607758640810465));
#14739=CARTESIAN_POINT('',(-0.0694980842069559,0.0275,0.00774766361962543));
#14740=CARTESIAN_POINT('',(-0.062665234532639,0.0275,0.00678736922300098));
#14741=CARTESIAN_POINT('',(-0.062665234532639,0.0275,0.00678736922300098));
#14742=CARTESIAN_POINT('',(-0.0694980842069559,0.0275,0.00774766361962543));
#14743=CARTESIAN_POINT('',(-0.0763309338812727,0.0275,0.00870795801624988));
#14744=CARTESIAN_POINT('',(-0.0763309338812727,0.0275,0.00870795801624988));
#14745=CARTESIAN_POINT('',(-0.062665234532639,0.031,0.00678736922300098));
#14746=CARTESIAN_POINT('',(-0.062665234532639,0.0345,0.00678736922300098));
#14747=CARTESIAN_POINT('',(-0.062665234532639,0.0345,0.00678736922300098));
#14748=CARTESIAN_POINT('',(-0.062665234532639,0.031,0.00678736922300098));
#14749=CARTESIAN_POINT('',(-0.0611798324295267,0.0345,0.00657860957156088));
#14750=CARTESIAN_POINT('',(-0.0596944303264143,0.0345,0.00636984992012078));
#14751=CARTESIAN_POINT('',(-0.0596944303264143,0.0345,0.00636984992012078));
#14752=CARTESIAN_POINT('',(-0.0611798324295267,0.0345,0.00657860957156088));
#14753=CARTESIAN_POINT('',(-0.0596944303264143,0.0365,0.00636984992012078));
#14754=CARTESIAN_POINT('',(-0.0596944303264143,0.0385,0.00636984992012078));
#14755=CARTESIAN_POINT('',(-0.0596944303264143,0.0385,0.00636984992012078));
#14756=CARTESIAN_POINT('',(-0.0596944303264143,0.0365,0.00636984992012078));
#14757=CARTESIAN_POINT('',(-0.0614273994467121,0.0385,0.0066134028468009));
#14758=CARTESIAN_POINT('',(-0.0631603685670098,0.0385,0.00685695577348101));
#14759=CARTESIAN_POINT('',(-0.0631603685670098,0.0385,0.00685695577348101));
#14760=CARTESIAN_POINT('',(-0.0614273994467121,0.0385,0.0066134028468009));
#14761=CARTESIAN_POINT('',(-0.0631603685670098,0.0415,0.00685695577348101));
#14762=CARTESIAN_POINT('',(-0.0631603685670098,0.0445,0.00685695577348101));
#14763=CARTESIAN_POINT('',(-0.0631603685670098,0.0445,0.00685695577348101));
#14764=CARTESIAN_POINT('',(-0.0631603685670098,0.0415,0.00685695577348101));
#14765=CARTESIAN_POINT('',(-0.0671214408419761,0.0445,0.00741364817732127));
#14766=CARTESIAN_POINT('',(-0.0710825131169424,0.0445,0.00797034058116153));
#14767=CARTESIAN_POINT('',(-0.0710825131169424,0.0445,0.00797034058116153));
#14768=CARTESIAN_POINT('',(-0.0671214408419761,0.0445,0.00741364817732127));
#14769=CARTESIAN_POINT('',(-0.0710825131169424,0.0415,0.00797034058116153));
#14770=CARTESIAN_POINT('',(-0.0710825131169424,0.0385,0.00797034058116153));
#14771=CARTESIAN_POINT('',(-0.0710825131169424,0.0385,0.00797034058116153));
#14772=CARTESIAN_POINT('',(-0.0710825131169424,0.0415,0.00797034058116153));
#14773=CARTESIAN_POINT('',(-0.0737067234991075,0.0385,0.00833914929870571));
#14774=CARTESIAN_POINT('',(-0.0763309338812727,0.0385,0.00870795801624988));
#14775=CARTESIAN_POINT('',(-0.0763309338812727,0.0385,0.00870795801624988));
#14776=CARTESIAN_POINT('',(-0.0737067234991075,0.0385,0.00833914929870571));
#14777=CARTESIAN_POINT('',(-0.0763309338812727,0.033,0.00870795801624988));
#14778=CARTESIAN_POINT('',(-0.0763309338812727,0.033,0.00870795801624988));
#14779=CARTESIAN_POINT('',(-0.0576148673820571,0.031,0.00607758640810465));
#14780=CARTESIAN_POINT('',(-0.0819754618730997,0.0345,0.00950124469172226));
#14781=CARTESIAN_POINT('',(-0.0819754618730997,0.0375,0.00950124469172225));
#14782=CARTESIAN_POINT('',(-0.0819754618730997,0.0375,0.00950124469172225));
#14783=CARTESIAN_POINT('',(-0.0819754618730997,0.0345,0.00950124469172226));
#14784=CARTESIAN_POINT('',(-0.0819754618730997,0.0315,0.00950124469172226));
#14785=CARTESIAN_POINT('',(-0.0819754618730997,0.0315,0.00950124469172226));
#14786=CARTESIAN_POINT('',(-0.0859365341480659,0.0375,0.0100579370955625));
#14787=CARTESIAN_POINT('',(-0.0898976064230322,0.0375,0.0106146294994028));
#14788=CARTESIAN_POINT('',(-0.0898976064230322,0.0375,0.0106146294994028));
#14789=CARTESIAN_POINT('',(-0.0859365341480659,0.0375,0.0100579370955625));
#14790=CARTESIAN_POINT('',(-0.0898976064230322,0.0345,0.0106146294994028));
#14791=CARTESIAN_POINT('',(-0.0898976064230322,0.0315,0.0106146294994028));
#14792=CARTESIAN_POINT('',(-0.0898976064230322,0.0315,0.0106146294994028));
#14793=CARTESIAN_POINT('',(-0.0898976064230322,0.0345,0.0106146294994028));
#14794=CARTESIAN_POINT('',(-0.0925218168051974,0.0315,0.0109834382169469));
#14795=CARTESIAN_POINT('',(-0.0951460271873625,0.0315,0.0113522469344911));
#14796=CARTESIAN_POINT('',(-0.0951460271873625,0.0315,0.0113522469344911));
#14797=CARTESIAN_POINT('',(-0.0925218168051974,0.0315,0.0109834382169469));
#14798=CARTESIAN_POINT('',(-0.0951460271873625,0.026,0.0113522469344911));
#14799=CARTESIAN_POINT('',(-0.0951460271873625,0.0205,0.0113522469344911));
#14800=CARTESIAN_POINT('',(-0.0951460271873625,0.0205,0.0113522469344911));
#14801=CARTESIAN_POINT('',(-0.0951460271873625,0.026,0.0113522469344911));
#14802=CARTESIAN_POINT('',(-0.0883131775130457,0.0205,0.0103919525378667));
#14803=CARTESIAN_POINT('',(-0.0814803278387289,0.0205,0.00943165814124223));
#14804=CARTESIAN_POINT('',(-0.0814803278387289,0.0205,0.00943165814124223));
#14805=CARTESIAN_POINT('',(-0.0883131775130457,0.0205,0.0103919525378667));
#14806=CARTESIAN_POINT('',(-0.0814803278387289,0.024,0.00943165814124222));
#14807=CARTESIAN_POINT('',(-0.0814803278387289,0.0275,0.00943165814124222));
#14808=CARTESIAN_POINT('',(-0.0814803278387289,0.0275,0.00943165814124222));
#14809=CARTESIAN_POINT('',(-0.0814803278387289,0.024,0.00943165814124222));
#14810=CARTESIAN_POINT('',(-0.0799949257356165,0.0275,0.00922289848980212));
#14811=CARTESIAN_POINT('',(-0.0785095236325042,0.0275,0.00901413883836203));
#14812=CARTESIAN_POINT('',(-0.0785095236325042,0.0275,0.00901413883836203));
#14813=CARTESIAN_POINT('',(-0.0799949257356165,0.0275,0.00922289848980212));
#14814=CARTESIAN_POINT('',(-0.0785095236325042,0.0295,0.00901413883836203));
#14815=CARTESIAN_POINT('',(-0.0785095236325042,0.0315,0.00901413883836203));
#14816=CARTESIAN_POINT('',(-0.0785095236325042,0.0315,0.00901413883836203));
#14817=CARTESIAN_POINT('',(-0.0785095236325042,0.0295,0.00901413883836203));
#14818=CARTESIAN_POINT('',(-0.0802424927528019,0.0315,0.00925769176504214));
#14819=CARTESIAN_POINT('',(-0.0802424927528019,0.0315,0.00925769176504214));
#14820=CARTESIAN_POINT('',(-0.0576148673820571,0.031,0.00607758640810465));
#14821=CARTESIAN_POINT('',(-0.0576148673820571,0.05,0.00607758640810465));
#14822=CARTESIAN_POINT('',(-0.0883131775130457,0.0395,0.0103919525378667));
#14823=CARTESIAN_POINT('',(-0.0814803278387289,0.0395,0.00943165814124223));
#14824=CARTESIAN_POINT('',(-0.0814803278387289,0.043,0.00943165814124222));
#14825=CARTESIAN_POINT('',(-0.0883131775130457,0.0395,0.0103919525378667));
#14826=CARTESIAN_POINT('',(-0.0814803278387289,0.0395,0.00943165814124223));
#14827=CARTESIAN_POINT('',(-0.0814803278387289,0.043,0.00943165814124222));
#14828=CARTESIAN_POINT('',(-0.0951460271873625,0.045,0.0113522469344911));
#14829=CARTESIAN_POINT('',(-0.0951460271873625,0.045,0.0113522469344911));
#14830=CARTESIAN_POINT('',(-0.0576148673820571,0.05,0.00607758640810465));
#14831=CARTESIAN_POINT('',(-0.0973246169385941,0.0455,0.0116584277566033));
#14832=CARTESIAN_POINT('',(-0.0973246169385941,0.0455,0.0116584277566033));
#14833=CARTESIAN_POINT('',(-0.0973246169385941,0.0435,0.0116584277566033));
#14834=CARTESIAN_POINT('',(-0.0973246169385941,0.0435,0.0116584277566033));
#14835=CARTESIAN_POINT('',(-0.107128270819136,0.0365,0.0130362414561079));
#14836=CARTESIAN_POINT('',(-0.107128270819136,0.0365,0.0130362414561079));
#14837=CARTESIAN_POINT('',(-0.113961120493452,0.0365,0.0139965358527324));
#14838=CARTESIAN_POINT('',(-0.113961120493452,0.0365,0.0139965358527324));
#14839=CARTESIAN_POINT('',(-0.100295421144819,0.04,0.0120759470594835));
#14840=CARTESIAN_POINT('',(-0.100295421144819,0.0435,0.0120759470594835));
#14841=CARTESIAN_POINT('',(-0.100295421144819,0.0435,0.0120759470594835));
#14842=CARTESIAN_POINT('',(-0.100295421144819,0.04,0.0120759470594835));
#14843=CARTESIAN_POINT('',(-0.0576148673820571,0.05,0.00607758640810465));
#14844=CARTESIAN_POINT('',(-0.104751627454156,0.0535,0.0127022260138038));
#14845=CARTESIAN_POINT('',(-0.108712699729122,0.0535,0.013258918417644));
#14846=CARTESIAN_POINT('',(-0.108712699729122,0.0505,0.013258918417644));
#14847=CARTESIAN_POINT('',(-0.108712699729122,0.0475,0.013258918417644));
#14848=CARTESIAN_POINT('',(-0.111336910111287,0.0475,0.0136277271351882));
#14849=CARTESIAN_POINT('',(-0.113961120493452,0.0475,0.0139965358527324));
#14850=CARTESIAN_POINT('',(-0.113961120493452,0.042,0.0139965358527324));
#14851=CARTESIAN_POINT('',(-0.0988100190417064,0.0435,0.0118671874080434));
#14852=CARTESIAN_POINT('',(-0.104751627454156,0.0535,0.0127022260138038));
#14853=CARTESIAN_POINT('',(-0.108712699729122,0.0535,0.013258918417644));
#14854=CARTESIAN_POINT('',(-0.108712699729122,0.0505,0.013258918417644));
#14855=CARTESIAN_POINT('',(-0.108712699729122,0.0475,0.013258918417644));
#14856=CARTESIAN_POINT('',(-0.111336910111287,0.0475,0.0136277271351882));
#14857=CARTESIAN_POINT('',(-0.113961120493452,0.0475,0.0139965358527324));
#14858=CARTESIAN_POINT('',(-0.113961120493452,0.042,0.0139965358527324));
#14859=CARTESIAN_POINT('',(-0.0988100190417064,0.0435,0.0118671874080434));
#14860=CARTESIAN_POINT('',(-0.00671508864874034,0.0525,-0.00107591098124271));
#14861=CARTESIAN_POINT('',(-0.00671508864874034,0.0555,-0.00107591098124272));
#14862=CARTESIAN_POINT('',(-0.00671508864874034,0.0555,-0.00107591098124272));
#14863=CARTESIAN_POINT('',(-0.00671508864874034,0.0525,-0.00107591098124271));
#14864=CARTESIAN_POINT('',(-0.00671508864874034,0.0495,-0.00107591098124272));
#14865=CARTESIAN_POINT('',(-0.00671508864874034,0.0495,-0.00107591098124272));
#14866=CARTESIAN_POINT('',(-0.0106761609237066,0.0555,-0.000519218577402456));
#14867=CARTESIAN_POINT('',(-0.0146372331986729,0.0555,3.74738264378046E-05));
#14868=CARTESIAN_POINT('',(-0.0146372331986729,0.0555,3.74738264378046E-05));
#14869=CARTESIAN_POINT('',(-0.0106761609237066,0.0555,-0.000519218577402456));
#14870=CARTESIAN_POINT('',(-0.0146372331986729,0.0525,3.74738264378046E-05));
#14871=CARTESIAN_POINT('',(-0.0146372331986729,0.0495,3.74738264378041E-05));
#14872=CARTESIAN_POINT('',(-0.0146372331986729,0.0495,3.74738264378041E-05));
#14873=CARTESIAN_POINT('',(-0.0146372331986729,0.0525,3.74738264378046E-05));
#14874=CARTESIAN_POINT('',(-0.017261443580838,0.0495,0.000406282543981978));
#14875=CARTESIAN_POINT('',(-0.0198856539630032,0.0495,0.000775091261526152));
#14876=CARTESIAN_POINT('',(-0.0198856539630032,0.0495,0.000775091261526152));
#14877=CARTESIAN_POINT('',(-0.017261443580838,0.0495,0.000406282543981978));
#14878=CARTESIAN_POINT('',(-0.0198856539630032,0.044,0.000775091261526152));
#14879=CARTESIAN_POINT('',(-0.0198856539630032,0.0385,0.000775091261526152));
#14880=CARTESIAN_POINT('',(-0.0198856539630032,0.0385,0.000775091261526152));
#14881=CARTESIAN_POINT('',(-0.0198856539630032,0.044,0.000775091261526152));
#14882=CARTESIAN_POINT('',(-0.0130528042886864,0.0385,-0.000185203135098299));
#14883=CARTESIAN_POINT('',(-0.00621995461436955,0.0385,-0.00114549753172275));
#14884=CARTESIAN_POINT('',(-0.00621995461436955,0.0385,-0.00114549753172275));
#14885=CARTESIAN_POINT('',(-0.0130528042886864,0.0385,-0.000185203135098299));
#14886=CARTESIAN_POINT('',(-0.00621995461436955,0.042,-0.00114549753172275));
#14887=CARTESIAN_POINT('',(-0.00621995461436955,0.0455,-0.00114549753172275));
#14888=CARTESIAN_POINT('',(-0.00621995461436955,0.0455,-0.00114549753172275));
#14889=CARTESIAN_POINT('',(-0.00621995461436955,0.042,-0.00114549753172275));
#14890=CARTESIAN_POINT('',(-0.0047345525112572,0.0455,-0.00135425718316285));
#14891=CARTESIAN_POINT('',(-0.00324915040814484,0.0455,-0.00156301683460295));
#14892=CARTESIAN_POINT('',(-0.00324915040814484,0.0455,-0.00156301683460295));
#14893=CARTESIAN_POINT('',(-0.0047345525112572,0.0455,-0.00135425718316285));
#14894=CARTESIAN_POINT('',(-0.00324915040814484,0.0475,-0.00156301683460295));
#14895=CARTESIAN_POINT('',(-0.00324915040814484,0.0495,-0.00156301683460295));
#14896=CARTESIAN_POINT('',(-0.00324915040814484,0.0495,-0.00156301683460295));
#14897=CARTESIAN_POINT('',(-0.00324915040814484,0.0475,-0.00156301683460295));
#14898=CARTESIAN_POINT('',(-0.00498211952844259,0.0495,-0.00131946390792283));
#14899=CARTESIAN_POINT('',(-0.00498211952844259,0.0495,-0.00131946390792283));
#14900=CARTESIAN_POINT('',(-0.0576148673820571,0.05,0.00607758640810465));
#14901=CARTESIAN_POINT('',(-0.0255301819548302,0.0525,0.00156837793699853));
#14902=CARTESIAN_POINT('',(-0.0255301819548302,0.0555,0.00156837793699853));
#14903=CARTESIAN_POINT('',(-0.0255301819548302,0.0555,0.00156837793699853));
#14904=CARTESIAN_POINT('',(-0.0255301819548302,0.0525,0.00156837793699853));
#14905=CARTESIAN_POINT('',(-0.0255301819548302,0.0495,0.00156837793699853));
#14906=CARTESIAN_POINT('',(-0.0255301819548302,0.0495,0.00156837793699853));
#14907=CARTESIAN_POINT('',(-0.0294912542297964,0.0555,0.00212507034083879));
#14908=CARTESIAN_POINT('',(-0.0334523265047627,0.0555,0.00268176274467904));
#14909=CARTESIAN_POINT('',(-0.0334523265047627,0.0555,0.00268176274467904));
#14910=CARTESIAN_POINT('',(-0.0294912542297964,0.0555,0.00212507034083879));
#14911=CARTESIAN_POINT('',(-0.0334523265047627,0.0525,0.00268176274467904));
#14912=CARTESIAN_POINT('',(-0.0334523265047627,0.0495,0.00268176274467904));
#14913=CARTESIAN_POINT('',(-0.0334523265047627,0.0495,0.00268176274467904));
#14914=CARTESIAN_POINT('',(-0.0334523265047627,0.0525,0.00268176274467904));
#14915=CARTESIAN_POINT('',(-0.0360765368869278,0.0495,0.00305057146222322));
#14916=CARTESIAN_POINT('',(-0.038700747269093,0.0495,0.00341938017976739));
#14917=CARTESIAN_POINT('',(-0.038700747269093,0.0495,0.00341938017976739));
#14918=CARTESIAN_POINT('',(-0.0360765368869278,0.0495,0.00305057146222322));
#14919=CARTESIAN_POINT('',(-0.038700747269093,0.044,0.00341938017976739));
#14920=CARTESIAN_POINT('',(-0.038700747269093,0.0385,0.00341938017976739));
#14921=CARTESIAN_POINT('',(-0.038700747269093,0.0385,0.00341938017976739));
#14922=CARTESIAN_POINT('',(-0.038700747269093,0.044,0.00341938017976739));
#14923=CARTESIAN_POINT('',(-0.0318678975947762,0.0385,0.00245908578314294));
#14924=CARTESIAN_POINT('',(-0.0250350479204593,0.0385,0.00149879138651849));
#14925=CARTESIAN_POINT('',(-0.0250350479204593,0.0385,0.00149879138651849));
#14926=CARTESIAN_POINT('',(-0.0318678975947762,0.0385,0.00245908578314294));
#14927=CARTESIAN_POINT('',(-0.0250350479204593,0.042,0.00149879138651849));
#14928=CARTESIAN_POINT('',(-0.0250350479204593,0.0455,0.00149879138651849));
#14929=CARTESIAN_POINT('',(-0.0250350479204593,0.0455,0.00149879138651849));
#14930=CARTESIAN_POINT('',(-0.0250350479204593,0.042,0.00149879138651849));
#14931=CARTESIAN_POINT('',(-0.023549645817347,0.0455,0.00129003173507839));
#14932=CARTESIAN_POINT('',(-0.0220642437142347,0.0455,0.00108127208363829));
#14933=CARTESIAN_POINT('',(-0.0220642437142347,0.0455,0.00108127208363829));
#14934=CARTESIAN_POINT('',(-0.023549645817347,0.0455,0.00129003173507839));
#14935=CARTESIAN_POINT('',(-0.0220642437142347,0.0475,0.00108127208363829));
#14936=CARTESIAN_POINT('',(-0.0220642437142347,0.0495,0.00108127208363829));
#14937=CARTESIAN_POINT('',(-0.0220642437142347,0.0495,0.00108127208363829));
#14938=CARTESIAN_POINT('',(-0.0220642437142347,0.0475,0.00108127208363829));
#14939=CARTESIAN_POINT('',(-0.0237972128345324,0.0495,0.00132482501031841));
#14940=CARTESIAN_POINT('',(-0.0237972128345324,0.0495,0.00132482501031841));
#14941=CARTESIAN_POINT('',(-0.0576148673820571,0.05,0.00607758640810465));
#14942=CARTESIAN_POINT('',(-0.0443452752609199,0.0565,0.00421266685523977));
#14943=CARTESIAN_POINT('',(-0.0443452752609199,0.0595,0.00421266685523977));
#14944=CARTESIAN_POINT('',(-0.0443452752609199,0.0595,0.00421266685523977));
#14945=CARTESIAN_POINT('',(-0.0443452752609199,0.0565,0.00421266685523977));
#14946=CARTESIAN_POINT('',(-0.0443452752609199,0.0535,0.00421266685523977));
#14947=CARTESIAN_POINT('',(-0.0443452752609199,0.0535,0.00421266685523977));
#14948=CARTESIAN_POINT('',(-0.0483063475358862,0.0595,0.00476935925908003));
#14949=CARTESIAN_POINT('',(-0.0522674198108525,0.0595,0.00532605166292028));
#14950=CARTESIAN_POINT('',(-0.0522674198108525,0.0595,0.00532605166292028));
#14951=CARTESIAN_POINT('',(-0.0483063475358862,0.0595,0.00476935925908003));
#14952=CARTESIAN_POINT('',(-0.0522674198108525,0.0565,0.00532605166292028));
#14953=CARTESIAN_POINT('',(-0.0522674198108525,0.0535,0.00532605166292028));
#14954=CARTESIAN_POINT('',(-0.0522674198108525,0.0535,0.00532605166292028));
#14955=CARTESIAN_POINT('',(-0.0522674198108525,0.0565,0.00532605166292028));
#14956=CARTESIAN_POINT('',(-0.0548916301930177,0.0535,0.00569486038046446));
#14957=CARTESIAN_POINT('',(-0.0575158405751828,0.0535,0.00606366909800863));
#14958=CARTESIAN_POINT('',(-0.0575158405751828,0.0535,0.00606366909800863));
#14959=CARTESIAN_POINT('',(-0.0548916301930177,0.0535,0.00569486038046446));
#14960=CARTESIAN_POINT('',(-0.0575158405751828,0.048,0.00606366909800863));
#14961=CARTESIAN_POINT('',(-0.0575158405751828,0.0425,0.00606366909800863));
#14962=CARTESIAN_POINT('',(-0.0575158405751828,0.0425,0.00606366909800863));
#14963=CARTESIAN_POINT('',(-0.0575158405751828,0.048,0.00606366909800863));
#14964=CARTESIAN_POINT('',(-0.050682990900866,0.0425,0.00510337470138418));
#14965=CARTESIAN_POINT('',(-0.0438501412265492,0.0425,0.00414308030475973));
#14966=CARTESIAN_POINT('',(-0.0438501412265492,0.0425,0.00414308030475973));
#14967=CARTESIAN_POINT('',(-0.050682990900866,0.0425,0.00510337470138418));
#14968=CARTESIAN_POINT('',(-0.0438501412265492,0.046,0.00414308030475973));
#14969=CARTESIAN_POINT('',(-0.0438501412265492,0.0495,0.00414308030475973));
#14970=CARTESIAN_POINT('',(-0.0438501412265492,0.0495,0.00414308030475973));
#14971=CARTESIAN_POINT('',(-0.0438501412265492,0.046,0.00414308030475973));
#14972=CARTESIAN_POINT('',(-0.0423647391234368,0.0495,0.00393432065331964));
#14973=CARTESIAN_POINT('',(-0.0408793370203245,0.0495,0.00372556100187954));
#14974=CARTESIAN_POINT('',(-0.0408793370203245,0.0495,0.00372556100187954));
#14975=CARTESIAN_POINT('',(-0.0423647391234368,0.0495,0.00393432065331964));
#14976=CARTESIAN_POINT('',(-0.0408793370203245,0.0515,0.00372556100187954));
#14977=CARTESIAN_POINT('',(-0.0408793370203245,0.0535,0.00372556100187954));
#14978=CARTESIAN_POINT('',(-0.0408793370203245,0.0535,0.00372556100187954));
#14979=CARTESIAN_POINT('',(-0.0408793370203245,0.0515,0.00372556100187954));
#14980=CARTESIAN_POINT('',(-0.0426123061406222,0.0535,0.00396911392855965));
#14981=CARTESIAN_POINT('',(-0.0426123061406222,0.0535,0.00396911392855965));
#14982=CARTESIAN_POINT('',(-0.0576148673820571,0.05,0.00607758640810465));
#14983=CARTESIAN_POINT('',(-0.0408793370203245,0.0705,0.00372556100187954));
#14984=CARTESIAN_POINT('',(-0.0408793370203245,0.0705,0.00372556100187954));
#14985=CARTESIAN_POINT('',(-0.0408793370203245,0.0685,0.00372556100187954));
#14986=CARTESIAN_POINT('',(-0.0408793370203245,0.0685,0.00372556100187954));
#14987=CARTESIAN_POINT('',(-0.0575158405751828,0.067,0.00606366909800863));
#14988=CARTESIAN_POINT('',(-0.0575158405751828,0.0615,0.00606366909800863));
#14989=CARTESIAN_POINT('',(-0.0575158405751828,0.0615,0.00606366909800863));
#14990=CARTESIAN_POINT('',(-0.0575158405751828,0.067,0.00606366909800863));
#14991=CARTESIAN_POINT('',(-0.050682990900866,0.0615,0.00510337470138418));
#14992=CARTESIAN_POINT('',(-0.0438501412265492,0.0615,0.00414308030475973));
#14993=CARTESIAN_POINT('',(-0.0438501412265492,0.0615,0.00414308030475973));
#14994=CARTESIAN_POINT('',(-0.050682990900866,0.0615,0.00510337470138418));
#14995=CARTESIAN_POINT('',(-0.0438501412265492,0.065,0.00414308030475973));
#14996=CARTESIAN_POINT('',(-0.0438501412265492,0.0685,0.00414308030475973));
#14997=CARTESIAN_POINT('',(-0.0438501412265492,0.0685,0.00414308030475973));
#14998=CARTESIAN_POINT('',(-0.0438501412265492,0.065,0.00414308030475973));
#14999=CARTESIAN_POINT('',(-0.0423647391234368,0.0685,0.00393432065331964));
#15000=CARTESIAN_POINT('',(-0.0423647391234368,0.0685,0.00393432065331964));
#15001=CARTESIAN_POINT('',(-0.0576148673820571,0.069,0.00607758640810465));
#15002=CARTESIAN_POINT('',(-0.10079055517919,0.0695,0.0121455336099635));
#15003=CARTESIAN_POINT('',(-0.10079055517919,0.0725,0.0121455336099635));
#15004=CARTESIAN_POINT('',(-0.10079055517919,0.0725,0.0121455336099635));
#15005=CARTESIAN_POINT('',(-0.10079055517919,0.0695,0.0121455336099635));
#15006=CARTESIAN_POINT('',(-0.0576148673820571,0.069,0.00607758640810465));
#15007=CARTESIAN_POINT('',(-0.104751627454156,0.0725,0.0127022260138038));
#15008=CARTESIAN_POINT('',(-0.108712699729122,0.0725,0.013258918417644));
#15009=CARTESIAN_POINT('',(-0.108712699729122,0.0695,0.013258918417644));
#15010=CARTESIAN_POINT('',(-0.108712699729122,0.0665,0.013258918417644));
#15011=CARTESIAN_POINT('',(-0.111336910111287,0.0665,0.0136277271351882));
#15012=CARTESIAN_POINT('',(-0.113961120493452,0.0665,0.0139965358527324));
#15013=CARTESIAN_POINT('',(-0.113961120493452,0.061,0.0139965358527324));
#15014=CARTESIAN_POINT('',(-0.113961120493452,0.0555,0.0139965358527324));
#15015=CARTESIAN_POINT('',(-0.107128270819136,0.0555,0.0130362414561079));
#15016=CARTESIAN_POINT('',(-0.104751627454156,0.0725,0.0127022260138038));
#15017=CARTESIAN_POINT('',(-0.108712699729122,0.0725,0.013258918417644));
#15018=CARTESIAN_POINT('',(-0.108712699729122,0.0695,0.013258918417644));
#15019=CARTESIAN_POINT('',(-0.108712699729122,0.0665,0.013258918417644));
#15020=CARTESIAN_POINT('',(-0.111336910111287,0.0665,0.0136277271351882));
#15021=CARTESIAN_POINT('',(-0.113961120493452,0.0665,0.0139965358527324));
#15022=CARTESIAN_POINT('',(-0.113961120493452,0.061,0.0139965358527324));
#15023=CARTESIAN_POINT('',(-0.113961120493452,0.0555,0.0139965358527324));
#15024=CARTESIAN_POINT('',(-0.107128270819136,0.0555,0.0130362414561079));
#15025=CARTESIAN_POINT('',(-0.0951460271873625,0.064,0.0113522469344911));
#15026=CARTESIAN_POINT('',(-0.0951460271873625,0.064,0.0113522469344911));
#15027=CARTESIAN_POINT('',(-0.0951460271873625,0.0695,0.0113522469344911));
#15028=CARTESIAN_POINT('',(-0.0951460271873625,0.0695,0.0113522469344911));
#15029=CARTESIAN_POINT('',(-0.0785095236325042,0.0675,0.00901413883836203));
#15030=CARTESIAN_POINT('',(-0.0785095236325042,0.0695,0.00901413883836203));
#15031=CARTESIAN_POINT('',(-0.0785095236325042,0.0695,0.00901413883836203));
#15032=CARTESIAN_POINT('',(-0.0785095236325042,0.0675,0.00901413883836203));
#15033=CARTESIAN_POINT('',(-0.0576148673820571,0.069,0.00607758640810465));
#15034=CARTESIAN_POINT('',(-0.0802424927528019,0.0695,0.00925769176504214));
#15035=CARTESIAN_POINT('',(-0.0819754618730997,0.0695,0.00950124469172226));
#15036=CARTESIAN_POINT('',(-0.0819754618730997,0.0725,0.00950124469172226));
#15037=CARTESIAN_POINT('',(-0.0819754618730997,0.0755,0.00950124469172225));
#15038=CARTESIAN_POINT('',(-0.0859365341480659,0.0755,0.0100579370955625));
#15039=CARTESIAN_POINT('',(-0.0898976064230322,0.0755,0.0106146294994028));
#15040=CARTESIAN_POINT('',(-0.0898976064230322,0.0725,0.0106146294994028));
#15041=CARTESIAN_POINT('',(-0.0898976064230322,0.0695,0.0106146294994028));
#15042=CARTESIAN_POINT('',(-0.0925218168051974,0.0695,0.0109834382169469));
#15043=CARTESIAN_POINT('',(-0.0819754618730997,0.0725,0.00950124469172226));
#15044=CARTESIAN_POINT('',(-0.0819754618730997,0.0755,0.00950124469172225));
#15045=CARTESIAN_POINT('',(-0.0819754618730997,0.0695,0.00950124469172226));
#15046=CARTESIAN_POINT('',(-0.0859365341480659,0.0755,0.0100579370955625));
#15047=CARTESIAN_POINT('',(-0.0898976064230322,0.0755,0.0106146294994028));
#15048=CARTESIAN_POINT('',(-0.0898976064230322,0.0725,0.0106146294994028));
#15049=CARTESIAN_POINT('',(-0.0898976064230322,0.0695,0.0106146294994028));
#15050=CARTESIAN_POINT('',(-0.0925218168051974,0.0695,0.0109834382169469));
#15051=CARTESIAN_POINT('',(-0.0802424927528019,0.0695,0.00925769176504214));
#15052=CARTESIAN_POINT('',(-0.0198856539630032,0.063,0.000775091261526152));
#15053=CARTESIAN_POINT('',(-0.0198856539630032,0.063,0.000775091261526152));
#15054=CARTESIAN_POINT('',(-0.0198856539630032,0.0685,0.000775091261526152));
#15055=CARTESIAN_POINT('',(-0.0198856539630032,0.0685,0.000775091261526152));
#15056=CARTESIAN_POINT('',(-0.0130528042886864,0.0575,-0.000185203135098299));
#15057=CARTESIAN_POINT('',(-0.00621995461436955,0.0575,-0.00114549753172275));
#15058=CARTESIAN_POINT('',(-0.00621995461436955,0.0575,-0.00114549753172275));
#15059=CARTESIAN_POINT('',(-0.0130528042886864,0.0575,-0.000185203135098299));
#15060=CARTESIAN_POINT('',(-0.0576148673820571,0.069,0.00607758640810465));
#15061=CARTESIAN_POINT('',(-0.00621995461436955,0.061,-0.00114549753172275));
#15062=CARTESIAN_POINT('',(-0.00621995461436955,0.0645,-0.00114549753172275));
#15063=CARTESIAN_POINT('',(-0.0047345525112572,0.0645,-0.00135425718316285));
#15064=CARTESIAN_POINT('',(-0.00324915040814484,0.0645,-0.00156301683460295));
#15065=CARTESIAN_POINT('',(-0.00324915040814484,0.0665,-0.00156301683460295));
#15066=CARTESIAN_POINT('',(-0.00324915040814484,0.0685,-0.00156301683460295));
#15067=CARTESIAN_POINT('',(-0.00498211952844259,0.0685,-0.00131946390792283));
#15068=CARTESIAN_POINT('',(-0.00671508864874034,0.0685,-0.00107591098124272));
#15069=CARTESIAN_POINT('',(-0.00671508864874034,0.0715,-0.00107591098124271));
#15070=CARTESIAN_POINT('',(-0.00671508864874034,0.0745,-0.00107591098124272));
#15071=CARTESIAN_POINT('',(-0.0106761609237066,0.0745,-0.000519218577402456));
#15072=CARTESIAN_POINT('',(-0.0146372331986729,0.0745,3.74738264378046E-05));
#15073=CARTESIAN_POINT('',(-0.0146372331986729,0.0715,3.74738264378046E-05));
#15074=CARTESIAN_POINT('',(-0.0146372331986729,0.0685,3.74738264378041E-05));
#15075=CARTESIAN_POINT('',(-0.017261443580838,0.0685,0.000406282543981978));
#15076=CARTESIAN_POINT('',(-0.00671508864874034,0.0715,-0.00107591098124271));
#15077=CARTESIAN_POINT('',(-0.00671508864874034,0.0745,-0.00107591098124272));
#15078=CARTESIAN_POINT('',(-0.00671508864874034,0.0685,-0.00107591098124272));
#15079=CARTESIAN_POINT('',(-0.0106761609237066,0.0745,-0.000519218577402456));
#15080=CARTESIAN_POINT('',(-0.0146372331986729,0.0745,3.74738264378046E-05));
#15081=CARTESIAN_POINT('',(-0.0146372331986729,0.0715,3.74738264378046E-05));
#15082=CARTESIAN_POINT('',(-0.0146372331986729,0.0685,3.74738264378041E-05));
#15083=CARTESIAN_POINT('',(-0.017261443580838,0.0685,0.000406282543981978));
#15084=CARTESIAN_POINT('',(-0.00621995461436955,0.061,-0.00114549753172275));
#15085=CARTESIAN_POINT('',(-0.00621995461436955,0.0645,-0.00114549753172275));
#15086=CARTESIAN_POINT('',(-0.0047345525112572,0.0645,-0.00135425718316285));
#15087=CARTESIAN_POINT('',(-0.00324915040814484,0.0645,-0.00156301683460295));
#15088=CARTESIAN_POINT('',(-0.00324915040814484,0.0665,-0.00156301683460295));
#15089=CARTESIAN_POINT('',(-0.00324915040814484,0.0685,-0.00156301683460295));
#15090=CARTESIAN_POINT('',(-0.00498211952844259,0.0685,-0.00131946390792283));
#15091=CARTESIAN_POINT('',(-0.0255301819548302,0.0715,0.00156837793699853));
#15092=CARTESIAN_POINT('',(-0.0255301819548302,0.0745,0.00156837793699853));
#15093=CARTESIAN_POINT('',(-0.0255301819548302,0.0745,0.00156837793699853));
#15094=CARTESIAN_POINT('',(-0.0255301819548302,0.0715,0.00156837793699853));
#15095=CARTESIAN_POINT('',(-0.0255301819548302,0.0685,0.00156837793699853));
#15096=CARTESIAN_POINT('',(-0.0255301819548302,0.0685,0.00156837793699853));
#15097=CARTESIAN_POINT('',(-0.0294912542297964,0.0745,0.00212507034083879));
#15098=CARTESIAN_POINT('',(-0.0334523265047627,0.0745,0.00268176274467904));
#15099=CARTESIAN_POINT('',(-0.0334523265047627,0.0745,0.00268176274467904));
#15100=CARTESIAN_POINT('',(-0.0294912542297964,0.0745,0.00212507034083879));
#15101=CARTESIAN_POINT('',(-0.0334523265047627,0.0715,0.00268176274467904));
#15102=CARTESIAN_POINT('',(-0.0334523265047627,0.0685,0.00268176274467904));
#15103=CARTESIAN_POINT('',(-0.0334523265047627,0.0685,0.00268176274467904));
#15104=CARTESIAN_POINT('',(-0.0334523265047627,0.0715,0.00268176274467904));
#15105=CARTESIAN_POINT('',(-0.0360765368869278,0.0685,0.00305057146222322));
#15106=CARTESIAN_POINT('',(-0.038700747269093,0.0685,0.00341938017976739));
#15107=CARTESIAN_POINT('',(-0.038700747269093,0.0685,0.00341938017976739));
#15108=CARTESIAN_POINT('',(-0.0360765368869278,0.0685,0.00305057146222322));
#15109=CARTESIAN_POINT('',(-0.038700747269093,0.063,0.00341938017976739));
#15110=CARTESIAN_POINT('',(-0.038700747269093,0.0575,0.00341938017976739));
#15111=CARTESIAN_POINT('',(-0.038700747269093,0.0575,0.00341938017976739));
#15112=CARTESIAN_POINT('',(-0.038700747269093,0.063,0.00341938017976739));
#15113=CARTESIAN_POINT('',(-0.0318678975947762,0.0575,0.00245908578314294));
#15114=CARTESIAN_POINT('',(-0.0250350479204593,0.0575,0.00149879138651849));
#15115=CARTESIAN_POINT('',(-0.0250350479204593,0.0575,0.00149879138651849));
#15116=CARTESIAN_POINT('',(-0.0318678975947762,0.0575,0.00245908578314294));
#15117=CARTESIAN_POINT('',(-0.0250350479204593,0.061,0.00149879138651849));
#15118=CARTESIAN_POINT('',(-0.0250350479204593,0.0645,0.00149879138651849));
#15119=CARTESIAN_POINT('',(-0.0250350479204593,0.0645,0.00149879138651849));
#15120=CARTESIAN_POINT('',(-0.0250350479204593,0.061,0.00149879138651849));
#15121=CARTESIAN_POINT('',(-0.023549645817347,0.0645,0.00129003173507839));
#15122=CARTESIAN_POINT('',(-0.0220642437142347,0.0645,0.00108127208363829));
#15123=CARTESIAN_POINT('',(-0.0220642437142347,0.0645,0.00108127208363829));
#15124=CARTESIAN_POINT('',(-0.023549645817347,0.0645,0.00129003173507839));
#15125=CARTESIAN_POINT('',(-0.0220642437142347,0.0665,0.00108127208363829));
#15126=CARTESIAN_POINT('',(-0.0220642437142347,0.0685,0.00108127208363829));
#15127=CARTESIAN_POINT('',(-0.0220642437142347,0.0685,0.00108127208363829));
#15128=CARTESIAN_POINT('',(-0.0220642437142347,0.0665,0.00108127208363829));
#15129=CARTESIAN_POINT('',(-0.0237972128345324,0.0685,0.00132482501031841));
#15130=CARTESIAN_POINT('',(-0.0237972128345324,0.0685,0.00132482501031841));
#15131=CARTESIAN_POINT('',(-0.0576148673820571,0.069,0.00607758640810465));
#15132=CARTESIAN_POINT('',(-0.0907187453694453,-0.003,0.037995377510341));
#15133=CARTESIAN_POINT('',(-0.136072618087592,-0.0373816720345748,-0.00165028517783238));
#15134=CARTESIAN_POINT('',(-0.131822618087592,-0.0447428879667425,-0.00165028517783238));
#15135=CARTESIAN_POINT('',(-0.131822618087592,-0.0447428879667425,-0.00165028517783238));
#15136=CARTESIAN_POINT('',(-0.136072618087592,-0.0373816720345748,-0.00165028517783238));
#15137=CARTESIAN_POINT('',(-0.140322618087592,-0.0300204561024071,-0.00165028517783238));
#15138=CARTESIAN_POINT('',(-0.140322618087592,-0.0300204561024071,-0.00165028517783238));
#15139=CARTESIAN_POINT('',(-0.126024542925436,-0.0413953677110903,1.89759018053265E-05));
#15140=CARTESIAN_POINT('',(-0.120226467763281,-0.0380478474554381,0.00168823698144303));
#15141=CARTESIAN_POINT('',(-0.120226467763281,-0.0380478474554381,0.00168823698144303));
#15142=CARTESIAN_POINT('',(-0.126024542925436,-0.0413953677110903,1.89759018053265E-05));
#15143=CARTESIAN_POINT('',(-0.121976467763281,-0.0350167585421926,0.00168823698144303));
#15144=CARTESIAN_POINT('',(-0.123726467763281,-0.0319856696289471,0.00168823698144303));
#15145=CARTESIAN_POINT('',(-0.123726467763281,-0.0319856696289471,0.00168823698144303));
#15146=CARTESIAN_POINT('',(-0.121976467763281,-0.0350167585421926,0.00168823698144303));
#15147=CARTESIAN_POINT('',(-0.122466016641073,-0.03125794783424,0.00205111982484253));
#15148=CARTESIAN_POINT('',(-0.121205565518865,-0.0305302260395331,0.00241400266824204));
#15149=CARTESIAN_POINT('',(-0.121205565518865,-0.0305302260395331,0.00241400266824204));
#15150=CARTESIAN_POINT('',(-0.122466016641073,-0.03125794783424,0.00205111982484253));
#15151=CARTESIAN_POINT('',(-0.123705565518865,-0.0262000990206109,0.00241400266824204));
#15152=CARTESIAN_POINT('',(-0.126205565518865,-0.0218699720016887,0.00241400266824204));
#15153=CARTESIAN_POINT('',(-0.126205565518865,-0.0218699720016887,0.00241400266824204));
#15154=CARTESIAN_POINT('',(-0.123705565518865,-0.0262000990206109,0.00241400266824204));
#15155=CARTESIAN_POINT('',(-0.133264091803229,-0.0259452140520479,0.000381858745204829));
#15156=CARTESIAN_POINT('',(-0.133264091803229,-0.0259452140520479,0.000381858745204829));
#15157=CARTESIAN_POINT('',(-0.119423022016999,-0.0110832330457785,0.00522323723865547));
#15158=CARTESIAN_POINT('',(-0.116042106915273,-0.0171567969793862,0.00519610446763822));
#15159=CARTESIAN_POINT('',(-0.119403309907827,-0.0190973884319382,0.00422841688523955));
#15160=CARTESIAN_POINT('',(-0.119403309907827,-0.0190973884319382,0.00422841688523955));
#15161=CARTESIAN_POINT('',(-0.116042106915273,-0.0171567969793862,0.00519610446763822));
#15162=CARTESIAN_POINT('',(-0.112680903922719,-0.0152162055268341,0.0061637920500369));
#15163=CARTESIAN_POINT('',(-0.112680903922719,-0.0152162055268341,0.0061637920500369));
#15164=CARTESIAN_POINT('',(-0.118153309907827,-0.0212624519413992,0.00422841688523955));
#15165=CARTESIAN_POINT('',(-0.116903309907827,-0.0234275154508603,0.00422841688523955));
#15166=CARTESIAN_POINT('',(-0.116903309907827,-0.0234275154508603,0.00422841688523955));
#15167=CARTESIAN_POINT('',(-0.118153309907827,-0.0212624519413992,0.00422841688523955));
#15168=CARTESIAN_POINT('',(-0.119130106890394,-0.024713157288176,0.00358732386190043));
#15169=CARTESIAN_POINT('',(-0.121356903872961,-0.0259987991254917,0.00294623083856131));
#15170=CARTESIAN_POINT('',(-0.121356903872961,-0.0259987991254917,0.00294623083856131));
#15171=CARTESIAN_POINT('',(-0.119130106890394,-0.024713157288176,0.00358732386190043));
#15172=CARTESIAN_POINT('',(-0.118606903872961,-0.0307619388463061,0.00294623083856131));
#15173=CARTESIAN_POINT('',(-0.115856903872961,-0.0355250785671206,0.0029462308385613));
#15174=CARTESIAN_POINT('',(-0.115856903872961,-0.0355250785671206,0.0029462308385613));
#15175=CARTESIAN_POINT('',(-0.118606903872961,-0.0307619388463061,0.00294623083856131));
#15176=CARTESIAN_POINT('',(-0.110058828710805,-0.0321775583114683,0.00461549191819902));
#15177=CARTESIAN_POINT('',(-0.104260753548649,-0.0288300380558161,0.00628475299783673));
#15178=CARTESIAN_POINT('',(-0.104260753548649,-0.0288300380558161,0.00628475299783673));
#15179=CARTESIAN_POINT('',(-0.110058828710805,-0.0321775583114683,0.00461549191819902));
#15180=CARTESIAN_POINT('',(-0.106010753548649,-0.0257989491425706,0.00628475299783673));
#15181=CARTESIAN_POINT('',(-0.107760753548649,-0.0227678602293251,0.00628475299783673));
#15182=CARTESIAN_POINT('',(-0.107760753548649,-0.0227678602293251,0.00628475299783673));
#15183=CARTESIAN_POINT('',(-0.106010753548649,-0.0257989491425706,0.00628475299783673));
#15184=CARTESIAN_POINT('',(-0.106500302426442,-0.0220401384346181,0.00664763584123623));
#15185=CARTESIAN_POINT('',(-0.105239851304234,-0.0213124166399111,0.00701051868463574));
#15186=CARTESIAN_POINT('',(-0.105239851304234,-0.0213124166399111,0.00701051868463574));
#15187=CARTESIAN_POINT('',(-0.106500302426442,-0.0220401384346181,0.00664763584123623));
#15188=CARTESIAN_POINT('',(-0.106239851304234,-0.0195803658323422,0.00701051868463574));
#15189=CARTESIAN_POINT('',(-0.107239851304234,-0.0178483150247733,0.00701051868463573));
#15190=CARTESIAN_POINT('',(-0.107239851304234,-0.0178483150247733,0.00701051868463573));
#15191=CARTESIAN_POINT('',(-0.106239851304234,-0.0195803658323422,0.00701051868463574));
#15192=CARTESIAN_POINT('',(-0.108710377613476,-0.0186973237852648,0.00658715536733632));
#15193=CARTESIAN_POINT('',(-0.110180903922719,-0.0195463325457563,0.0061637920500369));
#15194=CARTESIAN_POINT('',(-0.110180903922719,-0.0195463325457563,0.0061637920500369));
#15195=CARTESIAN_POINT('',(-0.108710377613476,-0.0186973237852648,0.00658715536733632));
#15196=CARTESIAN_POINT('',(-0.111430903922719,-0.0173812690362952,0.0061637920500369));
#15197=CARTESIAN_POINT('',(-0.111430903922719,-0.0173812690362952,0.0061637920500369));
#15198=CARTESIAN_POINT('',(-0.119423022016999,-0.0110832330457785,0.00522323723865547));
#15199=CARTESIAN_POINT('',(-0.133316349490405,-0.0173151310039618,0.00144437449439081));
#15200=CARTESIAN_POINT('',(-0.129816349490405,-0.0233773088304529,0.00144437449439081));
#15201=CARTESIAN_POINT('',(-0.120362966073847,-0.0179193953701504,0.00416599581988707));
#15202=CARTESIAN_POINT('',(-0.110909582657289,-0.0124614819098479,0.00688761714538333));
#15203=CARTESIAN_POINT('',(-0.114409582657289,-0.00639930408335684,0.00688761714538333));
#15204=CARTESIAN_POINT('',(-0.117909582657289,-0.000337126256865766,0.00688761714538334));
#15205=CARTESIAN_POINT('',(-0.127362966073847,-0.00579503971716822,0.00416599581988707));
#15206=MECHANICAL_DESIGN_GEOMETRIC_PRESENTATION_REPRESENTATION('',(#9273),#15207);
#15207=(
GEOMETRIC_REPRESENTATION_CONTEXT(3)
GLOBAL_UNCERTAINTY_ASSIGNED_CONTEXT((#15208))
GLOBAL_UNIT_ASSIGNED_CONTEXT((#15211,#15210,#15209))
REPRESENTATION_CONTEXT('right-base','TOP_LEVEL_ASSEMBLY_PART')
);
#15208=UNCERTAINTY_MEASURE_WITH_UNIT(LENGTH_MEASURE(2.E-05),#15211,'DISTANCE_ACCURACY_VALUE','Maximum Tolerance applied to model');
#15209=(
NAMED_UNIT(*)
SI_UNIT($,.STERADIAN.)
SOLID_ANGLE_UNIT()
);
#15210=(
NAMED_UNIT(*)
PLANE_ANGLE_UNIT()
SI_UNIT($,.RADIAN.)
);
#15211=(
LENGTH_UNIT()
NAMED_UNIT(*)
SI_UNIT($,.METRE.)
);
#15212=PRODUCT_DEFINITION_SHAPE('','',#15213);
#15213=PRODUCT_DEFINITION('','',#15215,#15214);
#15214=PRODUCT_DEFINITION_CONTEXT('',#15221,'design');
#15215=PRODUCT_DEFINITION_FORMATION_WITH_SPECIFIED_SOURCE('','',#15217,.NOT_KNOWN.);
#15216=PRODUCT_RELATED_PRODUCT_CATEGORY('','',(#15217));
#15217=PRODUCT('right-base','right-base','right-base',(#15219));
#15218=PRODUCT_CATEGORY('','');
#15219=PRODUCT_CONTEXT('',#15221,'mechanical');
#15220=APPLICATION_PROTOCOL_DEFINITION('international standard','ap242_managed_model_based_3d_engineering',2020,#15221);
#15221=APPLICATION_CONTEXT('managed model based 3d engineering');
ENDSEC;
END-ISO-10303-21;
